#ifdef __has_include
#if __has_include("lvgl.h")
#ifndef LV_LVGL_H_INCLUDE_SIMPLE
#define LV_LVGL_H_INCLUDE_SIMPLE
#endif
#endif
#endif

#if defined(LV_LVGL_H_INCLUDE_SIMPLE)
#include "lvgl.h"
#else
#include "lvgl/lvgl.h"
#endif

#ifndef LV_ATTRIBUTE_MEM_ALIGN
#define LV_ATTRIBUTE_MEM_ALIGN
#endif

#ifndef LV_ATTRIBUTE_IMAGE_ICON_HANZI
#define LV_ATTRIBUTE_IMAGE_ICON_HANZI
#endif

/* Generated by tools/hanzi_pipeline/make_icon.py -- do not edit. */

const LV_ATTRIBUTE_MEM_ALIGN LV_ATTRIBUTE_LARGE_CONST LV_ATTRIBUTE_IMAGE_ICON_HANZI uint8_t icon_hanzi_map[] = {
    0x00, 0x00, 0x00, 0x00, 0x00, 0x00, 0x00, 0x00, 0x00, 0x00, 0x00, 0x00, 0x00, 0x00, 0x00, 0x00, 0x00, 0x00, 0x00,
    0x00, 0x00, 0x00, 0x00, 0x00, 0x00, 0x00, 0x00, 0x00, 0x00, 0x00, 0x00, 0x00, 0x00, 0x00, 0x00, 0x00, 0x00, 0x00,
    0x00, 0x00, 0x00, 0x00, 0x00, 0x00, 0x00, 0x00, 0x00, 0x00, 0x00, 0x00, 0x00, 0x00, 0x00, 0x00, 0x00, 0x00, 0x00,
    0x00, 0x00, 0x00, 0x00, 0x00, 0x00, 0x00, 0x00, 0x00, 0x00, 0x00, 0x00, 0x00, 0x00, 0x00, 0x00, 0x00, 0x00, 0x00,
    0x00, 0x00, 0x00, 0x00, 0x00, 0x00, 0x00, 0x00, 0x00, 0x00, 0x00, 0x00, 0x00, 0x00, 0x00, 0x00, 0x00, 0x00, 0x00,
    0x00, 0x00, 0x00, 0x00, 0x00, 0x00, 0x00, 0x00, 0x00, 0x00, 0x00, 0x00, 0x00, 0x00, 0x00, 0x00, 0x00, 0x00, 0x00,
    0x00, 0x00, 0x00, 0x00, 0x00, 0x00, 0x00, 0x00, 0x00, 0x00, 0x00, 0x00, 0x00, 0x00, 0x00, 0x00, 0x00, 0x00, 0x00,
    0x00, 0x00, 0x00, 0x00, 0x00, 0x00, 0x00, 0x00, 0x00, 0x00, 0x00, 0x00, 0x00, 0x00, 0x00, 0x00, 0x00, 0x00, 0x00,
    0x00, 0x00, 0x00, 0x00, 0x00, 0x00, 0x00, 0x00, 0x00, 0x00, 0x00, 0x00, 0x00, 0x00, 0x00, 0x00, 0x00, 0x00, 0x00,
    0x00, 0x00, 0x00, 0x00, 0x00, 0x00, 0x00, 0x00, 0x00, 0x00, 0x00, 0x00, 0x00, 0x00, 0x00, 0x00, 0x00, 0x00, 0x00,
    0x00, 0x00, 0x00, 0x00, 0x00, 0x00, 0x00, 0x00, 0x00, 0x00, 0x00, 0x00, 0x00, 0x00, 0x00, 0x00, 0x00, 0x00, 0x00,
    0x00, 0x00, 0x00, 0x00, 0x00, 0x00, 0x00, 0x00, 0x00, 0x00, 0x00, 0x00, 0x00, 0x00, 0x00, 0x00, 0x00, 0x00, 0x00,
    0x00, 0x00, 0x00, 0x00, 0x00, 0x00, 0x00, 0x00, 0x00, 0x00, 0x00, 0x00, 0x00, 0x00, 0x00, 0x00, 0x00, 0x00, 0x00,
    0x00, 0x00, 0x00, 0x00, 0x00, 0x00, 0x00, 0x00, 0x00, 0x00, 0x00, 0x00, 0x00, 0x00, 0x00, 0x00, 0x00, 0x00, 0x00,
    0x00, 0x00, 0x00, 0x00, 0x00, 0x00, 0x00, 0x00, 0x00, 0x00, 0x00, 0x00, 0x00, 0x00, 0x00, 0x00, 0x00, 0x00, 0x00,
    0x00, 0x00, 0x00, 0x00, 0x00, 0x00, 0x00, 0x00, 0x00, 0x00, 0x00, 0x00, 0x00, 0x00, 0x00, 0x00, 0x00, 0x00, 0x00,
    0x00, 0x00, 0x00, 0x00, 0x00, 0x00, 0x00, 0x00, 0x00, 0x00, 0x00, 0x00, 0x00, 0x00, 0x00, 0x00, 0x00, 0x00, 0x00,
    0x00, 0x00, 0x00, 0x00, 0x00, 0x00, 0x00, 0x00, 0x00, 0x00, 0x00, 0x00, 0x00, 0x00, 0x00, 0x00, 0x00, 0x00, 0x00,
    0x00, 0x00, 0x00, 0x00, 0x00, 0x00, 0x00, 0x00, 0x00, 0x00, 0x00, 0x00, 0x00, 0x00, 0x00, 0x00, 0x00, 0x00, 0x00,
    0x00, 0x00, 0x00, 0x00, 0x00, 0x00, 0x00, 0x00, 0x00, 0x00, 0x00, 0x00, 0x00, 0x00, 0x00, 0x00, 0x00, 0x00, 0x00,
    0x00, 0x00, 0x00, 0x00, 0x00, 0x00, 0x00, 0x00, 0x00, 0x00, 0x00, 0x00, 0x00, 0x00, 0x00, 0x00, 0x00, 0x00, 0x00,
    0x00, 0x00, 0x00, 0x00, 0x00, 0x00, 0x00, 0x00, 0x00, 0x00, 0x00, 0x00, 0x00, 0x00, 0x00, 0x00, 0x00, 0x00, 0x00,
    0x00, 0x00, 0x00, 0x00, 0x00, 0x00, 0x00, 0x00, 0x00, 0x00, 0x00, 0x00, 0x00, 0x00, 0x00, 0x00, 0x00, 0x00, 0x00,
    0x00, 0x00, 0x00, 0x00, 0x00, 0x00, 0x00, 0x00, 0x00, 0x00, 0x00, 0x00, 0x00, 0x00, 0x00, 0x00, 0x00, 0x00, 0x00,
    0x00, 0x00, 0x00, 0x00, 0x00, 0x00, 0x00, 0x00, 0x00, 0x00, 0x00, 0x00, 0x00, 0x00, 0x00, 0x00, 0x00, 0x00, 0x00,
    0x00, 0x00, 0x00, 0x00, 0x00, 0x00, 0x00, 0x00, 0x00, 0x00, 0x00, 0x00, 0x00, 0x00, 0x00, 0x00, 0x00, 0x00, 0x00,
    0x00, 0x00, 0x00, 0x00, 0x00, 0x00, 0x00, 0x00, 0x00, 0x00, 0x00, 0x00, 0x00, 0x00, 0x00, 0x00, 0x00, 0x00, 0x00,
    0x00, 0x00, 0x00, 0x00, 0x00, 0x00, 0x00, 0x00, 0x00, 0x00, 0x00, 0x00, 0x00, 0x00, 0x00, 0x00, 0x00, 0x00, 0x00,
    0x00, 0x00, 0x00, 0x00, 0x00, 0x00, 0x00, 0x00, 0x00, 0x00, 0x00, 0x00, 0x00, 0x00, 0x00, 0x00, 0x00, 0x00, 0x00,
    0x00, 0x00, 0x00, 0x00, 0x00, 0x00, 0x00, 0x00, 0x00, 0x00, 0x00, 0x00, 0x00, 0x00, 0x00, 0x00, 0x00, 0x00, 0x00,
    0x00, 0x00, 0x00, 0x00, 0x00, 0x00, 0x00, 0x00, 0x00, 0x00, 0x00, 0x00, 0x00, 0x00, 0x00, 0x00, 0x00, 0x00, 0x00,
    0x00, 0x00, 0x00, 0x00, 0x00, 0x00, 0x00, 0x00, 0x00, 0x00, 0x00, 0x00, 0x00, 0x00, 0x00, 0x00, 0x00, 0x00, 0x00,
    0x00, 0x00, 0x00, 0x00, 0x00, 0x00, 0x00, 0x00, 0x00, 0x00, 0x00, 0x00, 0x00, 0x00, 0x00, 0x00, 0x00, 0x00, 0x00,
    0x00, 0x00, 0x00, 0x00, 0x00, 0x00, 0x00, 0x00, 0x00, 0x00, 0x00, 0x00, 0x00, 0x00, 0x00, 0x00, 0x00, 0x00, 0x00,
    0x00, 0x00, 0x00, 0x00, 0x00, 0x00, 0x00, 0x00, 0x00, 0x00, 0x00, 0x00, 0x00, 0x00, 0x00, 0x00, 0x00, 0x00, 0x00,
    0x00, 0x00, 0x00, 0x00, 0x00, 0x00, 0x00, 0x00, 0x00, 0x00, 0x00, 0x00, 0x00, 0x00, 0x00, 0x00, 0x00, 0x00, 0x00,
    0x00, 0x00, 0x00, 0x00, 0x00, 0x00, 0x00, 0x00, 0x00, 0x00, 0x00, 0x00, 0x00, 0x00, 0x00, 0x00, 0x00, 0x00, 0x00,
    0x00, 0x00, 0x00, 0x00, 0x00, 0x00, 0x00, 0x00, 0x00, 0x00, 0x00, 0x00, 0x00, 0x00, 0x00, 0x00, 0x00, 0x00, 0x00,
    0x00, 0x00, 0x00, 0x00, 0x00, 0x00, 0x00, 0x00, 0x00, 0x00, 0x00, 0x00, 0x00, 0x00, 0x00, 0x00, 0x00, 0x00, 0x00,
    0x00, 0x00, 0x00, 0x00, 0x00, 0x00, 0x00, 0x00, 0x00, 0x00, 0x00, 0x00, 0x00, 0x00, 0x00, 0x00, 0x00, 0x00, 0x00,
    0x00, 0x00, 0x00, 0x00, 0x00, 0x00, 0x00, 0x00, 0x00, 0x00, 0x00, 0x00, 0x00, 0x00, 0x00, 0x00, 0x00, 0x00, 0x00,
    0x00, 0x00, 0x00, 0x00, 0x00, 0x00, 0x00, 0x00, 0x00, 0x00, 0x00, 0x00, 0x00, 0x00, 0x00, 0x00, 0x00, 0x00, 0x00,
    0x00, 0x00, 0x00, 0x00, 0x00, 0x00, 0x00, 0x00, 0x00, 0x00, 0x00, 0x00, 0x00, 0x00, 0x00, 0x00, 0x00, 0x00, 0x00,
    0x00, 0x00, 0x00, 0x00, 0x00, 0x00, 0x00, 0x00, 0x00, 0x00, 0x00, 0x00, 0x00, 0x00, 0x00, 0x00, 0x00, 0x00, 0x00,
    0x00, 0x00, 0x00, 0x00, 0x00, 0x00, 0x00, 0x00, 0x00, 0x00, 0x00, 0x00, 0x00, 0x00, 0x00, 0x00, 0x00, 0x00, 0x00,
    0x00, 0x00, 0x00, 0x00, 0x00, 0x00, 0x00, 0x00, 0x00, 0x00, 0x00, 0x00, 0x00, 0x00, 0x00, 0x00, 0x00, 0x00, 0x00,
    0x00, 0x00, 0x00, 0x00, 0x00, 0x00, 0x00, 0x00, 0x00, 0x00, 0x00, 0x00, 0x00, 0x00, 0x00, 0x00, 0x00, 0x00, 0x00,
    0x00, 0x00, 0x00, 0x00, 0x00, 0x00, 0x00, 0x00, 0x00, 0x00, 0x00, 0x00, 0x00, 0x00, 0x00, 0x00, 0x00, 0x00, 0x00,
    0x00, 0x00, 0x00, 0x00, 0x00, 0x00, 0x00, 0x00, 0x00, 0x00, 0x00, 0x00, 0x00, 0x00, 0x00, 0x00, 0x00, 0x00, 0x00,
    0x00, 0x00, 0x00, 0x00, 0x00, 0x00, 0x00, 0x00, 0x00, 0x00, 0x00, 0x00, 0x00, 0x00, 0x00, 0x00, 0x00, 0x00, 0x00,
    0x00, 0x00, 0x00, 0x00, 0x00, 0x00, 0x00, 0x00, 0x00, 0x00, 0x00, 0x00, 0x00, 0x00, 0x00, 0x00, 0x00, 0x00, 0x00,
    0x00, 0x00, 0x00, 0x00, 0x00, 0x00, 0x00, 0x00, 0x00, 0x00, 0x00, 0x00, 0x00, 0x00, 0x00, 0x00, 0x00, 0x00, 0x00,
    0x00, 0x00, 0x00, 0x00, 0x00, 0x00, 0x00, 0x00, 0x00, 0x00, 0x00, 0x00, 0x00, 0x00, 0x00, 0x00, 0x00, 0x00, 0x00,
    0x00, 0x00, 0x00, 0x00, 0x00, 0x00, 0x00, 0x00, 0x00, 0x00, 0x00, 0x00, 0x00, 0x00, 0x00, 0x00, 0x00, 0x00, 0x00,
    0x00, 0x00, 0x00, 0x00, 0x00, 0x00, 0x00, 0x00, 0x00, 0x00, 0x00, 0x00, 0x00, 0x00, 0x00, 0x00, 0x00, 0x00, 0x00,
    0x00, 0x00, 0x00, 0x00, 0x00, 0x00, 0x00, 0x00, 0x00, 0x00, 0x00, 0x00, 0x00, 0x00, 0x00, 0x00, 0x00, 0x00, 0x00,
    0x00, 0x00, 0x00, 0x00, 0x00, 0x00, 0x00, 0x00, 0x00, 0x00, 0x00, 0x00, 0x00, 0x00, 0x00, 0x00, 0x00, 0x00, 0x00,
    0x00, 0x00, 0x00, 0x00, 0x00, 0x00, 0x00, 0x00, 0x00, 0x00, 0x00, 0x00, 0x00, 0x00, 0x00, 0x00, 0x00, 0x00, 0x00,
    0x00, 0x00, 0x00, 0x00, 0x00, 0x00, 0x00, 0x00, 0x00, 0x00, 0x00, 0x00, 0x00, 0x00, 0x00, 0x00, 0x00, 0x00, 0x00,
    0x00, 0x00, 0x00, 0x00, 0x00, 0x00, 0x00, 0x00, 0x00, 0x00, 0x00, 0x00, 0x00, 0x00, 0x00, 0x00, 0x00, 0x00, 0x00,
    0x00, 0x00, 0x00, 0x00, 0x00, 0x00, 0x00, 0x00, 0x00, 0x00, 0x00, 0x00, 0x00, 0x00, 0x00, 0x00, 0x00, 0x00, 0x00,
    0x00, 0x00, 0x00, 0x00, 0x00, 0x00, 0x00, 0x00, 0x00, 0x00, 0x00, 0x00, 0x00, 0x00, 0x00, 0x00, 0x00, 0x00, 0x00,
    0x00, 0x00, 0x00, 0x00, 0x00, 0x00, 0x00, 0x00, 0x00, 0x00, 0x00, 0x00, 0x00, 0x00, 0x00, 0x00, 0x00, 0x00, 0x00,
    0x00, 0x00, 0x00, 0x00, 0x00, 0x00, 0x00, 0x00, 0x00, 0x00, 0x00, 0x00, 0x00, 0x00, 0x00, 0x00, 0x00, 0x00, 0x00,
    0x00, 0x00, 0x00, 0x00, 0x00, 0x00, 0x00, 0x00, 0x00, 0x00, 0x00, 0x00, 0x00, 0x00, 0x00, 0x00, 0x00, 0x00, 0x00,
    0x00, 0x00, 0x00, 0x00, 0x00, 0x00, 0x00, 0x00, 0x00, 0x00, 0x00, 0x00, 0x00, 0x00, 0x00, 0x00, 0x00, 0x00, 0x00,
    0x00, 0x00, 0x00, 0x00, 0x00, 0x00, 0x00, 0x00, 0x00, 0x00, 0x00, 0x00, 0x00, 0x00, 0x00, 0x00, 0x00, 0x00, 0x00,
    0x00, 0x00, 0x00, 0x00, 0x00, 0x00, 0x00, 0x00, 0x00, 0x00, 0x00, 0x00, 0x00, 0x00, 0x00, 0x00, 0x00, 0x00, 0x00,
    0x00, 0x00, 0x00, 0x00, 0x00, 0x00, 0x00, 0x00, 0x00, 0x00, 0x00, 0x00, 0x00, 0x00, 0x00, 0x00, 0x00, 0x00, 0x00,
    0x00, 0x00, 0x00, 0x00, 0x00, 0x00, 0x00, 0x00, 0x00, 0x00, 0x00, 0x00, 0x00, 0x00, 0x00, 0x00, 0x00, 0x00, 0x00,
    0x00, 0x00, 0x00, 0x00, 0x00, 0x00, 0x00, 0x00, 0x00, 0x00, 0x00, 0x00, 0x00, 0x00, 0x00, 0x00, 0x00, 0x00, 0x00,
    0x00, 0x00, 0x00, 0x00, 0x00, 0x00, 0x00, 0x00, 0x00, 0x00, 0x00, 0x00, 0x00, 0x00, 0x00, 0x00, 0x00, 0x00, 0x00,
    0x00, 0x00, 0x00, 0x00, 0x00, 0x00, 0x00, 0x00, 0x00, 0x00, 0x00, 0x00, 0x00, 0x00, 0x00, 0x00, 0x00, 0x00, 0x00,
    0x00, 0x00, 0x00, 0x00, 0x00, 0x00, 0x00, 0x00, 0x00, 0x00, 0x00, 0x00, 0x00, 0x00, 0x00, 0x00, 0x00, 0x00, 0x00,
    0x00, 0x00, 0x00, 0x00, 0x00, 0x00, 0x00, 0x00, 0x00, 0x00, 0x00, 0x00, 0x00, 0x00, 0x00, 0x00, 0x00, 0x00, 0x00,
    0x00, 0x00, 0x00, 0x00, 0x00, 0x00, 0x00, 0x00, 0x00, 0x00, 0x00, 0x00, 0x00, 0x00, 0x00, 0x00, 0x00, 0x00, 0x00,
    0x00, 0x00, 0x00, 0x00, 0x00, 0x00, 0x00, 0x00, 0x00, 0x00, 0x00, 0x00, 0x00, 0x00, 0x00, 0x00, 0x00, 0x00, 0x00,
    0x00, 0x00, 0x00, 0x00, 0x00, 0x00, 0x00, 0x00, 0x00, 0x00, 0x00, 0x00, 0x00, 0x00, 0x00, 0x00, 0x00, 0x00, 0x00,
    0x00, 0x00, 0x00, 0x00, 0x00, 0x00, 0x00, 0x00, 0x00, 0x00, 0x00, 0x00, 0x00, 0x00, 0x00, 0x00, 0x00, 0x00, 0x00,
    0x00, 0x00, 0x00, 0x00, 0x00, 0x00, 0x00, 0x00, 0x00, 0x00, 0x00, 0x00, 0x00, 0x00, 0x00, 0x00, 0x00, 0x00, 0x00,
    0x00, 0x00, 0x00, 0x00, 0x00, 0x00, 0x00, 0x00, 0x00, 0x00, 0x00, 0x00, 0x00, 0x00, 0x00, 0x00, 0x00, 0x00, 0x00,
    0x00, 0x00, 0x00, 0x00, 0x00, 0x00, 0x00, 0x00, 0x00, 0x00, 0x00, 0x00, 0x00, 0x00, 0x00, 0x00, 0x00, 0x00, 0x00,
    0x00, 0x00, 0x00, 0x00, 0x00, 0x00, 0x00, 0x00, 0x00, 0x00, 0x00, 0x00, 0x00, 0x00, 0x00, 0x00, 0x00, 0x00, 0x00,
    0x00, 0x00, 0x00, 0x00, 0x00, 0x00, 0x00, 0x00, 0x00, 0x00, 0x00, 0x00, 0x00, 0x00, 0x00, 0x00, 0x00, 0x00, 0x00,
    0x00, 0x00, 0x00, 0x00, 0x00, 0x00, 0x00, 0x00, 0x00, 0x00, 0x00, 0x00, 0x00, 0x00, 0x00, 0x00, 0x00, 0x00, 0x00,
    0x00, 0x00, 0x00, 0x00, 0x00, 0x00, 0x00, 0x00, 0x00, 0x00, 0x00, 0x00, 0x00, 0x00, 0x00, 0x00, 0x00, 0x00, 0x00,
    0x00, 0x00, 0x00, 0x00, 0x00, 0x00, 0x00, 0x00, 0x00, 0x00, 0x00, 0x00, 0x00, 0x00, 0x00, 0x00, 0x00, 0x00, 0x00,
    0x00, 0x00, 0x00, 0x00, 0x00, 0x00, 0x00, 0x00, 0x00, 0x00, 0x00, 0x00, 0x00, 0x00, 0x00, 0x00, 0x00, 0x00, 0x00,
    0x00, 0x00, 0x00, 0x00, 0x00, 0x00, 0x00, 0x00, 0x00, 0x00, 0x00, 0x00, 0x00, 0x00, 0x00, 0x00, 0x00, 0x00, 0x00,
    0x00, 0x00, 0x00, 0x00, 0x00, 0x00, 0x00, 0x00, 0x00, 0x00, 0x00, 0x00, 0x00, 0x00, 0x00, 0x00, 0x00, 0x00, 0x00,
    0x00, 0x00, 0x00, 0x00, 0x00, 0x00, 0x00, 0x00, 0x00, 0x00, 0x00, 0x00, 0x00, 0x00, 0x00, 0x00, 0x00, 0x00, 0x00,
    0x00, 0x00, 0x00, 0x00, 0x00, 0x00, 0x00, 0x00, 0x00, 0x00, 0x00, 0x00, 0x00, 0x00, 0x00, 0x00, 0x00, 0x00, 0x00,
    0x00, 0x00, 0x00, 0x00, 0x00, 0x00, 0x00, 0x00, 0x00, 0x00, 0x00, 0x00, 0x00, 0x00, 0x00, 0x00, 0x00, 0x08, 0x00,
    0x08, 0x00, 0x08, 0x00, 0x08, 0x00, 0x08, 0x00, 0x08, 0x00, 0x08, 0x00, 0x08, 0x00, 0x08, 0x00, 0x08, 0x00, 0x08,
    0x00, 0x08, 0x00, 0x08, 0x00, 0x08, 0x00, 0x08, 0x00, 0x08, 0x00, 0x08, 0x00, 0x08, 0x00, 0x08, 0x00, 0x08, 0x00,
    0x08, 0x00, 0x08, 0x00, 0x08, 0x00, 0x08, 0x00, 0x08, 0x00, 0x08, 0x00, 0x08, 0x00, 0x08, 0x00, 0x08, 0x00, 0x08,
    0x00, 0x08, 0x00, 0x08, 0x00, 0x08, 0x00, 0x08, 0x00, 0x08, 0x00, 0x08, 0x00, 0x00, 0x00, 0x00, 0x00, 0x00, 0x00,
    0x00, 0x00, 0x00, 0x00, 0x00, 0x00, 0x00, 0x00, 0x00, 0x00, 0x00, 0x00, 0x00, 0x00, 0x00, 0x00, 0x00, 0x00, 0x00,
    0x00, 0x00, 0x00, 0x00, 0x00, 0x00, 0x00, 0x00, 0x00, 0x00, 0x00, 0x00, 0x00, 0x00, 0x00, 0x00, 0x00, 0x00, 0x00,
    0x00, 0x00, 0x00, 0x00, 0x00, 0x00, 0x00, 0x00, 0x00, 0x00, 0x00, 0x00, 0x00, 0x00, 0x00, 0x00, 0x00, 0x00, 0x00,
    0x00, 0x00, 0x00, 0x00, 0x00, 0x00, 0x00, 0x00, 0x00, 0x00, 0x00, 0x00, 0x00, 0x00, 0x00, 0x00, 0x00, 0x00, 0x00,
    0x00, 0x00, 0x00, 0x00, 0x00, 0x00, 0x00, 0x00, 0x00, 0x00, 0x00, 0x00, 0x00, 0x00, 0x00, 0x00, 0x00, 0x00, 0x00,
    0x00, 0x00, 0x00, 0x00, 0x00, 0x00, 0x00, 0x00, 0x00, 0x00, 0x00, 0x00, 0x00, 0x00, 0x00, 0x00, 0x00, 0x00, 0x00,
    0x00, 0x00, 0x00, 0x00, 0x00, 0x00, 0x00, 0x00, 0x00, 0x00, 0x00, 0x00, 0x00, 0x00, 0x00, 0x00, 0x00, 0x00, 0x00,
    0x00, 0x00, 0x00, 0x00, 0x00, 0x00, 0x00, 0x00, 0x00, 0x00, 0x00, 0x00, 0x00, 0x00, 0x00, 0x00, 0x00, 0x00, 0x00,
    0x00, 0x00, 0x00, 0x00, 0x00, 0x00, 0x00, 0x00, 0x00, 0x00, 0x00, 0x00, 0x00, 0x00, 0x00, 0x00, 0x00, 0x00, 0x00,
    0x00, 0x00, 0x00, 0x00, 0x00, 0x00, 0x00, 0x00, 0x00, 0x00, 0x00, 0x00, 0x00, 0x00, 0x00, 0x00, 0x00, 0x00, 0x00,
    0x00, 0x00, 0x00, 0x00, 0x00, 0x00, 0x00, 0x00, 0x00, 0x00, 0x00, 0x00, 0x00, 0x00, 0x00, 0x00, 0x00, 0x00, 0x00,
    0x00, 0x00, 0x00, 0x00, 0x00, 0x00, 0x00, 0x00, 0x00, 0x00, 0x00, 0x00, 0x00, 0x00, 0x00, 0x00, 0x00, 0x00, 0x00,
    0x00, 0x00, 0x00, 0x00, 0x00, 0x00, 0x00, 0x00, 0x00, 0x00, 0x00, 0x00, 0x00, 0x00, 0x00, 0x00, 0x00, 0x00, 0x00,
    0x00, 0x00, 0x00, 0x00, 0x00, 0x00, 0x00, 0x00, 0x00, 0x00, 0x00, 0x00, 0x00, 0x00, 0x00, 0x00, 0x00, 0x00, 0x00,
    0x00, 0x00, 0x00, 0x00, 0x00, 0x00, 0x00, 0x00, 0x00, 0x00, 0x00, 0x00, 0x00, 0x00, 0x00, 0x00, 0x00, 0x00, 0x00,
    0x00, 0x08, 0x00, 0x08, 0x00, 0x08, 0x00, 0x08, 0x00, 0x08, 0x00, 0x08, 0x00, 0x08, 0x00, 0x08, 0x00, 0x08, 0x00,
    0x08, 0x00, 0x08, 0x00, 0x08, 0x00, 0x08, 0x00, 0x08, 0x00, 0x08, 0x00, 0x08, 0x00, 0x08, 0x00, 0x08, 0x00, 0x08,
    0x00, 0x08, 0x00, 0x08, 0x00, 0x08, 0x00, 0x08, 0x00, 0x08, 0x00, 0x08, 0x00, 0x08, 0x00, 0x08, 0x00, 0x08, 0x00,
    0x08, 0x00, 0x08, 0x00, 0x08, 0x00, 0x08, 0x00, 0x08, 0x00, 0x08, 0x00, 0x08, 0x00, 0x08, 0x00, 0x08, 0x00, 0x08,
    0x00, 0x08, 0x00, 0x08, 0x00, 0x08, 0x00, 0x08, 0x00, 0x08, 0x00, 0x08, 0x00, 0x08, 0x00, 0x08, 0x00, 0x08, 0x00,
    0x08, 0x00, 0x08, 0x00, 0x08, 0x00, 0x08, 0x00, 0x08, 0x00, 0x08, 0x00, 0x08, 0x00, 0x08, 0x00, 0x08, 0x00, 0x08,
    0x00, 0x08, 0x00, 0x08, 0x00, 0x08, 0x00, 0x08, 0x00, 0x08, 0x00, 0x08, 0x00, 0x08, 0x00, 0x08, 0x00, 0x08, 0x00,
    0x08, 0x00, 0x08, 0x00, 0x08, 0x00, 0x08, 0x00, 0x08, 0x00, 0x08, 0x00, 0x00, 0x00, 0x00, 0x00, 0x00, 0x00, 0x00,
    0x00, 0x00, 0x00, 0x00, 0x00, 0x00, 0x00, 0x00, 0x00, 0x00, 0x00, 0x00, 0x00, 0x00, 0x00, 0x00, 0x00, 0x00, 0x00,
    0x00, 0x00, 0x00, 0x00, 0x00, 0x00, 0x00, 0x00, 0x00, 0x00, 0x00, 0x00, 0x00, 0x00, 0x00, 0x00, 0x00, 0x00, 0x00,
    0x00, 0x00, 0x00, 0x00, 0x00, 0x00, 0x00, 0x00, 0x00, 0x00, 0x00, 0x00, 0x00, 0x00, 0x00, 0x00, 0x00, 0x00, 0x00,
    0x00, 0x00, 0x00, 0x00, 0x00, 0x00, 0x00, 0x00, 0x00, 0x00, 0x00, 0x00, 0x00, 0x00, 0x00, 0x00, 0x00, 0x00, 0x00,
    0x00, 0x00, 0x00, 0x00, 0x00, 0x00, 0x00, 0x00, 0x00, 0x00, 0x00, 0x00, 0x00, 0x00, 0x00, 0x00, 0x00, 0x00, 0x00,
    0x00, 0x00, 0x00, 0x00, 0x00, 0x00, 0x00, 0x00, 0x00, 0x00, 0x00, 0x00, 0x00, 0x00, 0x00, 0x00, 0x00, 0x00, 0x00,
    0x00, 0x00, 0x00, 0x00, 0x00, 0x00, 0x00, 0x00, 0x00, 0x00, 0x00, 0x00, 0x00, 0x00, 0x00, 0x00, 0x00, 0x00, 0x00,
    0x00, 0x00, 0x00, 0x00, 0x00, 0x00, 0x00, 0x00, 0x00, 0x00, 0x00, 0x00, 0x00, 0x00, 0x00, 0x00, 0x00, 0x00, 0x00,
    0x00, 0x00, 0x00, 0x00, 0x00, 0x00, 0x00, 0x00, 0x00, 0x00, 0x00, 0x00, 0x00, 0x00, 0x00, 0x00, 0x00, 0x00, 0x00,
    0x00, 0x00, 0x00, 0x00, 0x00, 0x00, 0x00, 0x00, 0x00, 0x00, 0x00, 0x00, 0x00, 0x00, 0x00, 0x00, 0x00, 0x00, 0x00,
    0x00, 0x00, 0x00, 0x00, 0x00, 0x00, 0x00, 0x00, 0x00, 0x00, 0x00, 0x00, 0x00, 0x00, 0x00, 0x00, 0x00, 0x00, 0x00,
    0x00, 0x00, 0x00, 0x00, 0x00, 0x00, 0x00, 0x00, 0x00, 0x00, 0x00, 0x00, 0x00, 0x00, 0x00, 0x00, 0x00, 0x00, 0x00,
    0x00, 0x00, 0x00, 0x00, 0x00, 0x00, 0x00, 0x00, 0x00, 0x08, 0x00, 0x08, 0x00, 0x08, 0x00, 0x08, 0x00, 0x08, 0x00,
    0x08, 0x00, 0x08, 0x00, 0x08, 0x00, 0x08, 0x00, 0x08, 0x00, 0x08, 0x00, 0x08, 0x00, 0x08, 0x00, 0x08, 0x00, 0x08,
    0x00, 0x08, 0x00, 0x08, 0x00, 0x08, 0x00, 0x08, 0x00, 0x08, 0x00, 0x08, 0x00, 0x08, 0x00, 0x08, 0x00, 0x08, 0x00,
    0x08, 0x00, 0x08, 0x00, 0x08, 0x00, 0x08, 0x00, 0x08, 0x00, 0x08, 0x00, 0x08, 0x00, 0x08, 0x00, 0x08, 0x00, 0x08,
    0x00, 0x08, 0x00, 0x08, 0x00, 0x08, 0x00, 0x08, 0x00, 0x08, 0x00, 0x08, 0x00, 0x08, 0x00, 0x08, 0x00, 0x08, 0x00,
    0x08, 0x00, 0x08, 0x00, 0x08, 0x00, 0x08, 0x00, 0x08, 0x00, 0x08, 0x00, 0x08, 0x00, 0x08, 0x00, 0x08, 0x00, 0x08,
    0x00, 0x08, 0x00, 0x08, 0x00, 0x08, 0x00, 0x08, 0x00, 0x08, 0x00, 0x08, 0x00, 0x08, 0x00, 0x08, 0x00, 0x08, 0x00,
    0x08, 0x00, 0x08, 0x00, 0x08, 0x00, 0x08, 0x00, 0x08, 0x00, 0x08, 0x00, 0x08, 0x00, 0x08, 0x00, 0x08, 0x00, 0x08,
    0x00, 0x08, 0x00, 0x08, 0x00, 0x08, 0x00, 0x08, 0x00, 0x08, 0x00, 0x08, 0x00, 0x08, 0x00, 0x08, 0x00, 0x08, 0x00,
    0x08, 0x00, 0x08, 0x00, 0x08, 0x00, 0x00, 0x00, 0x00, 0x00, 0x00, 0x00, 0x00, 0x00, 0x00, 0x00, 0x00, 0x00, 0x00,
    0x00, 0x00, 0x00, 0x00, 0x00, 0x00, 0x00, 0x00, 0x00, 0x00, 0x00, 0x00, 0x00, 0x00, 0x00, 0x00, 0x00, 0x00, 0x00,
    0x00, 0x00, 0x00, 0x00, 0x00, 0x00, 0x00, 0x00, 0x00, 0x00, 0x00, 0x00, 0x00, 0x00, 0x00, 0x00, 0x00, 0x00, 0x00,
    0x00, 0x00, 0x00, 0x00, 0x00, 0x00, 0x00, 0x00, 0x00, 0x00, 0x00, 0x00, 0x00, 0x00, 0x00, 0x00, 0x00, 0x00, 0x00,
    0x00, 0x00, 0x00, 0x00, 0x00, 0x00, 0x00, 0x00, 0x00, 0x00, 0x00, 0x00, 0x00, 0x00, 0x00, 0x00, 0x00, 0x00, 0x00,
    0x00, 0x00, 0x00, 0x00, 0x00, 0x00, 0x00, 0x00, 0x00, 0x00, 0x00, 0x00, 0x00, 0x00, 0x00, 0x00, 0x00, 0x00, 0x00,
    0x00, 0x00, 0x00, 0x00, 0x00, 0x00, 0x00, 0x00, 0x00, 0x00, 0x00, 0x00, 0x00, 0x00, 0x00, 0x00, 0x00, 0x00, 0x00,
    0x00, 0x00, 0x00, 0x00, 0x00, 0x00, 0x00, 0x00, 0x00, 0x00, 0x00, 0x00, 0x00, 0x00, 0x00, 0x00, 0x00, 0x00, 0x00,
    0x00, 0x00, 0x00, 0x00, 0x00, 0x00, 0x00, 0x00, 0x00, 0x00, 0x00, 0x00, 0x00, 0x00, 0x00, 0x00, 0x00, 0x00, 0x00,
    0x00, 0x00, 0x00, 0x00, 0x00, 0x00, 0x00, 0x00, 0x00, 0x00, 0x00, 0x00, 0x00, 0x00, 0x00, 0x00, 0x00, 0x00, 0x00,
    0x00, 0x00, 0x00, 0x00, 0x00, 0x00, 0x00, 0x00, 0x00, 0x00, 0x00, 0x00, 0x00, 0x00, 0x00, 0x00, 0x00, 0x00, 0x00,
    0x00, 0x00, 0x00, 0x00, 0x00, 0x00, 0x00, 0x00, 0x00, 0x00, 0x00, 0x00, 0x00, 0x00, 0x00, 0x00, 0x00, 0x00, 0x00,
    0x00, 0x00, 0x08, 0x00, 0x08, 0x00, 0x08, 0x00, 0x08, 0x00, 0x08, 0x00, 0x08, 0x00, 0x08, 0x00, 0x08, 0x00, 0x08,
    0x00, 0x08, 0x00, 0x08, 0x00, 0x08, 0x00, 0x08, 0x00, 0x08, 0x00, 0x08, 0x00, 0x08, 0x00, 0x08, 0x00, 0x08, 0x20,
    0x08, 0x20, 0x08, 0x20, 0x08, 0x20, 0x08, 0x20, 0x08, 0x20, 0x08, 0x20, 0x08, 0x20, 0x08, 0x20, 0x08, 0x20, 0x08,
    0x20, 0x08, 0x20, 0x08, 0x20, 0x08, 0x20, 0x08, 0x20, 0x08, 0x20, 0x08, 0x20, 0x08, 0x20, 0x08, 0x20, 0x08, 0x20,
    0x08, 0x20, 0x08, 0x20, 0x08, 0x20, 0x08, 0x20, 0x08, 0x20, 0x08, 0x20, 0x08, 0x20, 0x08, 0x20, 0x08, 0x20, 0x08,
    0x20, 0x08, 0x20, 0x08, 0x20, 0x08, 0x20, 0x08, 0x20, 0x08, 0x20, 0x08, 0x20, 0x08, 0x20, 0x08, 0x20, 0x08, 0x20,
    0x08, 0x20, 0x08, 0x20, 0x08, 0x20, 0x08, 0x20, 0x08, 0x20, 0x08, 0x20, 0x08, 0x20, 0x08, 0x20, 0x08, 0x20, 0x08,
    0x20, 0x08, 0x20, 0x08, 0x20, 0x08, 0x20, 0x08, 0x20, 0x08, 0x20, 0x08, 0x20, 0x08, 0x20, 0x08, 0x00, 0x08, 0x00,
    0x08, 0x00, 0x08, 0x00, 0x08, 0x00, 0x08, 0x00, 0x08, 0x00, 0x08, 0x00, 0x08, 0x00, 0x08, 0x00, 0x08, 0x00, 0x08,
    0x00, 0x08, 0x00, 0x08, 0x00, 0x08, 0x00, 0x08, 0x00, 0x08, 0x00, 0x08, 0x00, 0x08, 0x00, 0x00, 0x00, 0x00, 0x00,
    0x00, 0x00, 0x00, 0x00, 0x00, 0x00, 0x00, 0x00, 0x00, 0x00, 0x00, 0x00, 0x00, 0x00, 0x00, 0x00, 0x00, 0x00, 0x00,
    0x00, 0x00, 0x00, 0x00, 0x00, 0x00, 0x00, 0x00, 0x00, 0x00, 0x00, 0x00, 0x00, 0x00, 0x00, 0x00, 0x00, 0x00, 0x00,
    0x00, 0x00, 0x00, 0x00, 0x00, 0x00, 0x00, 0x00, 0x00, 0x00, 0x00, 0x00, 0x00, 0x00, 0x00, 0x00, 0x00, 0x00, 0x00,
    0x00, 0x00, 0x00, 0x00, 0x00, 0x00, 0x00, 0x00, 0x00, 0x00, 0x00, 0x00, 0x00, 0x00, 0x00, 0x00, 0x00, 0x00, 0x00,
    0x00, 0x00, 0x00, 0x00, 0x00, 0x00, 0x00, 0x00, 0x00, 0x00, 0x00, 0x00, 0x00, 0x00, 0x00, 0x00, 0x00, 0x00, 0x00,
    0x00, 0x00, 0x00, 0x00, 0x00, 0x00, 0x00, 0x00, 0x00, 0x00, 0x00, 0x00, 0x00, 0x00, 0x00, 0x00, 0x00, 0x00, 0x00,
    0x00, 0x00, 0x00, 0x00, 0x00, 0x00, 0x00, 0x00, 0x00, 0x00, 0x00, 0x00, 0x00, 0x00, 0x00, 0x00, 0x00, 0x00, 0x00,
    0x00, 0x00, 0x00, 0x00, 0x00, 0x00, 0x00, 0x00, 0x00, 0x00, 0x00, 0x00, 0x00, 0x00, 0x00, 0x00, 0x00, 0x00, 0x00,
    0x00, 0x00, 0x00, 0x00, 0x00, 0x00, 0x00, 0x00, 0x00, 0x00, 0x00, 0x00, 0x00, 0x00, 0x00, 0x00, 0x00, 0x00, 0x00,
    0x00, 0x00, 0x00, 0x00, 0x00, 0x00, 0x00, 0x00, 0x00, 0x00, 0x00, 0x00, 0x00, 0x00, 0x00, 0x00, 0x00, 0x00, 0x00,
    0x00, 0x00, 0x00, 0x00, 0x00, 0x00, 0x00, 0x00, 0x00, 0x00, 0x00, 0x00, 0x00, 0x00, 0x08, 0x00, 0x08, 0x00, 0x08,
    0x00, 0x08, 0x00, 0x08, 0x00, 0x08, 0x00, 0x08, 0x00, 0x08, 0x00, 0x08, 0x00, 0x08, 0x00, 0x08, 0x00, 0x08, 0x00,
    0x08, 0x20, 0x08, 0x20, 0x08, 0x20, 0x08, 0x20, 0x08, 0x20, 0x08, 0x20, 0x10, 0x20, 0x10, 0x20, 0x10, 0x20, 0x10,
    0x20, 0x10, 0x20, 0x10, 0x20, 0x10, 0x20, 0x10, 0x20, 0x10, 0x20, 0x10, 0x20, 0x10, 0x20, 0x10, 0x20, 0x10, 0x20,
    0x10, 0x20, 0x10, 0x20, 0x10, 0x20, 0x10, 0x20, 0x10, 0x20, 0x10, 0x20, 0x10, 0x20, 0x10, 0x20, 0x10, 0x20, 0x10,
    0x20, 0x10, 0x20, 0x10, 0x20, 0x10, 0x20, 0x10, 0x20, 0x10, 0x20, 0x10, 0x20, 0x10, 0x20, 0x10, 0x20, 0x10, 0x20,
    0x10, 0x20, 0x10, 0x20, 0x10, 0x20, 0x10, 0x20, 0x10, 0x20, 0x10, 0x20, 0x10, 0x20, 0x10, 0x20, 0x10, 0x20, 0x10,
    0x20, 0x10, 0x20, 0x10, 0x20, 0x10, 0x20, 0x10, 0x20, 0x10, 0x20, 0x10, 0x20, 0x10, 0x20, 0x10, 0x20, 0x10, 0x20,
    0x10, 0x20, 0x10, 0x20, 0x10, 0x20, 0x10, 0x20, 0x10, 0x20, 0x10, 0x20, 0x10, 0x20, 0x10, 0x20, 0x10, 0x20, 0x10,
    0x20, 0x10, 0x20, 0x10, 0x20, 0x10, 0x20, 0x08, 0x20, 0x08, 0x20, 0x08, 0x20, 0x08, 0x20, 0x08, 0x00, 0x08, 0x00,
    0x08, 0x00, 0x08, 0x00, 0x08, 0x00, 0x08, 0x00, 0x08, 0x00, 0x08, 0x00, 0x08, 0x00, 0x08, 0x00, 0x08, 0x00, 0x08,
    0x00, 0x08, 0x00, 0x08, 0x00, 0x00, 0x00, 0x00, 0x00, 0x00, 0x00, 0x00, 0x00, 0x00, 0x00, 0x00, 0x00, 0x00, 0x00,
    0x00, 0x00, 0x00, 0x00, 0x00, 0x00, 0x00, 0x00, 0x00, 0x00, 0x00, 0x00, 0x00, 0x00, 0x00, 0x00, 0x00, 0x00, 0x00,
    0x00, 0x00, 0x00, 0x00, 0x00, 0x00, 0x00, 0x00, 0x00, 0x00, 0x00, 0x00, 0x00, 0x00, 0x00, 0x00, 0x00, 0x00, 0x00,
    0x00, 0x00, 0x00, 0x00, 0x00, 0x00, 0x00, 0x00, 0x00, 0x00, 0x00, 0x00, 0x00, 0x00, 0x00, 0x00, 0x00, 0x00, 0x00,
    0x00, 0x00, 0x00, 0x00, 0x00, 0x00, 0x00, 0x00, 0x00, 0x00, 0x00, 0x00, 0x00, 0x00, 0x00, 0x00, 0x00, 0x00, 0x00,
    0x00, 0x00, 0x00, 0x00, 0x00, 0x00, 0x00, 0x00, 0x00, 0x00, 0x00, 0x00, 0x00, 0x00, 0x00, 0x00, 0x00, 0x00, 0x00,
    0x00, 0x00, 0x00, 0x00, 0x00, 0x00, 0x00, 0x00, 0x00, 0x00, 0x00, 0x00, 0x00, 0x00, 0x00, 0x00, 0x00, 0x00, 0x00,
    0x00, 0x00, 0x00, 0x00, 0x00, 0x00, 0x00, 0x00, 0x00, 0x00, 0x00, 0x00, 0x00, 0x00, 0x00, 0x00, 0x00, 0x00, 0x00,
    0x00, 0x00, 0x00, 0x00, 0x00, 0x00, 0x00, 0x00, 0x00, 0x00, 0x00, 0x00, 0x00, 0x00, 0x00, 0x00, 0x00, 0x00, 0x00,
    0x00, 0x00, 0x00, 0x00, 0x00, 0x00, 0x00, 0x00, 0x00, 0x00, 0x00, 0x00, 0x00, 0x00, 0x00, 0x00, 0x00, 0x00, 0x00,
    0x00, 0x00, 0x00, 0x00, 0x00, 0x00, 0x00, 0x00, 0x00, 0x08, 0x00, 0x08, 0x00, 0x08, 0x00, 0x08, 0x00, 0x08, 0x00,
    0x08, 0x00, 0x08, 0x00, 0x08, 0x00, 0x08, 0x20, 0x08, 0x20, 0x08, 0x20, 0x08, 0x20, 0x08, 0x20, 0x10, 0x20, 0x10,
    0x20, 0x10, 0x20, 0x10, 0x20, 0x10, 0x20, 0x10, 0x20, 0x10, 0x20, 0x10, 0x20, 0x10, 0x20, 0x10, 0x20, 0x10, 0x20,
    0x10, 0x20, 0x10, 0x20, 0x10, 0x20, 0x10, 0x20, 0x10, 0x20, 0x10, 0x20, 0x10, 0x20, 0x10, 0x20, 0x10, 0x20, 0x10,
    0x20, 0x10, 0x20, 0x10, 0x20, 0x10, 0x20, 0x10, 0x20, 0x10, 0x20, 0x10, 0x20, 0x10, 0x20, 0x10, 0x20, 0x10, 0x20,
    0x10, 0x20, 0x10, 0x20, 0x10, 0x20, 0x10, 0x20, 0x10, 0x20, 0x10, 0x20, 0x10, 0x20, 0x10, 0x20, 0x10, 0x20, 0x10,
    0x20, 0x10, 0x20, 0x10, 0x20, 0x10, 0x20, 0x10, 0x20, 0x10, 0x20, 0x10, 0x20, 0x10, 0x20, 0x10, 0x20, 0x10, 0x20,
    0x10, 0x20, 0x10, 0x20, 0x10, 0x20, 0x10, 0x20, 0x10, 0x20, 0x10, 0x20, 0x10, 0x20, 0x10, 0x20, 0x10, 0x20, 0x10,
    0x20, 0x10, 0x20, 0x10, 0x20, 0x10, 0x20, 0x10, 0x20, 0x10, 0x20, 0x10, 0x20, 0x10, 0x20, 0x10, 0x20, 0x10, 0x20,
    0x10, 0x20, 0x10, 0x20, 0x10, 0x20, 0x10, 0x20, 0x10, 0x20, 0x10, 0x20, 0x10, 0x20, 0x10, 0x20, 0x10, 0x20, 0x10,
    0x20, 0x10, 0x20, 0x10, 0x20, 0x08, 0x20, 0x08, 0x20, 0x08, 0x20, 0x08, 0x00, 0x08, 0x00, 0x08, 0x00, 0x08, 0x00,
    0x08, 0x00, 0x08, 0x00, 0x08, 0x00, 0x08, 0x00, 0x08, 0x00, 0x08, 0x00, 0x00, 0x00, 0x00, 0x00, 0x00, 0x00, 0x00,
    0x00, 0x00, 0x00, 0x00, 0x00, 0x00, 0x00, 0x00, 0x00, 0x00, 0x00, 0x00, 0x00, 0x00, 0x00, 0x00, 0x00, 0x00, 0x00,
    0x00, 0x00, 0x00, 0x00, 0x00, 0x00, 0x00, 0x00, 0x00, 0x00, 0x00, 0x00, 0x00, 0x00, 0x00, 0x00, 0x00, 0x00, 0x00,
    0x00, 0x00, 0x00, 0x00, 0x00, 0x00, 0x00, 0x00, 0x00, 0x00, 0x00, 0x00, 0x00, 0x00, 0x00, 0x00, 0x00, 0x00, 0x00,
    0x00, 0x00, 0x00, 0x00, 0x00, 0x00, 0x00, 0x00, 0x00, 0x00, 0x00, 0x00, 0x00, 0x00, 0x00, 0x00, 0x00, 0x00, 0x00,
    0x00, 0x00, 0x00, 0x00, 0x00, 0x00, 0x00, 0x00, 0x00, 0x00, 0x00, 0x00, 0x00, 0x00, 0x00, 0x00, 0x00, 0x00, 0x00,
    0x00, 0x00, 0x00, 0x00, 0x00, 0x00, 0x00, 0x00, 0x00, 0x00, 0x00, 0x00, 0x00, 0x00, 0x00, 0x00, 0x00, 0x00, 0x00,
    0x00, 0x00, 0x00, 0x00, 0x00, 0x00, 0x00, 0x00, 0x00, 0x00, 0x00, 0x00, 0x00, 0x00, 0x00, 0x00, 0x00, 0x00, 0x00,
    0x00, 0x00, 0x00, 0x00, 0x00, 0x00, 0x00, 0x00, 0x00, 0x00, 0x00, 0x00, 0x00, 0x00, 0x00, 0x00, 0x00, 0x00, 0x00,
    0x00, 0x00, 0x00, 0x00, 0x00, 0x00, 0x00, 0x00, 0x00, 0x00, 0x00, 0x00, 0x00, 0x00, 0x00, 0x00, 0x00, 0x00, 0x00,
    0x00, 0x00, 0x00, 0x00, 0x00, 0x00, 0x08, 0x00, 0x08, 0x00, 0x08, 0x00, 0x08, 0x00, 0x08, 0x00, 0x08, 0x00, 0x08,
    0x00, 0x08, 0x20, 0x08, 0x20, 0x08, 0x20, 0x10, 0x20, 0x10, 0x20, 0x10, 0x20, 0x10, 0x20, 0x10, 0x20, 0x10, 0x20,
    0x10, 0x20, 0x10, 0x20, 0x10, 0x20, 0x10, 0x20, 0x10, 0x20, 0x10, 0x20, 0x10, 0x20, 0x10, 0x20, 0x10, 0x20, 0x10,
    0x20, 0x10, 0x20, 0x10, 0x20, 0x18, 0x20, 0x18, 0x20, 0x18, 0x20, 0x18, 0x20, 0x18, 0x20, 0x18, 0x20, 0x18, 0x20,
    0x18, 0x20, 0x18, 0x20, 0x18, 0x20, 0x18, 0x20, 0x18, 0x20, 0x18, 0x20, 0x18, 0x20, 0x18, 0x20, 0x18, 0x20, 0x18,
    0x20, 0x18, 0x20, 0x18, 0x20, 0x18, 0x20, 0x18, 0x20, 0x18, 0x20, 0x18, 0x20, 0x18, 0x20, 0x18, 0x20, 0x18, 0x20,
    0x18, 0x20, 0x18, 0x20, 0x18, 0x20, 0x18, 0x20, 0x18, 0x20, 0x18, 0x20, 0x18, 0x20, 0x18, 0x20, 0x18, 0x20, 0x18,
    0x20, 0x18, 0x20, 0x18, 0x20, 0x18, 0x20, 0x18, 0x20, 0x18, 0x20, 0x18, 0x20, 0x18, 0x20, 0x18, 0x20, 0x18, 0x20,
    0x18, 0x20, 0x18, 0x20, 0x18, 0x20, 0x18, 0x20, 0x18, 0x20, 0x18, 0x20, 0x18, 0x20, 0x18, 0x20, 0x18, 0x20, 0x10,
    0x20, 0x10, 0x20, 0x10, 0x20, 0x10, 0x20, 0x10, 0x20, 0x10, 0x20, 0x10, 0x20, 0x10, 0x20, 0x10, 0x20, 0x10, 0x20,
    0x10, 0x20, 0x10, 0x20, 0x10, 0x20, 0x10, 0x20, 0x10, 0x20, 0x10, 0x20, 0x10, 0x20, 0x10, 0x20, 0x08, 0x20, 0x08,
    0x00, 0x08, 0x00, 0x08, 0x00, 0x08, 0x00, 0x08, 0x00, 0x08, 0x00, 0x08, 0x00, 0x08, 0x00, 0x08, 0x00, 0x00, 0x00,
    0x00, 0x00, 0x00, 0x00, 0x00, 0x00, 0x00, 0x00, 0x00, 0x00, 0x00, 0x00, 0x00, 0x00, 0x00, 0x00, 0x00, 0x00, 0x00,
    0x00, 0x00, 0x00, 0x00, 0x00, 0x00, 0x00, 0x00, 0x00, 0x00, 0x00, 0x00, 0x00, 0x00, 0x00, 0x00, 0x00, 0x00, 0x00,
    0x00, 0x00, 0x00, 0x00, 0x00, 0x00, 0x00, 0x00, 0x00, 0x00, 0x00, 0x00, 0x00, 0x00, 0x00, 0x00, 0x00, 0x00, 0x00,
    0x00, 0x00, 0x00, 0x00, 0x00, 0x00, 0x00, 0x00, 0x00, 0x00, 0x00, 0x00, 0x00, 0x00, 0x00, 0x00, 0x00, 0x00, 0x00,
    0x00, 0x00, 0x00, 0x00, 0x00, 0x00, 0x00, 0x00, 0x00, 0x00, 0x00, 0x00, 0x00, 0x00, 0x00, 0x00, 0x00, 0x00, 0x00,
    0x00, 0x00, 0x00, 0x00, 0x00, 0x00, 0x00, 0x00, 0x00, 0x00, 0x00, 0x00, 0x00, 0x00, 0x00, 0x00, 0x00, 0x00, 0x00,
    0x00, 0x00, 0x00, 0x00, 0x00, 0x00, 0x00, 0x00, 0x00, 0x00, 0x00, 0x00, 0x00, 0x00, 0x00, 0x00, 0x00, 0x00, 0x00,
    0x00, 0x00, 0x00, 0x00, 0x00, 0x00, 0x00, 0x00, 0x00, 0x00, 0x00, 0x00, 0x00, 0x00, 0x00, 0x00, 0x00, 0x00, 0x00,
    0x00, 0x00, 0x00, 0x00, 0x00, 0x00, 0x00, 0x00, 0x00, 0x00, 0x00, 0x00, 0x00, 0x00, 0x00, 0x00, 0x00, 0x00, 0x00,
    0x00, 0x08, 0x00, 0x08, 0x00, 0x08, 0x00, 0x08, 0x00, 0x08, 0x00, 0x08, 0x00, 0x08, 0x20, 0x08, 0x20, 0x08, 0x20,
    0x08, 0x20, 0x10, 0x20, 0x10, 0x20, 0x10, 0x20, 0x10, 0x20, 0x10, 0x20, 0x10, 0x20, 0x10, 0x20, 0x10, 0x20, 0x10,
    0x20, 0x10, 0x20, 0x10, 0x20, 0x18, 0x20, 0x18, 0x20, 0x18, 0x20, 0x18, 0x20, 0x18, 0x20, 0x18, 0x20, 0x18, 0x20,
    0x18, 0x20, 0x18, 0x20, 0x18, 0x20, 0x18, 0x20, 0x18, 0x20, 0x18, 0x20, 0x18, 0x20, 0x18, 0x20, 0x18, 0x20, 0x18,
    0x20, 0x18, 0x40, 0x18, 0x40, 0x18, 0x40, 0x18, 0x40, 0x18, 0x40, 0x18, 0x40, 0x18, 0x40, 0x18, 0x40, 0x18, 0x40,
    0x18, 0x40, 0x18, 0x40, 0x18, 0x40, 0x18, 0x40, 0x18, 0x40, 0x18, 0x40, 0x18, 0x40, 0x18, 0x40, 0x18, 0x40, 0x18,
    0x40, 0x18, 0x40, 0x18, 0x40, 0x18, 0x40, 0x18, 0x40, 0x18, 0x40, 0x18, 0x40, 0x18, 0x40, 0x18, 0x40, 0x18, 0x40,
    0x18, 0x40, 0x18, 0x40, 0x18, 0x40, 0x18, 0x40, 0x18, 0x40, 0x18, 0x40, 0x18, 0x40, 0x18, 0x40, 0x18, 0x40, 0x18,
    0x40, 0x18, 0x20, 0x18, 0x20, 0x18, 0x20, 0x18, 0x20, 0x18, 0x20, 0x18, 0x20, 0x18, 0x20, 0x18, 0x20, 0x18, 0x20,
    0x18, 0x20, 0x18, 0x20, 0x18, 0x20, 0x18, 0x20, 0x18, 0x20, 0x18, 0x20, 0x18, 0x20, 0x18, 0x20, 0x18, 0x20, 0x18,
    0x20, 0x10, 0x20, 0x10, 0x20, 0x10, 0x20, 0x10, 0x20, 0x10, 0x20, 0x10, 0x20, 0x10, 0x20, 0x10, 0x20, 0x10, 0x20,
    0x10, 0x20, 0x10, 0x20, 0x08, 0x20, 0x08, 0x20, 0x08, 0x00, 0x08, 0x00, 0x08, 0x00, 0x08, 0x00, 0x08, 0x00, 0x08,
    0x00, 0x08, 0x00, 0x08, 0x00, 0x00, 0x00, 0x00, 0x00, 0x00, 0x00, 0x00, 0x00, 0x00, 0x00, 0x00, 0x00, 0x00, 0x00,
    0x00, 0x00, 0x00, 0x00, 0x00, 0x00, 0x00, 0x00, 0x00, 0x00, 0x00, 0x00, 0x00, 0x00, 0x00, 0x00, 0x00, 0x00, 0x00,
    0x00, 0x00, 0x00, 0x00, 0x00, 0x00, 0x00, 0x00, 0x00, 0x00, 0x00, 0x00, 0x00, 0x00, 0x00, 0x00, 0x00, 0x00, 0x00,
    0x00, 0x00, 0x00, 0x00, 0x00, 0x00, 0x00, 0x00, 0x00, 0x00, 0x00, 0x00, 0x00, 0x00, 0x00, 0x00, 0x00, 0x00, 0x00,
    0x00, 0x00, 0x00, 0x00, 0x00, 0x00, 0x00, 0x00, 0x00, 0x00, 0x00, 0x00, 0x00, 0x00, 0x00, 0x00, 0x00, 0x00, 0x00,
    0x00, 0x00, 0x00, 0x00, 0x00, 0x00, 0x00, 0x00, 0x00, 0x00, 0x00, 0x00, 0x00, 0x00, 0x00, 0x00, 0x00, 0x00, 0x00,
    0x00, 0x00, 0x00, 0x00, 0x00, 0x00, 0x00, 0x00, 0x00, 0x00, 0x00, 0x00, 0x00, 0x00, 0x00, 0x00, 0x00, 0x00, 0x00,
    0x00, 0x00, 0x00, 0x00, 0x00, 0x00, 0x00, 0x00, 0x00, 0x00, 0x00, 0x00, 0x00, 0x00, 0x00, 0x00, 0x00, 0x00, 0x00,
    0x00, 0x00, 0x00, 0x00, 0x00, 0x00, 0x00, 0x00, 0x00, 0x00, 0x00, 0x00, 0x00, 0x00, 0x00, 0x00, 0x00, 0x08, 0x00,
    0x08, 0x00, 0x08, 0x00, 0x08, 0x00, 0x08, 0x00, 0x08, 0x00, 0x08, 0x20, 0x08, 0x20, 0x08, 0x20, 0x10, 0x20, 0x10,
    0x20, 0x10, 0x20, 0x10, 0x20, 0x10, 0x20, 0x10, 0x20, 0x10, 0x20, 0x10, 0x20, 0x10, 0x20, 0x18, 0x20, 0x18, 0x20,
    0x18, 0x20, 0x18, 0x20, 0x18, 0x20, 0x18, 0x20, 0x18, 0x40, 0x18, 0x20, 0x18, 0x40, 0x18, 0x40, 0x18, 0x40, 0x18,
    0x40, 0x18, 0x40, 0x18, 0x40, 0x20, 0x40, 0x20, 0x40, 0x20, 0x40, 0x20, 0x40, 0x20, 0x40, 0x20, 0x40, 0x20, 0x40,
    0x20, 0x40, 0x20, 0x40, 0x20, 0x40, 0x20, 0x40, 0x20, 0x40, 0x20, 0x40, 0x20, 0x40, 0x20, 0x40, 0x20, 0x40, 0x20,
    0x40, 0x20, 0x40, 0x20, 0x40, 0x20, 0x40, 0x20, 0x40, 0x20, 0x40, 0x20, 0x40, 0x20, 0x40, 0x20, 0x40, 0x20, 0x40,
    0x20, 0x40, 0x20, 0x40, 0x20, 0x40, 0x20, 0x40, 0x20, 0x40, 0x20, 0x40, 0x20, 0x40, 0x20, 0x40, 0x20, 0x40, 0x20,
    0x40, 0x20, 0x40, 0x20, 0x40, 0x20, 0x40, 0x20, 0x40, 0x20, 0x40, 0x20, 0x40, 0x20, 0x40, 0x20, 0x40, 0x20, 0x40,
    0x20, 0x40, 0x20, 0x40, 0x20, 0x40, 0x20, 0x40, 0x20, 0x40, 0x20, 0x40, 0x20, 0x40, 0x20, 0x40, 0x20, 0x40, 0x20,
    0x40, 0x20, 0x40, 0x18, 0x40, 0x18, 0x40, 0x18, 0x40, 0x18, 0x40, 0x18, 0x20, 0x18, 0x40, 0x18, 0x20, 0x18, 0x20,
    0x18, 0x20, 0x18, 0x20, 0x18, 0x20, 0x18, 0x20, 0x18, 0x20, 0x18, 0x20, 0x10, 0x20, 0x10, 0x20, 0x10, 0x20, 0x10,
    0x20, 0x10, 0x20, 0x10, 0x20, 0x10, 0x20, 0x10, 0x20, 0x10, 0x20, 0x08, 0x20, 0x08, 0x00, 0x08, 0x00, 0x08, 0x00,
    0x08, 0x00, 0x08, 0x00, 0x08, 0x00, 0x08, 0x00, 0x08, 0x00, 0x00, 0x00, 0x00, 0x00, 0x00, 0x00, 0x00, 0x00, 0x00,
    0x00, 0x00, 0x00, 0x00, 0x00, 0x00, 0x00, 0x00, 0x00, 0x00, 0x00, 0x00, 0x00, 0x00, 0x00, 0x00, 0x00, 0x00, 0x00,
    0x00, 0x00, 0x00, 0x00, 0x00, 0x00, 0x00, 0x00, 0x00, 0x00, 0x00, 0x00, 0x00, 0x00, 0x00, 0x00, 0x00, 0x00, 0x00,
    0x00, 0x00, 0x00, 0x00, 0x00, 0x00, 0x00, 0x00, 0x00, 0x00, 0x00, 0x00, 0x00, 0x00, 0x00, 0x00, 0x00, 0x00, 0x00,
    0x00, 0x00, 0x00, 0x00, 0x00, 0x00, 0x00, 0x00, 0x00, 0x00, 0x00, 0x00, 0x00, 0x00, 0x00, 0x00, 0x00, 0x00, 0x00,
    0x00, 0x00, 0x00, 0x00, 0x00, 0x00, 0x00, 0x00, 0x00, 0x00, 0x00, 0x00, 0x00, 0x00, 0x00, 0x00, 0x00, 0x00, 0x00,
    0x00, 0x00, 0x00, 0x00, 0x00, 0x00, 0x00, 0x00, 0x00, 0x00, 0x00, 0x00, 0x00, 0x00, 0x00, 0x00, 0x00, 0x00, 0x00,
    0x00, 0x00, 0x00, 0x00, 0x00, 0x00, 0x00, 0x00, 0x00, 0x00, 0x00, 0x00, 0x00, 0x00, 0x00, 0x00, 0x00, 0x00, 0x00,
    0x00, 0x00, 0x00, 0x00, 0x00, 0x00, 0x00, 0x00, 0x00, 0x00, 0x00, 0x00, 0x00, 0x00, 0x08, 0x00, 0x08, 0x00, 0x08,
    0x00, 0x08, 0x00, 0x08, 0x00, 0x08, 0x20, 0x08, 0x20, 0x08, 0x20, 0x08, 0x20, 0x10, 0x20, 0x10, 0x20, 0x10, 0x20,
    0x10, 0x20, 0x10, 0x20, 0x10, 0x20, 0x10, 0x20, 0x18, 0x20, 0x18, 0x20, 0x18, 0x20, 0x18, 0x20, 0x18, 0x40, 0x18,
    0x40, 0x18, 0x40, 0x18, 0x40, 0x18, 0x40, 0x20, 0x40, 0x20, 0x40, 0x20, 0x41, 0x20, 0x40, 0x20, 0x41, 0x20, 0x41,
    0x20, 0x41, 0x20, 0x41, 0x20, 0x41, 0x20, 0x41, 0x20, 0x41, 0x20, 0x41, 0x20, 0x41, 0x20, 0x41, 0x20, 0x41, 0x20,
    0x41, 0x20, 0x41, 0x20, 0x41, 0x20, 0x41, 0x20, 0x41, 0x20, 0x41, 0x20, 0x41, 0x20, 0x41, 0x20, 0x41, 0x20, 0x41,
    0x20, 0x41, 0x20, 0x41, 0x20, 0x41, 0x20, 0x41, 0x20, 0x41, 0x20, 0x41, 0x20, 0x41, 0x20, 0x41, 0x20, 0x41, 0x20,
    0x41, 0x20, 0x41, 0x20, 0x41, 0x20, 0x41, 0x20, 0x41, 0x20, 0x41, 0x20, 0x41, 0x20, 0x41, 0x20, 0x41, 0x20, 0x41,
    0x20, 0x41, 0x20, 0x41, 0x20, 0x41, 0x20, 0x41, 0x20, 0x41, 0x20, 0x41, 0x20, 0x41, 0x20, 0x41, 0x20, 0x41, 0x20,
    0x41, 0x20, 0x41, 0x20, 0x41, 0x20, 0x41, 0x20, 0x41, 0x20, 0x41, 0x20, 0x41, 0x20, 0x41, 0x20, 0x41, 0x20, 0x41,
    0x20, 0x41, 0x20, 0x41, 0x20, 0x41, 0x20, 0x41, 0x20, 0x41, 0x20, 0x40, 0x20, 0x41, 0x20, 0x40, 0x20, 0x40, 0x20,
    0x40, 0x20, 0x40, 0x18, 0x40, 0x18, 0x40, 0x18, 0x40, 0x18, 0x20, 0x18, 0x20, 0x18, 0x20, 0x18, 0x20, 0x18, 0x20,
    0x18, 0x20, 0x10, 0x20, 0x10, 0x20, 0x10, 0x20, 0x10, 0x20, 0x10, 0x20, 0x10, 0x20, 0x10, 0x20, 0x08, 0x20, 0x08,
    0x20, 0x08, 0x00, 0x08, 0x00, 0x08, 0x00, 0x08, 0x00, 0x08, 0x00, 0x08, 0x00, 0x08, 0x00, 0x00, 0x00, 0x00, 0x00,
    0x00, 0x00, 0x00, 0x00, 0x00, 0x00, 0x00, 0x00, 0x00, 0x00, 0x00, 0x00, 0x00, 0x00, 0x00, 0x00, 0x00, 0x00, 0x00,
    0x00, 0x00, 0x00, 0x00, 0x00, 0x00, 0x00, 0x00, 0x00, 0x00, 0x00, 0x00, 0x00, 0x00, 0x00, 0x00, 0x00, 0x00, 0x00,
    0x00, 0x00, 0x00, 0x00, 0x00, 0x00, 0x00, 0x00, 0x00, 0x00, 0x00, 0x00, 0x00, 0x00, 0x00, 0x00, 0x00, 0x00, 0x00,
    0x00, 0x00, 0x00, 0x00, 0x00, 0x00, 0x00, 0x00, 0x00, 0x00, 0x00, 0x00, 0x00, 0x00, 0x00, 0x00, 0x00, 0x00, 0x00,
    0x00, 0x00, 0x00, 0x00, 0x00, 0x00, 0x00, 0x00, 0x00, 0x00, 0x00, 0x00, 0x00, 0x00, 0x00, 0x00, 0x00, 0x00, 0x00,
    0x00, 0x00, 0x00, 0x00, 0x00, 0x00, 0x00, 0x00, 0x00, 0x00, 0x00, 0x00, 0x00, 0x00, 0x00, 0x00, 0x00, 0x00, 0x00,
    0x00, 0x00, 0x00, 0x00, 0x00, 0x00, 0x00, 0x00, 0x00, 0x00, 0x00, 0x00, 0x00, 0x00, 0x00, 0x00, 0x00, 0x00, 0x00,
    0x00, 0x00, 0x00, 0x00, 0x00, 0x00, 0x00, 0x00, 0x00, 0x00, 0x00, 0x00, 0x00, 0x08, 0x00, 0x08, 0x00, 0x08, 0x00,
    0x08, 0x00, 0x08, 0x20, 0x08, 0x20, 0x08, 0x20, 0x10, 0x20, 0x10, 0x20, 0x10, 0x20, 0x10, 0x20, 0x10, 0x20, 0x10,
    0x20, 0x10, 0x20, 0x18, 0x20, 0x18, 0x20, 0x18, 0x20, 0x18, 0x40, 0x18, 0x40, 0x18, 0x40, 0x18, 0x40, 0x20, 0x40,
    0x20, 0x40, 0x20, 0x41, 0x20, 0x41, 0x20, 0x41, 0x20, 0x41, 0x20, 0x41, 0x20, 0x41, 0x20, 0x41, 0x20, 0x41, 0x28,
    0x41, 0x28, 0x41, 0x28, 0x41, 0x28, 0x41, 0x28, 0x41, 0x28, 0x41, 0x28, 0x41, 0x28, 0x41, 0x28, 0x41, 0x28, 0x41,
    0x28, 0x41, 0x28, 0x41, 0x28, 0x41, 0x28, 0x41, 0x28, 0x41, 0x28, 0x41, 0x28, 0x41, 0x28, 0x41, 0x28, 0x41, 0x28,
    0x41, 0x28, 0x41, 0x28, 0x41, 0x28, 0x41, 0x28, 0x41, 0x28, 0x41, 0x28, 0x41, 0x28, 0x41, 0x28, 0x41, 0x28, 0x41,
    0x28, 0x41, 0x28, 0x41, 0x28, 0x41, 0x28, 0x41, 0x28, 0x41, 0x28, 0x41, 0x28, 0x41, 0x28, 0x41, 0x28, 0x41, 0x28,
    0x41, 0x28, 0x41, 0x28, 0x41, 0x28, 0x41, 0x28, 0x41, 0x28, 0x41, 0x28, 0x41, 0x28, 0x41, 0x28, 0x41, 0x28, 0x41,
    0x28, 0x41, 0x28, 0x41, 0x28, 0x41, 0x28, 0x41, 0x28, 0x41, 0x28, 0x41, 0x28, 0x41, 0x28, 0x41, 0x28, 0x41, 0x28,
    0x41, 0x28, 0x41, 0x28, 0x41, 0x28, 0x41, 0x28, 0x41, 0x28, 0x41, 0x28, 0x41, 0x20, 0x41, 0x20, 0x41, 0x20, 0x41,
    0x20, 0x41, 0x20, 0x41, 0x20, 0x41, 0x20, 0x40, 0x20, 0x40, 0x20, 0x40, 0x20, 0x40, 0x18, 0x40, 0x18, 0x40, 0x18,
    0x20, 0x18, 0x20, 0x18, 0x20, 0x18, 0x20, 0x18, 0x20, 0x10, 0x20, 0x10, 0x20, 0x10, 0x20, 0x10, 0x20, 0x10, 0x20,
    0x10, 0x20, 0x10, 0x20, 0x08, 0x20, 0x08, 0x00, 0x08, 0x00, 0x08, 0x00, 0x08, 0x00, 0x08, 0x00, 0x08, 0x00, 0x00,
    0x00, 0x00, 0x00, 0x00, 0x00, 0x00, 0x00, 0x00, 0x00, 0x00, 0x00, 0x00, 0x00, 0x00, 0x00, 0x00, 0x00, 0x00, 0x00,
    0x00, 0x00, 0x00, 0x00, 0x00, 0x00, 0x00, 0x00, 0x00, 0x00, 0x00, 0x00, 0x00, 0x00, 0x00, 0x00, 0x00, 0x00, 0x00,
    0x00, 0x00, 0x00, 0x00, 0x00, 0x00, 0x00, 0x00, 0x00, 0x00, 0x00, 0x00, 0x00, 0x00, 0x00, 0x00, 0x00, 0x00, 0x00,
    0x00, 0x00, 0x00, 0x00, 0x00, 0x00, 0x00, 0x00, 0x00, 0x00, 0x00, 0x00, 0x00, 0x00, 0x00, 0x00, 0x00, 0x00, 0x00,
    0x00, 0x00, 0x00, 0x00, 0x00, 0x00, 0x00, 0x00, 0x00, 0x00, 0x00, 0x00, 0x00, 0x00, 0x00, 0x00, 0x00, 0x00, 0x00,
    0x00, 0x00, 0x00, 0x00, 0x00, 0x00, 0x00, 0x00, 0x00, 0x00, 0x00, 0x00, 0x00, 0x00, 0x00, 0x00, 0x00, 0x00, 0x00,
    0x00, 0x00, 0x00, 0x00, 0x00, 0x00, 0x00, 0x00, 0x00, 0x00, 0x00, 0x00, 0x00, 0x00, 0x00, 0x00, 0x00, 0x00, 0x00,
    0x00, 0x00, 0x00, 0x00, 0x00, 0x00, 0x00, 0x00, 0x00, 0x00, 0x08, 0x00, 0x08, 0x00, 0x08, 0x00, 0x08, 0x00, 0x08,
    0x20, 0x08, 0x20, 0x08, 0x20, 0x10, 0x20, 0x10, 0x20, 0x10, 0x20, 0x10, 0x20, 0x10, 0x20, 0x10, 0x20, 0x18, 0x20,
    0x18, 0x20, 0x18, 0x20, 0x18, 0x20, 0x18, 0x40, 0x18, 0x40, 0x20, 0x40, 0x20, 0x41, 0x20, 0x41, 0x20, 0x41, 0x20,
    0x41, 0x20, 0x41, 0x20, 0x41, 0x28, 0x41, 0x28, 0x41, 0x28, 0x41, 0x28, 0x41, 0x28, 0x61, 0x28, 0x61, 0x28, 0x61,
    0x28, 0x61, 0x28, 0x61, 0x28, 0x61, 0x28, 0x61, 0x28, 0x61, 0x28, 0x61, 0x28, 0x61, 0x30, 0x61, 0x30, 0x61, 0x30,
    0x61, 0x30, 0x61, 0x30, 0x61, 0x30, 0x61, 0x30, 0x61, 0x30, 0x61, 0x30, 0x61, 0x30, 0x61, 0x30, 0x61, 0x30, 0x61,
    0x30, 0x61, 0x30, 0x61, 0x30, 0x61, 0x30, 0x61, 0x30, 0x61, 0x30, 0x61, 0x30, 0x61, 0x30, 0x61, 0x30, 0x61, 0x30,
    0x61, 0x30, 0x61, 0x30, 0x61, 0x30, 0x61, 0x30, 0x61, 0x30, 0x61, 0x30, 0x61, 0x30, 0x61, 0x30, 0x61, 0x30, 0x61,
    0x30, 0x61, 0x30, 0x61, 0x30, 0x61, 0x30, 0x61, 0x30, 0x61, 0x30, 0x61, 0x30, 0x61, 0x30, 0x61, 0x30, 0x61, 0x30,
    0x61, 0x30, 0x61, 0x30, 0x61, 0x30, 0x61, 0x30, 0x61, 0x30, 0x61, 0x30, 0x61, 0x30, 0x61, 0x30, 0x61, 0x30, 0x61,
    0x28, 0x61, 0x28, 0x61, 0x28, 0x61, 0x28, 0x61, 0x28, 0x61, 0x28, 0x61, 0x28, 0x61, 0x28, 0x61, 0x28, 0x41, 0x28,
    0x41, 0x28, 0x41, 0x28, 0x41, 0x28, 0x41, 0x28, 0x41, 0x20, 0x41, 0x20, 0x41, 0x20, 0x41, 0x20, 0x41, 0x20, 0x40,
    0x20, 0x40, 0x20, 0x40, 0x18, 0x20, 0x18, 0x20, 0x18, 0x20, 0x18, 0x20, 0x18, 0x20, 0x18, 0x20, 0x10, 0x20, 0x10,
    0x20, 0x10, 0x20, 0x10, 0x20, 0x10, 0x20, 0x10, 0x20, 0x08, 0x20, 0x08, 0x00, 0x08, 0x00, 0x08, 0x00, 0x08, 0x00,
    0x08, 0x00, 0x08, 0x00, 0x00, 0x00, 0x00, 0x00, 0x00, 0x00, 0x00, 0x00, 0x00, 0x00, 0x00, 0x00, 0x00, 0x00, 0x00,
    0x00, 0x00, 0x00, 0x00, 0x00, 0x00, 0x00, 0x00, 0x00, 0x00, 0x00, 0x00, 0x00, 0x00, 0x00, 0x00, 0x00, 0x00, 0x00,
    0x00, 0x00, 0x00, 0x00, 0x00, 0x00, 0x00, 0x00, 0x00, 0x00, 0x00, 0x00, 0x00, 0x00, 0x00, 0x00, 0x00, 0x00, 0x00,
    0x00, 0x00, 0x00, 0x00, 0x00, 0x00, 0x00, 0x00, 0x00, 0x00, 0x00, 0x00, 0x00, 0x00, 0x00, 0x00, 0x00, 0x00, 0x00,
    0x00, 0x00, 0x00, 0x00, 0x00, 0x00, 0x00, 0x00, 0x00, 0x00, 0x00, 0x00, 0x00, 0x00, 0x00, 0x00, 0x00, 0x00, 0x00,
    0x00, 0x00, 0x00, 0x00, 0x00, 0x00, 0x00, 0x00, 0x00, 0x00, 0x00, 0x00, 0x00, 0x00, 0x00, 0x00, 0x00, 0x00, 0x00,
    0x00, 0x00, 0x00, 0x00, 0x00, 0x00, 0x00, 0x00, 0x00, 0x00, 0x00, 0x00, 0x00, 0x00, 0x00, 0x00, 0x00, 0x00, 0x00,
    0x00, 0x00, 0x00, 0x00, 0x00, 0x00, 0x00, 0x08, 0x00, 0x08, 0x00, 0x08, 0x00, 0x08, 0x00, 0x08, 0x00, 0x08, 0x20,
    0x08, 0x20, 0x10, 0x20, 0x10, 0x20, 0x10, 0x20, 0x10, 0x20, 0x10, 0x20, 0x10, 0x20, 0x18, 0x20, 0x18, 0x20, 0x18,
    0x20, 0x18, 0x40, 0x18, 0x40, 0x20, 0x40, 0x20, 0x41, 0x20, 0x41, 0x20, 0x41, 0x20, 0x41, 0x20, 0x41, 0x28, 0x41,
    0x28, 0x41, 0x28, 0x41, 0x28, 0x61, 0x28, 0x61, 0x28, 0x61, 0x28, 0x61, 0x30, 0x61, 0x30, 0x61, 0x30, 0x61, 0x30,
    0x61, 0x30, 0x61, 0x30, 0x61, 0x30, 0x61, 0x30, 0x61, 0x30, 0x61, 0x30, 0x61, 0x30, 0x61, 0x30, 0x61, 0x30, 0x61,
    0x30, 0x61, 0x30, 0x61, 0x30, 0x61, 0x30, 0x61, 0x30, 0x61, 0x30, 0x61, 0x30, 0x61, 0x30, 0x61, 0x30, 0x61, 0x30,
    0x61, 0x30, 0x61, 0x30, 0x61, 0x30, 0x61, 0x30, 0x61, 0x30, 0x61, 0x30, 0x61, 0x30, 0x61, 0x30, 0x61, 0x30, 0x61,
    0x30, 0x61, 0x30, 0x61, 0x30, 0x61, 0x30, 0x61, 0x30, 0x61, 0x30, 0x61, 0x30, 0x61, 0x30, 0x61, 0x30, 0x61, 0x30,
    0x61, 0x30, 0x61, 0x30, 0x61, 0x30, 0x61, 0x30, 0x61, 0x30, 0x61, 0x30, 0x61, 0x30, 0x61, 0x30, 0x61, 0x30, 0x61,
    0x30, 0x61, 0x30, 0x61, 0x30, 0x61, 0x30, 0x61, 0x30, 0x61, 0x30, 0x61, 0x30, 0x61, 0x30, 0x61, 0x30, 0x61, 0x30,
    0x61, 0x30, 0x61, 0x30, 0x61, 0x30, 0x61, 0x30, 0x61, 0x30, 0x61, 0x30, 0x61, 0x30, 0x61, 0x30, 0x61, 0x30, 0x61,
    0x30, 0x61, 0x30, 0x61, 0x28, 0x61, 0x28, 0x61, 0x28, 0x41, 0x28, 0x41, 0x28, 0x41, 0x28, 0x41, 0x28, 0x41, 0x20,
    0x41, 0x20, 0x41, 0x20, 0x41, 0x20, 0x40, 0x20, 0x40, 0x20, 0x40, 0x18, 0x20, 0x18, 0x20, 0x18, 0x20, 0x18, 0x20,
    0x18, 0x20, 0x10, 0x20, 0x10, 0x20, 0x10, 0x20, 0x10, 0x20, 0x10, 0x20, 0x10, 0x20, 0x08, 0x00, 0x08, 0x00, 0x08,
    0x00, 0x08, 0x00, 0x08, 0x00, 0x08, 0x00, 0x08, 0x00, 0x00, 0x00, 0x00, 0x00, 0x00, 0x00, 0x00, 0x00, 0x00, 0x00,
    0x00, 0x00, 0x00, 0x00, 0x00, 0x00, 0x00, 0x00, 0x00, 0x00, 0x00, 0x00, 0x00, 0x00, 0x00, 0x00, 0x00, 0x00, 0x00,
    0x00, 0x00, 0x00, 0x00, 0x00, 0x00, 0x00, 0x00, 0x00, 0x00, 0x00, 0x00, 0x00, 0x00, 0x00, 0x00, 0x00, 0x00, 0x00,
    0x00, 0x00, 0x00, 0x00, 0x00, 0x00, 0x00, 0x00, 0x00, 0x00, 0x00, 0x00, 0x00, 0x00, 0x00, 0x00, 0x00, 0x00, 0x00,
    0x00, 0x00, 0x00, 0x00, 0x00, 0x00, 0x00, 0x00, 0x00, 0x00, 0x00, 0x00, 0x00, 0x00, 0x00, 0x00, 0x00, 0x00, 0x00,
    0x00, 0x00, 0x00, 0x00, 0x00, 0x00, 0x00, 0x00, 0x00, 0x00, 0x00, 0x00, 0x00, 0x00, 0x00, 0x00, 0x00, 0x00, 0x00,
    0x00, 0x00, 0x00, 0x00, 0x00, 0x00, 0x00, 0x00, 0x00, 0x00, 0x00, 0x00, 0x00, 0x00, 0x00, 0x00, 0x00, 0x00, 0x00,
    0x00, 0x00, 0x00, 0x00, 0x00, 0x00, 0x08, 0x00, 0x08, 0x00, 0x08, 0x00, 0x08, 0x00, 0x08, 0x20, 0x08, 0x20, 0x10,
    0x20, 0x10, 0x20, 0x10, 0x20, 0x10, 0x20, 0x10, 0x20, 0x10, 0x20, 0x18, 0x20, 0x18, 0x20, 0x18, 0x40, 0x18, 0x40,
    0x18, 0x40, 0x20, 0x41, 0x20, 0x41, 0x20, 0x41, 0x20, 0x41, 0x28, 0x41, 0x28, 0x41, 0x28, 0x61, 0x28, 0x61, 0x28,
    0x61, 0x28, 0x61, 0x30, 0x61, 0x30, 0x61, 0x30, 0x61, 0x30, 0x61, 0x30, 0x61, 0x30, 0x61, 0x30, 0x61, 0x30, 0x81,
    0x38, 0x81, 0x38, 0x81, 0x38, 0x81, 0x38, 0x81, 0x38, 0x81, 0x38, 0x81, 0x38, 0x81, 0x38, 0x81, 0x38, 0x81, 0x38,
    0x81, 0x38, 0x81, 0x38, 0x81, 0x38, 0x81, 0x38, 0x81, 0x38, 0x81, 0x38, 0x81, 0x38, 0x81, 0x38, 0x81, 0x38, 0x81,
    0x38, 0x81, 0x38, 0x81, 0x38, 0x81, 0x38, 0x81, 0x38, 0x81, 0x38, 0x81, 0x38, 0x81, 0x38, 0x81, 0x38, 0x81, 0x38,
    0x81, 0x38, 0x81, 0x38, 0x81, 0x38, 0x81, 0x38, 0x81, 0x38, 0x81, 0x38, 0x81, 0x38, 0x81, 0x38, 0x81, 0x38, 0x81,
    0x38, 0x81, 0x38, 0x81, 0x38, 0x81, 0x38, 0x81, 0x38, 0x81, 0x38, 0x81, 0x38, 0x81, 0x38, 0x81, 0x38, 0x81, 0x38,
    0x81, 0x38, 0x81, 0x38, 0x81, 0x38, 0x81, 0x38, 0x81, 0x38, 0x81, 0x38, 0x81, 0x38, 0x81, 0x38, 0x81, 0x38, 0x81,
    0x38, 0x81, 0x38, 0x81, 0x38, 0x81, 0x38, 0x81, 0x38, 0x81, 0x38, 0x81, 0x38, 0x81, 0x38, 0x81, 0x38, 0x61, 0x30,
    0x61, 0x30, 0x61, 0x30, 0x61, 0x30, 0x61, 0x30, 0x61, 0x30, 0x61, 0x30, 0x61, 0x30, 0x61, 0x28, 0x61, 0x28, 0x61,
    0x28, 0x41, 0x28, 0x41, 0x28, 0x41, 0x28, 0x41, 0x20, 0x41, 0x20, 0x41, 0x20, 0x40, 0x20, 0x40, 0x18, 0x40, 0x18,
    0x20, 0x18, 0x20, 0x18, 0x20, 0x18, 0x20, 0x10, 0x20, 0x10, 0x20, 0x10, 0x20, 0x10, 0x20, 0x10, 0x20, 0x10, 0x20,
    0x08, 0x00, 0x08, 0x00, 0x08, 0x00, 0x08, 0x00, 0x08, 0x00, 0x08, 0x00, 0x00, 0x00, 0x00, 0x00, 0x00, 0x00, 0x00,
    0x00, 0x00, 0x00, 0x00, 0x00, 0x00, 0x00, 0x00, 0x00, 0x00, 0x00, 0x00, 0x00, 0x00, 0x00, 0x00, 0x00, 0x00, 0x00,
    0x00, 0x00, 0x00, 0x00, 0x00, 0x00, 0x00, 0x00, 0x00, 0x00, 0x00, 0x00, 0x00, 0x00, 0x00, 0x00, 0x00, 0x00, 0x00,
    0x00, 0x00, 0x00, 0x00, 0x00, 0x00, 0x00, 0x00, 0x00, 0x00, 0x00, 0x00, 0x00, 0x00, 0x00, 0x00, 0x00, 0x00, 0x00,
    0x00, 0x00, 0x00, 0x00, 0x00, 0x00, 0x00, 0x00, 0x00, 0x00, 0x00, 0x00, 0x00, 0x00, 0x00, 0x00, 0x00, 0x00, 0x00,
    0x00, 0x00, 0x00, 0x00, 0x00, 0x00, 0x00, 0x00, 0x00, 0x00, 0x00, 0x00, 0x00, 0x00, 0x00, 0x00, 0x00, 0x00, 0x00,
    0x00, 0x00, 0x00, 0x00, 0x00, 0x00, 0x00, 0x00, 0x00, 0x00, 0x00, 0x00, 0x00, 0x00, 0x00, 0x00, 0x00, 0x00, 0x00,
    0x00, 0x00, 0x00, 0x00, 0x00, 0x08, 0x00, 0x08, 0x00, 0x08, 0x00, 0x08, 0x20, 0x08, 0x20, 0x08, 0x20, 0x10, 0x20,
    0x10, 0x20, 0x10, 0x20, 0x10, 0x20, 0x10, 0x20, 0x18, 0x20, 0x18, 0x20, 0x18, 0x40, 0x18, 0x40, 0x20, 0x40, 0x20,
    0x41, 0x20, 0x41, 0x20, 0x41, 0x28, 0x41, 0x28, 0x41, 0x28, 0x61, 0x28, 0x61, 0x28, 0x61, 0x30, 0x61, 0x30, 0x61,
    0x30, 0x61, 0x30, 0x61, 0x30, 0x61, 0x30, 0x81, 0x38, 0x81, 0x38, 0x81, 0x38, 0x81, 0x38, 0x81, 0x38, 0x81, 0x38,
    0x81, 0x38, 0x81, 0x38, 0x81, 0x40, 0x81, 0x40, 0x81, 0x40, 0x82, 0x40, 0x82, 0x40, 0x82, 0x40, 0x82, 0x40, 0x82,
    0x40, 0x82, 0x40, 0x82, 0x40, 0x82, 0x40, 0x82, 0x40, 0x82, 0x40, 0x82, 0x40, 0x82, 0x40, 0x82, 0x40, 0x82, 0x40,
    0x82, 0x40, 0x82, 0x40, 0x82, 0x40, 0x82, 0x40, 0x82, 0x40, 0x82, 0x40, 0x82, 0x40, 0x82, 0x40, 0x82, 0x40, 0x82,
    0x40, 0x82, 0x40, 0x82, 0x40, 0x82, 0x40, 0x82, 0x40, 0x82, 0x40, 0x82, 0x40, 0x82, 0x40, 0x82, 0x40, 0x82, 0x40,
    0x82, 0x40, 0x82, 0x40, 0x82, 0x40, 0x82, 0x40, 0x82, 0x40, 0x82, 0x40, 0x82, 0x40, 0x82, 0x40, 0x82, 0x40, 0x82,
    0x40, 0x82, 0x40, 0x82, 0x40, 0x82, 0x40, 0x82, 0x40, 0x82, 0x40, 0x82, 0x40, 0x82, 0x40, 0x82, 0x40, 0x82, 0x40,
    0x82, 0x40, 0x82, 0x40, 0x82, 0x40, 0x82, 0x40, 0x81, 0x40, 0x81, 0x40, 0x81, 0x40, 0x81, 0x38, 0x81, 0x38, 0x81,
    0x38, 0x81, 0x38, 0x81, 0x38, 0x81, 0x38, 0x81, 0x38, 0x81, 0x38, 0x61, 0x30, 0x61, 0x30, 0x61, 0x30, 0x61, 0x30,
    0x61, 0x30, 0x61, 0x30, 0x61, 0x28, 0x61, 0x28, 0x41, 0x28, 0x41, 0x28, 0x41, 0x28, 0x41, 0x20, 0x41, 0x20, 0x40,
    0x20, 0x40, 0x20, 0x40, 0x18, 0x20, 0x18, 0x20, 0x18, 0x20, 0x18, 0x20, 0x10, 0x20, 0x10, 0x20, 0x10, 0x20, 0x10,
    0x20, 0x10, 0x20, 0x08, 0x20, 0x08, 0x00, 0x08, 0x00, 0x08, 0x00, 0x08, 0x00, 0x08, 0x00, 0x00, 0x00, 0x00, 0x00,
    0x00, 0x00, 0x00, 0x00, 0x00, 0x00, 0x00, 0x00, 0x00, 0x00, 0x00, 0x00, 0x00, 0x00, 0x00, 0x00, 0x00, 0x00, 0x00,
    0x00, 0x00, 0x00, 0x00, 0x00, 0x00, 0x00, 0x00, 0x00, 0x00, 0x00, 0x00, 0x00, 0x00, 0x00, 0x00, 0x00, 0x00, 0x00,
    0x00, 0x00, 0x00, 0x00, 0x00, 0x00, 0x00, 0x00, 0x00, 0x00, 0x00, 0x00, 0x00, 0x00, 0x00, 0x00, 0x00, 0x00, 0x00,
    0x00, 0x00, 0x00, 0x00, 0x00, 0x00, 0x00, 0x00, 0x00, 0x00, 0x00, 0x00, 0x00, 0x00, 0x00, 0x00, 0x00, 0x00, 0x00,
    0x00, 0x00, 0x00, 0x00, 0x00, 0x00, 0x00, 0x00, 0x00, 0x00, 0x00, 0x00, 0x00, 0x00, 0x00, 0x00, 0x00, 0x00, 0x00,
    0x00, 0x00, 0x00, 0x00, 0x00, 0x00, 0x00, 0x00, 0x00, 0x00, 0x00, 0x00, 0x00, 0x00, 0x00, 0x00, 0x00, 0x00, 0x00,
    0x00, 0x00, 0x08, 0x00, 0x08, 0x00, 0x08, 0x00, 0x08, 0x00, 0x08, 0x20, 0x08, 0x20, 0x10, 0x20, 0x10, 0x20, 0x10,
    0x20, 0x10, 0x20, 0x10, 0x20, 0x18, 0x20, 0x18, 0x20, 0x18, 0x40, 0x18, 0x40, 0x20, 0x41, 0x20, 0x41, 0x20, 0x41,
    0x20, 0x41, 0x28, 0x41, 0x28, 0x61, 0x28, 0x61, 0x28, 0x61, 0x30, 0x61, 0x30, 0x61, 0x30, 0x61, 0x30, 0x61, 0x30,
    0x81, 0x38, 0x81, 0x38, 0x81, 0x38, 0x81, 0x38, 0x81, 0x38, 0x81, 0x40, 0x81, 0x40, 0x82, 0x40, 0x82, 0x40, 0x82,
    0x40, 0x82, 0x40, 0x82, 0x40, 0x82, 0x40, 0x82, 0x40, 0x82, 0x48, 0xA2, 0x48, 0xA2, 0x48, 0xA2, 0x48, 0xA2, 0x48,
    0xA2, 0x48, 0xA2, 0x48, 0xA2, 0x48, 0xA2, 0x48, 0xA2, 0x48, 0xA2, 0x48, 0xA2, 0x48, 0xA2, 0x48, 0xA2, 0x48, 0xA2,
    0x48, 0xA2, 0x48, 0xA2, 0x48, 0xA2, 0x48, 0xA2, 0x48, 0xA2, 0x48, 0xA2, 0x48, 0xA2, 0x48, 0xA2, 0x48, 0xA2, 0x48,
    0xA2, 0x48, 0xA2, 0x48, 0xA2, 0x48, 0xA2, 0x48, 0xA2, 0x48, 0xA2, 0x48, 0xA2, 0x48, 0xA2, 0x48, 0xA2, 0x48, 0xA2,
    0x48, 0xA2, 0x48, 0xA2, 0x48, 0xA2, 0x48, 0xA2, 0x48, 0xA2, 0x48, 0xA2, 0x48, 0xA2, 0x48, 0xA2, 0x48, 0xA2, 0x48,
    0xA2, 0x48, 0xA2, 0x48, 0xA2, 0x48, 0xA2, 0x48, 0xA2, 0x48, 0xA2, 0x48, 0xA2, 0x48, 0xA2, 0x48, 0xA2, 0x48, 0xA2,
    0x48, 0xA2, 0x48, 0xA2, 0x48, 0xA2, 0x48, 0xA2, 0x48, 0x82, 0x48, 0x82, 0x40, 0x82, 0x40, 0x82, 0x40, 0x82, 0x40,
    0x82, 0x40, 0x82, 0x40, 0x82, 0x40, 0x81, 0x40, 0x81, 0x40, 0x81, 0x38, 0x81, 0x38, 0x81, 0x38, 0x81, 0x38, 0x81,
    0x38, 0x61, 0x30, 0x61, 0x30, 0x61, 0x30, 0x61, 0x30, 0x61, 0x30, 0x61, 0x28, 0x61, 0x28, 0x41, 0x28, 0x41, 0x28,
    0x41, 0x20, 0x41, 0x20, 0x41, 0x20, 0x40, 0x20, 0x40, 0x18, 0x20, 0x18, 0x20, 0x18, 0x20, 0x18, 0x20, 0x10, 0x20,
    0x10, 0x20, 0x10, 0x20, 0x10, 0x20, 0x10, 0x20, 0x08, 0x00, 0x08, 0x00, 0x08, 0x00, 0x08, 0x00, 0x08, 0x00, 0x08,
    0x00, 0x00, 0x00, 0x00, 0x00, 0x00, 0x00, 0x00, 0x00, 0x00, 0x00, 0x00, 0x00, 0x00, 0x00, 0x00, 0x00, 0x00, 0x00,
    0x00, 0x00, 0x00, 0x00, 0x00, 0x00, 0x00, 0x00, 0x00, 0x00, 0x00, 0x00, 0x00, 0x00, 0x00, 0x00, 0x00, 0x00, 0x00,
    0x00, 0x00, 0x00, 0x00, 0x00, 0x00, 0x00, 0x00, 0x00, 0x00, 0x00, 0x00, 0x00, 0x00, 0x00, 0x00, 0x00, 0x00, 0x00,
    0x00, 0x00, 0x00, 0x00, 0x00, 0x00, 0x00, 0x00, 0x00, 0x00, 0x00, 0x00, 0x00, 0x00, 0x00, 0x00, 0x00, 0x00, 0x00,
    0x00, 0x00, 0x00, 0x00, 0x00, 0x00, 0x00, 0x00, 0x00, 0x00, 0x00, 0x00, 0x00, 0x00, 0x00, 0x00, 0x00, 0x00, 0x00,
    0x00, 0x00, 0x00, 0x00, 0x00, 0x00, 0x00, 0x00, 0x00, 0x00, 0x00, 0x00, 0x00, 0x00, 0x00, 0x00, 0x00, 0x00, 0x00,
    0x00, 0x08, 0x00, 0x08, 0x00, 0x08, 0x00, 0x08, 0x00, 0x08, 0x20, 0x08, 0x20, 0x10, 0x20, 0x10, 0x20, 0x10, 0x20,
    0x10, 0x20, 0x10, 0x20, 0x18, 0x20, 0x18, 0x40, 0x18, 0x40, 0x20, 0x41, 0x20, 0x41, 0x20, 0x41, 0x20, 0x41, 0x28,
    0x41, 0x28, 0x41, 0x28, 0x61, 0x28, 0x61, 0x30, 0x61, 0x30, 0x61, 0x30, 0x61, 0x38, 0x81, 0x38, 0x81, 0x38, 0x81,
    0x38, 0x81, 0x38, 0x81, 0x40, 0x82, 0x40, 0x82, 0x40, 0x82, 0x40, 0x82, 0x40, 0xA2, 0x48, 0xA2, 0x48, 0xA2, 0x48,
    0xA2, 0x48, 0xA2, 0x48, 0xA2, 0x48, 0xA2, 0x48, 0xA2, 0x48, 0xA2, 0x48, 0xA2, 0x48, 0xA2, 0x50, 0xA2, 0x50, 0xA2,
    0x50, 0xA2, 0x50, 0xA2, 0x50, 0xA2, 0x50, 0xA2, 0x50, 0xA2, 0x50, 0xA2, 0x50, 0xA2, 0x50, 0xA2, 0x50, 0xA2, 0x50,
    0xA2, 0x50, 0xA2, 0x50, 0xA2, 0x50, 0xA2, 0x50, 0xA2, 0x50, 0xA2, 0x50, 0xA2, 0x50, 0xA2, 0x50, 0xA2, 0x50, 0xA2,
    0x50, 0xA2, 0x50, 0xA2, 0x50, 0xA2, 0x50, 0xA2, 0x50, 0xA2, 0x50, 0xA2, 0x50, 0xA2, 0x50, 0xA2, 0x50, 0xA2, 0x50,
    0xA2, 0x50, 0xA2, 0x50, 0xA2, 0x50, 0xA2, 0x50, 0xA2, 0x50, 0xA2, 0x50, 0xA2, 0x50, 0xA2, 0x50, 0xA2, 0x50, 0xA2,
    0x50, 0xA2, 0x50, 0xA2, 0x50, 0xA2, 0x50, 0xA2, 0x50, 0xA2, 0x50, 0xA2, 0x50, 0xA2, 0x50, 0xA2, 0x50, 0xA2, 0x50,
    0xA2, 0x50, 0xA2, 0x50, 0xA2, 0x50, 0xA2, 0x50, 0xA2, 0x48, 0xA2, 0x48, 0xA2, 0x48, 0xA2, 0x48, 0xA2, 0x48, 0xA2,
    0x48, 0xA2, 0x48, 0xA2, 0x48, 0xA2, 0x48, 0xA2, 0x48, 0x82, 0x40, 0x82, 0x40, 0x82, 0x40, 0x82, 0x40, 0x81, 0x40,
    0x81, 0x38, 0x81, 0x38, 0x81, 0x38, 0x81, 0x38, 0x61, 0x38, 0x61, 0x30, 0x61, 0x30, 0x61, 0x30, 0x61, 0x28, 0x41,
    0x28, 0x41, 0x28, 0x41, 0x28, 0x41, 0x20, 0x41, 0x20, 0x41, 0x20, 0x40, 0x20, 0x40, 0x18, 0x20, 0x18, 0x20, 0x18,
    0x20, 0x10, 0x20, 0x10, 0x20, 0x10, 0x20, 0x10, 0x20, 0x10, 0x20, 0x08, 0x00, 0x08, 0x00, 0x08, 0x00, 0x08, 0x00,
    0x08, 0x00, 0x08, 0x00, 0x00, 0x00, 0x00, 0x00, 0x00, 0x00, 0x00, 0x00, 0x00, 0x00, 0x00, 0x00, 0x00, 0x00, 0x00,
    0x00, 0x00, 0x00, 0x00, 0x00, 0x00, 0x00, 0x00, 0x00, 0x00, 0x00, 0x00, 0x00, 0x00, 0x00, 0x00, 0x00, 0x00, 0x00,
    0x00, 0x00, 0x00, 0x00, 0x00, 0x00, 0x00, 0x00, 0x00, 0x00, 0x00, 0x00, 0x00, 0x00, 0x00, 0x00, 0x00, 0x00, 0x00,
    0x00, 0x00, 0x00, 0x00, 0x00, 0x00, 0x00, 0x00, 0x00, 0x00, 0x00, 0x00, 0x00, 0x00, 0x00, 0x00, 0x00, 0x00, 0x00,
    0x00, 0x00, 0x00, 0x00, 0x00, 0x00, 0x00, 0x00, 0x00, 0x00, 0x00, 0x00, 0x00, 0x00, 0x00, 0x00, 0x00, 0x00, 0x00,
    0x00, 0x00, 0x00, 0x00, 0x00, 0x00, 0x00, 0x00, 0x00, 0x00, 0x00, 0x00, 0x00, 0x00, 0x00, 0x00, 0x00, 0x00, 0x00,
    0x08, 0x00, 0x08, 0x00, 0x08, 0x00, 0x08, 0x00, 0x08, 0x20, 0x10, 0x20, 0x10, 0x20, 0x10, 0x20, 0x10, 0x20, 0x10,
    0x20, 0x18, 0x20, 0x18, 0x40, 0x18, 0x40, 0x18, 0x41, 0x20, 0x41, 0x20, 0x41, 0x20, 0x41, 0x28, 0x41, 0x28, 0x61,
    0x28, 0x61, 0x30, 0x61, 0x30, 0x61, 0x30, 0x61, 0x30, 0x81, 0x38, 0x81, 0x38, 0x81, 0x38, 0x81, 0x40, 0x82, 0x40,
    0x82, 0x40, 0x82, 0x40, 0x82, 0x40, 0xA2, 0x48, 0xA2, 0x48, 0xA2, 0x48, 0xA2, 0x48, 0xA2, 0x48, 0xA2, 0x50, 0xA2,
    0x50, 0xA2, 0x50, 0xA2, 0x50, 0xA2, 0x50, 0xA2, 0x50, 0xA2, 0x50, 0xA2, 0x50, 0xA2, 0x50, 0xC2, 0x58, 0xC2, 0x58,
    0xC2, 0x58, 0xC2, 0x58, 0xC2, 0x58, 0xC2, 0x58, 0xC2, 0x58, 0xC2, 0x58, 0xC2, 0x58, 0xC2, 0x58, 0xC2, 0x58, 0xC2,
    0x58, 0xC2, 0x58, 0xC2, 0x58, 0xC2, 0x58, 0xC2, 0x58, 0xC2, 0x58, 0xC2, 0x58, 0xC2, 0x58, 0xC2, 0x58, 0xC2, 0x58,
    0xC2, 0x58, 0xC2, 0x58, 0xC2, 0x58, 0xC2, 0x58, 0xC2, 0x58, 0xC2, 0x58, 0xC2, 0x58, 0xC2, 0x58, 0xC2, 0x58, 0xC2,
    0x58, 0xC2, 0x58, 0xC2, 0x58, 0xC2, 0x58, 0xC2, 0x58, 0xC2, 0x58, 0xC2, 0x58, 0xC2, 0x58, 0xC2, 0x58, 0xC2, 0x58,
    0xC2, 0x58, 0xC2, 0x58, 0xC2, 0x58, 0xC2, 0x58, 0xC2, 0x58, 0xC2, 0x58, 0xC2, 0x58, 0xC2, 0x58, 0xC2, 0x58, 0xC2,
    0x58, 0xC2, 0x58, 0xC2, 0x58, 0xC2, 0x58, 0xC2, 0x58, 0xA2, 0x50, 0xA2, 0x50, 0xA2, 0x50, 0xA2, 0x50, 0xA2, 0x50,
    0xA2, 0x50, 0xA2, 0x50, 0xA2, 0x50, 0xA2, 0x50, 0xA2, 0x48, 0xA2, 0x48, 0xA2, 0x48, 0xA2, 0x48, 0xA2, 0x48, 0x82,
    0x40, 0x82, 0x40, 0x82, 0x40, 0x82, 0x40, 0x81, 0x40, 0x81, 0x38, 0x81, 0x38, 0x81, 0x38, 0x61, 0x30, 0x61, 0x30,
    0x61, 0x30, 0x61, 0x30, 0x61, 0x28, 0x41, 0x28, 0x41, 0x28, 0x41, 0x20, 0x41, 0x20, 0x41, 0x20, 0x40, 0x18, 0x40,
    0x18, 0x20, 0x18, 0x20, 0x18, 0x20, 0x10, 0x20, 0x10, 0x20, 0x10, 0x20, 0x10, 0x20, 0x10, 0x00, 0x08, 0x00, 0x08,
    0x00, 0x08, 0x00, 0x08, 0x00, 0x08, 0x00, 0x00, 0x00, 0x00, 0x00, 0x00, 0x00, 0x00, 0x00, 0x00, 0x00, 0x00, 0x00,
    0x00, 0x00, 0x00, 0x00, 0x00, 0x00, 0x00, 0x00, 0x00, 0x00, 0x00, 0x00, 0x00, 0x00, 0x00, 0x00, 0x00, 0x00, 0x00,
    0x00, 0x00, 0x00, 0x00, 0x00, 0x00, 0x00, 0x00, 0x00, 0x00, 0x00, 0x00, 0x00, 0x00, 0x00, 0x00, 0x00, 0x00, 0x00,
    0x00, 0x00, 0x00, 0x00, 0x00, 0x00, 0x00, 0x00, 0x00, 0x00, 0x00, 0x00, 0x00, 0x00, 0x00, 0x00, 0x00, 0x00, 0x00,
    0x00, 0x00, 0x00, 0x00, 0x00, 0x00, 0x00, 0x00, 0x00, 0x00, 0x00, 0x00, 0x00, 0x00, 0x00, 0x00, 0x00, 0x00, 0x00,
    0x00, 0x00, 0x00, 0x00, 0x00, 0x00, 0x00, 0x00, 0x00, 0x00, 0x00, 0x00, 0x00, 0x00, 0x00, 0x00, 0x00, 0x00, 0x08,
    0x00, 0x08, 0x00, 0x08, 0x00, 0x08, 0x00, 0x08, 0x20, 0x10, 0x20, 0x10, 0x20, 0x10, 0x20, 0x10, 0x20, 0x10, 0x20,
    0x18, 0x20, 0x18, 0x40, 0x18, 0x40, 0x20, 0x41, 0x20, 0x41, 0x20, 0x41, 0x28, 0x41, 0x28, 0x61, 0x28, 0x61, 0x30,
    0x61, 0x30, 0x61, 0x30, 0x61, 0x38, 0x81, 0x38, 0x81, 0x38, 0x81, 0x38, 0x81, 0x40, 0x82, 0x40, 0x82, 0x40, 0xA2,
    0x48, 0xA2, 0x48, 0xA2, 0x48, 0xA2, 0x48, 0xA2, 0x50, 0xA2, 0x50, 0xA2, 0x50, 0xC2, 0x50, 0xC2, 0x58, 0xC2, 0x58,
    0xC2, 0x58, 0xA2, 0x58, 0xA2, 0x58, 0xA2, 0x58, 0xC2, 0x58, 0xC2, 0x58, 0xC2, 0x58, 0xC2, 0x58, 0xC2, 0x58, 0xC2,
    0x58, 0xC2, 0x58, 0xC2, 0x58, 0xC2, 0x58, 0xC2, 0x58, 0xC2, 0x58, 0xC2, 0x58, 0xC2, 0x58, 0xC2, 0x58, 0xC2, 0x58,
    0xC2, 0x58, 0xC2, 0x58, 0xC2, 0x58, 0xC2, 0x58, 0xC2, 0x58, 0xC2, 0x58, 0xC2, 0x58, 0xC2, 0x58, 0xC2, 0x58, 0xC2,
    0x58, 0xC2, 0x58, 0xC2, 0x58, 0xC2, 0x58, 0xC2, 0x58, 0xC2, 0x58, 0xC2, 0x58, 0xC2, 0x58, 0xC2, 0x58, 0xC2, 0x58,
    0xC2, 0x58, 0xC2, 0x58, 0xC2, 0x58, 0xC2, 0x58, 0xC2, 0x58, 0xC2, 0x58, 0xC2, 0x58, 0xC2, 0x58, 0xC2, 0x58, 0xC2,
    0x58, 0xC2, 0x58, 0xC2, 0x58, 0xC2, 0x58, 0xC2, 0x58, 0xC2, 0x58, 0xC2, 0x58, 0xC2, 0x58, 0xC2, 0x58, 0xC2, 0x58,
    0xC2, 0x58, 0xC2, 0x58, 0xC2, 0x58, 0xC2, 0x58, 0xC2, 0x58, 0xC2, 0x58, 0xC2, 0x58, 0xC2, 0x58, 0xC2, 0x58, 0xA2,
    0x58, 0xA2, 0x58, 0xA2, 0x58, 0xC2, 0x58, 0xC2, 0x58, 0xC2, 0x58, 0xC2, 0x50, 0xA2, 0x50, 0xA2, 0x50, 0xA2, 0x50,
    0xA2, 0x48, 0xA2, 0x48, 0xA2, 0x48, 0xA2, 0x48, 0x82, 0x40, 0x82, 0x40, 0x81, 0x40, 0x81, 0x38, 0x81, 0x38, 0x81,
    0x38, 0x61, 0x38, 0x61, 0x30, 0x61, 0x30, 0x61, 0x30, 0x61, 0x28, 0x41, 0x28, 0x41, 0x28, 0x41, 0x20, 0x41, 0x20,
    0x40, 0x20, 0x40, 0x18, 0x20, 0x18, 0x20, 0x18, 0x20, 0x10, 0x20, 0x10, 0x20, 0x10, 0x20, 0x10, 0x20, 0x10, 0x00,
    0x08, 0x00, 0x08, 0x00, 0x08, 0x00, 0x08, 0x00, 0x08, 0x00, 0x00, 0x00, 0x00, 0x00, 0x00, 0x00, 0x00, 0x00, 0x00,
    0x00, 0x00, 0x00, 0x00, 0x00, 0x00, 0x00, 0x00, 0x00, 0x00, 0x00, 0x00, 0x00, 0x00, 0x00, 0x00, 0x00, 0x00, 0x00,
    0x00, 0x00, 0x00, 0x00, 0x00, 0x00, 0x00, 0x00, 0x00, 0x00, 0x00, 0x00, 0x00, 0x00, 0x00, 0x00, 0x00, 0x00, 0x00,
    0x00, 0x00, 0x00, 0x00, 0x00, 0x00, 0x00, 0x00, 0x00, 0x00, 0x00, 0x00, 0x00, 0x00, 0x00, 0x00, 0x00, 0x00, 0x00,
    0x00, 0x00, 0x00, 0x00, 0x00, 0x00, 0x00, 0x00, 0x00, 0x00, 0x00, 0x00, 0x00, 0x00, 0x00, 0x00, 0x00, 0x00, 0x00,
    0x00, 0x00, 0x00, 0x00, 0x00, 0x00, 0x00, 0x00, 0x00, 0x00, 0x00, 0x00, 0x00, 0x00, 0x00, 0x00, 0x00, 0x08, 0x00,
    0x08, 0x00, 0x08, 0x00, 0x08, 0x20, 0x08, 0x20, 0x10, 0x20, 0x10, 0x20, 0x10, 0x20, 0x10, 0x20, 0x18, 0x20, 0x18,
    0x20, 0x18, 0x40, 0x18, 0x41, 0x20, 0x41, 0x20, 0x41, 0x20, 0x41, 0x28, 0x61, 0x28, 0x61, 0x28, 0x61, 0x30, 0x61,
    0x30, 0x61, 0x38, 0x81, 0x38, 0x81, 0x38, 0x81, 0x40, 0x82, 0x40, 0x82, 0x40, 0xA2, 0x48, 0xA2, 0x48, 0xA2, 0x48,
    0xA2, 0x48, 0xA2, 0x50, 0xA2, 0x50, 0xC2, 0x50, 0xA2, 0x50, 0xA2, 0x50, 0xA2, 0x50, 0x82, 0x50, 0xA2, 0x50, 0xA2,
    0x58, 0xA2, 0x58, 0xE3, 0x60, 0x03, 0x69, 0x03, 0x69, 0x03, 0x69, 0x03, 0x69, 0x03, 0x69, 0x03, 0x69, 0x03, 0x69,
    0x03, 0x71, 0x03, 0x71, 0x03, 0x71, 0x03, 0x71, 0x03, 0x71, 0x03, 0x71, 0x03, 0x71, 0x03, 0x71, 0x03, 0x71, 0x03,
    0x71, 0x03, 0x71, 0x03, 0x71, 0x03, 0x71, 0x03, 0x71, 0x03, 0x71, 0x03, 0x71, 0x03, 0x71, 0x03, 0x71, 0x03, 0x71,
    0x03, 0x71, 0x03, 0x71, 0x03, 0x71, 0x03, 0x71, 0x03, 0x71, 0x03, 0x71, 0x03, 0x71, 0x03, 0x71, 0x03, 0x71, 0x03,
    0x71, 0x03, 0x71, 0x03, 0x71, 0x03, 0x71, 0x03, 0x71, 0x03, 0x71, 0x03, 0x71, 0x03, 0x71, 0x03, 0x71, 0x03, 0x71,
    0x03, 0x71, 0x03, 0x71, 0x03, 0x71, 0x03, 0x71, 0x03, 0x71, 0x03, 0x71, 0x03, 0x71, 0x03, 0x71, 0x03, 0x71, 0x03,
    0x71, 0x03, 0x71, 0x03, 0x71, 0x03, 0x71, 0x03, 0x71, 0x03, 0x69, 0x03, 0x69, 0x03, 0x69, 0x03, 0x69, 0x03, 0x69,
    0x03, 0x69, 0x03, 0x69, 0xE3, 0x60, 0xA2, 0x58, 0xA2, 0x58, 0xA2, 0x50, 0x82, 0x50, 0xA2, 0x50, 0xA2, 0x50, 0xA2,
    0x50, 0xC2, 0x50, 0xA2, 0x50, 0xA2, 0x50, 0xA2, 0x48, 0xA2, 0x48, 0xA2, 0x48, 0xA2, 0x48, 0x82, 0x40, 0x82, 0x40,
    0x81, 0x40, 0x81, 0x38, 0x81, 0x38, 0x61, 0x38, 0x61, 0x30, 0x61, 0x30, 0x61, 0x28, 0x61, 0x28, 0x41, 0x28, 0x41,
    0x20, 0x41, 0x20, 0x41, 0x20, 0x40, 0x18, 0x20, 0x18, 0x20, 0x18, 0x20, 0x18, 0x20, 0x10, 0x20, 0x10, 0x20, 0x10,
    0x20, 0x10, 0x20, 0x08, 0x00, 0x08, 0x00, 0x08, 0x00, 0x08, 0x00, 0x08, 0x00, 0x00, 0x00, 0x00, 0x00, 0x00, 0x00,
    0x00, 0x00, 0x00, 0x00, 0x00, 0x00, 0x00, 0x00, 0x00, 0x00, 0x00, 0x00, 0x00, 0x00, 0x00, 0x00, 0x00, 0x00, 0x00,
    0x00, 0x00, 0x00, 0x00, 0x00, 0x00, 0x00, 0x00, 0x00, 0x00, 0x00, 0x00, 0x00, 0x00, 0x00, 0x00, 0x00, 0x00, 0x00,
    0x00, 0x00, 0x00, 0x00, 0x00, 0x00, 0x00, 0x00, 0x00, 0x00, 0x00, 0x00, 0x00, 0x00, 0x00, 0x00, 0x00, 0x00, 0x00,
    0x00, 0x00, 0x00, 0x00, 0x00, 0x00, 0x00, 0x00, 0x00, 0x00, 0x00, 0x00, 0x00, 0x00, 0x00, 0x00, 0x00, 0x00, 0x00,
    0x00, 0x00, 0x00, 0x00, 0x00, 0x00, 0x00, 0x00, 0x00, 0x00, 0x00, 0x00, 0x00, 0x00, 0x00, 0x00, 0x08, 0x00, 0x08,
    0x00, 0x08, 0x00, 0x08, 0x20, 0x08, 0x20, 0x10, 0x20, 0x10, 0x20, 0x10, 0x20, 0x10, 0x20, 0x18, 0x20, 0x18, 0x40,
    0x18, 0x40, 0x20, 0x41, 0x20, 0x41, 0x20, 0x41, 0x28, 0x41, 0x28, 0x61, 0x28, 0x61, 0x30, 0x61, 0x30, 0x61, 0x30,
    0x81, 0x38, 0x81, 0x38, 0x81, 0x40, 0x82, 0x40, 0x82, 0x40, 0xA2, 0x48, 0xA2, 0x48, 0xA2, 0x48, 0xA2, 0x50, 0xA2,
    0x50, 0xC2, 0x50, 0xA2, 0x50, 0x82, 0x50, 0xA2, 0x50, 0xC2, 0x58, 0x03, 0x71, 0x84, 0x89, 0xE5, 0xA9, 0x26, 0xBA,
    0xA7, 0xD2, 0x87, 0xD2, 0xE8, 0xEA, 0x08, 0xF3, 0x08, 0xF3, 0x08, 0xF3, 0x08, 0xF3, 0x08, 0xF3, 0x08, 0xF3, 0x08,
    0xF3, 0x08, 0xF3, 0x08, 0xF3, 0x08, 0xF3, 0x08, 0xF3, 0x08, 0xF3, 0x08, 0xF3, 0x08, 0xF3, 0x08, 0xF3, 0x08, 0xF3,
    0x08, 0xF3, 0x08, 0xF3, 0x08, 0xF3, 0x08, 0xF3, 0x08, 0xF3, 0x08, 0xF3, 0x08, 0xF3, 0x08, 0xF3, 0x08, 0xF3, 0x08,
    0xF3, 0x08, 0xF3, 0x08, 0xF3, 0x08, 0xF3, 0x08, 0xF3, 0x08, 0xF3, 0x08, 0xF3, 0x08, 0xF3, 0x08, 0xF3, 0x08, 0xF3,
    0x08, 0xF3, 0x08, 0xF3, 0x08, 0xF3, 0x08, 0xF3, 0x08, 0xF3, 0x08, 0xF3, 0x08, 0xF3, 0x08, 0xF3, 0x08, 0xF3, 0x08,
    0xF3, 0x08, 0xF3, 0x08, 0xF3, 0x08, 0xF3, 0x08, 0xF3, 0x08, 0xF3, 0x08, 0xF3, 0x08, 0xF3, 0x08, 0xF3, 0x08, 0xF3,
    0x08, 0xF3, 0x08, 0xF3, 0x08, 0xF3, 0x08, 0xF3, 0x08, 0xF3, 0x08, 0xF3, 0x08, 0xF3, 0x08, 0xF3, 0x08, 0xF3, 0x08,
    0xF3, 0x08, 0xF3, 0x08, 0xF3, 0xE8, 0xEA, 0x87, 0xD2, 0xA7, 0xD2, 0x26, 0xBA, 0xE5, 0xA9, 0x84, 0x89, 0x03, 0x71,
    0xC2, 0x58, 0xA2, 0x50, 0x82, 0x50, 0xA2, 0x50, 0xC2, 0x50, 0xA2, 0x50, 0xA2, 0x50, 0xA2, 0x48, 0xA2, 0x48, 0xA2,
    0x48, 0x82, 0x40, 0x82, 0x40, 0x81, 0x40, 0x81, 0x38, 0x81, 0x38, 0x61, 0x30, 0x61, 0x30, 0x61, 0x30, 0x61, 0x28,
    0x41, 0x28, 0x41, 0x28, 0x41, 0x20, 0x41, 0x20, 0x40, 0x20, 0x40, 0x18, 0x20, 0x18, 0x20, 0x18, 0x20, 0x10, 0x20,
    0x10, 0x20, 0x10, 0x20, 0x10, 0x20, 0x08, 0x00, 0x08, 0x00, 0x08, 0x00, 0x08, 0x00, 0x08, 0x00, 0x00, 0x00, 0x00,
    0x00, 0x00, 0x00, 0x00, 0x00, 0x00, 0x00, 0x00, 0x00, 0x00, 0x00, 0x00, 0x00, 0x00, 0x00, 0x00, 0x00, 0x00, 0x00,
    0x00, 0x00, 0x00, 0x00, 0x00, 0x00, 0x00, 0x00, 0x00, 0x00, 0x00, 0x00, 0x00, 0x00, 0x00, 0x00, 0x00, 0x00, 0x00,
    0x00, 0x00, 0x00, 0x00, 0x00, 0x00, 0x00, 0x00, 0x00, 0x00, 0x00, 0x00, 0x00, 0x00, 0x00, 0x00, 0x00, 0x00, 0x00,
    0x00, 0x00, 0x00, 0x00, 0x00, 0x00, 0x00, 0x00, 0x00, 0x00, 0x00, 0x00, 0x00, 0x00, 0x00, 0x00, 0x00, 0x00, 0x00,
    0x00, 0x00, 0x00, 0x00, 0x00, 0x00, 0x00, 0x00, 0x00, 0x00, 0x00, 0x00, 0x00, 0x00, 0x00, 0x08, 0x00, 0x08, 0x00,
    0x08, 0x00, 0x08, 0x20, 0x08, 0x20, 0x10, 0x20, 0x10, 0x20, 0x10, 0x20, 0x10, 0x20, 0x18, 0x20, 0x18, 0x40, 0x18,
    0x41, 0x20, 0x41, 0x20, 0x41, 0x20, 0x41, 0x28, 0x61, 0x28, 0x61, 0x30, 0x61, 0x30, 0x61, 0x30, 0x81, 0x38, 0x81,
    0x38, 0x81, 0x40, 0x82, 0x40, 0x82, 0x40, 0xA2, 0x48, 0xA2, 0x48, 0xA2, 0x48, 0xA2, 0x50, 0xC2, 0x50, 0xA2, 0x50,
    0xA2, 0x50, 0xA2, 0x50, 0x03, 0x69, 0xA5, 0x99, 0x46, 0xC2, 0xE8, 0xE2, 0x28, 0xFB, 0x49, 0xFB, 0x69, 0xFB, 0x69,
    0xFB, 0x49, 0xFB, 0x49, 0xFB, 0x49, 0xFB, 0x49, 0xFB, 0x49, 0xFB, 0x49, 0xFB, 0x49, 0xFB, 0x49, 0xFB, 0x49, 0xFB,
    0x49, 0xFB, 0x49, 0xFB, 0x49, 0xFB, 0x49, 0xFB, 0x49, 0xFB, 0x49, 0xFB, 0x49, 0xFB, 0x49, 0xFB, 0x49, 0xFB, 0x49,
    0xFB, 0x49, 0xFB, 0x49, 0xFB, 0x49, 0xFB, 0x49, 0xFB, 0x49, 0xFB, 0x49, 0xFB, 0x49, 0xFB, 0x49, 0xFB, 0x49, 0xFB,
    0x49, 0xFB, 0x49, 0xFB, 0x49, 0xFB, 0x49, 0xFB, 0x49, 0xFB, 0x49, 0xFB, 0x49, 0xFB, 0x49, 0xFB, 0x49, 0xFB, 0x49,
    0xFB, 0x49, 0xFB, 0x49, 0xFB, 0x49, 0xFB, 0x49, 0xFB, 0x49, 0xFB, 0x49, 0xFB, 0x49, 0xFB, 0x49, 0xFB, 0x49, 0xFB,
    0x49, 0xFB, 0x49, 0xFB, 0x49, 0xFB, 0x49, 0xFB, 0x49, 0xFB, 0x49, 0xFB, 0x49, 0xFB, 0x49, 0xFB, 0x49, 0xFB, 0x49,
    0xFB, 0x49, 0xFB, 0x49, 0xFB, 0x49, 0xFB, 0x49, 0xFB, 0x49, 0xFB, 0x49, 0xFB, 0x49, 0xFB, 0x49, 0xFB, 0x49, 0xFB,
    0x49, 0xFB, 0x49, 0xFB, 0x49, 0xFB, 0x49, 0xFB, 0x49, 0xFB, 0x49, 0xFB, 0x69, 0xFB, 0x69, 0xFB, 0x49, 0xFB, 0x28,
    0xFB, 0xE8, 0xE2, 0x46, 0xC2, 0xA5, 0x99, 0x03, 0x69, 0xA2, 0x50, 0xA2, 0x50, 0xA2, 0x50, 0xC2, 0x50, 0xA2, 0x50,
    0xA2, 0x48, 0xA2, 0x48, 0xA2, 0x48, 0x82, 0x40, 0x82, 0x40, 0x81, 0x40, 0x81, 0x38, 0x81, 0x38, 0x61, 0x30, 0x61,
    0x30, 0x61, 0x30, 0x61, 0x28, 0x41, 0x28, 0x41, 0x20, 0x41, 0x20, 0x41, 0x20, 0x40, 0x18, 0x20, 0x18, 0x20, 0x18,
    0x20, 0x10, 0x20, 0x10, 0x20, 0x10, 0x20, 0x10, 0x20, 0x08, 0x00, 0x08, 0x00, 0x08, 0x00, 0x08, 0x00, 0x08, 0x00,
    0x00, 0x00, 0x00, 0x00, 0x00, 0x00, 0x00, 0x00, 0x00, 0x00, 0x00, 0x00, 0x00, 0x00, 0x00, 0x00, 0x00, 0x00, 0x00,
    0x00, 0x00, 0x00, 0x00, 0x00, 0x00, 0x00, 0x00, 0x00, 0x00, 0x00, 0x00, 0x00, 0x00, 0x00, 0x00, 0x00, 0x00, 0x00,
    0x00, 0x00, 0x00, 0x00, 0x00, 0x00, 0x00, 0x00, 0x00, 0x00, 0x00, 0x00, 0x00, 0x00, 0x00, 0x00, 0x00, 0x00, 0x00,
    0x00, 0x00, 0x00, 0x00, 0x00, 0x00, 0x00, 0x00, 0x00, 0x00, 0x00, 0x00, 0x00, 0x00, 0x00, 0x00, 0x00, 0x00, 0x00,
    0x00, 0x00, 0x00, 0x00, 0x00, 0x00, 0x00, 0x00, 0x00, 0x00, 0x00, 0x00, 0x00, 0x00, 0x08, 0x00, 0x08, 0x00, 0x08,
    0x00, 0x08, 0x20, 0x08, 0x20, 0x10, 0x20, 0x10, 0x20, 0x10, 0x20, 0x10, 0x20, 0x18, 0x20, 0x18, 0x40, 0x18, 0x40,
    0x20, 0x41, 0x20, 0x41, 0x28, 0x41, 0x28, 0x61, 0x28, 0x61, 0x30, 0x61, 0x30, 0x81, 0x38, 0x81, 0x38, 0x81, 0x38,
    0x82, 0x40, 0x82, 0x40, 0xA2, 0x48, 0xA2, 0x48, 0xA2, 0x50, 0xA2, 0x50, 0xA2, 0x50, 0xA2, 0x50, 0xA2, 0x50, 0x03,
    0x69, 0xC5, 0x99, 0x87, 0xD2, 0x08, 0xF3, 0x69, 0xFB, 0x69, 0xFB, 0x49, 0xFB, 0x28, 0xFB, 0x28, 0xFB, 0x28, 0xFB,
    0x28, 0xFB, 0x28, 0xFB, 0x28, 0xFB, 0x28, 0xFB, 0x28, 0xFB, 0x28, 0xFB, 0x28, 0xFB, 0x28, 0xFB, 0x28, 0xFB, 0x28,
    0xFB, 0x28, 0xFB, 0x28, 0xFB, 0x28, 0xFB, 0x28, 0xFB, 0x28, 0xFB, 0x28, 0xFB, 0x28, 0xFB, 0x28, 0xFB, 0x28, 0xFB,
    0x28, 0xFB, 0x28, 0xFB, 0x28, 0xFB, 0x28, 0xFB, 0x28, 0xFB, 0x28, 0xFB, 0x28, 0xFB, 0x28, 0xFB, 0x28, 0xFB, 0x28,
    0xFB, 0x28, 0xFB, 0x28, 0xFB, 0x28, 0xFB, 0x28, 0xFB, 0x28, 0xFB, 0x28, 0xFB, 0x28, 0xFB, 0x28, 0xFB, 0x28, 0xFB,
    0x28, 0xFB, 0x28, 0xFB, 0x28, 0xFB, 0x28, 0xFB, 0x28, 0xFB, 0x28, 0xFB, 0x28, 0xFB, 0x28, 0xFB, 0x28, 0xFB, 0x28,
    0xFB, 0x28, 0xFB, 0x28, 0xFB, 0x28, 0xFB, 0x28, 0xFB, 0x28, 0xFB, 0x28, 0xFB, 0x28, 0xFB, 0x28, 0xFB, 0x28, 0xFB,
    0x28, 0xFB, 0x28, 0xFB, 0x28, 0xFB, 0x28, 0xFB, 0x28, 0xFB, 0x28, 0xFB, 0x28, 0xFB, 0x28, 0xFB, 0x28, 0xFB, 0x28,
    0xFB, 0x28, 0xFB, 0x28, 0xFB, 0x28, 0xFB, 0x28, 0xFB, 0x28, 0xFB, 0x28, 0xFB, 0x28, 0xFB, 0x28, 0xFB, 0x28, 0xFB,
    0x28, 0xFB, 0x49, 0xFB, 0x69, 0xFB, 0x69, 0xFB, 0x08, 0xF3, 0x87, 0xD2, 0xC5, 0x99, 0x03, 0x69, 0xA2, 0x50, 0xA2,
    0x50, 0xA2, 0x50, 0xA2, 0x50, 0xA2, 0x50, 0xA2, 0x48, 0xA2, 0x48, 0x82, 0x40, 0x82, 0x40, 0x81, 0x38, 0x81, 0x38,
    0x81, 0x38, 0x61, 0x30, 0x61, 0x30, 0x61, 0x28, 0x41, 0x28, 0x41, 0x28, 0x41, 0x20, 0x40, 0x20, 0x40, 0x18, 0x20,
    0x18, 0x20, 0x18, 0x20, 0x10, 0x20, 0x10, 0x20, 0x10, 0x20, 0x10, 0x20, 0x08, 0x00, 0x08, 0x00, 0x08, 0x00, 0x08,
    0x00, 0x08, 0x00, 0x00, 0x00, 0x00, 0x00, 0x00, 0x00, 0x00, 0x00, 0x00, 0x00, 0x00, 0x00, 0x00, 0x00, 0x00, 0x00,
    0x00, 0x00, 0x00, 0x00, 0x00, 0x00, 0x00, 0x00, 0x00, 0x00, 0x00, 0x00, 0x00, 0x00, 0x00, 0x00, 0x00, 0x00, 0x00,
    0x00, 0x00, 0x00, 0x00, 0x00, 0x00, 0x00, 0x00, 0x00, 0x00, 0x00, 0x00, 0x00, 0x00, 0x00, 0x00, 0x00, 0x00, 0x00,
    0x00, 0x00, 0x00, 0x00, 0x00, 0x00, 0x00, 0x00, 0x00, 0x00, 0x00, 0x00, 0x00, 0x00, 0x00, 0x00, 0x00, 0x00, 0x00,
    0x00, 0x00, 0x00, 0x00, 0x00, 0x00, 0x00, 0x00, 0x00, 0x00, 0x00, 0x00, 0x00, 0x08, 0x00, 0x08, 0x00, 0x08, 0x00,
    0x08, 0x20, 0x08, 0x20, 0x10, 0x20, 0x10, 0x20, 0x10, 0x20, 0x10, 0x20, 0x18, 0x40, 0x18, 0x40, 0x18, 0x41, 0x20,
    0x41, 0x20, 0x41, 0x28, 0x41, 0x28, 0x61, 0x28, 0x61, 0x30, 0x61, 0x30, 0x81, 0x38, 0x81, 0x38, 0x81, 0x40, 0x82,
    0x40, 0xA2, 0x48, 0xA2, 0x48, 0xA2, 0x48, 0xA2, 0x50, 0xC2, 0x50, 0xA2, 0x50, 0xA2, 0x50, 0x64, 0x81, 0x46, 0xC2,
    0x08, 0xF3, 0x49, 0xFB, 0x49, 0xFB, 0x29, 0xFB, 0x28, 0xFB, 0x28, 0xFB, 0x28, 0xFB, 0x28, 0xFB, 0x28, 0xFB, 0x28,
    0xFB, 0x28, 0xFB, 0x28, 0xFB, 0x28, 0xFB, 0x28, 0xFB, 0x28, 0xFB, 0x28, 0xFB, 0x28, 0xFB, 0x28, 0xFB, 0x28, 0xFB,
    0x28, 0xFB, 0x28, 0xFB, 0x28, 0xFB, 0x28, 0xFB, 0x28, 0xFB, 0x28, 0xFB, 0x28, 0xFB, 0x28, 0xFB, 0x28, 0xFB, 0x28,
    0xFB, 0x28, 0xFB, 0x28, 0xFB, 0x28, 0xFB, 0x28, 0xFB, 0x28, 0xFB, 0x28, 0xFB, 0x28, 0xFB, 0x28, 0xFB, 0x28, 0xFB,
    0x28, 0xFB, 0x28, 0xFB, 0x28, 0xFB, 0x28, 0xFB, 0x28, 0xFB, 0x28, 0xFB, 0x28, 0xFB, 0x28, 0xFB, 0x28, 0xFB, 0x28,
    0xFB, 0x28, 0xFB, 0x28, 0xFB, 0x28, 0xFB, 0x28, 0xFB, 0x28, 0xFB, 0x28, 0xFB, 0x28, 0xFB, 0x28, 0xFB, 0x28, 0xFB,
    0x28, 0xFB, 0x28, 0xFB, 0x28, 0xFB, 0x28, 0xFB, 0x28, 0xFB, 0x28, 0xFB, 0x28, 0xFB, 0x28, 0xFB, 0x28, 0xFB, 0x28,
    0xFB, 0x28, 0xFB, 0x28, 0xFB, 0x28, 0xFB, 0x28, 0xFB, 0x28, 0xFB, 0x28, 0xFB, 0x28, 0xFB, 0x28, 0xFB, 0x28, 0xFB,
    0x28, 0xFB, 0x28, 0xFB, 0x28, 0xFB, 0x28, 0xFB, 0x28, 0xFB, 0x28, 0xFB, 0x28, 0xFB, 0x28, 0xFB, 0x28, 0xFB, 0x28,
    0xFB, 0x28, 0xFB, 0x28, 0xFB, 0x28, 0xFB, 0x28, 0xFB, 0x29, 0xFB, 0x49, 0xFB, 0x49, 0xFB, 0x08, 0xF3, 0x46, 0xC2,
    0x64, 0x81, 0xA2, 0x50, 0xA2, 0x50, 0xC2, 0x50, 0xA2, 0x50, 0xA2, 0x48, 0xA2, 0x48, 0xA2, 0x48, 0x82, 0x40, 0x81,
    0x40, 0x81, 0x38, 0x81, 0x38, 0x61, 0x30, 0x61, 0x30, 0x61, 0x28, 0x41, 0x28, 0x41, 0x28, 0x41, 0x20, 0x41, 0x20,
    0x40, 0x18, 0x40, 0x18, 0x20, 0x18, 0x20, 0x10, 0x20, 0x10, 0x20, 0x10, 0x20, 0x10, 0x20, 0x08, 0x00, 0x08, 0x00,
    0x08, 0x00, 0x08, 0x00, 0x08, 0x00, 0x00, 0x00, 0x00, 0x00, 0x00, 0x00, 0x00, 0x00, 0x00, 0x00, 0x00, 0x00, 0x00,
    0x00, 0x00, 0x00, 0x00, 0x00, 0x00, 0x00, 0x00, 0x00, 0x00, 0x00, 0x00, 0x00, 0x00, 0x00, 0x00, 0x00, 0x00, 0x00,
    0x00, 0x00, 0x00, 0x00, 0x00, 0x00, 0x00, 0x00, 0x00, 0x00, 0x00, 0x00, 0x00, 0x00, 0x00, 0x00, 0x00, 0x00, 0x00,
    0x00, 0x00, 0x00, 0x00, 0x00, 0x00, 0x00, 0x00, 0x00, 0x00, 0x00, 0x00, 0x00, 0x00, 0x00, 0x00, 0x00, 0x00, 0x00,
    0x00, 0x00, 0x00, 0x00, 0x00, 0x00, 0x00, 0x00, 0x00, 0x00, 0x00, 0x00, 0x08, 0x00, 0x08, 0x00, 0x08, 0x00, 0x08,
    0x20, 0x08, 0x20, 0x10, 0x20, 0x10, 0x20, 0x10, 0x20, 0x10, 0x20, 0x18, 0x20, 0x18, 0x40, 0x20, 0x41, 0x20, 0x41,
    0x20, 0x41, 0x28, 0x61, 0x28, 0x61, 0x30, 0x61, 0x30, 0x61, 0x38, 0x81, 0x38, 0x81, 0x38, 0x82, 0x40, 0x82, 0x40,
    0xA2, 0x48, 0xA2, 0x48, 0xA2, 0x50, 0xC2, 0x50, 0xA2, 0x50, 0xA2, 0x50, 0x64, 0x81, 0x87, 0xD2, 0x49, 0xFB, 0x49,
    0xFB, 0x28, 0xFB, 0x28, 0xFB, 0x28, 0xFB, 0x28, 0xFB, 0x28, 0xFB, 0x28, 0xFB, 0x28, 0xFB, 0x28, 0xFB, 0x28, 0xFB,
    0x28, 0xFB, 0x28, 0xFB, 0x28, 0xFB, 0x28, 0xFB, 0x28, 0xFB, 0x28, 0xFB, 0x28, 0xFB, 0x28, 0xFB, 0x28, 0xFB, 0x28,
    0xFB, 0x28, 0xFB, 0x28, 0xFB, 0x28, 0xFB, 0x28, 0xFB, 0x28, 0xFB, 0x28, 0xFB, 0x28, 0xFB, 0x28, 0xFB, 0x28, 0xFB,
    0x28, 0xFB, 0x28, 0xFB, 0x28, 0xFB, 0x28, 0xFB, 0x28, 0xFB, 0x28, 0xFB, 0x28, 0xFB, 0x28, 0xFB, 0x28, 0xFB, 0x28,
    0xFB, 0x28, 0xFB, 0x28, 0xFB, 0x28, 0xFB, 0x28, 0xFB, 0x28, 0xFB, 0x28, 0xFB, 0x28, 0xFB, 0x28, 0xFB, 0x28, 0xFB,
    0x28, 0xFB, 0x28, 0xFB, 0x28, 0xFB, 0x28, 0xFB, 0x28, 0xFB, 0x28, 0xFB, 0x28, 0xFB, 0x28, 0xFB, 0x28, 0xFB, 0x28,
    0xFB, 0x28, 0xFB, 0x28, 0xFB, 0x28, 0xFB, 0x28, 0xFB, 0x28, 0xFB, 0x28, 0xFB, 0x28, 0xFB, 0x28, 0xFB, 0x28, 0xFB,
    0x28, 0xFB, 0x28, 0xFB, 0x28, 0xFB, 0x28, 0xFB, 0x28, 0xFB, 0x28, 0xFB, 0x28, 0xFB, 0x28, 0xFB, 0x28, 0xFB, 0x28,
    0xFB, 0x28, 0xFB, 0x28, 0xFB, 0x28, 0xFB, 0x28, 0xFB, 0x28, 0xFB, 0x28, 0xFB, 0x28, 0xFB, 0x28, 0xFB, 0x28, 0xFB,
    0x28, 0xFB, 0x28, 0xFB, 0x28, 0xFB, 0x28, 0xFB, 0x28, 0xFB, 0x28, 0xFB, 0x28, 0xFB, 0x28, 0xFB, 0x28, 0xFB, 0x49,
    0xFB, 0x49, 0xFB, 0x87, 0xD2, 0x64, 0x81, 0xA2, 0x50, 0xA2, 0x50, 0xC2, 0x50, 0xA2, 0x50, 0xA2, 0x48, 0xA2, 0x48,
    0x82, 0x40, 0x82, 0x40, 0x81, 0x38, 0x81, 0x38, 0x61, 0x38, 0x61, 0x30, 0x61, 0x30, 0x61, 0x28, 0x41, 0x28, 0x41,
    0x20, 0x41, 0x20, 0x40, 0x20, 0x20, 0x18, 0x20, 0x18, 0x20, 0x10, 0x20, 0x10, 0x20, 0x10, 0x20, 0x10, 0x20, 0x08,
    0x00, 0x08, 0x00, 0x08, 0x00, 0x08, 0x00, 0x08, 0x00, 0x00, 0x00, 0x00, 0x00, 0x00, 0x00, 0x00, 0x00, 0x00, 0x00,
    0x00, 0x00, 0x00, 0x00, 0x00, 0x00, 0x00, 0x00, 0x00, 0x00, 0x00, 0x00, 0x00, 0x00, 0x00, 0x00, 0x00, 0x00, 0x00,
    0x00, 0x00, 0x00, 0x00, 0x00, 0x00, 0x00, 0x00, 0x00, 0x00, 0x00, 0x00, 0x00, 0x00, 0x00, 0x00, 0x00, 0x00, 0x00,
    0x00, 0x00, 0x00, 0x00, 0x00, 0x00, 0x00, 0x00, 0x00, 0x00, 0x00, 0x00, 0x00, 0x00, 0x00, 0x00, 0x00, 0x00, 0x00,
    0x00, 0x00, 0x00, 0x00, 0x00, 0x00, 0x00, 0x00, 0x00, 0x00, 0x00, 0x00, 0x00, 0x08, 0x00, 0x08, 0x00, 0x08, 0x20,
    0x08, 0x20, 0x10, 0x20, 0x10, 0x20, 0x10, 0x20, 0x10, 0x20, 0x18, 0x20, 0x18, 0x40, 0x20, 0x41, 0x20, 0x41, 0x20,
    0x41, 0x28, 0x61, 0x28, 0x61, 0x30, 0x61, 0x30, 0x81, 0x38, 0x81, 0x38, 0x81, 0x40, 0x82, 0x40, 0xA2, 0x48, 0xA2,
    0x48, 0xA2, 0x50, 0xC2, 0x50, 0xA2, 0x50, 0xA2, 0x50, 0x64, 0x81, 0x87, 0xD2, 0x49, 0xFB, 0x49, 0xFB, 0x28, 0xFB,
    0x28, 0xFB, 0x28, 0xFB, 0x28, 0xFB, 0x28, 0xFB, 0x28, 0xFB, 0x28, 0xFB, 0x28, 0xFB, 0x28, 0xFB, 0x28, 0xFB, 0x28,
    0xFB, 0x28, 0xFB, 0x28, 0xFB, 0x28, 0xFB, 0x28, 0xFB, 0x28, 0xFB, 0x28, 0xFB, 0x28, 0xFB, 0x28, 0xFB, 0x28, 0xFB,
    0x28, 0xFB, 0x28, 0xFB, 0x28, 0xFB, 0x28, 0xFB, 0x28, 0xFB, 0x28, 0xFB, 0x28, 0xFB, 0x28, 0xFB, 0x28, 0xFB, 0x28,
    0xFB, 0x28, 0xFB, 0x28, 0xFB, 0x28, 0xFB, 0x28, 0xFB, 0x28, 0xFB, 0x28, 0xFB, 0x28, 0xFB, 0x28, 0xFB, 0x28, 0xFB,
    0x28, 0xFB, 0x28, 0xFB, 0x28, 0xFB, 0x28, 0xFB, 0x28, 0xFB, 0x28, 0xFB, 0x28, 0xFB, 0x28, 0xFB, 0x28, 0xFB, 0x28,
    0xFB, 0x28, 0xFB, 0x28, 0xFB, 0x28, 0xFB, 0x28, 0xFB, 0x28, 0xFB, 0x28, 0xFB, 0x28, 0xFB, 0x28, 0xFB, 0x28, 0xFB,
    0x28, 0xFB, 0x28, 0xFB, 0x28, 0xFB, 0x28, 0xFB, 0x28, 0xFB, 0x28, 0xFB, 0x28, 0xFB, 0x28, 0xFB, 0x28, 0xFB, 0x28,
    0xFB, 0x28, 0xFB, 0x28, 0xFB, 0x28, 0xFB, 0x28, 0xFB, 0x28, 0xFB, 0x28, 0xFB, 0x28, 0xFB, 0x28, 0xFB, 0x28, 0xFB,
    0x28, 0xFB, 0x28, 0xFB, 0x28, 0xFB, 0x28, 0xFB, 0x28, 0xFB, 0x28, 0xFB, 0x28, 0xFB, 0x28, 0xFB, 0x28, 0xFB, 0x28,
    0xFB, 0x28, 0xFB, 0x28, 0xFB, 0x28, 0xFB, 0x28, 0xFB, 0x28, 0xFB, 0x28, 0xFB, 0x28, 0xFB, 0x28, 0xFB, 0x28, 0xFB,
    0x28, 0xFB, 0x28, 0xFB, 0x49, 0xFB, 0x49, 0xFB, 0x87, 0xD2, 0x64, 0x81, 0xA2, 0x50, 0xA2, 0x50, 0xC2, 0x50, 0xA2,
    0x50, 0xA2, 0x48, 0xA2, 0x48, 0x82, 0x40, 0x81, 0x40, 0x81, 0x38, 0x81, 0x38, 0x61, 0x30, 0x61, 0x30, 0x61, 0x28,
    0x41, 0x28, 0x41, 0x20, 0x41, 0x20, 0x40, 0x20, 0x20, 0x18, 0x20, 0x18, 0x20, 0x10, 0x20, 0x10, 0x20, 0x10, 0x20,
    0x10, 0x20, 0x08, 0x00, 0x08, 0x00, 0x08, 0x00, 0x08, 0x00, 0x00, 0x00, 0x00, 0x00, 0x00, 0x00, 0x00, 0x00, 0x00,
    0x00, 0x00, 0x00, 0x00, 0x00, 0x00, 0x00, 0x00, 0x00, 0x00, 0x00, 0x00, 0x00, 0x00, 0x00, 0x00, 0x00, 0x00, 0x00,
    0x00, 0x00, 0x00, 0x00, 0x00, 0x00, 0x00, 0x00, 0x00, 0x00, 0x00, 0x00, 0x00, 0x00, 0x00, 0x00, 0x00, 0x00, 0x00,
    0x00, 0x00, 0x00, 0x00, 0x00, 0x00, 0x00, 0x00, 0x00, 0x00, 0x00, 0x00, 0x00, 0x00, 0x00, 0x00, 0x00, 0x00, 0x00,
    0x00, 0x00, 0x00, 0x00, 0x00, 0x00, 0x00, 0x00, 0x00, 0x00, 0x00, 0x00, 0x08, 0x00, 0x08, 0x00, 0x08, 0x20, 0x08,
    0x20, 0x10, 0x20, 0x10, 0x20, 0x10, 0x20, 0x10, 0x20, 0x18, 0x20, 0x18, 0x40, 0x20, 0x41, 0x20, 0x41, 0x20, 0x41,
    0x28, 0x61, 0x28, 0x61, 0x30, 0x61, 0x30, 0x81, 0x38, 0x81, 0x38, 0x81, 0x40, 0x82, 0x40, 0xA2, 0x48, 0xA2, 0x48,
    0xA2, 0x50, 0xA2, 0x50, 0x82, 0x48, 0x03, 0x71, 0x66, 0xC2, 0x49, 0xFB, 0x49, 0xFB, 0x28, 0xFB, 0x28, 0xFB, 0x28,
    0xFB, 0x28, 0xFB, 0x28, 0xFB, 0x28, 0xFB, 0x28, 0xFB, 0x28, 0xFB, 0x28, 0xFB, 0x28, 0xFB, 0x28, 0xFB, 0x28, 0xFB,
    0x28, 0xFB, 0x28, 0xFB, 0x28, 0xFB, 0x28, 0xFB, 0x28, 0xFB, 0x28, 0xFB, 0x28, 0xFB, 0x28, 0xFB, 0x28, 0xFB, 0x28,
    0xFB, 0x28, 0xFB, 0x28, 0xFB, 0x28, 0xFB, 0x28, 0xFB, 0x28, 0xFB, 0x28, 0xFB, 0x28, 0xFB, 0x28, 0xFB, 0x28, 0xFB,
    0x28, 0xFB, 0x28, 0xFB, 0x28, 0xFB, 0x28, 0xFB, 0x28, 0xFB, 0x28, 0xFB, 0x28, 0xFB, 0x28, 0xFB, 0x28, 0xFB, 0x28,
    0xFB, 0x28, 0xFB, 0x28, 0xFB, 0x28, 0xFB, 0x28, 0xFB, 0x28, 0xFB, 0x28, 0xFB, 0x28, 0xFB, 0x28, 0xFB, 0x28, 0xFB,
    0x28, 0xFB, 0x28, 0xFB, 0x28, 0xFB, 0x28, 0xFB, 0x28, 0xFB, 0x28, 0xFB, 0x28, 0xFB, 0x28, 0xFB, 0x28, 0xFB, 0x28,
    0xFB, 0x28, 0xFB, 0x28, 0xFB, 0x28, 0xFB, 0x28, 0xFB, 0x28, 0xFB, 0x28, 0xFB, 0x28, 0xFB, 0x28, 0xFB, 0x28, 0xFB,
    0x28, 0xFB, 0x28, 0xFB, 0x28, 0xFB, 0x28, 0xFB, 0x28, 0xFB, 0x28, 0xFB, 0x28, 0xFB, 0x28, 0xFB, 0x28, 0xFB, 0x28,
    0xFB, 0x28, 0xFB, 0x28, 0xFB, 0x28, 0xFB, 0x28, 0xFB, 0x28, 0xFB, 0x28, 0xFB, 0x28, 0xFB, 0x28, 0xFB, 0x28, 0xFB,
    0x28, 0xFB, 0x28, 0xFB, 0x28, 0xFB, 0x28, 0xFB, 0x28, 0xFB, 0x28, 0xFB, 0x28, 0xFB, 0x28, 0xFB, 0x28, 0xFB, 0x28,
    0xFB, 0x28, 0xFB, 0x28, 0xFB, 0x28, 0xFB, 0x28, 0xFB, 0x49, 0xFB, 0x49, 0xFB, 0x66, 0xC2, 0x03, 0x71, 0x82, 0x48,
    0xA2, 0x50, 0xA2, 0x50, 0xA2, 0x48, 0xA2, 0x48, 0x82, 0x40, 0x81, 0x40, 0x81, 0x38, 0x81, 0x38, 0x61, 0x30, 0x61,
    0x30, 0x61, 0x28, 0x41, 0x28, 0x41, 0x20, 0x41, 0x20, 0x40, 0x20, 0x20, 0x18, 0x20, 0x18, 0x20, 0x10, 0x20, 0x10,
    0x20, 0x10, 0x20, 0x10, 0x20, 0x08, 0x00, 0x08, 0x00, 0x08, 0x00, 0x08, 0x00, 0x00, 0x00, 0x00, 0x00, 0x00, 0x00,
    0x00, 0x00, 0x00, 0x00, 0x00, 0x00, 0x00, 0x00, 0x00, 0x00, 0x00, 0x00, 0x00, 0x00, 0x00, 0x00, 0x00, 0x00, 0x00,
    0x00, 0x00, 0x00, 0x00, 0x00, 0x00, 0x00, 0x00, 0x00, 0x00, 0x00, 0x00, 0x00, 0x00, 0x00, 0x00, 0x00, 0x00, 0x00,
    0x00, 0x00, 0x00, 0x00, 0x00, 0x00, 0x00, 0x00, 0x00, 0x00, 0x00, 0x00, 0x00, 0x00, 0x00, 0x00, 0x00, 0x00, 0x00,
    0x00, 0x00, 0x00, 0x00, 0x00, 0x00, 0x00, 0x00, 0x00, 0x00, 0x00, 0x08, 0x00, 0x08, 0x00, 0x08, 0x00, 0x08, 0x20,
    0x10, 0x20, 0x10, 0x20, 0x10, 0x20, 0x10, 0x20, 0x18, 0x20, 0x18, 0x40, 0x20, 0x41, 0x20, 0x41, 0x20, 0x41, 0x28,
    0x61, 0x28, 0x61, 0x30, 0x61, 0x30, 0x81, 0x38, 0x81, 0x38, 0x82, 0x40, 0x82, 0x40, 0xA2, 0x48, 0xA2, 0x48, 0xA2,
    0x50, 0xA2, 0x50, 0xA2, 0x50, 0xC5, 0xA1, 0x08, 0xF3, 0x49, 0xFB, 0x08, 0xFB, 0x08, 0xFB, 0x28, 0xFB, 0x28, 0xFB,
    0x28, 0xFB, 0x28, 0xFB, 0x28, 0xFB, 0x28, 0xFB, 0x28, 0xFB, 0x28, 0xFB, 0x28, 0xFB, 0x28, 0xFB, 0x28, 0xFB, 0x28,
    0xFB, 0x28, 0xFB, 0x28, 0xFB, 0x28, 0xFB, 0x28, 0xFB, 0x28, 0xFB, 0x28, 0xFB, 0x28, 0xFB, 0x28, 0xFB, 0x28, 0xFB,
    0x28, 0xFB, 0x28, 0xFB, 0x28, 0xFB, 0x28, 0xFB, 0x28, 0xFB, 0x28, 0xFB, 0x28, 0xFB, 0x28, 0xFB, 0x28, 0xFB, 0x28,
    0xFB, 0x28, 0xFB, 0x28, 0xFB, 0x28, 0xFB, 0x28, 0xFB, 0x28, 0xFB, 0x28, 0xFB, 0x28, 0xFB, 0x28, 0xFB, 0x28, 0xFB,
    0x28, 0xFB, 0x28, 0xFB, 0x28, 0xFB, 0x28, 0xFB, 0x28, 0xFB, 0x28, 0xFB, 0x28, 0xFB, 0x28, 0xFB, 0x28, 0xFB, 0x28,
    0xFB, 0x28, 0xFB, 0x28, 0xFB, 0x28, 0xFB, 0x28, 0xFB, 0x28, 0xFB, 0x28, 0xFB, 0x28, 0xFB, 0x28, 0xFB, 0x28, 0xFB,
    0x28, 0xFB, 0x28, 0xFB, 0x28, 0xFB, 0x28, 0xFB, 0x28, 0xFB, 0x28, 0xFB, 0x28, 0xFB, 0x28, 0xFB, 0x28, 0xFB, 0x28,
    0xFB, 0x28, 0xFB, 0x28, 0xFB, 0x28, 0xFB, 0x28, 0xFB, 0x28, 0xFB, 0x28, 0xFB, 0x28, 0xFB, 0x28, 0xFB, 0x28, 0xFB,
    0x28, 0xFB, 0x28, 0xFB, 0x28, 0xFB, 0x28, 0xFB, 0x28, 0xFB, 0x28, 0xFB, 0x28, 0xFB, 0x28, 0xFB, 0x28, 0xFB, 0x28,
    0xFB, 0x28, 0xFB, 0x28, 0xFB, 0x28, 0xFB, 0x28, 0xFB, 0x28, 0xFB, 0x28, 0xFB, 0x28, 0xFB, 0x28, 0xFB, 0x28, 0xFB,
    0x28, 0xFB, 0x28, 0xFB, 0x28, 0xFB, 0x28, 0xFB, 0x28, 0xFB, 0x08, 0xFB, 0x08, 0xFB, 0x49, 0xFB, 0x08, 0xF3, 0xC5,
    0xA1, 0xA2, 0x50, 0xA2, 0x50, 0xA2, 0x50, 0xA2, 0x48, 0xA2, 0x48, 0x82, 0x40, 0x82, 0x40, 0x81, 0x38, 0x81, 0x38,
    0x61, 0x30, 0x61, 0x30, 0x61, 0x28, 0x41, 0x28, 0x41, 0x20, 0x41, 0x20, 0x40, 0x20, 0x20, 0x18, 0x20, 0x18, 0x20,
    0x10, 0x20, 0x10, 0x20, 0x10, 0x20, 0x10, 0x00, 0x08, 0x00, 0x08, 0x00, 0x08, 0x00, 0x08, 0x00, 0x00, 0x00, 0x00,
    0x00, 0x00, 0x00, 0x00, 0x00, 0x00, 0x00, 0x00, 0x00, 0x00, 0x00, 0x00, 0x00, 0x00, 0x00, 0x00, 0x00, 0x00, 0x00,
    0x00, 0x00, 0x00, 0x00, 0x00, 0x00, 0x00, 0x00, 0x00, 0x00, 0x00, 0x00, 0x00, 0x00, 0x00, 0x00, 0x00, 0x00, 0x00,
    0x00, 0x00, 0x00, 0x00, 0x00, 0x00, 0x00, 0x00, 0x00, 0x00, 0x00, 0x00, 0x00, 0x00, 0x00, 0x00, 0x00, 0x00, 0x00,
    0x00, 0x00, 0x00, 0x00, 0x00, 0x00, 0x00, 0x00, 0x00, 0x00, 0x08, 0x00, 0x08, 0x00, 0x08, 0x00, 0x08, 0x20, 0x08,
    0x20, 0x10, 0x20, 0x10, 0x20, 0x10, 0x20, 0x18, 0x40, 0x18, 0x40, 0x18, 0x41, 0x20, 0x41, 0x20, 0x41, 0x28, 0x61,
    0x28, 0x61, 0x30, 0x61, 0x30, 0x81, 0x38, 0x81, 0x38, 0x82, 0x40, 0x82, 0x48, 0xA2, 0x48, 0xA2, 0x50, 0xC2, 0x58,
    0xA2, 0x50, 0xE3, 0x68, 0x87, 0xD2, 0x49, 0xFB, 0x28, 0xFB, 0x08, 0xFB, 0x28, 0xFB, 0x28, 0xFB, 0x28, 0xFB, 0x28,
    0xFB, 0x28, 0xFB, 0x28, 0xFB, 0x28, 0xFB, 0x28, 0xFB, 0x28, 0xFB, 0x28, 0xFB, 0x28, 0xFB, 0x28, 0xFB, 0x28, 0xFB,
    0x28, 0xFB, 0x28, 0xFB, 0x28, 0xFB, 0x28, 0xFB, 0x28, 0xFB, 0x28, 0xFB, 0x28, 0xFB, 0x28, 0xFB, 0x28, 0xFB, 0x28,
    0xFB, 0x28, 0xFB, 0x28, 0xFB, 0x28, 0xFB, 0x28, 0xFB, 0x28, 0xFB, 0x28, 0xFB, 0x28, 0xFB, 0x28, 0xFB, 0x28, 0xFB,
    0x28, 0xFB, 0x28, 0xFB, 0x28, 0xFB, 0x28, 0xFB, 0x28, 0xFB, 0x28, 0xFB, 0x28, 0xFB, 0x28, 0xFB, 0x28, 0xFB, 0x28,
    0xFB, 0x28, 0xFB, 0x28, 0xFB, 0x28, 0xFB, 0x28, 0xFB, 0x28, 0xFB, 0x28, 0xFB, 0x28, 0xFB, 0x28, 0xFB, 0x28, 0xFB,
    0x28, 0xFB, 0x28, 0xFB, 0x28, 0xFB, 0x28, 0xFB, 0x28, 0xFB, 0x28, 0xFB, 0x28, 0xFB, 0x28, 0xFB, 0x28, 0xFB, 0x28,
    0xFB, 0x28, 0xFB, 0x28, 0xFB, 0x28, 0xFB, 0x28, 0xFB, 0x28, 0xFB, 0x28, 0xFB, 0x28, 0xFB, 0x28, 0xFB, 0x28, 0xFB,
    0x28, 0xFB, 0x28, 0xFB, 0x28, 0xFB, 0x28, 0xFB, 0x28, 0xFB, 0x28, 0xFB, 0x28, 0xFB, 0x28, 0xFB, 0x28, 0xFB, 0x28,
    0xFB, 0x28, 0xFB, 0x28, 0xFB, 0x28, 0xFB, 0x28, 0xFB, 0x28, 0xFB, 0x28, 0xFB, 0x28, 0xFB, 0x28, 0xFB, 0x28, 0xFB,
    0x28, 0xFB, 0x28, 0xFB, 0x28, 0xFB, 0x28, 0xFB, 0x28, 0xFB, 0x28, 0xFB, 0x28, 0xFB, 0x28, 0xFB, 0x28, 0xFB, 0x28,
    0xFB, 0x28, 0xFB, 0x28, 0xFB, 0x28, 0xFB, 0x28, 0xFB, 0x28, 0xFB, 0x28, 0xFB, 0x28, 0xFB, 0x08, 0xFB, 0x28, 0xFB,
    0x49, 0xFB, 0x87, 0xD2, 0xE3, 0x68, 0xA2, 0x50, 0xC2, 0x58, 0xA2, 0x50, 0xA2, 0x48, 0x82, 0x48, 0x82, 0x40, 0x81,
    0x38, 0x81, 0x38, 0x61, 0x30, 0x61, 0x30, 0x61, 0x28, 0x41, 0x28, 0x41, 0x20, 0x41, 0x20, 0x40, 0x18, 0x40, 0x18,
    0x20, 0x18, 0x20, 0x10, 0x20, 0x10, 0x20, 0x10, 0x20, 0x08, 0x00, 0x08, 0x00, 0x08, 0x00, 0x08, 0x00, 0x08, 0x00,
    0x00, 0x00, 0x00, 0x00, 0x00, 0x00, 0x00, 0x00, 0x00, 0x00, 0x00, 0x00, 0x00, 0x00, 0x00, 0x00, 0x00, 0x00, 0x00,
    0x00, 0x00, 0x00, 0x00, 0x00, 0x00, 0x00, 0x00, 0x00, 0x00, 0x00, 0x00, 0x00, 0x00, 0x00, 0x00, 0x00, 0x00, 0x00,
    0x00, 0x00, 0x00, 0x00, 0x00, 0x00, 0x00, 0x00, 0x00, 0x00, 0x00, 0x00, 0x00, 0x00, 0x00, 0x00, 0x00, 0x00, 0x00,
    0x00, 0x00, 0x00, 0x00, 0x00, 0x00, 0x00, 0x00, 0x00, 0x00, 0x00, 0x08, 0x00, 0x08, 0x00, 0x08, 0x20, 0x08, 0x20,
    0x10, 0x20, 0x10, 0x20, 0x10, 0x20, 0x18, 0x20, 0x18, 0x40, 0x18, 0x41, 0x20, 0x41, 0x20, 0x41, 0x28, 0x61, 0x28,
    0x61, 0x30, 0x61, 0x30, 0x81, 0x38, 0x81, 0x38, 0x82, 0x40, 0xA2, 0x48, 0xA2, 0x48, 0xA2, 0x50, 0xA2, 0x50, 0x82,
    0x50, 0x64, 0x89, 0xE8, 0xEA, 0x49, 0xFB, 0x08, 0xFB, 0x08, 0xFB, 0x08, 0xFB, 0x08, 0xFB, 0x08, 0xFB, 0x08, 0xFB,
    0x08, 0xFB, 0x08, 0xFB, 0x08, 0xFB, 0x08, 0xFB, 0x08, 0xFB, 0x08, 0xFB, 0x08, 0xFB, 0x08, 0xFB, 0x08, 0xFB, 0x08,
    0xFB, 0x08, 0xFB, 0x08, 0xFB, 0x08, 0xFB, 0x08, 0xFB, 0x08, 0xFB, 0x08, 0xFB, 0x08, 0xFB, 0x08, 0xFB, 0x08, 0xFB,
    0x08, 0xFB, 0x08, 0xFB, 0x08, 0xFB, 0x08, 0xFB, 0x08, 0xFB, 0x08, 0xFB, 0x08, 0xFB, 0x08, 0xFB, 0x08, 0xFB, 0x08,
    0xFB, 0x08, 0xFB, 0x08, 0xFB, 0x08, 0xFB, 0x08, 0xFB, 0x08, 0xFB, 0x08, 0xFB, 0x08, 0xFB, 0x08, 0xFB, 0x08, 0xFB,
    0x08, 0xFB, 0x08, 0xFB, 0x08, 0xFB, 0x08, 0xFB, 0x08, 0xFB, 0x08, 0xFB, 0x08, 0xFB, 0x08, 0xFB, 0x08, 0xFB, 0x08,
    0xFB, 0x08, 0xFB, 0x08, 0xFB, 0x08, 0xFB, 0x08, 0xFB, 0x08, 0xFB, 0x08, 0xFB, 0x08, 0xFB, 0x08, 0xFB, 0x08, 0xFB,
    0x08, 0xFB, 0x08, 0xFB, 0x08, 0xFB, 0x08, 0xFB, 0x08, 0xFB, 0x08, 0xFB, 0x08, 0xFB, 0x08, 0xFB, 0x08, 0xFB, 0x08,
    0xFB, 0x08, 0xFB, 0x08, 0xFB, 0x08, 0xFB, 0x08, 0xFB, 0x08, 0xFB, 0x08, 0xFB, 0x08, 0xFB, 0x08, 0xFB, 0x08, 0xFB,
    0x08, 0xFB, 0x08, 0xFB, 0x08, 0xFB, 0x08, 0xFB, 0x08, 0xFB, 0x08, 0xFB, 0x08, 0xFB, 0x08, 0xFB, 0x08, 0xFB, 0x08,
    0xFB, 0x08, 0xFB, 0x08, 0xFB, 0x08, 0xFB, 0x08, 0xFB, 0x08, 0xFB, 0x08, 0xFB, 0x08, 0xFB, 0x08, 0xFB, 0x08, 0xFB,
    0x08, 0xFB, 0x08, 0xFB, 0x08, 0xFB, 0x08, 0xFB, 0x08, 0xFB, 0x08, 0xFB, 0x08, 0xFB, 0x08, 0xFB, 0x08, 0xFB, 0x08,
    0xFB, 0x08, 0xFB, 0x49, 0xFB, 0xE8, 0xEA, 0x64, 0x89, 0x82, 0x50, 0xA2, 0x50, 0xA2, 0x50, 0xA2, 0x48, 0xA2, 0x48,
    0x82, 0x40, 0x81, 0x38, 0x81, 0x38, 0x61, 0x30, 0x61, 0x30, 0x61, 0x28, 0x41, 0x28, 0x41, 0x20, 0x41, 0x20, 0x40,
    0x18, 0x20, 0x18, 0x20, 0x18, 0x20, 0x10, 0x20, 0x10, 0x20, 0x10, 0x20, 0x08, 0x00, 0x08, 0x00, 0x08, 0x00, 0x08,
    0x00, 0x00, 0x00, 0x00, 0x00, 0x00, 0x00, 0x00, 0x00, 0x00, 0x00, 0x00, 0x00, 0x00, 0x00, 0x00, 0x00, 0x00, 0x00,
    0x00, 0x00, 0x00, 0x00, 0x00, 0x00, 0x00, 0x00, 0x00, 0x00, 0x00, 0x00, 0x00, 0x00, 0x00, 0x00, 0x00, 0x00, 0x00,
    0x00, 0x00, 0x00, 0x00, 0x00, 0x00, 0x00, 0x00, 0x00, 0x00, 0x00, 0x00, 0x00, 0x00, 0x00, 0x00, 0x00, 0x00, 0x00,
    0x00, 0x00, 0x00, 0x00, 0x00, 0x00, 0x00, 0x00, 0x00, 0x00, 0x08, 0x00, 0x08, 0x00, 0x08, 0x20, 0x08, 0x20, 0x10,
    0x20, 0x10, 0x20, 0x10, 0x20, 0x18, 0x20, 0x18, 0x40, 0x18, 0x41, 0x20, 0x41, 0x20, 0x41, 0x28, 0x41, 0x28, 0x61,
    0x30, 0x61, 0x30, 0x81, 0x38, 0x81, 0x38, 0x82, 0x40, 0xA2, 0x48, 0xA2, 0x48, 0xA2, 0x50, 0xA2, 0x50, 0xA2, 0x50,
    0xC5, 0xA1, 0x29, 0xFB, 0x28, 0xFB, 0x08, 0xFB, 0x08, 0xFB, 0x08, 0xFB, 0x08, 0xFB, 0x08, 0xFB, 0x08, 0xFB, 0x08,
    0xFB, 0x08, 0xFB, 0x08, 0xFB, 0x08, 0xFB, 0x08, 0xFB, 0x08, 0xFB, 0x08, 0xFB, 0x08, 0xFB, 0x08, 0xFB, 0x08, 0xFB,
    0x08, 0xFB, 0x08, 0xFB, 0x08, 0xFB, 0x08, 0xFB, 0x08, 0xFB, 0x08, 0xFB, 0x08, 0xFB, 0x08, 0xFB, 0x08, 0xFB, 0x08,
    0xFB, 0x08, 0xFB, 0x08, 0xFB, 0x08, 0xFB, 0x08, 0xFB, 0x08, 0xFB, 0x08, 0xFB, 0x08, 0xFB, 0x08, 0xFB, 0x08, 0xFB,
    0x08, 0xFB, 0x08, 0xFB, 0x08, 0xFB, 0x08, 0xFB, 0x08, 0xFB, 0x08, 0xFB, 0x08, 0xFB, 0x08, 0xFB, 0x08, 0xFB, 0x08,
    0xFB, 0x08, 0xFB, 0x08, 0xFB, 0x08, 0xFB, 0x08, 0xFB, 0x08, 0xFB, 0x08, 0xFB, 0x08, 0xFB, 0x08, 0xFB, 0x08, 0xFB,
    0x08, 0xFB, 0x08, 0xFB, 0x08, 0xFB, 0x08, 0xFB, 0x08, 0xFB, 0x08, 0xFB, 0x08, 0xFB, 0x08, 0xFB, 0x08, 0xFB, 0x08,
    0xFB, 0x08, 0xFB, 0x08, 0xFB, 0x08, 0xFB, 0x08, 0xFB, 0x08, 0xFB, 0x08, 0xFB, 0x08, 0xFB, 0x08, 0xFB, 0x08, 0xFB,
    0x08, 0xFB, 0x08, 0xFB, 0x08, 0xFB, 0x08, 0xFB, 0x08, 0xFB, 0x08, 0xFB, 0x08, 0xFB, 0x08, 0xFB, 0x08, 0xFB, 0x08,
    0xFB, 0x08, 0xFB, 0x08, 0xFB, 0x08, 0xFB, 0x08, 0xFB, 0x08, 0xFB, 0x08, 0xFB, 0x08, 0xFB, 0x08, 0xFB, 0x08, 0xFB,
    0x08, 0xFB, 0x08, 0xFB, 0x08, 0xFB, 0x08, 0xFB, 0x08, 0xFB, 0x08, 0xFB, 0x08, 0xFB, 0x08, 0xFB, 0x08, 0xFB, 0x08,
    0xFB, 0x08, 0xFB, 0x08, 0xFB, 0x08, 0xFB, 0x08, 0xFB, 0x08, 0xFB, 0x08, 0xFB, 0x08, 0xFB, 0x08, 0xFB, 0x08, 0xFB,
    0x08, 0xFB, 0x08, 0xFB, 0x08, 0xFB, 0x28, 0xFB, 0x29, 0xFB, 0xC5, 0xA1, 0xA2, 0x50, 0xA2, 0x50, 0xA2, 0x50, 0xA2,
    0x48, 0xA2, 0x48, 0x82, 0x40, 0x81, 0x38, 0x81, 0x38, 0x61, 0x30, 0x61, 0x30, 0x41, 0x28, 0x41, 0x28, 0x41, 0x20,
    0x41, 0x20, 0x40, 0x18, 0x20, 0x18, 0x20, 0x18, 0x20, 0x10, 0x20, 0x10, 0x20, 0x10, 0x20, 0x08, 0x00, 0x08, 0x00,
    0x08, 0x00, 0x08, 0x00, 0x00, 0x00, 0x00, 0x00, 0x00, 0x00, 0x00, 0x00, 0x00, 0x00, 0x00, 0x00, 0x00, 0x00, 0x00,
    0x00, 0x00, 0x00, 0x00, 0x00, 0x00, 0x00, 0x00, 0x00, 0x00, 0x00, 0x00, 0x00, 0x00, 0x00, 0x00, 0x00, 0x00, 0x00,
    0x00, 0x00, 0x00, 0x00, 0x00, 0x00, 0x00, 0x00, 0x00, 0x00, 0x00, 0x00, 0x00, 0x00, 0x00, 0x00, 0x00, 0x00, 0x00,
    0x00, 0x00, 0x00, 0x00, 0x00, 0x00, 0x00, 0x00, 0x00, 0x08, 0x00, 0x08, 0x00, 0x08, 0x00, 0x08, 0x20, 0x10, 0x20,
    0x10, 0x20, 0x10, 0x20, 0x10, 0x20, 0x18, 0x40, 0x18, 0x40, 0x20, 0x41, 0x20, 0x41, 0x28, 0x41, 0x28, 0x61, 0x30,
    0x61, 0x30, 0x81, 0x38, 0x81, 0x38, 0x82, 0x40, 0xA2, 0x48, 0xA2, 0x48, 0xA2, 0x50, 0xA2, 0x50, 0xA2, 0x50, 0x26,
    0xBA, 0x49, 0xFB, 0x08, 0xFB, 0x08, 0xFB, 0x08, 0xFB, 0x08, 0xFB, 0x08, 0xFB, 0x08, 0xFB, 0x08, 0xFB, 0x08, 0xFB,
    0x08, 0xFB, 0x08, 0xFB, 0x08, 0xFB, 0x08, 0xFB, 0x08, 0xFB, 0x08, 0xFB, 0x08, 0xFB, 0x08, 0xFB, 0x08, 0xFB, 0x08,
    0xFB, 0x08, 0xFB, 0x08, 0xFB, 0x08, 0xFB, 0x08, 0xFB, 0x08, 0xFB, 0x08, 0xFB, 0x08, 0xFB, 0x08, 0xFB, 0x08, 0xFB,
    0x08, 0xFB, 0x08, 0xFB, 0x08, 0xFB, 0x08, 0xFB, 0x08, 0xFB, 0x08, 0xFB, 0x08, 0xFB, 0x08, 0xFB, 0x08, 0xFB, 0x08,
    0xFB, 0x08, 0xFB, 0x08, 0xFB, 0x08, 0xFB, 0x08, 0xFB, 0x08, 0xFB, 0x08, 0xFB, 0x08, 0xFB, 0x08, 0xFB, 0x08, 0xFB,
    0x08, 0xFB, 0x08, 0xFB, 0x08, 0xFB, 0x08, 0xFB, 0x08, 0xFB, 0x08, 0xFB, 0x08, 0xFB, 0x08, 0xFB, 0x08, 0xFB, 0x08,
    0xFB, 0x08, 0xFB, 0x08, 0xFB, 0x08, 0xFB, 0x08, 0xFB, 0x08, 0xFB, 0x08, 0xFB, 0x08, 0xFB, 0x08, 0xFB, 0x08, 0xFB,
    0x08, 0xFB, 0x08, 0xFB, 0x08, 0xFB, 0x08, 0xFB, 0x08, 0xFB, 0x08, 0xFB, 0x08, 0xFB, 0x08, 0xFB, 0x08, 0xFB, 0x08,
    0xFB, 0x08, 0xFB, 0x08, 0xFB, 0x08, 0xFB, 0x08, 0xFB, 0x08, 0xFB, 0x08, 0xFB, 0x08, 0xFB, 0x08, 0xFB, 0x08, 0xFB,
    0x08, 0xFB, 0x08, 0xFB, 0x08, 0xFB, 0x08, 0xFB, 0x08, 0xFB, 0x08, 0xFB, 0x08, 0xFB, 0x08, 0xFB, 0x08, 0xFB, 0x08,
    0xFB, 0x08, 0xFB, 0x08, 0xFB, 0x08, 0xFB, 0x08, 0xFB, 0x08, 0xFB, 0x08, 0xFB, 0x08, 0xFB, 0x08, 0xFB, 0x08, 0xFB,
    0x08, 0xFB, 0x08, 0xFB, 0x08, 0xFB, 0x08, 0xFB, 0x08, 0xFB, 0x08, 0xFB, 0x08, 0xFB, 0x08, 0xFB, 0x08, 0xFB, 0x08,
    0xFB, 0x08, 0xFB, 0x08, 0xFB, 0x08, 0xFB, 0x08, 0xFB, 0x08, 0xFB, 0x49, 0xFB, 0x26, 0xBA, 0xA2, 0x50, 0xA2, 0x50,
    0xA2, 0x50, 0xA2, 0x48, 0xA2, 0x48, 0x82, 0x40, 0x81, 0x38, 0x81, 0x38, 0x61, 0x30, 0x61, 0x30, 0x41, 0x28, 0x41,
    0x28, 0x41, 0x20, 0x40, 0x20, 0x40, 0x18, 0x20, 0x18, 0x20, 0x10, 0x20, 0x10, 0x20, 0x10, 0x20, 0x10, 0x00, 0x08,
    0x00, 0x08, 0x00, 0x08, 0x00, 0x08, 0x00, 0x00, 0x00, 0x00, 0x00, 0x00, 0x00, 0x00, 0x00, 0x00, 0x00, 0x00, 0x00,
    0x00, 0x00, 0x00, 0x00, 0x00, 0x00, 0x00, 0x00, 0x00, 0x00, 0x00, 0x00, 0x00, 0x00, 0x00, 0x00, 0x00, 0x00, 0x00,
    0x00, 0x00, 0x00, 0x00, 0x00, 0x00, 0x00, 0x00, 0x00, 0x00, 0x00, 0x00, 0x00, 0x00, 0x00, 0x00, 0x00, 0x00, 0x00,
    0x00, 0x00, 0x00, 0x00, 0x00, 0x00, 0x00, 0x00, 0x00, 0x00, 0x08, 0x00, 0x08, 0x00, 0x08, 0x20, 0x08, 0x20, 0x10,
    0x20, 0x10, 0x20, 0x10, 0x20, 0x18, 0x20, 0x18, 0x40, 0x20, 0x41, 0x20, 0x41, 0x28, 0x41, 0x28, 0x61, 0x30, 0x61,
    0x30, 0x81, 0x38, 0x81, 0x38, 0x82, 0x40, 0xA2, 0x48, 0xA2, 0x48, 0xA2, 0x50, 0xA2, 0x50, 0xA2, 0x50, 0x26, 0xBA,
    0x49, 0xFB, 0x08, 0xFB, 0x08, 0xFB, 0x08, 0xFB, 0x08, 0xFB, 0x08, 0xFB, 0x08, 0xFB, 0x08, 0xFB, 0x08, 0xFB, 0x08,
    0xFB, 0x08, 0xFB, 0x08, 0xFB, 0x08, 0xFB, 0x08, 0xFB, 0x08, 0xFB, 0x08, 0xFB, 0x08, 0xFB, 0x08, 0xFB, 0x08, 0xFB,
    0x08, 0xFB, 0x08, 0xFB, 0x08, 0xFB, 0x08, 0xFB, 0x08, 0xFB, 0x08, 0xFB, 0x08, 0xFB, 0x08, 0xFB, 0x08, 0xFB, 0x08,
    0xFB, 0x08, 0xFB, 0x08, 0xFB, 0x08, 0xFB, 0x08, 0xFB, 0x08, 0xFB, 0x08, 0xFB, 0x08, 0xFB, 0x08, 0xFB, 0x08, 0xFB,
    0x08, 0xFB, 0x08, 0xFB, 0x08, 0xFB, 0x08, 0xFB, 0x08, 0xFB, 0x08, 0xFB, 0x08, 0xFB, 0x08, 0xFB, 0x08, 0xFB, 0x08,
    0xFB, 0x08, 0xFB, 0x08, 0xFB, 0x08, 0xFB, 0x08, 0xFB, 0x08, 0xFB, 0x08, 0xFB, 0x08, 0xFB, 0x08, 0xFB, 0x08, 0xFB,
    0x08, 0xFB, 0x08, 0xFB, 0x08, 0xFB, 0x08, 0xFB, 0x08, 0xFB, 0x08, 0xFB, 0x08, 0xFB, 0x08, 0xFB, 0x08, 0xFB, 0x08,
    0xFB, 0x08, 0xFB, 0x08, 0xFB, 0x08, 0xFB, 0x08, 0xFB, 0x08, 0xFB, 0x08, 0xFB, 0x08, 0xFB, 0x08, 0xFB, 0x08, 0xFB,
    0x08, 0xFB, 0x08, 0xFB, 0x08, 0xFB, 0x08, 0xFB, 0x08, 0xFB, 0x08, 0xFB, 0x08, 0xFB, 0x08, 0xFB, 0x08, 0xFB, 0x08,
    0xFB, 0x08, 0xFB, 0x08, 0xFB, 0x08, 0xFB, 0x08, 0xFB, 0x08, 0xFB, 0x08, 0xFB, 0x08, 0xFB, 0x08, 0xFB, 0x08, 0xFB,
    0x08, 0xFB, 0x08, 0xFB, 0x08, 0xFB, 0x08, 0xFB, 0x08, 0xFB, 0x08, 0xFB, 0x08, 0xFB, 0x08, 0xFB, 0x08, 0xFB, 0x08,
    0xFB, 0x08, 0xFB, 0x08, 0xFB, 0x08, 0xFB, 0x08, 0xFB, 0x08, 0xFB, 0x08, 0xFB, 0x08, 0xFB, 0x08, 0xFB, 0x08, 0xFB,
    0x08, 0xFB, 0x08, 0xFB, 0x08, 0xFB, 0x08, 0xFB, 0x08, 0xFB, 0x08, 0xFB, 0x08, 0xFB, 0x49, 0xFB, 0x26, 0xBA, 0xA2,
    0x50, 0xA2, 0x50, 0xA2, 0x50, 0xA2, 0x48, 0xA2, 0x48, 0x82, 0x40, 0x81, 0x38, 0x81, 0x38, 0x61, 0x30, 0x61, 0x30,
    0x41, 0x28, 0x41, 0x28, 0x41, 0x20, 0x40, 0x20, 0x20, 0x18, 0x20, 0x18, 0x20, 0x10, 0x20, 0x10, 0x20, 0x10, 0x20,
    0x08, 0x00, 0x08, 0x00, 0x08, 0x00, 0x08, 0x00, 0x00, 0x00, 0x00, 0x00, 0x00, 0x00, 0x00, 0x00, 0x00, 0x00, 0x00,
    0x00, 0x00, 0x00, 0x00, 0x00, 0x00, 0x00, 0x00, 0x00, 0x00, 0x00, 0x00, 0x00, 0x00, 0x00, 0x00, 0x00, 0x00, 0x00,
    0x00, 0x00, 0x00, 0x00, 0x00, 0x00, 0x00, 0x00, 0x00, 0x00, 0x00, 0x00, 0x00, 0x00, 0x00, 0x00, 0x00, 0x00, 0x00,
    0x00, 0x00, 0x00, 0x00, 0x00, 0x00, 0x00, 0x00, 0x00, 0x08, 0x00, 0x08, 0x00, 0x08, 0x20, 0x08, 0x20, 0x10, 0x20,
    0x10, 0x20, 0x10, 0x20, 0x18, 0x20, 0x18, 0x40, 0x18, 0x41, 0x20, 0x41, 0x20, 0x41, 0x28, 0x61, 0x28, 0x61, 0x30,
    0x61, 0x38, 0x81, 0x38, 0x82, 0x40, 0x82, 0x48, 0xA2, 0x48, 0xA2, 0x50, 0xA2, 0x50, 0xA2, 0x50, 0x26, 0xBA, 0x29,
    0xFB, 0x08, 0xF3, 0x08, 0xFB, 0x08, 0xFB, 0x08, 0xFB, 0x08, 0xFB, 0x08, 0xFB, 0x08, 0xFB, 0x08, 0xFB, 0x08, 0xFB,
    0x08, 0xFB, 0x08, 0xFB, 0x08, 0xFB, 0x08, 0xFB, 0x08, 0xFB, 0x08, 0xFB, 0x08, 0xFB, 0x08, 0xFB, 0x08, 0xFB, 0x08,
    0xFB, 0x08, 0xFB, 0x08, 0xFB, 0x08, 0xFB, 0x08, 0xFB, 0x08, 0xFB, 0x08, 0xFB, 0x08, 0xFB, 0x08, 0xFB, 0x08, 0xFB,
    0x08, 0xFB, 0x08, 0xFB, 0x08, 0xFB, 0x08, 0xFB, 0x08, 0xFB, 0x08, 0xFB, 0x08, 0xFB, 0x08, 0xFB, 0x08, 0xFB, 0x08,
    0xFB, 0x08, 0xFB, 0x08, 0xFB, 0x08, 0xFB, 0x08, 0xFB, 0x08, 0xFB, 0x08, 0xFB, 0x08, 0xFB, 0x08, 0xFB, 0x08, 0xFB,
    0x08, 0xFB, 0x08, 0xFB, 0x08, 0xFB, 0x08, 0xFB, 0x08, 0xFB, 0x08, 0xFB, 0x08, 0xFB, 0x08, 0xFB, 0x08, 0xFB, 0x08,
    0xFB, 0x08, 0xFB, 0x08, 0xFB, 0x08, 0xFB, 0x08, 0xFB, 0x08, 0xFB, 0x08, 0xFB, 0x08, 0xFB, 0x08, 0xFB, 0x08, 0xFB,
    0x08, 0xFB, 0x08, 0xFB, 0x08, 0xFB, 0x08, 0xFB, 0x08, 0xFB, 0x08, 0xFB, 0x08, 0xFB, 0x08, 0xFB, 0x08, 0xFB, 0x08,
    0xFB, 0x08, 0xFB, 0x08, 0xFB, 0x08, 0xFB, 0x08, 0xFB, 0x08, 0xFB, 0x08, 0xFB, 0x08, 0xFB, 0x08, 0xFB, 0x08, 0xFB,
    0x08, 0xFB, 0x08, 0xFB, 0x08, 0xFB, 0x08, 0xFB, 0x08, 0xFB, 0x08, 0xFB, 0x08, 0xFB, 0x08, 0xFB, 0x08, 0xFB, 0x08,
    0xFB, 0x08, 0xFB, 0x08, 0xFB, 0x08, 0xFB, 0x08, 0xFB, 0x08, 0xFB, 0x08, 0xFB, 0x08, 0xFB, 0x08, 0xFB, 0x08, 0xFB,
    0x08, 0xFB, 0x08, 0xFB, 0x08, 0xFB, 0x08, 0xFB, 0x08, 0xFB, 0x08, 0xFB, 0x08, 0xFB, 0x08, 0xFB, 0x08, 0xFB, 0x08,
    0xFB, 0x08, 0xFB, 0x08, 0xFB, 0x08, 0xFB, 0x08, 0xFB, 0x08, 0xFB, 0x08, 0xFB, 0x08, 0xFB, 0x08, 0xF3, 0x29, 0xFB,
    0x26, 0xBA, 0xA2, 0x50, 0xA2, 0x50, 0xA2, 0x50, 0xA2, 0x48, 0x82, 0x48, 0x82, 0x40, 0x81, 0x38, 0x61, 0x38, 0x61,
    0x30, 0x61, 0x28, 0x41, 0x28, 0x41, 0x20, 0x41, 0x20, 0x40, 0x18, 0x20, 0x18, 0x20, 0x18, 0x20, 0x10, 0x20, 0x10,
    0x20, 0x10, 0x20, 0x08, 0x00, 0x08, 0x00, 0x08, 0x00, 0x08, 0x00, 0x00, 0x00, 0x00, 0x00, 0x00, 0x00, 0x00, 0x00,
    0x00, 0x00, 0x00, 0x00, 0x00, 0x00, 0x00, 0x00, 0x00, 0x00, 0x00, 0x00, 0x00, 0x00, 0x00, 0x00, 0x00, 0x00, 0x00,
    0x00, 0x00, 0x00, 0x00, 0x00, 0x00, 0x00, 0x00, 0x00, 0x00, 0x00, 0x00, 0x00, 0x00, 0x00, 0x00, 0x00, 0x00, 0x00,
    0x00, 0x00, 0x00, 0x00, 0x00, 0x00, 0x00, 0x00, 0x08, 0x00, 0x08, 0x00, 0x08, 0x00, 0x08, 0x20, 0x10, 0x20, 0x10,
    0x20, 0x10, 0x20, 0x10, 0x20, 0x18, 0x40, 0x18, 0x41, 0x20, 0x41, 0x20, 0x41, 0x28, 0x61, 0x28, 0x61, 0x30, 0x61,
    0x38, 0x81, 0x38, 0x81, 0x40, 0x82, 0x40, 0xA2, 0x48, 0xA2, 0x50, 0xA2, 0x50, 0xA2, 0x50, 0x26, 0xBA, 0x29, 0xFB,
    0x08, 0xF3, 0x08, 0xFB, 0x08, 0xFB, 0x08, 0xFB, 0x08, 0xFB, 0x08, 0xFB, 0x08, 0xFB, 0x08, 0xFB, 0x08, 0xFB, 0x08,
    0xFB, 0x08, 0xFB, 0x08, 0xFB, 0x08, 0xFB, 0x08, 0xFB, 0x08, 0xFB, 0x08, 0xFB, 0x08, 0xFB, 0x08, 0xFB, 0x08, 0xFB,
    0x08, 0xFB, 0x08, 0xFB, 0x08, 0xFB, 0x08, 0xFB, 0x08, 0xFB, 0x08, 0xFB, 0x08, 0xFB, 0x08, 0xFB, 0x08, 0xFB, 0x08,
    0xFB, 0x08, 0xFB, 0x08, 0xFB, 0x08, 0xFB, 0x08, 0xFB, 0x08, 0xFB, 0x08, 0xFB, 0x08, 0xFB, 0x08, 0xFB, 0x08, 0xFB,
    0x08, 0xFB, 0x08, 0xFB, 0x08, 0xFB, 0x08, 0xFB, 0x08, 0xFB, 0x08, 0xFB, 0x08, 0xFB, 0x08, 0xFB, 0x08, 0xFB, 0x08,
    0xFB, 0x08, 0xFB, 0x08, 0xFB, 0x08, 0xFB, 0x08, 0xFB, 0x08, 0xFB, 0x08, 0xFB, 0x08, 0xFB, 0x08, 0xFB, 0x08, 0xFB,
    0x08, 0xFB, 0x08, 0xFB, 0x08, 0xFB, 0x08, 0xFB, 0x08, 0xFB, 0x08, 0xFB, 0x08, 0xFB, 0x08, 0xFB, 0x08, 0xFB, 0x08,
    0xFB, 0x08, 0xFB, 0x08, 0xFB, 0x08, 0xFB, 0x08, 0xFB, 0x08, 0xFB, 0x08, 0xFB, 0x08, 0xFB, 0x08, 0xFB, 0x08, 0xFB,
    0x08, 0xFB, 0x08, 0xFB, 0x08, 0xFB, 0x08, 0xFB, 0x08, 0xFB, 0x08, 0xFB, 0x08, 0xFB, 0x08, 0xFB, 0x08, 0xFB, 0x08,
    0xFB, 0x08, 0xFB, 0x08, 0xFB, 0x08, 0xFB, 0x08, 0xFB, 0x08, 0xFB, 0x08, 0xFB, 0x08, 0xFB, 0x08, 0xFB, 0x08, 0xFB,
    0x08, 0xFB, 0x08, 0xFB, 0x08, 0xFB, 0x08, 0xFB, 0x08, 0xFB, 0x08, 0xFB, 0x08, 0xFB, 0x08, 0xFB, 0x08, 0xFB, 0x08,
    0xFB, 0x08, 0xFB, 0x08, 0xFB, 0x08, 0xFB, 0x08, 0xFB, 0x08, 0xFB, 0x08, 0xFB, 0x08, 0xFB, 0x08, 0xFB, 0x08, 0xFB,
    0x08, 0xFB, 0x08, 0xFB, 0x08, 0xFB, 0x08, 0xFB, 0x08, 0xFB, 0x08, 0xFB, 0x08, 0xFB, 0x08, 0xFB, 0x08, 0xFB, 0x08,
    0xF3, 0x29, 0xFB, 0x26, 0xBA, 0xA2, 0x50, 0xA2, 0x50, 0xA2, 0x50, 0xA2, 0x48, 0x82, 0x40, 0x81, 0x40, 0x81, 0x38,
    0x61, 0x38, 0x61, 0x30, 0x61, 0x28, 0x41, 0x28, 0x41, 0x20, 0x41, 0x20, 0x40, 0x18, 0x20, 0x18, 0x20, 0x10, 0x20,
    0x10, 0x20, 0x10, 0x20, 0x10, 0x00, 0x08, 0x00, 0x08, 0x00, 0x08, 0x00, 0x08, 0x00, 0x00, 0x00, 0x00, 0x00, 0x00,
    0x00, 0x00, 0x00, 0x00, 0x00, 0x00, 0x00, 0x00, 0x00, 0x00, 0x00, 0x00, 0x00, 0x00, 0x00, 0x00, 0x00, 0x00, 0x00,
    0x00, 0x00, 0x00, 0x00, 0x00, 0x00, 0x00, 0x00, 0x00, 0x00, 0x00, 0x00, 0x00, 0x00, 0x00, 0x00, 0x00, 0x00, 0x00,
    0x00, 0x00, 0x00, 0x00, 0x00, 0x00, 0x00, 0x00, 0x00, 0x08, 0x00, 0x08, 0x00, 0x08, 0x20, 0x08, 0x20, 0x10, 0x20,
    0x10, 0x20, 0x10, 0x20, 0x18, 0x40, 0x18, 0x40, 0x20, 0x41, 0x20, 0x41, 0x28, 0x41, 0x28, 0x61, 0x30, 0x61, 0x30,
    0x81, 0x38, 0x81, 0x40, 0x82, 0x40, 0xA2, 0x48, 0xA2, 0x50, 0xA2, 0x50, 0xA2, 0x50, 0x26, 0xBA, 0x29, 0xFB, 0x08,
    0xF3, 0x08, 0xFB, 0x08, 0xFB, 0x08, 0xFB, 0x08, 0xFB, 0x08, 0xFB, 0x08, 0xFB, 0x08, 0xFB, 0x08, 0xFB, 0x08, 0xFB,
    0x08, 0xFB, 0x08, 0xFB, 0x08, 0xFB, 0x08, 0xFB, 0x08, 0xFB, 0x08, 0xFB, 0x08, 0xFB, 0x08, 0xFB, 0x08, 0xFB, 0x08,
    0xFB, 0x08, 0xFB, 0x08, 0xFB, 0x08, 0xFB, 0x08, 0xFB, 0x08, 0xFB, 0x08, 0xFB, 0x08, 0xFB, 0x08, 0xFB, 0x08, 0xFB,
    0x08, 0xFB, 0x08, 0xFB, 0x08, 0xFB, 0x08, 0xFB, 0x08, 0xFB, 0x08, 0xFB, 0x08, 0xFB, 0x08, 0xFB, 0x08, 0xFB, 0x08,
    0xFB, 0x08, 0xFB, 0x08, 0xFB, 0x08, 0xFB, 0x08, 0xFB, 0x08, 0xFB, 0x08, 0xFB, 0x08, 0xFB, 0x08, 0xFB, 0x08, 0xFB,
    0x08, 0xFB, 0x08, 0xFB, 0x08, 0xFB, 0x08, 0xFB, 0x08, 0xFB, 0x08, 0xFB, 0x08, 0xFB, 0x08, 0xFB, 0x08, 0xFB, 0x08,
    0xFB, 0x08, 0xFB, 0x08, 0xFB, 0x08, 0xFB, 0x08, 0xFB, 0x08, 0xFB, 0x08, 0xFB, 0x08, 0xFB, 0x08, 0xFB, 0x08, 0xFB,
    0x08, 0xFB, 0x08, 0xFB, 0x08, 0xFB, 0x08, 0xFB, 0x08, 0xFB, 0x08, 0xFB, 0x08, 0xFB, 0x08, 0xFB, 0x08, 0xFB, 0x08,
    0xFB, 0x08, 0xFB, 0x08, 0xFB, 0x08, 0xFB, 0x08, 0xFB, 0x08, 0xFB, 0x08, 0xFB, 0x08, 0xFB, 0x08, 0xFB, 0x08, 0xFB,
    0x08, 0xFB, 0x08, 0xFB, 0x08, 0xFB, 0x08, 0xFB, 0x08, 0xFB, 0x08, 0xFB, 0x08, 0xFB, 0x08, 0xFB, 0x08, 0xFB, 0x08,
    0xFB, 0x08, 0xFB, 0x08, 0xFB, 0x08, 0xFB, 0x08, 0xFB, 0x08, 0xFB, 0x08, 0xFB, 0x08, 0xFB, 0x08, 0xFB, 0x08, 0xFB,
    0x08, 0xFB, 0x08, 0xFB, 0x08, 0xFB, 0x08, 0xFB, 0x08, 0xFB, 0x08, 0xFB, 0x08, 0xFB, 0x08, 0xFB, 0x08, 0xFB, 0x08,
    0xFB, 0x08, 0xFB, 0x08, 0xFB, 0x08, 0xFB, 0x08, 0xFB, 0x08, 0xFB, 0x08, 0xFB, 0x08, 0xFB, 0x08, 0xFB, 0x08, 0xFB,
    0x08, 0xFB, 0x08, 0xF3, 0x29, 0xFB, 0x26, 0xBA, 0xA2, 0x50, 0xA2, 0x50, 0xA2, 0x50, 0xA2, 0x48, 0x82, 0x40, 0x81,
    0x40, 0x81, 0x38, 0x61, 0x30, 0x61, 0x30, 0x41, 0x28, 0x41, 0x28, 0x41, 0x20, 0x40, 0x20, 0x40, 0x18, 0x20, 0x18,
    0x20, 0x10, 0x20, 0x10, 0x20, 0x10, 0x20, 0x08, 0x00, 0x08, 0x00, 0x08, 0x00, 0x08, 0x00, 0x00, 0x00, 0x00, 0x00,
    0x00, 0x00, 0x00, 0x00, 0x00, 0x00, 0x00, 0x00, 0x00, 0x00, 0x00, 0x00, 0x00, 0x00, 0x00, 0x00, 0x00, 0x00, 0x00,
    0x00, 0x00, 0x00, 0x00, 0x00, 0x00, 0x00, 0x00, 0x00, 0x00, 0x00, 0x00, 0x00, 0x00, 0x00, 0x00, 0x00, 0x00, 0x00,
    0x00, 0x00, 0x00, 0x00, 0x00, 0x00, 0x00, 0x00, 0x08, 0x00, 0x08, 0x00, 0x08, 0x00, 0x08, 0x20, 0x10, 0x20, 0x10,
    0x20, 0x10, 0x20, 0x18, 0x20, 0x18, 0x40, 0x18, 0x41, 0x20, 0x41, 0x20, 0x41, 0x28, 0x61, 0x30, 0x61, 0x30, 0x81,
    0x38, 0x81, 0x38, 0x82, 0x40, 0xA2, 0x48, 0xA2, 0x48, 0xC2, 0x50, 0x82, 0x50, 0xC5, 0xA1, 0x29, 0xFB, 0xE8, 0xF2,
    0x08, 0xFB, 0x08, 0xFB, 0x08, 0xFB, 0x08, 0xFB, 0x08, 0xFB, 0x08, 0xFB, 0x08, 0xFB, 0x08, 0xFB, 0x08, 0xFB, 0x08,
    0xFB, 0x08, 0xFB, 0x08, 0xFB, 0x08, 0xFB, 0x08, 0xFB, 0x08, 0xFB, 0x08, 0xFB, 0x08, 0xFB, 0x08, 0xFB, 0x08, 0xFB,
    0x08, 0xFB, 0x08, 0xFB, 0x08, 0xFB, 0x08, 0xFB, 0x08, 0xFB, 0x08, 0xFB, 0x08, 0xFB, 0x08, 0xFB, 0x08, 0xFB, 0x08,
    0xFB, 0x08, 0xFB, 0x08, 0xFB, 0x08, 0xFB, 0x08, 0xFB, 0x08, 0xFB, 0x08, 0xFB, 0x08, 0xFB, 0x08, 0xFB, 0x08, 0xFB,
    0x08, 0xFB, 0x08, 0xFB, 0x08, 0xFB, 0x08, 0xFB, 0x08, 0xFB, 0x08, 0xFB, 0x08, 0xFB, 0x08, 0xFB, 0x08, 0xFB, 0x08,
    0xFB, 0x08, 0xFB, 0x08, 0xFB, 0x08, 0xFB, 0x08, 0xFB, 0x08, 0xFB, 0x08, 0xFB, 0x08, 0xFB, 0x08, 0xFB, 0x08, 0xFB,
    0x08, 0xFB, 0x08, 0xFB, 0x08, 0xFB, 0x08, 0xFB, 0x08, 0xFB, 0x08, 0xFB, 0x08, 0xFB, 0x08, 0xFB, 0x08, 0xFB, 0x08,
    0xFB, 0x08, 0xFB, 0x08, 0xFB, 0x08, 0xFB, 0x08, 0xFB, 0x08, 0xFB, 0x08, 0xFB, 0x08, 0xFB, 0x08, 0xFB, 0x08, 0xFB,
    0x08, 0xFB, 0x08, 0xFB, 0x08, 0xFB, 0x08, 0xFB, 0x08, 0xFB, 0x08, 0xFB, 0x08, 0xFB, 0x08, 0xFB, 0x08, 0xFB, 0x08,
    0xFB, 0x08, 0xFB, 0x08, 0xFB, 0x08, 0xFB, 0x08, 0xFB, 0x08, 0xFB, 0x08, 0xFB, 0x08, 0xFB, 0x08, 0xFB, 0x08, 0xFB,
    0x08, 0xFB, 0x08, 0xFB, 0x08, 0xFB, 0x08, 0xFB, 0x08, 0xFB, 0x08, 0xFB, 0x08, 0xFB, 0x08, 0xFB, 0x08, 0xFB, 0x08,
    0xFB, 0x08, 0xFB, 0x08, 0xFB, 0x08, 0xFB, 0x08, 0xFB, 0x08, 0xFB, 0x08, 0xFB, 0x08, 0xFB, 0x08, 0xFB, 0x08, 0xFB,
    0x08, 0xFB, 0x08, 0xFB, 0x08, 0xFB, 0x08, 0xFB, 0x08, 0xFB, 0x08, 0xFB, 0x08, 0xFB, 0x08, 0xFB, 0x08, 0xFB, 0x08,
    0xFB, 0x08, 0xFB, 0x08, 0xFB, 0xE8, 0xF2, 0x29, 0xFB, 0xC5, 0xA1, 0x82, 0x50, 0xC2, 0x50, 0xA2, 0x48, 0xA2, 0x48,
    0x82, 0x40, 0x81, 0x38, 0x81, 0x38, 0x61, 0x30, 0x61, 0x30, 0x41, 0x28, 0x41, 0x20, 0x41, 0x20, 0x40, 0x18, 0x20,
    0x18, 0x20, 0x18, 0x20, 0x10, 0x20, 0x10, 0x20, 0x10, 0x00, 0x08, 0x00, 0x08, 0x00, 0x08, 0x00, 0x08, 0x00, 0x00,
    0x00, 0x00, 0x00, 0x00, 0x00, 0x00, 0x00, 0x00, 0x00, 0x00, 0x00, 0x00, 0x00, 0x00, 0x00, 0x00, 0x00, 0x00, 0x00,
    0x00, 0x00, 0x00, 0x00, 0x00, 0x00, 0x00, 0x00, 0x00, 0x00, 0x00, 0x00, 0x00, 0x00, 0x00, 0x00, 0x00, 0x00, 0x00,
    0x00, 0x00, 0x00, 0x00, 0x00, 0x00, 0x00, 0x00, 0x00, 0x08, 0x00, 0x08, 0x00, 0x08, 0x20, 0x08, 0x20, 0x10, 0x20,
    0x10, 0x20, 0x10, 0x20, 0x18, 0x40, 0x18, 0x41, 0x20, 0x41, 0x20, 0x41, 0x28, 0x61, 0x28, 0x61, 0x30, 0x61, 0x38,
    0x81, 0x38, 0x82, 0x40, 0xA2, 0x48, 0xA2, 0x48, 0xA2, 0x50, 0xA2, 0x50, 0x64, 0x81, 0x08, 0xFB, 0xE8, 0xF2, 0x08,
    0xFB, 0x08, 0xFB, 0x08, 0xFB, 0x08, 0xFB, 0x08, 0xFB, 0x08, 0xFB, 0x08, 0xFB, 0x08, 0xFB, 0x08, 0xFB, 0x08, 0xFB,
    0x08, 0xFB, 0x08, 0xFB, 0x08, 0xFB, 0x08, 0xFB, 0x08, 0xFB, 0x08, 0xFB, 0x08, 0xFB, 0x08, 0xFB, 0x08, 0xFB, 0x08,
    0xFB, 0x08, 0xFB, 0x08, 0xFB, 0x08, 0xFB, 0x08, 0xFB, 0x08, 0xFB, 0x08, 0xFB, 0x08, 0xFB, 0x08, 0xFB, 0x08, 0xFB,
    0x08, 0xFB, 0x08, 0xFB, 0x08, 0xFB, 0x08, 0xFB, 0x08, 0xFB, 0x08, 0xFB, 0x08, 0xFB, 0x08, 0xFB, 0x08, 0xFB, 0x08,
    0xFB, 0x08, 0xFB, 0x08, 0xFB, 0x08, 0xFB, 0x08, 0xFB, 0x08, 0xFB, 0x08, 0xFB, 0x08, 0xFB, 0x08, 0xFB, 0x08, 0xFB,
    0x08, 0xFB, 0x08, 0xFB, 0x08, 0xFB, 0x08, 0xFB, 0x08, 0xFB, 0x08, 0xFB, 0x08, 0xFB, 0x08, 0xFB, 0x08, 0xFB, 0x08,
    0xFB, 0x08, 0xFB, 0x08, 0xFB, 0x08, 0xFB, 0x08, 0xFB, 0x08, 0xFB, 0x08, 0xFB, 0x08, 0xFB, 0x08, 0xFB, 0x08, 0xFB,
    0x08, 0xFB, 0x08, 0xFB, 0x08, 0xFB, 0x08, 0xFB, 0x08, 0xFB, 0x08, 0xFB, 0x08, 0xFB, 0x08, 0xFB, 0x08, 0xFB, 0x08,
    0xFB, 0x08, 0xFB, 0x08, 0xFB, 0x08, 0xFB, 0x08, 0xFB, 0x08, 0xFB, 0x08, 0xFB, 0x08, 0xFB, 0x08, 0xFB, 0x08, 0xFB,
    0x08, 0xFB, 0x08, 0xFB, 0x08, 0xFB, 0x08, 0xFB, 0x08, 0xFB, 0x08, 0xFB, 0x08, 0xFB, 0x08, 0xFB, 0x08, 0xFB, 0x08,
    0xFB, 0x08, 0xFB, 0x08, 0xFB, 0x08, 0xFB, 0x08, 0xFB, 0x08, 0xFB, 0x08, 0xFB, 0x08, 0xFB, 0x08, 0xFB, 0x08, 0xFB,
    0x08, 0xFB, 0x08, 0xFB, 0x08, 0xFB, 0x08, 0xFB, 0x08, 0xFB, 0x08, 0xFB, 0x08, 0xFB, 0x08, 0xFB, 0x08, 0xFB, 0x08,
    0xFB, 0x08, 0xFB, 0x08, 0xFB, 0x08, 0xFB, 0x08, 0xFB, 0x08, 0xFB, 0x08, 0xFB, 0x08, 0xFB, 0x08, 0xFB, 0x08, 0xFB,
    0x08, 0xFB, 0x08, 0xFB, 0x08, 0xFB, 0x08, 0xFB, 0xE8, 0xF2, 0x08, 0xFB, 0x64, 0x81, 0xA2, 0x50, 0xA2, 0x50, 0xA2,
    0x48, 0xA2, 0x48, 0x82, 0x40, 0x81, 0x38, 0x61, 0x38, 0x61, 0x30, 0x61, 0x28, 0x41, 0x28, 0x41, 0x20, 0x41, 0x20,
    0x40, 0x18, 0x20, 0x18, 0x20, 0x10, 0x20, 0x10, 0x20, 0x10, 0x20, 0x08, 0x00, 0x08, 0x00, 0x08, 0x00, 0x08, 0x00,
    0x00, 0x00, 0x00, 0x00, 0x00, 0x00, 0x00, 0x00, 0x00, 0x00, 0x00, 0x00, 0x00, 0x00, 0x00, 0x00, 0x00, 0x00, 0x00,
    0x00, 0x00, 0x00, 0x00, 0x00, 0x00, 0x00, 0x00, 0x00, 0x00, 0x00, 0x00, 0x00, 0x00, 0x00, 0x00, 0x00, 0x00, 0x00,
    0x00, 0x00, 0x00, 0x00, 0x00, 0x00, 0x00, 0x00, 0x08, 0x00, 0x08, 0x00, 0x08, 0x00, 0x08, 0x20, 0x10, 0x20, 0x10,
    0x20, 0x10, 0x20, 0x18, 0x20, 0x18, 0x40, 0x18, 0x41, 0x20, 0x41, 0x28, 0x41, 0x28, 0x61, 0x30, 0x61, 0x30, 0x81,
    0x38, 0x81, 0x40, 0x82, 0x40, 0xA2, 0x48, 0xA2, 0x50, 0xA2, 0x50, 0xE3, 0x68, 0xC8, 0xEA, 0x08, 0xFB, 0xE8, 0xF2,
    0x08, 0xFB, 0xE8, 0xFA, 0x08, 0xFB, 0x08, 0xFB, 0x08, 0xFB, 0x08, 0xFB, 0x08, 0xFB, 0x08, 0xFB, 0x08, 0xFB, 0x08,
    0xFB, 0x08, 0xFB, 0x08, 0xFB, 0x08, 0xFB, 0x08, 0xFB, 0x08, 0xFB, 0x08, 0xFB, 0x08, 0xFB, 0x08, 0xFB, 0x08, 0xFB,
    0x08, 0xFB, 0x08, 0xFB, 0x08, 0xFB, 0x08, 0xFB, 0x08, 0xFB, 0x08, 0xFB, 0x08, 0xFB, 0x08, 0xFB, 0x08, 0xFB, 0x08,
    0xFB, 0x08, 0xFB, 0x08, 0xFB, 0x08, 0xFB, 0x08, 0xFB, 0x08, 0xFB, 0x08, 0xFB, 0x08, 0xFB, 0x08, 0xFB, 0x08, 0xFB,
    0x08, 0xFB, 0x08, 0xFB, 0x08, 0xFB, 0x08, 0xFB, 0x08, 0xFB, 0x08, 0xFB, 0x08, 0xFB, 0x08, 0xFB, 0x08, 0xFB, 0x08,
    0xFB, 0x08, 0xFB, 0x08, 0xFB, 0x08, 0xFB, 0x08, 0xFB, 0x08, 0xFB, 0x08, 0xFB, 0x08, 0xFB, 0x08, 0xFB, 0x08, 0xFB,
    0x08, 0xFB, 0x08, 0xFB, 0x08, 0xFB, 0x08, 0xFB, 0x08, 0xFB, 0x08, 0xFB, 0x08, 0xFB, 0x08, 0xFB, 0x08, 0xFB, 0x08,
    0xFB, 0x08, 0xFB, 0x08, 0xFB, 0x08, 0xFB, 0x08, 0xFB, 0x08, 0xFB, 0x08, 0xFB, 0x08, 0xFB, 0x08, 0xFB, 0x08, 0xFB,
    0x08, 0xFB, 0x08, 0xFB, 0x08, 0xFB, 0x08, 0xFB, 0x08, 0xFB, 0x08, 0xFB, 0x08, 0xFB, 0x08, 0xFB, 0x08, 0xFB, 0x08,
    0xFB, 0x08, 0xFB, 0x08, 0xFB, 0x08, 0xFB, 0x08, 0xFB, 0x08, 0xFB, 0x08, 0xFB, 0x08, 0xFB, 0x08, 0xFB, 0x08, 0xFB,
    0x08, 0xFB, 0x08, 0xFB, 0x08, 0xFB, 0x08, 0xFB, 0x08, 0xFB, 0x08, 0xFB, 0x08, 0xFB, 0x08, 0xFB, 0x08, 0xFB, 0x08,
    0xFB, 0x08, 0xFB, 0x08, 0xFB, 0x08, 0xFB, 0x08, 0xFB, 0x08, 0xFB, 0x08, 0xFB, 0x08, 0xFB, 0x08, 0xFB, 0x08, 0xFB,
    0x08, 0xFB, 0x08, 0xFB, 0x08, 0xFB, 0x08, 0xFB, 0x08, 0xFB, 0x08, 0xFB, 0x08, 0xFB, 0x08, 0xFB, 0x08, 0xFB, 0x08,
    0xFB, 0x08, 0xFB, 0x08, 0xFB, 0xE8, 0xFA, 0x08, 0xFB, 0xE8, 0xF2, 0x08, 0xFB, 0xC8, 0xEA, 0xE3, 0x68, 0xA2, 0x50,
    0xA2, 0x50, 0xA2, 0x48, 0x82, 0x40, 0x81, 0x40, 0x81, 0x38, 0x61, 0x30, 0x61, 0x30, 0x41, 0x28, 0x41, 0x28, 0x41,
    0x20, 0x40, 0x18, 0x20, 0x18, 0x20, 0x18, 0x20, 0x10, 0x20, 0x10, 0x20, 0x10, 0x00, 0x08, 0x00, 0x08, 0x00, 0x08,
    0x00, 0x08, 0x00, 0x00, 0x00, 0x00, 0x00, 0x00, 0x00, 0x00, 0x00, 0x00, 0x00, 0x00, 0x00, 0x00, 0x00, 0x00, 0x00,
    0x00, 0x00, 0x00, 0x00, 0x00, 0x00, 0x00, 0x00, 0x00, 0x00, 0x00, 0x00, 0x00, 0x00, 0x00, 0x00, 0x00, 0x00, 0x00,
    0x00, 0x00, 0x00, 0x00, 0x00, 0x00, 0x00, 0x00, 0x00, 0x08, 0x00, 0x08, 0x00, 0x08, 0x20, 0x08, 0x20, 0x10, 0x20,
    0x10, 0x20, 0x10, 0x20, 0x18, 0x40, 0x18, 0x41, 0x20, 0x41, 0x20, 0x41, 0x28, 0x61, 0x28, 0x61, 0x30, 0x81, 0x38,
    0x81, 0x38, 0x82, 0x40, 0xA2, 0x48, 0xA2, 0x50, 0xC2, 0x50, 0xA2, 0x50, 0x67, 0xD2, 0x08, 0xFB, 0xE8, 0xF2, 0xE8,
    0xFA, 0xE8, 0xFA, 0xE8, 0xFA, 0xE8, 0xFA, 0xE8, 0xFA, 0xE8, 0xFA, 0xE8, 0xFA, 0xE8, 0xFA, 0xE8, 0xFA, 0xE8, 0xFA,
    0xE8, 0xFA, 0xE8, 0xFA, 0xE8, 0xFA, 0xE8, 0xFA, 0xE8, 0xFA, 0xE8, 0xFA, 0xE8, 0xFA, 0xE8, 0xFA, 0xE8, 0xFA, 0xE8,
    0xFA, 0xE8, 0xFA, 0xE8, 0xFA, 0xE8, 0xFA, 0xE8, 0xFA, 0xE8, 0xFA, 0xE8, 0xFA, 0xE8, 0xFA, 0xE8, 0xFA, 0xE8, 0xFA,
    0xE8, 0xFA, 0xE8, 0xFA, 0xE8, 0xFA, 0xE8, 0xFA, 0xE8, 0xFA, 0xE8, 0xFA, 0xE8, 0xFA, 0xE8, 0xFA, 0xE8, 0xFA, 0xE8,
    0xFA, 0xE8, 0xFA, 0xE8, 0xFA, 0xE8, 0xFA, 0xE8, 0xFA, 0xE8, 0xFA, 0xE8, 0xFA, 0xE8, 0xFA, 0xE8, 0xFA, 0xE8, 0xFA,
    0xE8, 0xFA, 0xE8, 0xFA, 0xE8, 0xFA, 0xE8, 0xFA, 0xE8, 0xFA, 0xE8, 0xFA, 0xE8, 0xFA, 0xE8, 0xFA, 0xE8, 0xFA, 0xE8,
    0xFA, 0xE8, 0xFA, 0xE8, 0xFA, 0xE8, 0xFA, 0xE8, 0xFA, 0xE8, 0xFA, 0xE8, 0xFA, 0xE8, 0xFA, 0xE8, 0xFA, 0xE8, 0xFA,
    0xE8, 0xFA, 0xE8, 0xFA, 0xE8, 0xFA, 0xE8, 0xFA, 0xE8, 0xFA, 0xE8, 0xFA, 0xE8, 0xFA, 0xE8, 0xFA, 0xE8, 0xFA, 0xE8,
    0xFA, 0xE8, 0xFA, 0xE8, 0xFA, 0xE8, 0xFA, 0xE8, 0xFA, 0xE8, 0xFA, 0xE8, 0xFA, 0xE8, 0xFA, 0xE8, 0xFA, 0xE8, 0xFA,
    0xE8, 0xFA, 0xE8, 0xFA, 0xE8, 0xFA, 0xE8, 0xFA, 0xE8, 0xFA, 0xE8, 0xFA, 0xE8, 0xFA, 0xE8, 0xFA, 0xE8, 0xFA, 0xE8,
    0xFA, 0xE8, 0xFA, 0xE8, 0xFA, 0xE8, 0xFA, 0xE8, 0xFA, 0xE8, 0xFA, 0xE8, 0xFA, 0xE8, 0xFA, 0xE8, 0xFA, 0xE8, 0xFA,
    0xE8, 0xFA, 0xE8, 0xFA, 0xE8, 0xFA, 0xE8, 0xFA, 0xE8, 0xFA, 0xE8, 0xFA, 0xE8, 0xFA, 0xE8, 0xFA, 0xE8, 0xFA, 0xE8,
    0xFA, 0xE8, 0xFA, 0xE8, 0xFA, 0xE8, 0xFA, 0xE8, 0xFA, 0xE8, 0xFA, 0xE8, 0xFA, 0xE8, 0xFA, 0xE8, 0xFA, 0xE8, 0xFA,
    0xE8, 0xFA, 0xE8, 0xFA, 0xE8, 0xFA, 0xE8, 0xFA, 0xE8, 0xFA, 0xE8, 0xFA, 0xE8, 0xF2, 0x08, 0xFB, 0x67, 0xD2, 0xA2,
    0x50, 0xC2, 0x50, 0xA2, 0x50, 0xA2, 0x48, 0x82, 0x40, 0x81, 0x38, 0x81, 0x38, 0x61, 0x30, 0x61, 0x28, 0x41, 0x28,
    0x41, 0x20, 0x41, 0x20, 0x40, 0x18, 0x20, 0x18, 0x20, 0x10, 0x20, 0x10, 0x20, 0x10, 0x20, 0x08, 0x00, 0x08, 0x00,
    0x08, 0x00, 0x08, 0x00, 0x00, 0x00, 0x00, 0x00, 0x00, 0x00, 0x00, 0x00, 0x00, 0x00, 0x00, 0x00, 0x00, 0x00, 0x00,
    0x00, 0x00, 0x00, 0x00, 0x00, 0x00, 0x00, 0x00, 0x00, 0x00, 0x00, 0x00, 0x00, 0x00, 0x00, 0x00, 0x00, 0x00, 0x00,
    0x00, 0x00, 0x00, 0x00, 0x00, 0x00, 0x00, 0x00, 0x00, 0x00, 0x08, 0x00, 0x08, 0x00, 0x08, 0x20, 0x10, 0x20, 0x10,
    0x20, 0x10, 0x20, 0x18, 0x20, 0x18, 0x40, 0x20, 0x41, 0x20, 0x41, 0x28, 0x61, 0x28, 0x61, 0x30, 0x61, 0x30, 0x81,
    0x38, 0x81, 0x40, 0xA2, 0x48, 0xA2, 0x48, 0xC2, 0x50, 0x82, 0x48, 0xA5, 0x99, 0x28, 0xFB, 0xE8, 0xF2, 0xE8, 0xFA,
    0xE8, 0xFA, 0xE8, 0xFA, 0xE8, 0xFA, 0xE8, 0xFA, 0xE8, 0xFA, 0xE8, 0xFA, 0xE8, 0xFA, 0xE8, 0xFA, 0xE8, 0xFA, 0xE8,
    0xFA, 0xE8, 0xFA, 0xE8, 0xFA, 0xE8, 0xFA, 0xE8, 0xFA, 0xE8, 0xFA, 0xE8, 0xFA, 0xE8, 0xFA, 0xE8, 0xFA, 0xE8, 0xFA,
    0xE8, 0xFA, 0xE8, 0xFA, 0xE8, 0xFA, 0xE8, 0xFA, 0xE8, 0xFA, 0xE8, 0xFA, 0xE8, 0xFA, 0xE8, 0xFA, 0xE8, 0xFA, 0xE8,
    0xFA, 0xE8, 0xFA, 0xE8, 0xFA, 0xE8, 0xFA, 0xE8, 0xFA, 0xE8, 0xFA, 0xE8, 0xFA, 0xE8, 0xFA, 0xE8, 0xFA, 0xE8, 0xFA,
    0xE8, 0xFA, 0xE8, 0xFA, 0xE8, 0xFA, 0xE8, 0xFA, 0xE8, 0xFA, 0xE8, 0xFA, 0xE8, 0xFA, 0xE8, 0xFA, 0xE8, 0xFA, 0xE8,
    0xFA, 0xE8, 0xFA, 0xE8, 0xFA, 0xE8, 0xFA, 0xE8, 0xFA, 0xE8, 0xFA, 0xE8, 0xFA, 0xE8, 0xFA, 0xE8, 0xFA, 0xE8, 0xFA,
    0xE8, 0xFA, 0xE8, 0xFA, 0xE8, 0xFA, 0xE8, 0xFA, 0xE8, 0xFA, 0xE8, 0xFA, 0xE8, 0xFA, 0xE8, 0xFA, 0xE8, 0xFA, 0xE8,
    0xFA, 0xE8, 0xFA, 0xE8, 0xFA, 0xE8, 0xFA, 0xE8, 0xFA, 0xE8, 0xFA, 0xE8, 0xFA, 0xE8, 0xFA, 0xE8, 0xFA, 0xE8, 0xFA,
    0xE8, 0xFA, 0xE8, 0xFA, 0xE8, 0xFA, 0xE8, 0xFA, 0xE8, 0xFA, 0xE8, 0xFA, 0xE8, 0xFA, 0xE8, 0xFA, 0xE8, 0xFA, 0xE8,
    0xFA, 0xE8, 0xFA, 0xE8, 0xFA, 0xE8, 0xFA, 0xE8, 0xFA, 0xE8, 0xFA, 0xE8, 0xFA, 0xE8, 0xFA, 0xE8, 0xFA, 0xE8, 0xFA,
    0xE8, 0xFA, 0xE8, 0xFA, 0xE8, 0xFA, 0xE8, 0xFA, 0xE8, 0xFA, 0xE8, 0xFA, 0xE8, 0xFA, 0xE8, 0xFA, 0xE8, 0xFA, 0xE8,
    0xFA, 0xE8, 0xFA, 0xE8, 0xFA, 0xE8, 0xFA, 0xE8, 0xFA, 0xE8, 0xFA, 0xE8, 0xFA, 0xE8, 0xFA, 0xE8, 0xFA, 0xE8, 0xFA,
    0xE8, 0xFA, 0xE8, 0xFA, 0xE8, 0xFA, 0xE8, 0xFA, 0xE8, 0xFA, 0xE8, 0xFA, 0xE8, 0xFA, 0xE8, 0xFA, 0xE8, 0xFA, 0xE8,
    0xFA, 0xE8, 0xFA, 0xE8, 0xFA, 0xE8, 0xFA, 0xE8, 0xFA, 0xE8, 0xFA, 0xE8, 0xFA, 0xE8, 0xFA, 0xE8, 0xF2, 0x28, 0xFB,
    0xA5, 0x99, 0x82, 0x48, 0xC2, 0x50, 0xA2, 0x48, 0xA2, 0x48, 0x81, 0x40, 0x81, 0x38, 0x61, 0x30, 0x61, 0x30, 0x61,
    0x28, 0x41, 0x28, 0x41, 0x20, 0x40, 0x20, 0x20, 0x18, 0x20, 0x18, 0x20, 0x10, 0x20, 0x10, 0x20, 0x10, 0x00, 0x08,
    0x00, 0x08, 0x00, 0x08, 0x00, 0x00, 0x00, 0x00, 0x00, 0x00, 0x00, 0x00, 0x00, 0x00, 0x00, 0x00, 0x00, 0x00, 0x00,
    0x00, 0x00, 0x00, 0x00, 0x00, 0x00, 0x00, 0x00, 0x00, 0x00, 0x00, 0x00, 0x00, 0x00, 0x00, 0x00, 0x00, 0x00, 0x00,
    0x00, 0x00, 0x00, 0x00, 0x00, 0x00, 0x00, 0x00, 0x00, 0x08, 0x00, 0x08, 0x00, 0x08, 0x20, 0x08, 0x20, 0x10, 0x20,
    0x10, 0x20, 0x10, 0x20, 0x18, 0x40, 0x18, 0x40, 0x20, 0x41, 0x20, 0x41, 0x28, 0x61, 0x30, 0x61, 0x30, 0x81, 0x38,
    0x81, 0x40, 0x82, 0x40, 0xA2, 0x48, 0xA2, 0x50, 0xA2, 0x50, 0x03, 0x71, 0xE8, 0xF2, 0xE8, 0xFA, 0xE8, 0xF2, 0xE8,
    0xFA, 0xE8, 0xFA, 0xE8, 0xFA, 0xE8, 0xFA, 0xE8, 0xFA, 0xE8, 0xFA, 0xE8, 0xFA, 0xE8, 0xFA, 0xE8, 0xFA, 0xE8, 0xFA,
    0xE8, 0xFA, 0xE8, 0xFA, 0xE8, 0xFA, 0xE8, 0xFA, 0xE8, 0xFA, 0xE8, 0xFA, 0xE8, 0xFA, 0xE8, 0xFA, 0xE8, 0xFA, 0xE8,
    0xFA, 0xE8, 0xFA, 0xE8, 0xFA, 0xE8, 0xFA, 0xE8, 0xFA, 0xE8, 0xFA, 0xE8, 0xFA, 0xE8, 0xFA, 0xE8, 0xFA, 0xE8, 0xFA,
    0xE8, 0xFA, 0xE8, 0xFA, 0xE8, 0xFA, 0xE8, 0xFA, 0xE8, 0xFA, 0xE8, 0xFA, 0xE8, 0xFA, 0xE8, 0xFA, 0xE8, 0xFA, 0xE8,
    0xFA, 0xE8, 0xFA, 0xE8, 0xFA, 0xE8, 0xFA, 0xE8, 0xFA, 0xE8, 0xFA, 0xE8, 0xFA, 0xE8, 0xFA, 0xE8, 0xFA, 0xE8, 0xFA,
    0xE8, 0xFA, 0xE8, 0xFA, 0xE8, 0xFA, 0xE8, 0xFA, 0xE8, 0xFA, 0xE8, 0xFA, 0xE8, 0xFA, 0xE8, 0xFA, 0xE8, 0xFA, 0xE8,
    0xFA, 0xE8, 0xFA, 0xE8, 0xFA, 0xE8, 0xFA, 0xE8, 0xFA, 0xE8, 0xFA, 0xE8, 0xFA, 0xE8, 0xFA, 0xE8, 0xFA, 0xE8, 0xFA,
    0xE8, 0xFA, 0xE8, 0xFA, 0xE8, 0xFA, 0xE8, 0xFA, 0xE8, 0xFA, 0xE8, 0xFA, 0xE8, 0xFA, 0xE8, 0xFA, 0xE8, 0xFA, 0xE8,
    0xFA, 0xE8, 0xFA, 0xE8, 0xFA, 0xE8, 0xFA, 0xE8, 0xFA, 0xE8, 0xFA, 0xE8, 0xFA, 0xE8, 0xFA, 0xE8, 0xFA, 0xE8, 0xFA,
    0xE8, 0xFA, 0xE8, 0xFA, 0xE8, 0xFA, 0xE8, 0xFA, 0xE8, 0xFA, 0xE8, 0xFA, 0xE8, 0xFA, 0xE8, 0xFA, 0xE8, 0xFA, 0xE8,
    0xFA, 0xE8, 0xFA, 0xE8, 0xFA, 0xE8, 0xFA, 0xE8, 0xFA, 0xE8, 0xFA, 0xE8, 0xFA, 0xE8, 0xFA, 0xE8, 0xFA, 0xE8, 0xFA,
    0xE8, 0xFA, 0xE8, 0xFA, 0xE8, 0xFA, 0xE8, 0xFA, 0xE8, 0xFA, 0xE8, 0xFA, 0xE8, 0xFA, 0xE8, 0xFA, 0xE8, 0xFA, 0xE8,
    0xFA, 0xE8, 0xFA, 0xE8, 0xFA, 0xE8, 0xFA, 0xE8, 0xFA, 0xE8, 0xFA, 0xE8, 0xFA, 0xE8, 0xFA, 0xE8, 0xFA, 0xE8, 0xFA,
    0xE8, 0xFA, 0xE8, 0xFA, 0xE8, 0xFA, 0xE8, 0xFA, 0xE8, 0xFA, 0xE8, 0xFA, 0xE8, 0xFA, 0xE8, 0xFA, 0xE8, 0xF2, 0xE8,
    0xFA, 0xE8, 0xF2, 0x03, 0x71, 0xA2, 0x50, 0xA2, 0x50, 0xA2, 0x48, 0x82, 0x40, 0x81, 0x40, 0x81, 0x38, 0x61, 0x30,
    0x61, 0x30, 0x41, 0x28, 0x41, 0x20, 0x40, 0x20, 0x40, 0x18, 0x20, 0x18, 0x20, 0x10, 0x20, 0x10, 0x20, 0x10, 0x20,
    0x08, 0x00, 0x08, 0x00, 0x08, 0x00, 0x08, 0x00, 0x00, 0x00, 0x00, 0x00, 0x00, 0x00, 0x00, 0x00, 0x00, 0x00, 0x00,
    0x00, 0x00, 0x00, 0x00, 0x00, 0x00, 0x00, 0x00, 0x00, 0x00, 0x00, 0x00, 0x00, 0x00, 0x00, 0x00, 0x00, 0x00, 0x00,
    0x00, 0x00, 0x00, 0x00, 0x00, 0x00, 0x00, 0x00, 0x00, 0x00, 0x08, 0x00, 0x08, 0x00, 0x08, 0x20, 0x10, 0x20, 0x10,
    0x20, 0x10, 0x20, 0x18, 0x20, 0x18, 0x40, 0x20, 0x41, 0x20, 0x41, 0x28, 0x61, 0x28, 0x61, 0x30, 0x61, 0x38, 0x81,
    0x38, 0x82, 0x40, 0xA2, 0x48, 0xA2, 0x48, 0xC2, 0x50, 0xA2, 0x50, 0x46, 0xC2, 0x08, 0xFB, 0xE8, 0xF2, 0xE8, 0xF2,
    0xE8, 0xF2, 0xE8, 0xF2, 0xE8, 0xF2, 0xE8, 0xF2, 0xE8, 0xF2, 0xE8, 0xF2, 0xE8, 0xF2, 0xE8, 0xF2, 0xE8, 0xF2, 0xE8,
    0xF2, 0xE8, 0xF2, 0xE8, 0xF2, 0xE8, 0xF2, 0xE8, 0xF2, 0xE8, 0xF2, 0xE8, 0xF2, 0xE8, 0xF2, 0xE8, 0xF2, 0xE8, 0xF2,
    0xE8, 0xF2, 0xE8, 0xF2, 0xE8, 0xF2, 0xE8, 0xF2, 0xE8, 0xF2, 0xE8, 0xF2, 0xE8, 0xF2, 0xE8, 0xF2, 0xE8, 0xF2, 0xE8,
    0xF2, 0xE8, 0xF2, 0xE8, 0xF2, 0xE8, 0xF2, 0xE8, 0xF2, 0xE8, 0xF2, 0xE8, 0xF2, 0xE8, 0xF2, 0xE8, 0xF2, 0xE8, 0xF2,
    0xE8, 0xF2, 0xE8, 0xF2, 0xE8, 0xF2, 0xE8, 0xF2, 0xE8, 0xF2, 0xE8, 0xF2, 0xE8, 0xF2, 0xE8, 0xF2, 0xE8, 0xF2, 0xE8,
    0xF2, 0xE8, 0xF2, 0xE8, 0xF2, 0xE8, 0xF2, 0xE8, 0xF2, 0xE8, 0xF2, 0xE8, 0xF2, 0xE8, 0xF2, 0xE8, 0xF2, 0xE8, 0xF2,
    0xE8, 0xF2, 0xE8, 0xF2, 0xE8, 0xF2, 0xE8, 0xF2, 0xE8, 0xF2, 0xE8, 0xF2, 0xE8, 0xF2, 0xE8, 0xF2, 0xE8, 0xF2, 0xE8,
    0xF2, 0xE8, 0xF2, 0xE8, 0xF2, 0xE8, 0xF2, 0xE8, 0xF2, 0xE8, 0xF2, 0xE8, 0xF2, 0xE8, 0xF2, 0xE8, 0xF2, 0xE8, 0xF2,
    0xE8, 0xF2, 0xE8, 0xF2, 0xE8, 0xF2, 0xE8, 0xF2, 0xE8, 0xF2, 0xE8, 0xF2, 0xE8, 0xF2, 0xE8, 0xF2, 0xE8, 0xF2, 0xE8,
    0xF2, 0xE8, 0xF2, 0xE8, 0xF2, 0xE8, 0xF2, 0xE8, 0xF2, 0xE8, 0xF2, 0xE8, 0xF2, 0xE8, 0xF2, 0xE8, 0xF2, 0xE8, 0xF2,
    0xE8, 0xF2, 0xE8, 0xF2, 0xE8, 0xF2, 0xE8, 0xF2, 0xE8, 0xF2, 0xE8, 0xF2, 0xE8, 0xF2, 0xE8, 0xF2, 0xE8, 0xF2, 0xE8,
    0xF2, 0xE8, 0xF2, 0xE8, 0xF2, 0xE8, 0xF2, 0xE8, 0xF2, 0xE8, 0xF2, 0xE8, 0xF2, 0xE8, 0xF2, 0xE8, 0xF2, 0xE8, 0xF2,
    0xE8, 0xF2, 0xE8, 0xF2, 0xE8, 0xF2, 0xE8, 0xF2, 0xE8, 0xF2, 0xE8, 0xF2, 0xE8, 0xF2, 0xE8, 0xF2, 0xE8, 0xF2, 0xE8,
    0xF2, 0xE8, 0xF2, 0xE8, 0xF2, 0xE8, 0xF2, 0xE8, 0xF2, 0xE8, 0xF2, 0xE8, 0xF2, 0xE8, 0xF2, 0xE8, 0xF2, 0xE8, 0xF2,
    0xE8, 0xF2, 0x08, 0xFB, 0x46, 0xC2, 0xA2, 0x50, 0xC2, 0x50, 0xA2, 0x48, 0xA2, 0x48, 0x82, 0x40, 0x81, 0x38, 0x61,
    0x38, 0x61, 0x30, 0x61, 0x28, 0x41, 0x28, 0x41, 0x20, 0x40, 0x20, 0x20, 0x18, 0x20, 0x18, 0x20, 0x10, 0x20, 0x10,
    0x20, 0x10, 0x00, 0x08, 0x00, 0x08, 0x00, 0x08, 0x00, 0x00, 0x00, 0x00, 0x00, 0x00, 0x00, 0x00, 0x00, 0x00, 0x00,
    0x00, 0x00, 0x00, 0x00, 0x00, 0x00, 0x00, 0x00, 0x00, 0x00, 0x00, 0x00, 0x00, 0x00, 0x00, 0x00, 0x00, 0x00, 0x00,
    0x00, 0x00, 0x00, 0x00, 0x00, 0x00, 0x00, 0x00, 0x00, 0x00, 0x00, 0x08, 0x00, 0x08, 0x20, 0x08, 0x20, 0x10, 0x20,
    0x10, 0x20, 0x10, 0x20, 0x18, 0x40, 0x18, 0x40, 0x20, 0x41, 0x20, 0x41, 0x28, 0x61, 0x30, 0x61, 0x30, 0x81, 0x38,
    0x81, 0x40, 0x82, 0x40, 0xA2, 0x48, 0xA2, 0x50, 0xA2, 0x50, 0x44, 0x81, 0x08, 0xFB, 0xE8, 0xF2, 0xE8, 0xF2, 0xE8,
    0xF2, 0xE8, 0xF2, 0xE8, 0xF2, 0xE8, 0xF2, 0xE8, 0xF2, 0xE8, 0xF2, 0xE8, 0xF2, 0xE8, 0xF2, 0xE8, 0xF2, 0xE8, 0xF2,
    0xE8, 0xF2, 0xE8, 0xF2, 0xE8, 0xF2, 0xE8, 0xF2, 0xE8, 0xF2, 0xE8, 0xF2, 0xE8, 0xF2, 0xE8, 0xF2, 0xE8, 0xF2, 0xE8,
    0xF2, 0xE8, 0xF2, 0xE8, 0xF2, 0xE8, 0xF2, 0xE8, 0xF2, 0xE8, 0xF2, 0xE8, 0xF2, 0xE8, 0xF2, 0xE8, 0xF2, 0xE8, 0xF2,
    0xE8, 0xF2, 0xE8, 0xF2, 0xE8, 0xF2, 0xE8, 0xF2, 0xE8, 0xF2, 0xE8, 0xF2, 0xE8, 0xF2, 0xE8, 0xF2, 0xE8, 0xF2, 0xE8,
    0xF2, 0xE8, 0xF2, 0xE8, 0xF2, 0xE8, 0xF2, 0xE8, 0xF2, 0xE8, 0xF2, 0xE8, 0xF2, 0xE8, 0xF2, 0xE8, 0xF2, 0xE8, 0xF2,
    0xE8, 0xF2, 0xE8, 0xF2, 0xE8, 0xF2, 0xE8, 0xF2, 0xE8, 0xF2, 0xE8, 0xF2, 0xE8, 0xF2, 0xE8, 0xF2, 0xE8, 0xF2, 0xE8,
    0xF2, 0xE8, 0xF2, 0xE8, 0xF2, 0xE8, 0xF2, 0xE8, 0xF2, 0xE8, 0xF2, 0xE8, 0xF2, 0xE8, 0xF2, 0xE8, 0xF2, 0xE8, 0xF2,
    0xE8, 0xF2, 0xE8, 0xF2, 0xE8, 0xF2, 0xE8, 0xF2, 0xE8, 0xF2, 0xE8, 0xF2, 0xE8, 0xF2, 0xE8, 0xF2, 0xE8, 0xF2, 0xE8,
    0xF2, 0xE8, 0xF2, 0xE8, 0xF2, 0xE8, 0xF2, 0xE8, 0xF2, 0xE8, 0xF2, 0xE8, 0xF2, 0xE8, 0xF2, 0xE8, 0xF2, 0xE8, 0xF2,
    0xE8, 0xF2, 0xE8, 0xF2, 0xE8, 0xF2, 0xE8, 0xF2, 0xE8, 0xF2, 0xE8, 0xF2, 0xE8, 0xF2, 0xE8, 0xF2, 0xE8, 0xF2, 0xE8,
    0xF2, 0xE8, 0xF2, 0xE8, 0xF2, 0xE8, 0xF2, 0xE8, 0xF2, 0xE8, 0xF2, 0xE8, 0xF2, 0xE8, 0xF2, 0xE8, 0xF2, 0xE8, 0xF2,
    0xE8, 0xF2, 0xE8, 0xF2, 0xE8, 0xF2, 0xE8, 0xF2, 0xE8, 0xF2, 0xE8, 0xF2, 0xE8, 0xF2, 0xE8, 0xF2, 0xE8, 0xF2, 0xE8,
    0xF2, 0xE8, 0xF2, 0xE8, 0xF2, 0xE8, 0xF2, 0xE8, 0xF2, 0xE8, 0xF2, 0xE8, 0xF2, 0xE8, 0xF2, 0xE8, 0xF2, 0xE8, 0xF2,
    0xE8, 0xF2, 0xE8, 0xF2, 0xE8, 0xF2, 0xE8, 0xF2, 0xE8, 0xF2, 0xE8, 0xF2, 0xE8, 0xF2, 0xE8, 0xF2, 0xE8, 0xF2, 0xE8,
    0xF2, 0xE8, 0xF2, 0xE8, 0xF2, 0x08, 0xFB, 0x44, 0x81, 0xA2, 0x50, 0xA2, 0x50, 0xA2, 0x48, 0x82, 0x40, 0x81, 0x40,
    0x81, 0x38, 0x61, 0x30, 0x61, 0x30, 0x41, 0x28, 0x41, 0x20, 0x40, 0x20, 0x40, 0x18, 0x20, 0x18, 0x20, 0x10, 0x20,
    0x10, 0x20, 0x10, 0x20, 0x08, 0x00, 0x08, 0x00, 0x08, 0x00, 0x00, 0x00, 0x00, 0x00, 0x00, 0x00, 0x00, 0x00, 0x00,
    0x00, 0x00, 0x00, 0x00, 0x00, 0x00, 0x00, 0x00, 0x00, 0x00, 0x00, 0x00, 0x00, 0x00, 0x00, 0x00, 0x00, 0x00, 0x00,
    0x00, 0x00, 0x00, 0x00, 0x00, 0x00, 0x00, 0x00, 0x00, 0x00, 0x08, 0x00, 0x08, 0x00, 0x08, 0x20, 0x08, 0x20, 0x10,
    0x20, 0x10, 0x20, 0x18, 0x20, 0x18, 0x40, 0x18, 0x41, 0x20, 0x41, 0x28, 0x61, 0x28, 0x61, 0x30, 0x61, 0x38, 0x81,
    0x38, 0x82, 0x40, 0xA2, 0x48, 0xA2, 0x50, 0xC2, 0x50, 0xA2, 0x50, 0x67, 0xD2, 0x08, 0xFB, 0xE8, 0xF2, 0xE8, 0xF2,
    0xE8, 0xF2, 0xE8, 0xF2, 0xE8, 0xF2, 0xE8, 0xF2, 0xE8, 0xF2, 0xE8, 0xF2, 0xE8, 0xF2, 0xE8, 0xF2, 0xE8, 0xF2, 0xE8,
    0xF2, 0xE8, 0xF2, 0xE8, 0xF2, 0xE8, 0xF2, 0xE8, 0xF2, 0xE8, 0xF2, 0xE8, 0xF2, 0xE8, 0xF2, 0xE8, 0xF2, 0xE8, 0xF2,
    0xE8, 0xF2, 0xE8, 0xF2, 0xE8, 0xF2, 0xE8, 0xF2, 0xE8, 0xF2, 0xE8, 0xF2, 0xE8, 0xF2, 0xE8, 0xF2, 0xE8, 0xF2, 0xE8,
    0xF2, 0xE8, 0xF2, 0xE8, 0xF2, 0xE8, 0xF2, 0xE8, 0xF2, 0xE8, 0xF2, 0xE8, 0xF2, 0xE8, 0xF2, 0xE8, 0xF2, 0xE8, 0xF2,
    0xE8, 0xF2, 0xE8, 0xF2, 0xE8, 0xF2, 0xE8, 0xF2, 0xE8, 0xF2, 0xE8, 0xF2, 0xE8, 0xF2, 0xE8, 0xF2, 0xE8, 0xF2, 0xE8,
    0xF2, 0xE8, 0xF2, 0xE8, 0xF2, 0xE8, 0xF2, 0xE8, 0xF2, 0xE8, 0xF2, 0xE8, 0xF2, 0xE8, 0xF2, 0xE8, 0xF2, 0xE8, 0xF2,
    0xE8, 0xF2, 0xE8, 0xF2, 0xE8, 0xF2, 0xE8, 0xF2, 0xE8, 0xF2, 0xE8, 0xF2, 0xE8, 0xF2, 0xE8, 0xF2, 0xE8, 0xF2, 0xE8,
    0xF2, 0xE8, 0xF2, 0xE8, 0xF2, 0xE8, 0xF2, 0xE8, 0xF2, 0xE8, 0xF2, 0xE8, 0xF2, 0xE8, 0xF2, 0xE8, 0xF2, 0xE8, 0xF2,
    0xE8, 0xF2, 0xE8, 0xF2, 0xE8, 0xF2, 0xE8, 0xF2, 0xE8, 0xF2, 0xE8, 0xF2, 0xE8, 0xF2, 0xE8, 0xF2, 0xE8, 0xF2, 0xE8,
    0xF2, 0xE8, 0xF2, 0xE8, 0xF2, 0xE8, 0xF2, 0xE8, 0xF2, 0xE8, 0xF2, 0xE8, 0xF2, 0xE8, 0xF2, 0xE8, 0xF2, 0xE8, 0xF2,
    0xE8, 0xF2, 0xE8, 0xF2, 0xE8, 0xF2, 0xE8, 0xF2, 0xE8, 0xF2, 0xE8, 0xF2, 0xE8, 0xF2, 0xE8, 0xF2, 0xE8, 0xF2, 0xE8,
    0xF2, 0xE8, 0xF2, 0xE8, 0xF2, 0xE8, 0xF2, 0xE8, 0xF2, 0xE8, 0xF2, 0xE8, 0xF2, 0xE8, 0xF2, 0xE8, 0xF2, 0xE8, 0xF2,
    0xE8, 0xF2, 0xE8, 0xF2, 0xE8, 0xF2, 0xE8, 0xF2, 0xE8, 0xF2, 0xE8, 0xF2, 0xE8, 0xF2, 0xE8, 0xF2, 0xE8, 0xF2, 0xE8,
    0xF2, 0xE8, 0xF2, 0xE8, 0xF2, 0xE8, 0xF2, 0xE8, 0xF2, 0xE8, 0xF2, 0xE8, 0xF2, 0xE8, 0xF2, 0xE8, 0xF2, 0xE8, 0xF2,
    0xE8, 0xF2, 0xE8, 0xF2, 0xE8, 0xF2, 0x08, 0xFB, 0x67, 0xD2, 0xA2, 0x50, 0xC2, 0x50, 0xA2, 0x50, 0xA2, 0x48, 0x82,
    0x40, 0x81, 0x38, 0x61, 0x38, 0x61, 0x30, 0x61, 0x28, 0x41, 0x28, 0x41, 0x20, 0x40, 0x18, 0x20, 0x18, 0x20, 0x18,
    0x20, 0x10, 0x20, 0x10, 0x20, 0x08, 0x00, 0x08, 0x00, 0x08, 0x00, 0x08, 0x00, 0x00, 0x00, 0x00, 0x00, 0x00, 0x00,
    0x00, 0x00, 0x00, 0x00, 0x00, 0x00, 0x00, 0x00, 0x00, 0x00, 0x00, 0x00, 0x00, 0x00, 0x00, 0x00, 0x00, 0x00, 0x00,
    0x00, 0x00, 0x00, 0x00, 0x00, 0x00, 0x00, 0x00, 0x00, 0x00, 0x00, 0x08, 0x00, 0x08, 0x00, 0x08, 0x20, 0x10, 0x20,
    0x10, 0x20, 0x10, 0x20, 0x18, 0x20, 0x18, 0x40, 0x20, 0x41, 0x20, 0x41, 0x28, 0x61, 0x30, 0x61, 0x30, 0x81, 0x38,
    0x81, 0x40, 0x82, 0x40, 0xA2, 0x48, 0xA2, 0x50, 0xA2, 0x50, 0x44, 0x81, 0x08, 0xFB, 0xE8, 0xF2, 0xE8, 0xF2, 0xE8,
    0xF2, 0xE8, 0xF2, 0xE8, 0xF2, 0xE8, 0xF2, 0xE8, 0xF2, 0xE8, 0xF2, 0xE8, 0xF2, 0xE8, 0xF2, 0xE8, 0xF2, 0xE8, 0xF2,
    0xE8, 0xF2, 0xE8, 0xF2, 0xE8, 0xF2, 0xE8, 0xF2, 0xE8, 0xF2, 0xE8, 0xF2, 0xE8, 0xF2, 0xE8, 0xF2, 0xE8, 0xF2, 0xE8,
    0xF2, 0xE8, 0xF2, 0xE8, 0xF2, 0xE8, 0xF2, 0xE8, 0xF2, 0xE8, 0xF2, 0xE8, 0xF2, 0xE8, 0xF2, 0xE8, 0xF2, 0xE8, 0xF2,
    0xE8, 0xF2, 0xE8, 0xF2, 0xE8, 0xF2, 0xE8, 0xF2, 0xE8, 0xF2, 0xE8, 0xF2, 0xE8, 0xF2, 0xE8, 0xF2, 0xE8, 0xF2, 0xE8,
    0xF2, 0xE8, 0xF2, 0xE8, 0xF2, 0xE8, 0xF2, 0xE8, 0xF2, 0xE8, 0xF2, 0xE8, 0xF2, 0xE8, 0xF2, 0xE8, 0xF2, 0xE8, 0xF2,
    0xE8, 0xF2, 0xE8, 0xF2, 0xE8, 0xF2, 0xE8, 0xF2, 0xE8, 0xF2, 0xE8, 0xF2, 0xE8, 0xF2, 0xE8, 0xF2, 0xE8, 0xF2, 0xC8,
    0xF2, 0xA7, 0xF2, 0xA7, 0xF2, 0xA7, 0xF2, 0xC7, 0xF2, 0xE8, 0xF2, 0xE8, 0xF2, 0xE8, 0xF2, 0xE8, 0xF2, 0xE8, 0xF2,
    0xE8, 0xF2, 0xE8, 0xF2, 0xE8, 0xF2, 0xE8, 0xF2, 0xE8, 0xF2, 0xE8, 0xF2, 0xE8, 0xF2, 0xE8, 0xF2, 0xE8, 0xF2, 0xE8,
    0xF2, 0xE8, 0xF2, 0xE8, 0xF2, 0xE8, 0xF2, 0xE8, 0xF2, 0xE8, 0xF2, 0xE8, 0xF2, 0xE8, 0xF2, 0xE8, 0xF2, 0xE8, 0xF2,
    0xE8, 0xF2, 0xE8, 0xF2, 0xE8, 0xF2, 0xE8, 0xF2, 0xE8, 0xF2, 0xE8, 0xF2, 0xE8, 0xF2, 0xE8, 0xF2, 0xE8, 0xF2, 0xE8,
    0xF2, 0xE8, 0xF2, 0xE8, 0xF2, 0xE8, 0xF2, 0xE8, 0xF2, 0xE8, 0xF2, 0xE8, 0xF2, 0xE8, 0xF2, 0xE8, 0xF2, 0xE8, 0xF2,
    0xE8, 0xF2, 0xE8, 0xF2, 0xE8, 0xF2, 0xE8, 0xF2, 0xE8, 0xF2, 0xE8, 0xF2, 0xE8, 0xF2, 0xE8, 0xF2, 0xE8, 0xF2, 0xE8,
    0xF2, 0xE8, 0xF2, 0xE8, 0xF2, 0xE8, 0xF2, 0xE8, 0xF2, 0xE8, 0xF2, 0xE8, 0xF2, 0xE8, 0xF2, 0xE8, 0xF2, 0xE8, 0xF2,
    0xE8, 0xF2, 0xE8, 0xF2, 0xE8, 0xF2, 0xE8, 0xF2, 0xE8, 0xF2, 0xE8, 0xF2, 0xE8, 0xF2, 0xE8, 0xF2, 0xE8, 0xF2, 0xE8,
    0xF2, 0xE8, 0xF2, 0xE8, 0xF2, 0xE8, 0xF2, 0xE8, 0xF2, 0x08, 0xFB, 0x44, 0x81, 0xA2, 0x50, 0xA2, 0x50, 0xA2, 0x48,
    0x82, 0x40, 0x81, 0x40, 0x81, 0x38, 0x61, 0x30, 0x61, 0x30, 0x41, 0x28, 0x41, 0x20, 0x40, 0x20, 0x20, 0x18, 0x20,
    0x18, 0x20, 0x10, 0x20, 0x10, 0x20, 0x10, 0x00, 0x08, 0x00, 0x08, 0x00, 0x08, 0x00, 0x00, 0x00, 0x00, 0x00, 0x00,
    0x00, 0x00, 0x00, 0x00, 0x00, 0x00, 0x00, 0x00, 0x00, 0x00, 0x00, 0x00, 0x00, 0x00, 0x00, 0x00, 0x00, 0x00, 0x00,
    0x00, 0x00, 0x00, 0x00, 0x00, 0x00, 0x00, 0x00, 0x00, 0x00, 0x00, 0x00, 0x08, 0x00, 0x08, 0x20, 0x08, 0x20, 0x10,
    0x20, 0x10, 0x20, 0x10, 0x20, 0x18, 0x40, 0x18, 0x41, 0x20, 0x41, 0x28, 0x61, 0x28, 0x61, 0x30, 0x61, 0x30, 0x81,
    0x38, 0x82, 0x40, 0xA2, 0x48, 0xA2, 0x50, 0xC2, 0x50, 0xA2, 0x50, 0x47, 0xD2, 0x08, 0xFB, 0xC8, 0xF2, 0xE8, 0xF2,
    0xE8, 0xF2, 0xE8, 0xF2, 0xE8, 0xF2, 0xE8, 0xF2, 0xE8, 0xF2, 0xE8, 0xF2, 0xE8, 0xF2, 0xE8, 0xF2, 0xE8, 0xF2, 0xE8,
    0xF2, 0xE8, 0xF2, 0xE8, 0xF2, 0xE8, 0xF2, 0xE8, 0xF2, 0xE8, 0xF2, 0xE8, 0xF2, 0xE8, 0xF2, 0xE8, 0xF2, 0xE8, 0xF2,
    0xE8, 0xF2, 0xE8, 0xF2, 0xE8, 0xF2, 0xE8, 0xF2, 0xE8, 0xF2, 0xE8, 0xF2, 0xE8, 0xF2, 0xE8, 0xF2, 0xE8, 0xF2, 0xE8,
    0xF2, 0xE8, 0xF2, 0xE8, 0xF2, 0xE8, 0xF2, 0xE8, 0xF2, 0xE8, 0xF2, 0xE8, 0xF2, 0xE8, 0xF2, 0xE8, 0xF2, 0xE8, 0xF2,
    0xE8, 0xF2, 0xE8, 0xF2, 0xE8, 0xF2, 0xE8, 0xF2, 0xE8, 0xF2, 0xE8, 0xF2, 0xE8, 0xF2, 0xE8, 0xF2, 0xE8, 0xF2, 0xE8,
    0xF2, 0xE8, 0xF2, 0xE8, 0xF2, 0xE8, 0xF2, 0xE8, 0xF2, 0xE8, 0xF2, 0xE8, 0xF2, 0xE8, 0xF2, 0xE8, 0xF2, 0xC8, 0xF2,
    0x2A, 0xF3, 0x2E, 0xFC, 0x2E, 0xFC, 0x2E, 0xFC, 0x6B, 0xF3, 0xE8, 0xF2, 0x86, 0xF2, 0x87, 0xF2, 0xC8, 0xF2, 0xE8,
    0xF2, 0xE8, 0xF2, 0xE8, 0xF2, 0xE8, 0xF2, 0xE8, 0xF2, 0xE8, 0xF2, 0xE8, 0xF2, 0xE8, 0xF2, 0xE8, 0xF2, 0xE8, 0xF2,
    0xE8, 0xF2, 0xE8, 0xF2, 0xE8, 0xF2, 0xE8, 0xF2, 0xE8, 0xF2, 0xE8, 0xF2, 0xE8, 0xF2, 0xE8, 0xF2, 0xE8, 0xF2, 0xE8,
    0xF2, 0xE8, 0xF2, 0xE8, 0xF2, 0xE8, 0xF2, 0xE8, 0xF2, 0xE8, 0xF2, 0xE8, 0xF2, 0xE8, 0xF2, 0xE8, 0xF2, 0xE8, 0xF2,
    0xE8, 0xF2, 0xE8, 0xF2, 0xE8, 0xF2, 0xE8, 0xF2, 0xE8, 0xF2, 0xE8, 0xF2, 0xE8, 0xF2, 0xE8, 0xF2, 0xE8, 0xF2, 0xE8,
    0xF2, 0xE8, 0xF2, 0xE8, 0xF2, 0xE8, 0xF2, 0xE8, 0xF2, 0xE8, 0xF2, 0xE8, 0xF2, 0xE8, 0xF2, 0xE8, 0xF2, 0xE8, 0xF2,
    0xE8, 0xF2, 0xE8, 0xF2, 0xE8, 0xF2, 0xE8, 0xF2, 0xE8, 0xF2, 0xE8, 0xF2, 0xE8, 0xF2, 0xE8, 0xF2, 0xE8, 0xF2, 0xE8,
    0xF2, 0xE8, 0xF2, 0xE8, 0xF2, 0xE8, 0xF2, 0xE8, 0xF2, 0xE8, 0xF2, 0xE8, 0xF2, 0xE8, 0xF2, 0xE8, 0xF2, 0xE8, 0xF2,
    0xE8, 0xF2, 0xE8, 0xF2, 0xE8, 0xF2, 0xE8, 0xF2, 0xC8, 0xF2, 0x08, 0xFB, 0x47, 0xD2, 0xA2, 0x50, 0xC2, 0x50, 0xA2,
    0x50, 0xA2, 0x48, 0x82, 0x40, 0x81, 0x38, 0x61, 0x30, 0x61, 0x30, 0x61, 0x28, 0x41, 0x28, 0x41, 0x20, 0x40, 0x18,
    0x20, 0x18, 0x20, 0x10, 0x20, 0x10, 0x20, 0x10, 0x20, 0x08, 0x00, 0x08, 0x00, 0x08, 0x00, 0x00, 0x00, 0x00, 0x00,
    0x00, 0x00, 0x00, 0x00, 0x00, 0x00, 0x00, 0x00, 0x00, 0x00, 0x00, 0x00, 0x00, 0x00, 0x00, 0x00, 0x00, 0x00, 0x00,
    0x00, 0x00, 0x00, 0x00, 0x00, 0x00, 0x00, 0x00, 0x00, 0x00, 0x00, 0x08, 0x00, 0x08, 0x00, 0x08, 0x20, 0x08, 0x20,
    0x10, 0x20, 0x10, 0x20, 0x18, 0x20, 0x18, 0x40, 0x20, 0x41, 0x20, 0x41, 0x28, 0x61, 0x28, 0x61, 0x30, 0x81, 0x38,
    0x81, 0x38, 0x82, 0x40, 0xA2, 0x48, 0xA2, 0x50, 0xA2, 0x50, 0x44, 0x81, 0xE8, 0xFA, 0xC8, 0xF2, 0xE8, 0xF2, 0xE8,
    0xF2, 0xE8, 0xF2, 0xE8, 0xF2, 0xE8, 0xF2, 0xE8, 0xF2, 0xE8, 0xF2, 0xE8, 0xF2, 0xE8, 0xF2, 0xE8, 0xF2, 0xE8, 0xF2,
    0xE8, 0xF2, 0xE8, 0xF2, 0xE8, 0xF2, 0xE8, 0xF2, 0xE8, 0xF2, 0xE8, 0xF2, 0xE8, 0xF2, 0xE8, 0xF2, 0xE8, 0xF2, 0xE8,
    0xF2, 0xE8, 0xF2, 0xE8, 0xF2, 0xE8, 0xF2, 0xE8, 0xF2, 0xE8, 0xF2, 0xE8, 0xF2, 0xE8, 0xF2, 0xE8, 0xF2, 0xE8, 0xF2,
    0xE8, 0xF2, 0xE8, 0xF2, 0xE8, 0xF2, 0xE8, 0xF2, 0xE8, 0xF2, 0xE8, 0xF2, 0xE8, 0xF2, 0xE8, 0xF2, 0xE8, 0xF2, 0xE8,
    0xF2, 0xE8, 0xF2, 0xE8, 0xF2, 0xE8, 0xF2, 0xE8, 0xF2, 0xE8, 0xF2, 0xE8, 0xF2, 0xE8, 0xF2, 0xE8, 0xF2, 0xE8, 0xF2,
    0xE8, 0xF2, 0xE8, 0xF2, 0xE8, 0xF2, 0xE8, 0xF2, 0xE8, 0xF2, 0xE8, 0xF2, 0xE8, 0xF2, 0xE8, 0xF2, 0xE8, 0xF2, 0xA7,
    0xF2, 0x78, 0xFE, 0xFF, 0xFF, 0xFF, 0xFF, 0xFF, 0xFF, 0xDE, 0xFF, 0x3C, 0xFF, 0xF6, 0xFD, 0x2E, 0xFC, 0x2A, 0xF3,
    0xA7, 0xF2, 0x86, 0xF2, 0xC7, 0xF2, 0xE8, 0xF2, 0xE8, 0xF2, 0xE8, 0xF2, 0xE8, 0xF2, 0xE8, 0xF2, 0xE8, 0xF2, 0xE8,
    0xF2, 0xE8, 0xF2, 0xE8, 0xF2, 0xE8, 0xF2, 0xE8, 0xF2, 0xE8, 0xF2, 0xE8, 0xF2, 0xE8, 0xF2, 0xE8, 0xF2, 0xE8, 0xF2,
    0xE8, 0xF2, 0xE8, 0xF2, 0xE8, 0xF2, 0xE8, 0xF2, 0xE8, 0xF2, 0xE8, 0xF2, 0xE8, 0xF2, 0xE8, 0xF2, 0xE8, 0xF2, 0xE8,
    0xF2, 0xE8, 0xF2, 0xE8, 0xF2, 0xE8, 0xF2, 0xE8, 0xF2, 0xE8, 0xF2, 0xE8, 0xF2, 0xE8, 0xF2, 0xE8, 0xF2, 0xE8, 0xF2,
    0xE8, 0xF2, 0xE8, 0xF2, 0xE8, 0xF2, 0xE8, 0xF2, 0xE8, 0xF2, 0xE8, 0xF2, 0xE8, 0xF2, 0xE8, 0xF2, 0xE8, 0xF2, 0xE8,
    0xF2, 0xE8, 0xF2, 0xE8, 0xF2, 0xE8, 0xF2, 0xE8, 0xF2, 0xE8, 0xF2, 0xE8, 0xF2, 0xE8, 0xF2, 0xE8, 0xF2, 0xE8, 0xF2,
    0xE8, 0xF2, 0xE8, 0xF2, 0xE8, 0xF2, 0xE8, 0xF2, 0xE8, 0xF2, 0xE8, 0xF2, 0xE8, 0xF2, 0xE8, 0xF2, 0xE8, 0xF2, 0xE8,
    0xF2, 0xE8, 0xF2, 0xE8, 0xF2, 0xE8, 0xF2, 0xE8, 0xF2, 0xE8, 0xF2, 0xC8, 0xF2, 0xE8, 0xFA, 0x44, 0x81, 0xA2, 0x50,
    0xA2, 0x50, 0xA2, 0x48, 0x82, 0x40, 0x81, 0x38, 0x81, 0x38, 0x61, 0x30, 0x61, 0x28, 0x41, 0x28, 0x41, 0x20, 0x40,
    0x20, 0x20, 0x18, 0x20, 0x18, 0x20, 0x10, 0x20, 0x10, 0x20, 0x08, 0x00, 0x08, 0x00, 0x08, 0x00, 0x08, 0x00, 0x00,
    0x00, 0x00, 0x00, 0x00, 0x00, 0x00, 0x00, 0x00, 0x00, 0x00, 0x00, 0x00, 0x00, 0x00, 0x00, 0x00, 0x00, 0x00, 0x00,
    0x00, 0x00, 0x00, 0x00, 0x00, 0x00, 0x00, 0x00, 0x00, 0x00, 0x00, 0x00, 0x08, 0x00, 0x08, 0x00, 0x08, 0x20, 0x10,
    0x20, 0x10, 0x20, 0x10, 0x20, 0x18, 0x40, 0x18, 0x40, 0x20, 0x41, 0x20, 0x41, 0x28, 0x61, 0x30, 0x61, 0x30, 0x81,
    0x38, 0x81, 0x40, 0xA2, 0x48, 0xA2, 0x48, 0xC2, 0x50, 0xA2, 0x50, 0x26, 0xC2, 0xE8, 0xFA, 0xC8, 0xF2, 0xC8, 0xF2,
    0xC8, 0xF2, 0xC8, 0xF2, 0xC8, 0xF2, 0xC8, 0xF2, 0xC8, 0xF2, 0xC8, 0xF2, 0xC8, 0xF2, 0xC8, 0xF2, 0xC8, 0xF2, 0xC8,
    0xF2, 0xC8, 0xF2, 0xC8, 0xF2, 0xC8, 0xF2, 0xC8, 0xF2, 0xC8, 0xF2, 0xC8, 0xF2, 0xC8, 0xF2, 0xC8, 0xF2, 0xC8, 0xF2,
    0xC8, 0xF2, 0xC8, 0xF2, 0xC8, 0xF2, 0xC8, 0xF2, 0xC8, 0xF2, 0xC8, 0xF2, 0xC8, 0xF2, 0xC8, 0xF2, 0xC8, 0xF2, 0xC8,
    0xF2, 0xC8, 0xF2, 0xC8, 0xF2, 0xC8, 0xF2, 0xC8, 0xF2, 0xC8, 0xF2, 0xC8, 0xF2, 0xC8, 0xF2, 0xC8, 0xF2, 0xC8, 0xF2,
    0xC8, 0xF2, 0xC8, 0xF2, 0xC8, 0xF2, 0xC8, 0xF2, 0xC8, 0xF2, 0xC8, 0xF2, 0xC8, 0xF2, 0xC8, 0xF2, 0xC8, 0xF2, 0xC8,
    0xF2, 0xC8, 0xF2, 0xC8, 0xF2, 0xC8, 0xF2, 0xC8, 0xF2, 0xC8, 0xF2, 0xC8, 0xF2, 0xC8, 0xF2, 0xC8, 0xF2, 0xE8, 0xF2,
    0x87, 0xF2, 0x99, 0xFE, 0xFF, 0xFF, 0xDF, 0xFF, 0xFF, 0xFF, 0xFF, 0xFF, 0xFF, 0xFF, 0xFF, 0xFF, 0xFF, 0xFF, 0x9E,
    0xFF, 0x78, 0xFE, 0xB1, 0xFC, 0x4A, 0xF3, 0x86, 0xF2, 0xC8, 0xF2, 0xE8, 0xF2, 0xC8, 0xF2, 0xC8, 0xF2, 0xC8, 0xF2,
    0xC8, 0xF2, 0xC8, 0xF2, 0xC8, 0xF2, 0xC8, 0xF2, 0xC8, 0xF2, 0xC8, 0xF2, 0xC8, 0xF2, 0xC8, 0xF2, 0xC8, 0xF2, 0xC8,
    0xF2, 0xC8, 0xF2, 0xC8, 0xF2, 0xC8, 0xF2, 0xC8, 0xF2, 0xC8, 0xF2, 0xC8, 0xF2, 0xC8, 0xF2, 0xC8, 0xF2, 0xC8, 0xF2,
    0xC8, 0xF2, 0xC8, 0xF2, 0xC8, 0xF2, 0xC8, 0xF2, 0xC8, 0xF2, 0xC8, 0xF2, 0xC8, 0xF2, 0xC8, 0xF2, 0xC8, 0xF2, 0xC8,
    0xF2, 0xC8, 0xF2, 0xC8, 0xF2, 0xC8, 0xF2, 0xC8, 0xF2, 0xC8, 0xF2, 0xC8, 0xF2, 0xC8, 0xF2, 0xC8, 0xF2, 0xC8, 0xF2,
    0xC8, 0xF2, 0xC8, 0xF2, 0xC8, 0xF2, 0xC8, 0xF2, 0xC8, 0xF2, 0xC8, 0xF2, 0xC8, 0xF2, 0xC8, 0xF2, 0xC8, 0xF2, 0xC8,
    0xF2, 0xC8, 0xF2, 0xC8, 0xF2, 0xC8, 0xF2, 0xC8, 0xF2, 0xC8, 0xF2, 0xC8, 0xF2, 0xC8, 0xF2, 0xC8, 0xF2, 0xC8, 0xF2,
    0xC8, 0xF2, 0xC8, 0xF2, 0xC8, 0xF2, 0xC8, 0xF2, 0xC8, 0xF2, 0xC8, 0xF2, 0xC8, 0xF2, 0xE8, 0xFA, 0x26, 0xC2, 0xA2,
    0x50, 0xC2, 0x50, 0xA2, 0x48, 0xA2, 0x48, 0x81, 0x40, 0x81, 0x38, 0x61, 0x30, 0x61, 0x30, 0x41, 0x28, 0x41, 0x20,
    0x40, 0x20, 0x40, 0x18, 0x20, 0x18, 0x20, 0x10, 0x20, 0x10, 0x20, 0x10, 0x00, 0x08, 0x00, 0x08, 0x00, 0x08, 0x00,
    0x00, 0x00, 0x00, 0x00, 0x00, 0x00, 0x00, 0x00, 0x00, 0x00, 0x00, 0x00, 0x00, 0x00, 0x00, 0x00, 0x00, 0x00, 0x00,
    0x00, 0x00, 0x00, 0x00, 0x00, 0x00, 0x00, 0x00, 0x00, 0x00, 0x00, 0x00, 0x00, 0x08, 0x00, 0x08, 0x20, 0x08, 0x20,
    0x10, 0x20, 0x10, 0x20, 0x10, 0x20, 0x18, 0x40, 0x18, 0x41, 0x20, 0x41, 0x28, 0x61, 0x28, 0x61, 0x30, 0x61, 0x38,
    0x81, 0x38, 0x82, 0x40, 0xA2, 0x48, 0xA2, 0x50, 0xA2, 0x50, 0xE3, 0x68, 0xC8, 0xF2, 0xC8, 0xF2, 0xC8, 0xF2, 0xC8,
    0xF2, 0xC8, 0xF2, 0xC8, 0xF2, 0xC8, 0xF2, 0xC8, 0xF2, 0xC8, 0xF2, 0xC8, 0xF2, 0xC8, 0xF2, 0xC8, 0xF2, 0xC8, 0xF2,
    0xC8, 0xF2, 0xC8, 0xF2, 0xC8, 0xF2, 0xC8, 0xF2, 0xC8, 0xF2, 0xC8, 0xF2, 0xC8, 0xF2, 0xC8, 0xF2, 0xC8, 0xF2, 0xC8,
    0xF2, 0xC8, 0xF2, 0xC8, 0xF2, 0xC8, 0xF2, 0xC8, 0xF2, 0xC8, 0xF2, 0xC8, 0xF2, 0xC8, 0xF2, 0xC8, 0xF2, 0xC8, 0xF2,
    0xC8, 0xF2, 0xC8, 0xF2, 0xC8, 0xF2, 0xC8, 0xF2, 0xC8, 0xF2, 0xC8, 0xF2, 0xC8, 0xF2, 0xC8, 0xF2, 0xC8, 0xF2, 0xC8,
    0xF2, 0xC8, 0xF2, 0xC8, 0xF2, 0xC8, 0xF2, 0xC8, 0xF2, 0xC8, 0xF2, 0xC8, 0xF2, 0xC8, 0xF2, 0xC8, 0xF2, 0xC8, 0xF2,
    0xC8, 0xF2, 0xC8, 0xF2, 0xC8, 0xF2, 0xC8, 0xF2, 0xC8, 0xF2, 0xC8, 0xF2, 0xC8, 0xF2, 0xC8, 0xF2, 0xC8, 0xF2, 0xE8,
    0xF2, 0x86, 0xF2, 0xB0, 0xFC, 0xFF, 0xFF, 0xDF, 0xFF, 0xFF, 0xFF, 0xFF, 0xFF, 0xFF, 0xFF, 0xFF, 0xFF, 0xFF, 0xFF,
    0xFF, 0xFF, 0xFF, 0xFF, 0xFF, 0xFF, 0xBE, 0xFF, 0x74, 0xFD, 0x09, 0xF3, 0xA7, 0xF2, 0xE8, 0xF2, 0xC8, 0xF2, 0xC8,
    0xF2, 0xC8, 0xF2, 0xC8, 0xF2, 0xC8, 0xF2, 0xC8, 0xF2, 0xC8, 0xF2, 0xC8, 0xF2, 0xC8, 0xF2, 0xC8, 0xF2, 0xC8, 0xF2,
    0xC8, 0xF2, 0xC8, 0xF2, 0xC8, 0xF2, 0xC8, 0xF2, 0xC8, 0xF2, 0xC8, 0xF2, 0xC8, 0xF2, 0xC8, 0xF2, 0xC8, 0xF2, 0xC8,
    0xF2, 0xC8, 0xF2, 0xC8, 0xF2, 0xC8, 0xF2, 0xC8, 0xF2, 0xC8, 0xF2, 0xC8, 0xF2, 0xC8, 0xF2, 0xC8, 0xF2, 0xC8, 0xF2,
    0xC8, 0xF2, 0xC8, 0xF2, 0xC8, 0xF2, 0xC8, 0xF2, 0xC8, 0xF2, 0xC8, 0xF2, 0xC8, 0xF2, 0xC8, 0xF2, 0xC8, 0xF2, 0xC8,
    0xF2, 0xC8, 0xF2, 0xC8, 0xF2, 0xC8, 0xF2, 0xC8, 0xF2, 0xC8, 0xF2, 0xC8, 0xF2, 0xC8, 0xF2, 0xC8, 0xF2, 0xC8, 0xF2,
    0xC8, 0xF2, 0xC8, 0xF2, 0xC8, 0xF2, 0xC8, 0xF2, 0xC8, 0xF2, 0xC8, 0xF2, 0xC8, 0xF2, 0xC8, 0xF2, 0xC8, 0xF2, 0xC8,
    0xF2, 0xC8, 0xF2, 0xC8, 0xF2, 0xC8, 0xF2, 0xC8, 0xF2, 0xC8, 0xF2, 0xC8, 0xF2, 0xC8, 0xF2, 0xC8, 0xF2, 0xC8, 0xF2,
    0xE3, 0x68, 0xA2, 0x50, 0xA2, 0x50, 0xA2, 0x48, 0x82, 0x40, 0x81, 0x38, 0x61, 0x38, 0x61, 0x30, 0x61, 0x28, 0x41,
    0x28, 0x41, 0x20, 0x40, 0x18, 0x20, 0x18, 0x20, 0x10, 0x20, 0x10, 0x20, 0x10, 0x20, 0x08, 0x00, 0x08, 0x00, 0x08,
    0x00, 0x00, 0x00, 0x00, 0x00, 0x00, 0x00, 0x00, 0x00, 0x00, 0x00, 0x00, 0x00, 0x00, 0x00, 0x00, 0x00, 0x00, 0x00,
    0x00, 0x00, 0x00, 0x00, 0x00, 0x00, 0x00, 0x00, 0x00, 0x00, 0x00, 0x00, 0x08, 0x00, 0x08, 0x00, 0x08, 0x20, 0x08,
    0x20, 0x10, 0x20, 0x10, 0x20, 0x18, 0x20, 0x18, 0x40, 0x20, 0x41, 0x20, 0x41, 0x28, 0x61, 0x28, 0x61, 0x30, 0x81,
    0x38, 0x81, 0x40, 0x82, 0x40, 0xA2, 0x48, 0xA2, 0x50, 0xA2, 0x50, 0xA5, 0x99, 0xE8, 0xFA, 0xC8, 0xF2, 0xC8, 0xF2,
    0xC8, 0xF2, 0xC8, 0xF2, 0xC8, 0xF2, 0xC8, 0xF2, 0xC8, 0xF2, 0xC8, 0xF2, 0xC8, 0xF2, 0xC8, 0xF2, 0xC8, 0xF2, 0xC8,
    0xF2, 0xC8, 0xF2, 0xC8, 0xF2, 0xC8, 0xF2, 0xC8, 0xF2, 0xC8, 0xF2, 0xC8, 0xF2, 0xC8, 0xF2, 0xC8, 0xF2, 0xC8, 0xF2,
    0xC8, 0xF2, 0xC8, 0xF2, 0xC8, 0xF2, 0xC8, 0xF2, 0xC8, 0xF2, 0xC8, 0xF2, 0xC8, 0xF2, 0xC8, 0xF2, 0xC8, 0xF2, 0xC8,
    0xF2, 0xC8, 0xF2, 0xC8, 0xF2, 0xC8, 0xF2, 0xC8, 0xF2, 0xC8, 0xF2, 0xC8, 0xF2, 0xC8, 0xF2, 0xC8, 0xF2, 0xC8, 0xF2,
    0xC8, 0xF2, 0xC8, 0xF2, 0xC8, 0xF2, 0xC8, 0xF2, 0xC8, 0xF2, 0xC8, 0xF2, 0xC8, 0xF2, 0xC8, 0xF2, 0xC8, 0xF2, 0xC8,
    0xF2, 0xC8, 0xF2, 0xC8, 0xF2, 0xC8, 0xF2, 0xC8, 0xF2, 0xC8, 0xF2, 0xC8, 0xF2, 0xC8, 0xF2, 0xC8, 0xF2, 0xC8, 0xF2,
    0xC8, 0xF2, 0xC8, 0xF2, 0xA7, 0xF2, 0x99, 0xFE, 0xFF, 0xFF, 0xFF, 0xFF, 0xFF, 0xFF, 0xFF, 0xFF, 0xFF, 0xFF, 0xFF,
    0xFF, 0xFF, 0xFF, 0xFF, 0xFF, 0xFF, 0xFF, 0xFF, 0xFF, 0xFF, 0xFF, 0x3C, 0xFF, 0xCC, 0xF3, 0x87, 0xF2, 0xE8, 0xF2,
    0xC8, 0xF2, 0xC8, 0xF2, 0xC8, 0xF2, 0xC8, 0xF2, 0xC8, 0xF2, 0xC8, 0xF2, 0xC8, 0xF2, 0xC8, 0xF2, 0xC8, 0xF2, 0xC8,
    0xF2, 0xC8, 0xF2, 0xC8, 0xF2, 0xC8, 0xF2, 0xC8, 0xF2, 0xC8, 0xF2, 0xC8, 0xF2, 0xC8, 0xF2, 0xC8, 0xF2, 0xC8, 0xF2,
    0xC8, 0xF2, 0xC8, 0xF2, 0xC8, 0xF2, 0xC8, 0xF2, 0xC8, 0xF2, 0xC8, 0xF2, 0xC8, 0xF2, 0xC8, 0xF2, 0xC8, 0xF2, 0xC8,
    0xF2, 0xC8, 0xF2, 0xC8, 0xF2, 0xC8, 0xF2, 0xC8, 0xF2, 0xC8, 0xF2, 0xC8, 0xF2, 0xC8, 0xF2, 0xC8, 0xF2, 0xC8, 0xF2,
    0xC8, 0xF2, 0xC8, 0xF2, 0xC8, 0xF2, 0xC8, 0xF2, 0xC8, 0xF2, 0xC8, 0xF2, 0xC8, 0xF2, 0xC8, 0xF2, 0xC8, 0xF2, 0xC8,
    0xF2, 0xC8, 0xF2, 0xC8, 0xF2, 0xC8, 0xF2, 0xC8, 0xF2, 0xC8, 0xF2, 0xC8, 0xF2, 0xC8, 0xF2, 0xC8, 0xF2, 0xC8, 0xF2,
    0xC8, 0xF2, 0xC8, 0xF2, 0xC8, 0xF2, 0xC8, 0xF2, 0xC8, 0xF2, 0xC8, 0xF2, 0xC8, 0xF2, 0xC8, 0xF2, 0xC8, 0xF2, 0xE8,
    0xFA, 0xA5, 0x99, 0xA2, 0x50, 0xA2, 0x50, 0xA2, 0x48, 0x82, 0x40, 0x81, 0x40, 0x81, 0x38, 0x61, 0x30, 0x61, 0x28,
    0x41, 0x28, 0x41, 0x20, 0x40, 0x20, 0x20, 0x18, 0x20, 0x18, 0x20, 0x10, 0x20, 0x10, 0x20, 0x08, 0x00, 0x08, 0x00,
    0x08, 0x00, 0x08, 0x00, 0x00, 0x00, 0x00, 0x00, 0x00, 0x00, 0x00, 0x00, 0x00, 0x00, 0x00, 0x00, 0x00, 0x00, 0x00,
    0x00, 0x00, 0x00, 0x00, 0x00, 0x00, 0x00, 0x00, 0x00, 0x00, 0x00, 0x00, 0x00, 0x08, 0x00, 0x08, 0x00, 0x08, 0x20,
    0x10, 0x20, 0x10, 0x20, 0x10, 0x20, 0x18, 0x40, 0x18, 0x40, 0x20, 0x41, 0x20, 0x41, 0x28, 0x61, 0x30, 0x61, 0x30,
    0x81, 0x38, 0x82, 0x40, 0xA2, 0x48, 0xA2, 0x48, 0xC2, 0x50, 0xA2, 0x50, 0x46, 0xD2, 0xE8, 0xFA, 0xC8, 0xF2, 0xC8,
    0xF2, 0xC8, 0xF2, 0xC8, 0xF2, 0xC8, 0xF2, 0xC8, 0xF2, 0xC8, 0xF2, 0xC8, 0xF2, 0xC8, 0xF2, 0xC8, 0xF2, 0xC8, 0xF2,
    0xC8, 0xF2, 0xC8, 0xF2, 0xC8, 0xF2, 0xC8, 0xF2, 0xC8, 0xF2, 0xC8, 0xF2, 0xC8, 0xF2, 0xC8, 0xF2, 0xC8, 0xF2, 0xC8,
    0xF2, 0xC8, 0xF2, 0xC8, 0xF2, 0xC8, 0xF2, 0xC8, 0xF2, 0xC8, 0xF2, 0xC8, 0xF2, 0xC8, 0xF2, 0xC8, 0xF2, 0xC8, 0xF2,
    0xC8, 0xF2, 0xC8, 0xF2, 0xC8, 0xF2, 0xC8, 0xF2, 0xC8, 0xF2, 0xC8, 0xF2, 0xC8, 0xF2, 0xC8, 0xF2, 0xC8, 0xF2, 0xC8,
    0xF2, 0xC8, 0xF2, 0xC8, 0xF2, 0xC8, 0xF2, 0xC8, 0xF2, 0xC8, 0xF2, 0xC8, 0xF2, 0xC8, 0xF2, 0xC8, 0xF2, 0xC8, 0xF2,
    0xC8, 0xF2, 0xC8, 0xF2, 0xC8, 0xF2, 0xC8, 0xF2, 0xC8, 0xF2, 0xC8, 0xF2, 0xC8, 0xF2, 0xC8, 0xF2, 0xC8, 0xF2, 0xC8,
    0xF2, 0xC8, 0xF2, 0xC8, 0xF2, 0xC8, 0xF2, 0xC8, 0xF2, 0xDA, 0xFE, 0xFF, 0xFF, 0xFF, 0xFF, 0xFF, 0xFF, 0xFF, 0xFF,
    0xFF, 0xFF, 0xFF, 0xFF, 0xFF, 0xFF, 0xFF, 0xFF, 0xFF, 0xFF, 0xFF, 0xFF, 0xFF, 0xFF, 0x9E, 0xFF, 0x29, 0xF3, 0xA7,
    0xF2, 0xC8, 0xF2, 0xC8, 0xF2, 0xC8, 0xF2, 0xC8, 0xF2, 0xC8, 0xF2, 0xC8, 0xF2, 0xC8, 0xF2, 0xC8, 0xF2, 0xC8, 0xF2,
    0xC8, 0xF2, 0xC8, 0xF2, 0xC8, 0xF2, 0xC8, 0xF2, 0xC8, 0xF2, 0xC8, 0xF2, 0xC8, 0xF2, 0xC8, 0xF2, 0xC8, 0xF2, 0xC8,
    0xF2, 0xC8, 0xF2, 0xC8, 0xF2, 0xC8, 0xF2, 0xC8, 0xF2, 0xC8, 0xF2, 0xC8, 0xF2, 0xC8, 0xF2, 0xC8, 0xF2, 0xC8, 0xF2,
    0xC8, 0xF2, 0xC8, 0xF2, 0xC8, 0xF2, 0xC8, 0xF2, 0xC8, 0xF2, 0xC8, 0xF2, 0xC8, 0xF2, 0xC8, 0xF2, 0xC8, 0xF2, 0xC8,
    0xF2, 0xC8, 0xF2, 0xC8, 0xF2, 0xC8, 0xF2, 0xC8, 0xF2, 0xC8, 0xF2, 0xC8, 0xF2, 0xC8, 0xF2, 0xC8, 0xF2, 0xC8, 0xF2,
    0xC8, 0xF2, 0xC8, 0xF2, 0xC8, 0xF2, 0xC8, 0xF2, 0xC8, 0xF2, 0xC8, 0xF2, 0xC8, 0xF2, 0xC8, 0xF2, 0xC8, 0xF2, 0xC8,
    0xF2, 0xC8, 0xF2, 0xC8, 0xF2, 0xC8, 0xF2, 0xC8, 0xF2, 0xC8, 0xF2, 0xC8, 0xF2, 0xC8, 0xF2, 0xC8, 0xF2, 0xC8, 0xF2,
    0xE8, 0xFA, 0x46, 0xD2, 0xA2, 0x50, 0xC2, 0x50, 0xA2, 0x48, 0xA2, 0x48, 0x82, 0x40, 0x81, 0x38, 0x61, 0x30, 0x61,
    0x30, 0x41, 0x28, 0x41, 0x20, 0x40, 0x20, 0x40, 0x18, 0x20, 0x18, 0x20, 0x10, 0x20, 0x10, 0x20, 0x10, 0x00, 0x08,
    0x00, 0x08, 0x00, 0x08, 0x00, 0x00, 0x00, 0x00, 0x00, 0x00, 0x00, 0x00, 0x00, 0x00, 0x00, 0x00, 0x00, 0x00, 0x00,
    0x00, 0x00, 0x00, 0x00, 0x00, 0x00, 0x00, 0x00, 0x00, 0x00, 0x00, 0x00, 0x00, 0x00, 0x08, 0x00, 0x08, 0x00, 0x08,
    0x20, 0x10, 0x20, 0x10, 0x20, 0x10, 0x20, 0x18, 0x40, 0x18, 0x41, 0x20, 0x41, 0x20, 0x61, 0x28, 0x61, 0x30, 0x61,
    0x30, 0x81, 0x38, 0x82, 0x40, 0xA2, 0x48, 0xA2, 0x50, 0xA2, 0x50, 0x03, 0x69, 0xA8, 0xEA, 0xC8, 0xF2, 0xC8, 0xF2,
    0xC8, 0xF2, 0xC8, 0xF2, 0xC8, 0xF2, 0xC8, 0xF2, 0xC8, 0xF2, 0xC8, 0xF2, 0xC8, 0xF2, 0xC8, 0xF2, 0xC8, 0xF2, 0xC8,
    0xF2, 0xC8, 0xF2, 0xC8, 0xF2, 0xC8, 0xF2, 0xC8, 0xF2, 0xC8, 0xF2, 0xC8, 0xF2, 0xC8, 0xF2, 0xC8, 0xF2, 0xC8, 0xF2,
    0xC8, 0xF2, 0xC8, 0xF2, 0xC8, 0xF2, 0xC8, 0xF2, 0xC8, 0xF2, 0xC8, 0xF2, 0xC8, 0xF2, 0xC8, 0xF2, 0xC8, 0xF2, 0xC8,
    0xF2, 0xC8, 0xF2, 0xC8, 0xF2, 0xC8, 0xF2, 0xC8, 0xF2, 0xC8, 0xF2, 0xC8, 0xF2, 0xC8, 0xF2, 0xC8, 0xF2, 0xC8, 0xF2,
    0xC8, 0xF2, 0xC8, 0xF2, 0xC8, 0xF2, 0xC8, 0xF2, 0xC8, 0xF2, 0xC8, 0xF2, 0xC8, 0xF2, 0xC8, 0xF2, 0xC8, 0xF2, 0xC8,
    0xF2, 0xC8, 0xF2, 0xC8, 0xF2, 0xC8, 0xF2, 0xC8, 0xF2, 0xC8, 0xF2, 0xC8, 0xF2, 0xC8, 0xF2, 0xC8, 0xF2, 0xC8, 0xF2,
    0xC8, 0xF2, 0xC8, 0xF2, 0xC8, 0xF2, 0xC8, 0xF2, 0xA7, 0xF2, 0x09, 0xF3, 0xDA, 0xFE, 0xFF, 0xFF, 0xFF, 0xFF, 0xFF,
    0xFF, 0xFF, 0xFF, 0xFF, 0xFF, 0xFF, 0xFF, 0xFF, 0xFF, 0xFF, 0xFF, 0xFF, 0xFF, 0xFF, 0xFF, 0xFF, 0xFF, 0x99, 0xFE,
    0xA7, 0xF2, 0xC8, 0xF2, 0xC8, 0xF2, 0xC8, 0xF2, 0xC8, 0xF2, 0xC8, 0xF2, 0xC8, 0xF2, 0xC8, 0xF2, 0xC8, 0xF2, 0xC8,
    0xF2, 0xC8, 0xF2, 0xC8, 0xF2, 0xC8, 0xF2, 0xC8, 0xF2, 0xC8, 0xF2, 0xC8, 0xF2, 0xC8, 0xF2, 0xC8, 0xF2, 0xC8, 0xF2,
    0xC8, 0xF2, 0xC8, 0xF2, 0xC8, 0xF2, 0xC8, 0xF2, 0xC8, 0xF2, 0xC8, 0xF2, 0xC8, 0xF2, 0xC8, 0xF2, 0xC8, 0xF2, 0xC8,
    0xF2, 0xC8, 0xF2, 0xC8, 0xF2, 0xC8, 0xF2, 0xC8, 0xF2, 0xC8, 0xF2, 0xC8, 0xF2, 0xC8, 0xF2, 0xC8, 0xF2, 0xC8, 0xF2,
    0xC8, 0xF2, 0xC8, 0xF2, 0xC8, 0xF2, 0xC8, 0xF2, 0xC8, 0xF2, 0xC8, 0xF2, 0xC8, 0xF2, 0xC8, 0xF2, 0xC8, 0xF2, 0xC8,
    0xF2, 0xC8, 0xF2, 0xC8, 0xF2, 0xC8, 0xF2, 0xC8, 0xF2, 0xC8, 0xF2, 0xC8, 0xF2, 0xC8, 0xF2, 0xC8, 0xF2, 0xC8, 0xF2,
    0xC8, 0xF2, 0xC8, 0xF2, 0xC8, 0xF2, 0xC8, 0xF2, 0xC8, 0xF2, 0xC8, 0xF2, 0xC8, 0xF2, 0xC8, 0xF2, 0xC8, 0xF2, 0xC8,
    0xF2, 0xC8, 0xF2, 0xA8, 0xEA, 0x03, 0x69, 0xA2, 0x50, 0xA2, 0x50, 0xA2, 0x48, 0x82, 0x40, 0x81, 0x38, 0x61, 0x30,
    0x61, 0x30, 0x61, 0x28, 0x41, 0x20, 0x41, 0x20, 0x40, 0x18, 0x20, 0x18, 0x20, 0x10, 0x20, 0x10, 0x20, 0x10, 0x00,
    0x08, 0x00, 0x08, 0x00, 0x08, 0x00, 0x00, 0x00, 0x00, 0x00, 0x00, 0x00, 0x00, 0x00, 0x00, 0x00, 0x00, 0x00, 0x00,
    0x00, 0x00, 0x00, 0x00, 0x00, 0x00, 0x00, 0x00, 0x00, 0x00, 0x00, 0x00, 0x00, 0x00, 0x00, 0x08, 0x00, 0x08, 0x20,
    0x08, 0x20, 0x10, 0x20, 0x10, 0x20, 0x10, 0x20, 0x18, 0x40, 0x18, 0x41, 0x20, 0x41, 0x28, 0x61, 0x28, 0x61, 0x30,
    0x81, 0x38, 0x81, 0x38, 0x82, 0x40, 0xA2, 0x48, 0xA2, 0x50, 0xA2, 0x50, 0x84, 0x91, 0xE8, 0xFA, 0xC8, 0xF2, 0xC8,
    0xF2, 0xC8, 0xF2, 0xC8, 0xF2, 0xC8, 0xF2, 0xC8, 0xF2, 0xC8, 0xF2, 0xC8, 0xF2, 0xC8, 0xF2, 0xC8, 0xF2, 0xC8, 0xF2,
    0xC8, 0xF2, 0xC8, 0xF2, 0xC8, 0xF2, 0xC8, 0xF2, 0xC8, 0xF2, 0xC8, 0xF2, 0xC8, 0xF2, 0xC8, 0xF2, 0xC8, 0xF2, 0xC8,
    0xF2, 0xC8, 0xF2, 0xC8, 0xF2, 0xC8, 0xF2, 0xC8, 0xF2, 0xC8, 0xF2, 0xC8, 0xF2, 0xC8, 0xF2, 0xC8, 0xF2, 0xC8, 0xF2,
    0xC8, 0xF2, 0xC8, 0xF2, 0xC8, 0xF2, 0xC8, 0xF2, 0xC8, 0xF2, 0xC8, 0xF2, 0xC8, 0xF2, 0xC8, 0xF2, 0xC8, 0xF2, 0xC8,
    0xF2, 0xC8, 0xF2, 0xC8, 0xF2, 0xC8, 0xF2, 0xC8, 0xF2, 0xC8, 0xF2, 0xC8, 0xF2, 0xC8, 0xF2, 0xC8, 0xF2, 0xC8, 0xF2,
    0xC8, 0xF2, 0xC8, 0xF2, 0xC8, 0xF2, 0xC8, 0xF2, 0xC8, 0xF2, 0xC8, 0xF2, 0xC8, 0xF2, 0xC8, 0xF2, 0xC8, 0xF2, 0xC8,
    0xF2, 0xC8, 0xF2, 0xC8, 0xF2, 0xC8, 0xF2, 0xC8, 0xF2, 0xC8, 0xF2, 0xA7, 0xF2, 0xA7, 0xF2, 0xF6, 0xFD, 0xFF, 0xFF,
    0xFF, 0xFF, 0xFF, 0xFF, 0xFF, 0xFF, 0xFF, 0xFF, 0xFF, 0xFF, 0xFF, 0xFF, 0xFF, 0xFF, 0xFF, 0xFF, 0xFF, 0xFF, 0xFF,
    0xFF, 0xD1, 0xFC, 0x66, 0xF2, 0xC8, 0xF2, 0xC8, 0xF2, 0xC8, 0xF2, 0xC8, 0xF2, 0xC8, 0xF2, 0xC8, 0xF2, 0xC8, 0xF2,
    0xC8, 0xF2, 0xC8, 0xF2, 0xC8, 0xF2, 0xC8, 0xF2, 0xC8, 0xF2, 0xC8, 0xF2, 0xC8, 0xF2, 0xC8, 0xF2, 0xC8, 0xF2, 0xC8,
    0xF2, 0xC8, 0xF2, 0xC8, 0xF2, 0xC8, 0xF2, 0xC8, 0xF2, 0xC8, 0xF2, 0xC8, 0xF2, 0xC8, 0xF2, 0xC8, 0xF2, 0xC8, 0xF2,
    0xC8, 0xF2, 0xC8, 0xF2, 0xC8, 0xF2, 0xC8, 0xF2, 0xC8, 0xF2, 0xC8, 0xF2, 0xC8, 0xF2, 0xC8, 0xF2, 0xC8, 0xF2, 0xC8,
    0xF2, 0xC8, 0xF2, 0xC8, 0xF2, 0xC8, 0xF2, 0xC8, 0xF2, 0xC8, 0xF2, 0xC8, 0xF2, 0xC8, 0xF2, 0xC8, 0xF2, 0xC8, 0xF2,
    0xC8, 0xF2, 0xC8, 0xF2, 0xC8, 0xF2, 0xC8, 0xF2, 0xC8, 0xF2, 0xC8, 0xF2, 0xC8, 0xF2, 0xC8, 0xF2, 0xC8, 0xF2, 0xC8,
    0xF2, 0xC8, 0xF2, 0xC8, 0xF2, 0xC8, 0xF2, 0xC8, 0xF2, 0xC8, 0xF2, 0xC8, 0xF2, 0xC8, 0xF2, 0xC8, 0xF2, 0xC8, 0xF2,
    0xC8, 0xF2, 0xC8, 0xF2, 0xE8, 0xFA, 0x84, 0x91, 0xA2, 0x50, 0xA2, 0x50, 0xA2, 0x48, 0x82, 0x40, 0x81, 0x38, 0x81,
    0x38, 0x61, 0x30, 0x61, 0x28, 0x41, 0x28, 0x41, 0x20, 0x40, 0x18, 0x20, 0x18, 0x20, 0x10, 0x20, 0x10, 0x20, 0x10,
    0x20, 0x08, 0x00, 0x08, 0x00, 0x08, 0x00, 0x00, 0x00, 0x00, 0x00, 0x00, 0x00, 0x00, 0x00, 0x00, 0x00, 0x00, 0x00,
    0x00, 0x00, 0x00, 0x00, 0x00, 0x00, 0x00, 0x00, 0x00, 0x00, 0x00, 0x00, 0x00, 0x00, 0x08, 0x00, 0x08, 0x00, 0x08,
    0x20, 0x08, 0x20, 0x10, 0x20, 0x10, 0x20, 0x18, 0x20, 0x18, 0x40, 0x20, 0x41, 0x20, 0x41, 0x28, 0x61, 0x28, 0x61,
    0x30, 0x81, 0x38, 0x81, 0x40, 0x82, 0x48, 0xA2, 0x48, 0xC2, 0x50, 0xA2, 0x50, 0x06, 0xBA, 0xE8, 0xFA, 0xA8, 0xF2,
    0xC8, 0xF2, 0xC8, 0xF2, 0xC8, 0xF2, 0xC8, 0xF2, 0xC8, 0xF2, 0xC8, 0xF2, 0xC8, 0xF2, 0xC8, 0xF2, 0xC8, 0xF2, 0xC8,
    0xF2, 0xC8, 0xF2, 0xC8, 0xF2, 0xC8, 0xF2, 0xC8, 0xF2, 0xC8, 0xF2, 0xC8, 0xF2, 0xC8, 0xF2, 0xC8, 0xF2, 0xC8, 0xF2,
    0xC8, 0xF2, 0xC8, 0xF2, 0xC8, 0xF2, 0xC8, 0xF2, 0xC8, 0xF2, 0xC8, 0xF2, 0xC8, 0xF2, 0xC8, 0xF2, 0xC8, 0xF2, 0xC8,
    0xF2, 0xC8, 0xF2, 0xC8, 0xF2, 0xC8, 0xF2, 0xC8, 0xF2, 0xC8, 0xF2, 0xC8, 0xF2, 0xC8, 0xF2, 0xC8, 0xF2, 0xC8, 0xF2,
    0xC8, 0xF2, 0xC8, 0xF2, 0xC8, 0xF2, 0xC8, 0xF2, 0xC8, 0xF2, 0xC8, 0xF2, 0xC8, 0xF2, 0xC8, 0xF2, 0xC8, 0xF2, 0xC8,
    0xF2, 0xC8, 0xF2, 0xC8, 0xF2, 0xC8, 0xF2, 0xC8, 0xF2, 0xC8, 0xF2, 0xC8, 0xF2, 0xC8, 0xF2, 0xC8, 0xF2, 0xC8, 0xF2,
    0xC8, 0xF2, 0xC8, 0xF2, 0xC8, 0xF2, 0xC8, 0xF2, 0xC8, 0xF2, 0xC8, 0xF2, 0xC8, 0xF2, 0xC8, 0xF2, 0x87, 0xF2, 0xD6,
    0xFD, 0xFF, 0xFF, 0xFF, 0xFF, 0xFF, 0xFF, 0xFF, 0xFF, 0xFF, 0xFF, 0xFF, 0xFF, 0xFF, 0xFF, 0xFF, 0xFF, 0xFF, 0xFF,
    0xFF, 0xFF, 0xBA, 0xFE, 0x87, 0xF2, 0xC8, 0xF2, 0xC8, 0xF2, 0xC8, 0xF2, 0xC8, 0xF2, 0xC8, 0xF2, 0xC8, 0xF2, 0xC8,
    0xF2, 0xC8, 0xF2, 0xC8, 0xF2, 0xC8, 0xF2, 0xC8, 0xF2, 0xC8, 0xF2, 0xC8, 0xF2, 0xC8, 0xF2, 0xC8, 0xF2, 0xC8, 0xF2,
    0xC8, 0xF2, 0xC8, 0xF2, 0xC8, 0xF2, 0xC8, 0xF2, 0xC8, 0xF2, 0xC8, 0xF2, 0xC8, 0xF2, 0xC8, 0xF2, 0xC8, 0xF2, 0xC8,
    0xF2, 0xC8, 0xF2, 0xC8, 0xF2, 0xC8, 0xF2, 0xC8, 0xF2, 0xC8, 0xF2, 0xC8, 0xF2, 0xC8, 0xF2, 0xC8, 0xF2, 0xC8, 0xF2,
    0xC8, 0xF2, 0xC8, 0xF2, 0xC8, 0xF2, 0xC8, 0xF2, 0xC8, 0xF2, 0xC8, 0xF2, 0xC8, 0xF2, 0xC8, 0xF2, 0xC8, 0xF2, 0xC8,
    0xF2, 0xC8, 0xF2, 0xC8, 0xF2, 0xC8, 0xF2, 0xC8, 0xF2, 0xC8, 0xF2, 0xC8, 0xF2, 0xC8, 0xF2, 0xC8, 0xF2, 0xC8, 0xF2,
    0xC8, 0xF2, 0xC8, 0xF2, 0xC8, 0xF2, 0xC8, 0xF2, 0xC8, 0xF2, 0xC8, 0xF2, 0xC8, 0xF2, 0xC8, 0xF2, 0xC8, 0xF2, 0xC8,
    0xF2, 0xC8, 0xF2, 0xA8, 0xF2, 0xE8, 0xFA, 0x06, 0xBA, 0xA2, 0x50, 0xC2, 0x50, 0xA2, 0x48, 0x82, 0x48, 0x81, 0x40,
    0x81, 0x38, 0x61, 0x30, 0x61, 0x28, 0x41, 0x28, 0x41, 0x20, 0x40, 0x20, 0x20, 0x18, 0x20, 0x18, 0x20, 0x10, 0x20,
    0x10, 0x20, 0x08, 0x00, 0x08, 0x00, 0x08, 0x00, 0x08, 0x00, 0x00, 0x00, 0x00, 0x00, 0x00, 0x00, 0x00, 0x00, 0x00,
    0x00, 0x00, 0x00, 0x00, 0x00, 0x00, 0x00, 0x00, 0x00, 0x00, 0x00, 0x00, 0x00, 0x00, 0x00, 0x08, 0x00, 0x08, 0x00,
    0x08, 0x20, 0x08, 0x20, 0x10, 0x20, 0x10, 0x20, 0x18, 0x20, 0x18, 0x40, 0x20, 0x41, 0x20, 0x41, 0x28, 0x61, 0x30,
    0x61, 0x30, 0x81, 0x38, 0x82, 0x40, 0xA2, 0x48, 0xA2, 0x50, 0xA2, 0x50, 0xC2, 0x58, 0x67, 0xDA, 0xC8, 0xFA, 0xA8,
    0xF2, 0xC8, 0xF2, 0xC8, 0xF2, 0xC8, 0xF2, 0xC8, 0xF2, 0xC8, 0xF2, 0xC8, 0xF2, 0xC8, 0xF2, 0xC8, 0xF2, 0xC8, 0xF2,
    0xC8, 0xF2, 0xC8, 0xF2, 0xC8, 0xF2, 0xC8, 0xF2, 0xC8, 0xF2, 0xC8, 0xF2, 0xC8, 0xF2, 0xC8, 0xF2, 0xC8, 0xF2, 0xC8,
    0xF2, 0xC8, 0xF2, 0xC8, 0xF2, 0xC8, 0xF2, 0xC8, 0xF2, 0xC8, 0xF2, 0xC8, 0xF2, 0xC8, 0xF2, 0xC8, 0xF2, 0xC8, 0xF2,
    0xC8, 0xF2, 0xC8, 0xF2, 0xC8, 0xF2, 0xC8, 0xF2, 0xC8, 0xF2, 0xC8, 0xF2, 0xC8, 0xF2, 0xC8, 0xF2, 0xC8, 0xF2, 0xC8,
    0xF2, 0xC8, 0xF2, 0xC8, 0xF2, 0xC8, 0xF2, 0xC8, 0xF2, 0xC8, 0xF2, 0xC8, 0xF2, 0xC8, 0xF2, 0xC8, 0xF2, 0xC8, 0xF2,
    0xC8, 0xF2, 0xC8, 0xF2, 0xC8, 0xF2, 0xC8, 0xF2, 0xC8, 0xF2, 0xC8, 0xF2, 0xC8, 0xF2, 0xC8, 0xF2, 0xC8, 0xF2, 0xC8,
    0xF2, 0xC8, 0xF2, 0xC8, 0xF2, 0xC8, 0xF2, 0xC8, 0xF2, 0xC8, 0xF2, 0xC8, 0xF2, 0xC8, 0xF2, 0xC8, 0xF2, 0xC8, 0xF2,
    0x67, 0xF2, 0x6F, 0xF4, 0xBE, 0xFF, 0xFF, 0xFF, 0xFF, 0xFF, 0xFF, 0xFF, 0xFF, 0xFF, 0xFF, 0xFF, 0xFF, 0xFF, 0xFF,
    0xFF, 0xFF, 0xFF, 0x99, 0xFE, 0x87, 0xF2, 0xC8, 0xF2, 0xC8, 0xF2, 0xC8, 0xF2, 0xC8, 0xF2, 0xC8, 0xF2, 0xC8, 0xF2,
    0xC8, 0xF2, 0xC8, 0xF2, 0xC8, 0xF2, 0xC8, 0xF2, 0xC8, 0xF2, 0xC8, 0xF2, 0xC8, 0xF2, 0xC8, 0xF2, 0xC8, 0xF2, 0xC8,
    0xF2, 0xC8, 0xF2, 0xC8, 0xF2, 0xC8, 0xF2, 0xC8, 0xF2, 0xC8, 0xF2, 0xC8, 0xF2, 0xC8, 0xF2, 0xC8, 0xF2, 0xC8, 0xF2,
    0xC8, 0xF2, 0xC8, 0xF2, 0xC8, 0xF2, 0xC8, 0xF2, 0xC8, 0xF2, 0xC8, 0xF2, 0xC8, 0xF2, 0xC8, 0xF2, 0xC8, 0xF2, 0xC8,
    0xF2, 0xC8, 0xF2, 0xC8, 0xF2, 0xC8, 0xF2, 0xC8, 0xF2, 0xC8, 0xF2, 0xC8, 0xF2, 0xC8, 0xF2, 0xC8, 0xF2, 0xC8, 0xF2,
    0xC8, 0xF2, 0xC8, 0xF2, 0xC8, 0xF2, 0xC8, 0xF2, 0xC8, 0xF2, 0xC8, 0xF2, 0xC8, 0xF2, 0xC8, 0xF2, 0xC8, 0xF2, 0xC8,
    0xF2, 0xC8, 0xF2, 0xC8, 0xF2, 0xC8, 0xF2, 0xC8, 0xF2, 0xC8, 0xF2, 0xC8, 0xF2, 0xC8, 0xF2, 0xC8, 0xF2, 0xC8, 0xF2,
    0xC8, 0xF2, 0xC8, 0xF2, 0xA8, 0xF2, 0xC8, 0xFA, 0x67, 0xDA, 0xC2, 0x58, 0xA2, 0x50, 0xA2, 0x50, 0xA2, 0x48, 0x82,
    0x40, 0x81, 0x38, 0x61, 0x30, 0x61, 0x30, 0x41, 0x28, 0x41, 0x20, 0x40, 0x20, 0x20, 0x18, 0x20, 0x18, 0x20, 0x10,
    0x20, 0x10, 0x20, 0x08, 0x00, 0x08, 0x00, 0x08, 0x00, 0x08, 0x00, 0x00, 0x00, 0x00, 0x00, 0x00, 0x00, 0x00, 0x00,
    0x00, 0x00, 0x00, 0x00, 0x00, 0x00, 0x00, 0x00, 0x00, 0x00, 0x00, 0x00, 0x00, 0x00, 0x00, 0x00, 0x08, 0x00, 0x08,
    0x00, 0x08, 0x20, 0x10, 0x20, 0x10, 0x20, 0x10, 0x20, 0x18, 0x40, 0x18, 0x40, 0x20, 0x41, 0x20, 0x41, 0x28, 0x61,
    0x30, 0x61, 0x38, 0x81, 0x38, 0x82, 0x40, 0xA2, 0x48, 0xA2, 0x50, 0xA2, 0x50, 0x03, 0x71, 0xA8, 0xF2, 0xC8, 0xF2,
    0xC8, 0xF2, 0xC8, 0xF2, 0xC8, 0xF2, 0xC8, 0xF2, 0xC8, 0xF2, 0xC8, 0xF2, 0xC8, 0xF2, 0xC8, 0xF2, 0xC8, 0xF2, 0xC8,
    0xF2, 0xC8, 0xF2, 0xC8, 0xF2, 0xC8, 0xF2, 0xC8, 0xF2, 0xC8, 0xF2, 0xC8, 0xF2, 0xC8, 0xF2, 0xC8, 0xF2, 0xC8, 0xF2,
    0xC8, 0xF2, 0xC8, 0xF2, 0xC8, 0xF2, 0xC8, 0xF2, 0xC8, 0xF2, 0xC8, 0xF2, 0xC8, 0xF2, 0xC8, 0xF2, 0xC8, 0xF2, 0xC8,
    0xF2, 0xC8, 0xF2, 0xC8, 0xF2, 0xC8, 0xF2, 0xC8, 0xF2, 0xC8, 0xF2, 0xC8, 0xF2, 0xC8, 0xF2, 0xC8, 0xF2, 0xC8, 0xF2,
    0xC8, 0xF2, 0xC8, 0xF2, 0xC8, 0xF2, 0xC8, 0xF2, 0xC8, 0xF2, 0xC8, 0xF2, 0xC8, 0xF2, 0xC8, 0xF2, 0xC8, 0xF2, 0xC8,
    0xF2, 0xC8, 0xF2, 0xC8, 0xF2, 0xC8, 0xF2, 0xC8, 0xF2, 0xC8, 0xF2, 0xC8, 0xF2, 0xC8, 0xF2, 0xC8, 0xF2, 0xC8, 0xF2,
    0xC8, 0xF2, 0xC8, 0xF2, 0xC8, 0xF2, 0xC8, 0xF2, 0xC8, 0xF2, 0xC8, 0xF2, 0xC8, 0xF2, 0xC8, 0xF2, 0xC8, 0xF2, 0xC8,
    0xF2, 0xC8, 0xF2, 0x46, 0xF2, 0xCC, 0xF3, 0x9E, 0xFF, 0xFF, 0xFF, 0xFF, 0xFF, 0xFF, 0xFF, 0xFF, 0xFF, 0xFF, 0xFF,
    0xFF, 0xFF, 0xFF, 0xFF, 0xB9, 0xFE, 0x87, 0xF2, 0xC8, 0xF2, 0xC8, 0xF2, 0xC8, 0xF2, 0xC8, 0xF2, 0xC8, 0xF2, 0xC8,
    0xF2, 0xC8, 0xF2, 0xC8, 0xF2, 0xC8, 0xF2, 0xC8, 0xF2, 0xC8, 0xF2, 0xC8, 0xF2, 0xC8, 0xF2, 0xC8, 0xF2, 0xC8, 0xF2,
    0xC8, 0xF2, 0xC8, 0xF2, 0xC8, 0xF2, 0xC8, 0xF2, 0xC8, 0xF2, 0xC8, 0xF2, 0xC8, 0xF2, 0xC8, 0xF2, 0xC8, 0xF2, 0xC8,
    0xF2, 0xC8, 0xF2, 0xC8, 0xF2, 0xC8, 0xF2, 0xC8, 0xF2, 0xC8, 0xF2, 0xC8, 0xF2, 0xC8, 0xF2, 0xC8, 0xF2, 0xC8, 0xF2,
    0xC8, 0xF2, 0xC8, 0xF2, 0xC8, 0xF2, 0xC8, 0xF2, 0xC8, 0xF2, 0xC8, 0xF2, 0xC8, 0xF2, 0xC8, 0xF2, 0xC8, 0xF2, 0xC8,
    0xF2, 0xC8, 0xF2, 0xC8, 0xF2, 0xC8, 0xF2, 0xC8, 0xF2, 0xC8, 0xF2, 0xC8, 0xF2, 0xC8, 0xF2, 0xC8, 0xF2, 0xC8, 0xF2,
    0xC8, 0xF2, 0xC8, 0xF2, 0xC8, 0xF2, 0xC8, 0xF2, 0xC8, 0xF2, 0xC8, 0xF2, 0xC8, 0xF2, 0xC8, 0xF2, 0xC8, 0xF2, 0xC8,
    0xF2, 0xC8, 0xF2, 0xC8, 0xF2, 0xC8, 0xF2, 0xC8, 0xF2, 0xA8, 0xF2, 0x03, 0x71, 0xA2, 0x50, 0xA2, 0x50, 0xA2, 0x48,
    0x82, 0x40, 0x81, 0x38, 0x61, 0x38, 0x61, 0x30, 0x41, 0x28, 0x41, 0x20, 0x40, 0x20, 0x40, 0x18, 0x20, 0x18, 0x20,
    0x10, 0x20, 0x10, 0x20, 0x10, 0x00, 0x08, 0x00, 0x08, 0x00, 0x08, 0x00, 0x00, 0x00, 0x00, 0x00, 0x00, 0x00, 0x00,
    0x00, 0x00, 0x00, 0x00, 0x00, 0x00, 0x00, 0x00, 0x00, 0x00, 0x00, 0x00, 0x00, 0x00, 0x00, 0x00, 0x00, 0x08, 0x00,
    0x08, 0x00, 0x08, 0x20, 0x10, 0x20, 0x10, 0x20, 0x10, 0x20, 0x18, 0x40, 0x18, 0x41, 0x20, 0x41, 0x28, 0x61, 0x28,
    0x61, 0x30, 0x81, 0x38, 0x81, 0x38, 0x82, 0x40, 0xA2, 0x48, 0xA2, 0x50, 0xA2, 0x50, 0x64, 0x89, 0xC8, 0xFA, 0xA8,
    0xF2, 0xA8, 0xF2, 0xA8, 0xF2, 0xA8, 0xF2, 0xA8, 0xF2, 0xA8, 0xF2, 0xA8, 0xF2, 0xA8, 0xF2, 0xA8, 0xF2, 0xA8, 0xF2,
    0xA8, 0xF2, 0xA8, 0xF2, 0xA8, 0xF2, 0xA8, 0xF2, 0xA8, 0xF2, 0xA8, 0xF2, 0xA8, 0xF2, 0xA8, 0xF2, 0xA8, 0xF2, 0xA8,
    0xF2, 0xA8, 0xF2, 0xA8, 0xF2, 0xA8, 0xF2, 0xA8, 0xF2, 0xA8, 0xF2, 0xA8, 0xF2, 0xA8, 0xF2, 0xA8, 0xF2, 0xA8, 0xF2,
    0xA8, 0xF2, 0xA8, 0xF2, 0xA8, 0xF2, 0xA8, 0xF2, 0xA8, 0xF2, 0xA8, 0xF2, 0xA8, 0xF2, 0xA8, 0xF2, 0xA8, 0xF2, 0xA8,
    0xF2, 0xA8, 0xF2, 0xA8, 0xF2, 0xA8, 0xF2, 0xA8, 0xF2, 0xA8, 0xF2, 0xA8, 0xF2, 0xA8, 0xF2, 0xA8, 0xF2, 0xA8, 0xF2,
    0xA8, 0xF2, 0xA8, 0xF2, 0xA8, 0xF2, 0xA8, 0xF2, 0xA8, 0xF2, 0xA8, 0xF2, 0xA8, 0xF2, 0xA8, 0xF2, 0xA8, 0xF2, 0xA8,
    0xF2, 0xA8, 0xF2, 0xA8, 0xF2, 0xA8, 0xF2, 0xA8, 0xF2, 0xA8, 0xF2, 0xA8, 0xF2, 0xA8, 0xF2, 0xA8, 0xF2, 0xA8, 0xF2,
    0xA8, 0xF2, 0xA8, 0xF2, 0xC8, 0xF2, 0x87, 0xF2, 0x2A, 0xF3, 0xF6, 0xFD, 0xFF, 0xFF, 0xFF, 0xFF, 0xFF, 0xFF, 0xFF,
    0xFF, 0xDF, 0xFF, 0xFF, 0xFF, 0x78, 0xFE, 0x66, 0xF2, 0xC8, 0xF2, 0xA8, 0xF2, 0xA8, 0xF2, 0xA8, 0xF2, 0xA8, 0xF2,
    0xA8, 0xF2, 0xA8, 0xF2, 0xA8, 0xF2, 0xA8, 0xF2, 0xA8, 0xF2, 0xA8, 0xF2, 0xA8, 0xF2, 0xA8, 0xF2, 0xA8, 0xF2, 0xA8,
    0xF2, 0xA8, 0xF2, 0xA8, 0xF2, 0xA8, 0xF2, 0xA8, 0xF2, 0xA8, 0xF2, 0xA8, 0xF2, 0xA8, 0xF2, 0xA8, 0xF2, 0xA8, 0xF2,
    0xA8, 0xF2, 0xA8, 0xF2, 0xA8, 0xF2, 0xA8, 0xF2, 0xA8, 0xF2, 0xA8, 0xF2, 0xA8, 0xF2, 0xA8, 0xF2, 0xA8, 0xF2, 0xA8,
    0xF2, 0xA8, 0xF2, 0xA8, 0xF2, 0xA8, 0xF2, 0xA8, 0xF2, 0xA8, 0xF2, 0xA8, 0xF2, 0xA8, 0xF2, 0xA8, 0xF2, 0xA8, 0xF2,
    0xA8, 0xF2, 0xA8, 0xF2, 0xA8, 0xF2, 0xA8, 0xF2, 0xA8, 0xF2, 0xA8, 0xF2, 0xA8, 0xF2, 0xA8, 0xF2, 0xA8, 0xF2, 0xA8,
    0xF2, 0xA8, 0xF2, 0xA8, 0xF2, 0xA8, 0xF2, 0xA8, 0xF2, 0xA8, 0xF2, 0xA8, 0xF2, 0xA8, 0xF2, 0xA8, 0xF2, 0xA8, 0xF2,
    0xA8, 0xF2, 0xA8, 0xF2, 0xA8, 0xF2, 0xA8, 0xF2, 0xA8, 0xF2, 0xC8, 0xFA, 0x64, 0x89, 0xA2, 0x50, 0xA2, 0x50, 0xA2,
    0x48, 0x82, 0x40, 0x81, 0x38, 0x81, 0x38, 0x61, 0x30, 0x61, 0x28, 0x41, 0x28, 0x41, 0x20, 0x40, 0x18, 0x20, 0x18,
    0x20, 0x10, 0x20, 0x10, 0x20, 0x10, 0x00, 0x08, 0x00, 0x08, 0x00, 0x08, 0x00, 0x00, 0x00, 0x00, 0x00, 0x00, 0x00,
    0x00, 0x00, 0x00, 0x00, 0x00, 0x00, 0x00, 0x00, 0x00, 0x00, 0x00, 0x00, 0x00, 0x00, 0x00, 0x00, 0x00, 0x00, 0x08,
    0x00, 0x08, 0x20, 0x08, 0x20, 0x10, 0x20, 0x10, 0x20, 0x10, 0x20, 0x18, 0x40, 0x18, 0x41, 0x20, 0x41, 0x28, 0x61,
    0x28, 0x61, 0x30, 0x81, 0x38, 0x81, 0x40, 0x82, 0x40, 0xA2, 0x48, 0xC2, 0x50, 0xA2, 0x50, 0xA5, 0xA1, 0xE8, 0xFA,
    0xA8, 0xF2, 0xA8, 0xF2, 0xA8, 0xF2, 0xA8, 0xF2, 0xA8, 0xF2, 0xA8, 0xF2, 0xA8, 0xF2, 0xA8, 0xF2, 0xA8, 0xF2, 0xA8,
    0xF2, 0xA8, 0xF2, 0xA8, 0xF2, 0xA8, 0xF2, 0xA8, 0xF2, 0xA8, 0xF2, 0xA8, 0xF2, 0xA8, 0xF2, 0xA8, 0xF2, 0xA8, 0xF2,
    0xA8, 0xF2, 0xA8, 0xF2, 0xA8, 0xF2, 0xA8, 0xF2, 0xA8, 0xF2, 0xA8, 0xF2, 0xA8, 0xF2, 0xA8, 0xF2, 0xA8, 0xF2, 0xA8,
    0xF2, 0xA8, 0xF2, 0xA8, 0xF2, 0xA8, 0xF2, 0xA8, 0xF2, 0xA8, 0xF2, 0xA8, 0xF2, 0xA8, 0xF2, 0xA8, 0xF2, 0xA8, 0xF2,
    0xA8, 0xF2, 0xA8, 0xF2, 0xA8, 0xF2, 0xA8, 0xF2, 0xA8, 0xF2, 0xA8, 0xF2, 0xA8, 0xF2, 0xA8, 0xF2, 0xA8, 0xF2, 0xA8,
    0xF2, 0xA8, 0xF2, 0xA8, 0xF2, 0xA8, 0xF2, 0xA8, 0xF2, 0xA8, 0xF2, 0xA8, 0xF2, 0xA8, 0xF2, 0xA8, 0xF2, 0xA8, 0xF2,
    0xA8, 0xF2, 0xA8, 0xF2, 0xA8, 0xF2, 0xA8, 0xF2, 0xA8, 0xF2, 0xA8, 0xF2, 0xA8, 0xF2, 0xA8, 0xF2, 0xA8, 0xF2, 0xA8,
    0xF2, 0xA8, 0xF2, 0xA8, 0xF2, 0xA8, 0xF2, 0xC8, 0xF2, 0x87, 0xF2, 0x66, 0xF2, 0x90, 0xF4, 0xDA, 0xFE, 0xFF, 0xFF,
    0xFF, 0xFF, 0xFF, 0xFF, 0xFF, 0xFF, 0x0E, 0xF4, 0x67, 0xF2, 0xC8, 0xF2, 0xA8, 0xF2, 0xA8, 0xF2, 0xA8, 0xF2, 0xA8,
    0xF2, 0xA8, 0xF2, 0xA8, 0xF2, 0xA8, 0xF2, 0xA8, 0xF2, 0xA8, 0xF2, 0xA8, 0xF2, 0xA8, 0xF2, 0xA8, 0xF2, 0xA8, 0xF2,
    0xA8, 0xF2, 0xA8, 0xF2, 0xA8, 0xF2, 0xA8, 0xF2, 0xA8, 0xF2, 0xA8, 0xF2, 0xA8, 0xF2, 0xA8, 0xF2, 0xA8, 0xF2, 0xA8,
    0xF2, 0xA8, 0xF2, 0xA8, 0xF2, 0xA8, 0xF2, 0xA8, 0xF2, 0xA8, 0xF2, 0xA8, 0xF2, 0xA8, 0xF2, 0xA8, 0xF2, 0xA8, 0xF2,
    0xA8, 0xF2, 0xA8, 0xF2, 0xA8, 0xF2, 0xA8, 0xF2, 0xA8, 0xF2, 0xA8, 0xF2, 0xA8, 0xF2, 0xA8, 0xF2, 0xA8, 0xF2, 0xA8,
    0xF2, 0xA8, 0xF2, 0xA8, 0xF2, 0xA8, 0xF2, 0xA8, 0xF2, 0xA8, 0xF2, 0xA8, 0xF2, 0xA8, 0xF2, 0xA8, 0xF2, 0xA8, 0xF2,
    0xA8, 0xF2, 0xA8, 0xF2, 0xA8, 0xF2, 0xA8, 0xF2, 0xA8, 0xF2, 0xA8, 0xF2, 0xA8, 0xF2, 0xA8, 0xF2, 0xA8, 0xF2, 0xA8,
    0xF2, 0xA8, 0xF2, 0xA8, 0xF2, 0xA8, 0xF2, 0xA8, 0xF2, 0xA8, 0xF2, 0xE8, 0xFA, 0xA5, 0xA1, 0xA2, 0x50, 0xC2, 0x50,
    0xA2, 0x48, 0x82, 0x40, 0x81, 0x40, 0x81, 0x38, 0x61, 0x30, 0x61, 0x28, 0x41, 0x28, 0x41, 0x20, 0x40, 0x18, 0x20,
    0x18, 0x20, 0x10, 0x20, 0x10, 0x20, 0x10, 0x20, 0x08, 0x00, 0x08, 0x00, 0x08, 0x00, 0x00, 0x00, 0x00, 0x00, 0x00,
    0x00, 0x00, 0x00, 0x00, 0x00, 0x00, 0x00, 0x00, 0x00, 0x00, 0x00, 0x00, 0x00, 0x00, 0x00, 0x00, 0x00, 0x00, 0x00,
    0x08, 0x00, 0x08, 0x20, 0x08, 0x20, 0x10, 0x20, 0x10, 0x20, 0x18, 0x20, 0x18, 0x40, 0x20, 0x41, 0x20, 0x41, 0x28,
    0x61, 0x28, 0x61, 0x30, 0x81, 0x38, 0x81, 0x40, 0x82, 0x48, 0xA2, 0x48, 0xC2, 0x58, 0xA2, 0x50, 0xE5, 0xB1, 0xC8,
    0xFA, 0xA8, 0xF2, 0xA8, 0xF2, 0xA8, 0xF2, 0xA8, 0xF2, 0xA8, 0xF2, 0xA8, 0xF2, 0xA8, 0xF2, 0xA8, 0xF2, 0xA8, 0xF2,
    0xA8, 0xF2, 0xA8, 0xF2, 0xA8, 0xF2, 0xA8, 0xF2, 0xA8, 0xF2, 0xA8, 0xF2, 0xA8, 0xF2, 0xA8, 0xF2, 0xA8, 0xF2, 0xA8,
    0xF2, 0xA8, 0xF2, 0xA8, 0xF2, 0xA8, 0xF2, 0xA8, 0xF2, 0xA8, 0xF2, 0xA8, 0xF2, 0xA8, 0xF2, 0xA8, 0xF2, 0xA8, 0xF2,
    0xA8, 0xF2, 0xA8, 0xF2, 0xA8, 0xF2, 0xA8, 0xF2, 0xA8, 0xF2, 0xA8, 0xF2, 0xA8, 0xF2, 0xA8, 0xF2, 0xA8, 0xF2, 0xA8,
    0xF2, 0xA8, 0xF2, 0xA8, 0xF2, 0xA8, 0xF2, 0xA8, 0xF2, 0xA8, 0xF2, 0xA8, 0xF2, 0xA8, 0xF2, 0xA8, 0xF2, 0xA8, 0xF2,
    0xA8, 0xF2, 0xA8, 0xF2, 0xA8, 0xF2, 0xA8, 0xF2, 0xA8, 0xF2, 0xA8, 0xF2, 0xA8, 0xF2, 0xA8, 0xF2, 0xA8, 0xF2, 0xA8,
    0xF2, 0xA8, 0xF2, 0xA8, 0xF2, 0xA8, 0xF2, 0xA8, 0xF2, 0xA8, 0xF2, 0xA8, 0xF2, 0xA8, 0xF2, 0xA8, 0xF2, 0xA8, 0xF2,
    0xA8, 0xF2, 0xA8, 0xF2, 0xA8, 0xF2, 0xA8, 0xF2, 0xA8, 0xF2, 0xC8, 0xF2, 0xC8, 0xF2, 0x66, 0xF2, 0x87, 0xF2, 0x0E,
    0xF4, 0xF7, 0xFD, 0xB9, 0xFE, 0x70, 0xF4, 0x67, 0xF2, 0xC8, 0xF2, 0xA8, 0xF2, 0xA8, 0xF2, 0xA8, 0xF2, 0xA8, 0xF2,
    0xA8, 0xF2, 0xA8, 0xF2, 0xA8, 0xF2, 0xA8, 0xF2, 0xA8, 0xF2, 0xA8, 0xF2, 0xA8, 0xF2, 0xA8, 0xF2, 0xA8, 0xF2, 0xA8,
    0xF2, 0xA8, 0xF2, 0xA8, 0xF2, 0xA8, 0xF2, 0xA8, 0xF2, 0xA8, 0xF2, 0xA8, 0xF2, 0xA8, 0xF2, 0xA8, 0xF2, 0xA8, 0xF2,
    0xA8, 0xF2, 0xA8, 0xF2, 0xA8, 0xF2, 0xA8, 0xF2, 0xA8, 0xF2, 0xA8, 0xF2, 0xA8, 0xF2, 0xA8, 0xF2, 0xA8, 0xF2, 0xA8,
    0xF2, 0xA8, 0xF2, 0xA8, 0xF2, 0xA8, 0xF2, 0xA8, 0xF2, 0xA8, 0xF2, 0xA8, 0xF2, 0xA8, 0xF2, 0xA8, 0xF2, 0xA8, 0xF2,
    0xA8, 0xF2, 0xA8, 0xF2, 0xA8, 0xF2, 0xA8, 0xF2, 0xA8, 0xF2, 0xA8, 0xF2, 0xA8, 0xF2, 0xA8, 0xF2, 0xA8, 0xF2, 0xA8,
    0xF2, 0xA8, 0xF2, 0xA8, 0xF2, 0xA8, 0xF2, 0xA8, 0xF2, 0xA8, 0xF2, 0xA8, 0xF2, 0xA8, 0xF2, 0xA8, 0xF2, 0xA8, 0xF2,
    0xA8, 0xF2, 0xA8, 0xF2, 0xA8, 0xF2, 0xA8, 0xF2, 0xA8, 0xF2, 0xA8, 0xF2, 0xC8, 0xFA, 0xE5, 0xB1, 0xA2, 0x50, 0xC2,
    0x58, 0xA2, 0x48, 0x82, 0x48, 0x81, 0x40, 0x81, 0x38, 0x61, 0x30, 0x61, 0x28, 0x41, 0x28, 0x41, 0x20, 0x40, 0x20,
    0x20, 0x18, 0x20, 0x18, 0x20, 0x10, 0x20, 0x10, 0x20, 0x08, 0x00, 0x08, 0x00, 0x08, 0x00, 0x00, 0x00, 0x00, 0x00,
    0x00, 0x00, 0x00, 0x00, 0x00, 0x00, 0x00, 0x00, 0x00, 0x00, 0x00, 0x00, 0x00, 0x00, 0x00, 0x00, 0x00, 0x00, 0x08,
    0x00, 0x08, 0x00, 0x08, 0x20, 0x08, 0x20, 0x10, 0x20, 0x10, 0x20, 0x18, 0x20, 0x18, 0x40, 0x20, 0x41, 0x20, 0x41,
    0x28, 0x61, 0x30, 0x61, 0x30, 0x81, 0x38, 0x82, 0x40, 0xA2, 0x48, 0xA2, 0x50, 0xC2, 0x58, 0xA2, 0x58, 0x46, 0xCA,
    0xC8, 0xFA, 0xA8, 0xF2, 0xA8, 0xF2, 0xA8, 0xF2, 0xA8, 0xF2, 0xA8, 0xF2, 0xA8, 0xF2, 0xA8, 0xF2, 0xA8, 0xF2, 0xA8,
    0xF2, 0xA8, 0xF2, 0xA8, 0xF2, 0xA8, 0xF2, 0xA8, 0xF2, 0xA8, 0xF2, 0xA8, 0xF2, 0xA8, 0xF2, 0xA8, 0xF2, 0xA8, 0xF2,
    0xA8, 0xF2, 0xA8, 0xF2, 0xA8, 0xF2, 0xA8, 0xF2, 0xA8, 0xF2, 0xA8, 0xF2, 0xA8, 0xF2, 0xA8, 0xF2, 0xA8, 0xF2, 0xA8,
    0xF2, 0xA8, 0xF2, 0xA8, 0xF2, 0xA8, 0xF2, 0xA8, 0xF2, 0xA8, 0xF2, 0xA8, 0xF2, 0xA8, 0xF2, 0xA8, 0xF2, 0xA8, 0xF2,
    0xA8, 0xF2, 0xA8, 0xF2, 0xA8, 0xF2, 0xA8, 0xF2, 0xA8, 0xF2, 0xA8, 0xF2, 0xA8, 0xF2, 0xA8, 0xF2, 0xA8, 0xF2, 0xA8,
    0xF2, 0xA8, 0xF2, 0xA8, 0xF2, 0xA8, 0xF2, 0xA8, 0xF2, 0xA8, 0xF2, 0xA8, 0xF2, 0xA8, 0xF2, 0xA8, 0xF2, 0xA8, 0xF2,
    0xA8, 0xF2, 0xA8, 0xF2, 0xA8, 0xF2, 0xA8, 0xF2, 0xA8, 0xF2, 0xA8, 0xF2, 0xA8, 0xF2, 0xA8, 0xF2, 0xA8, 0xF2, 0xA8,
    0xF2, 0xA8, 0xF2, 0xA8, 0xF2, 0xA8, 0xF2, 0xA8, 0xF2, 0xA8, 0xF2, 0xA8, 0xF2, 0xA8, 0xF2, 0xC8, 0xF2, 0xA8, 0xF2,
    0x66, 0xF2, 0x66, 0xF2, 0x67, 0xF2, 0x66, 0xF2, 0xA8, 0xF2, 0xA8, 0xF2, 0xA8, 0xF2, 0xA8, 0xF2, 0xA8, 0xF2, 0xA8,
    0xF2, 0xA8, 0xF2, 0xA8, 0xF2, 0xA8, 0xF2, 0xA8, 0xF2, 0xA8, 0xF2, 0xA8, 0xF2, 0xA8, 0xF2, 0xA8, 0xF2, 0xA8, 0xF2,
    0xA8, 0xF2, 0xA8, 0xF2, 0xA8, 0xF2, 0xA8, 0xF2, 0xA8, 0xF2, 0xA8, 0xF2, 0xA8, 0xF2, 0xA8, 0xF2, 0xA8, 0xF2, 0xA8,
    0xF2, 0xA8, 0xF2, 0xA8, 0xF2, 0xA8, 0xF2, 0xA8, 0xF2, 0xA8, 0xF2, 0xA8, 0xF2, 0xA8, 0xF2, 0xA8, 0xF2, 0xA8, 0xF2,
    0xA8, 0xF2, 0xA8, 0xF2, 0xA8, 0xF2, 0xA8, 0xF2, 0xA8, 0xF2, 0xA8, 0xF2, 0xA8, 0xF2, 0xA8, 0xF2, 0xA8, 0xF2, 0xA8,
    0xF2, 0xA8, 0xF2, 0xA8, 0xF2, 0xA8, 0xF2, 0xA8, 0xF2, 0xA8, 0xF2, 0xA8, 0xF2, 0xA8, 0xF2, 0xA8, 0xF2, 0xA8, 0xF2,
    0xA8, 0xF2, 0xA8, 0xF2, 0xA8, 0xF2, 0xA8, 0xF2, 0xA8, 0xF2, 0xA8, 0xF2, 0xA8, 0xF2, 0xA8, 0xF2, 0xA8, 0xF2, 0xA8,
    0xF2, 0xA8, 0xF2, 0xA8, 0xF2, 0xA8, 0xF2, 0xA8, 0xF2, 0xA8, 0xF2, 0xA8, 0xF2, 0xC8, 0xFA, 0x46, 0xCA, 0xA2, 0x58,
    0xC2, 0x58, 0xA2, 0x50, 0xA2, 0x48, 0x82, 0x40, 0x81, 0x38, 0x61, 0x30, 0x61, 0x30, 0x41, 0x28, 0x41, 0x20, 0x40,
    0x20, 0x20, 0x18, 0x20, 0x18, 0x20, 0x10, 0x20, 0x10, 0x20, 0x08, 0x00, 0x08, 0x00, 0x08, 0x00, 0x08, 0x00, 0x00,
    0x00, 0x00, 0x00, 0x00, 0x00, 0x00, 0x00, 0x00, 0x00, 0x00, 0x00, 0x00, 0x00, 0x00, 0x00, 0x00, 0x00, 0x00, 0x00,
    0x08, 0x00, 0x08, 0x00, 0x08, 0x20, 0x08, 0x20, 0x10, 0x20, 0x10, 0x20, 0x18, 0x40, 0x18, 0x40, 0x20, 0x41, 0x20,
    0x41, 0x28, 0x61, 0x30, 0x61, 0x30, 0x81, 0x38, 0x82, 0x40, 0xA2, 0x48, 0xA2, 0x50, 0xC2, 0x58, 0xA2, 0x58, 0x26,
    0xCA, 0xC8, 0xFA, 0xA8, 0xEA, 0xA8, 0xF2, 0xA8, 0xF2, 0xA8, 0xF2, 0xA8, 0xF2, 0xA8, 0xF2, 0xA8, 0xF2, 0xA8, 0xF2,
    0xA8, 0xF2, 0xA8, 0xF2, 0xA8, 0xF2, 0xA8, 0xF2, 0xA8, 0xF2, 0xA8, 0xF2, 0xA8, 0xF2, 0xA8, 0xF2, 0xA8, 0xF2, 0xA8,
    0xF2, 0xA8, 0xF2, 0xA8, 0xF2, 0xA8, 0xF2, 0xA8, 0xF2, 0xA8, 0xF2, 0xA8, 0xF2, 0xA8, 0xF2, 0xA8, 0xF2, 0xA8, 0xF2,
    0xA8, 0xF2, 0xA8, 0xF2, 0xA8, 0xF2, 0xA8, 0xF2, 0xA8, 0xF2, 0xA8, 0xF2, 0xA8, 0xF2, 0xA8, 0xF2, 0xA8, 0xF2, 0xA8,
    0xF2, 0xA8, 0xF2, 0xA8, 0xF2, 0xA8, 0xF2, 0xA8, 0xF2, 0xA8, 0xF2, 0xA8, 0xF2, 0xA8, 0xF2, 0xA8, 0xF2, 0xA8, 0xF2,
    0xA8, 0xF2, 0xA8, 0xF2, 0xA8, 0xF2, 0xA8, 0xF2, 0xA8, 0xF2, 0xA8, 0xF2, 0xA8, 0xF2, 0xA8, 0xF2, 0xA8, 0xF2, 0xA8,
    0xF2, 0xA8, 0xF2, 0xA8, 0xF2, 0xA8, 0xF2, 0xA8, 0xF2, 0xA8, 0xF2, 0xA8, 0xF2, 0xA8, 0xF2, 0xA8, 0xF2, 0xA8, 0xF2,
    0xA8, 0xF2, 0xA8, 0xF2, 0xA8, 0xF2, 0xA8, 0xF2, 0xA8, 0xF2, 0xA8, 0xF2, 0xA8, 0xF2, 0xA8, 0xF2, 0xA8, 0xF2, 0xA8,
    0xF2, 0xC8, 0xF2, 0xC8, 0xF2, 0xA8, 0xF2, 0xC8, 0xF2, 0xA8, 0xF2, 0xA8, 0xF2, 0xA8, 0xF2, 0xA8, 0xF2, 0xA8, 0xF2,
    0xA8, 0xF2, 0xA8, 0xF2, 0xA8, 0xF2, 0xA8, 0xF2, 0xA8, 0xF2, 0xA8, 0xF2, 0xA8, 0xF2, 0xA8, 0xF2, 0xA8, 0xF2, 0xA8,
    0xF2, 0xA8, 0xF2, 0xA8, 0xF2, 0xA8, 0xF2, 0xA8, 0xF2, 0xA8, 0xF2, 0xA8, 0xF2, 0xA8, 0xF2, 0xA8, 0xF2, 0xA8, 0xF2,
    0xA8, 0xF2, 0xA8, 0xF2, 0xA8, 0xF2, 0xA8, 0xF2, 0xA8, 0xF2, 0xA8, 0xF2, 0xA8, 0xF2, 0xA8, 0xF2, 0xA8, 0xF2, 0xA8,
    0xF2, 0xA8, 0xF2, 0xA8, 0xF2, 0xA8, 0xF2, 0xA8, 0xF2, 0xA8, 0xF2, 0xA8, 0xF2, 0xA8, 0xF2, 0xA8, 0xF2, 0xA8, 0xF2,
    0xA8, 0xF2, 0xA8, 0xF2, 0xA8, 0xF2, 0xA8, 0xF2, 0xA8, 0xF2, 0xA8, 0xF2, 0xA8, 0xF2, 0xA8, 0xF2, 0xA8, 0xF2, 0xA8,
    0xF2, 0xA8, 0xF2, 0xA8, 0xF2, 0xA8, 0xF2, 0xA8, 0xF2, 0xA8, 0xF2, 0xA8, 0xF2, 0xA8, 0xF2, 0xA8, 0xF2, 0xA8, 0xF2,
    0xA8, 0xF2, 0xA8, 0xF2, 0xA8, 0xF2, 0xA8, 0xF2, 0xA8, 0xF2, 0xA8, 0xF2, 0xA8, 0xEA, 0xC8, 0xFA, 0x26, 0xCA, 0xA2,
    0x58, 0xC2, 0x58, 0xA2, 0x50, 0xA2, 0x48, 0x82, 0x40, 0x81, 0x38, 0x61, 0x30, 0x61, 0x30, 0x41, 0x28, 0x41, 0x20,
    0x40, 0x20, 0x40, 0x18, 0x20, 0x18, 0x20, 0x10, 0x20, 0x10, 0x20, 0x08, 0x00, 0x08, 0x00, 0x08, 0x00, 0x08, 0x00,
    0x00, 0x00, 0x00, 0x00, 0x00, 0x00, 0x00, 0x00, 0x00, 0x00, 0x00, 0x00, 0x00, 0x00, 0x00, 0x00, 0x00, 0x00, 0x00,
    0x00, 0x08, 0x00, 0x08, 0x00, 0x08, 0x20, 0x08, 0x20, 0x10, 0x20, 0x10, 0x20, 0x18, 0x40, 0x18, 0x41, 0x20, 0x41,
    0x20, 0x41, 0x28, 0x61, 0x30, 0x61, 0x38, 0x81, 0x38, 0x82, 0x40, 0xA2, 0x48, 0xA2, 0x50, 0xA2, 0x58, 0xE3, 0x60,
    0x67, 0xE2, 0xA8, 0xF2, 0xA8, 0xF2, 0xA8, 0xF2, 0xA8, 0xF2, 0xA8, 0xF2, 0xA8, 0xF2, 0xA8, 0xF2, 0xA8, 0xF2, 0xA8,
    0xF2, 0xA8, 0xF2, 0xA8, 0xF2, 0xA8, 0xF2, 0xA8, 0xF2, 0xA8, 0xF2, 0xA8, 0xF2, 0xA8, 0xF2, 0xA8, 0xF2, 0xA8, 0xF2,
    0xA8, 0xF2, 0xA8, 0xF2, 0xA8, 0xF2, 0xA8, 0xF2, 0xA8, 0xF2, 0xA8, 0xF2, 0xA8, 0xF2, 0xA8, 0xF2, 0xA8, 0xF2, 0xA8,
    0xF2, 0xA8, 0xF2, 0xA8, 0xF2, 0xA8, 0xF2, 0xA8, 0xF2, 0xA8, 0xF2, 0xA8, 0xF2, 0xA8, 0xF2, 0xA8, 0xF2, 0xA8, 0xF2,
    0xA8, 0xF2, 0xA8, 0xF2, 0xA8, 0xF2, 0xA8, 0xF2, 0xA8, 0xF2, 0xA8, 0xF2, 0xA8, 0xF2, 0xA8, 0xF2, 0xA8, 0xF2, 0xA8,
    0xF2, 0xA8, 0xF2, 0xA8, 0xF2, 0xA8, 0xF2, 0xA8, 0xF2, 0xA8, 0xF2, 0xA8, 0xF2, 0xA8, 0xF2, 0xA8, 0xF2, 0xA8, 0xF2,
    0xA8, 0xF2, 0xA8, 0xF2, 0xA8, 0xF2, 0xA8, 0xF2, 0xA8, 0xF2, 0xA8, 0xF2, 0xA8, 0xF2, 0xA8, 0xF2, 0xA8, 0xF2, 0xA8,
    0xF2, 0xA8, 0xF2, 0xA8, 0xF2, 0xA8, 0xF2, 0xA8, 0xF2, 0xA8, 0xF2, 0xA8, 0xF2, 0xA8, 0xF2, 0xA8, 0xF2, 0xA8, 0xF2,
    0xA8, 0xF2, 0xA8, 0xF2, 0xA8, 0xF2, 0xA8, 0xF2, 0xA8, 0xF2, 0xA8, 0xF2, 0xA8, 0xF2, 0xA8, 0xF2, 0xA8, 0xF2, 0xA8,
    0xF2, 0xA8, 0xF2, 0xA8, 0xF2, 0xA8, 0xF2, 0xA8, 0xF2, 0xA8, 0xF2, 0xA8, 0xF2, 0xA8, 0xF2, 0xA8, 0xF2, 0xA8, 0xF2,
    0xA8, 0xF2, 0xA8, 0xF2, 0xA8, 0xF2, 0xA8, 0xF2, 0xA8, 0xF2, 0xA8, 0xF2, 0xA8, 0xF2, 0xA8, 0xF2, 0xA8, 0xF2, 0xA8,
    0xF2, 0xA8, 0xF2, 0xA8, 0xF2, 0xA8, 0xF2, 0xA8, 0xF2, 0xA8, 0xF2, 0xA8, 0xF2, 0xA8, 0xF2, 0xA8, 0xF2, 0xA8, 0xF2,
    0xA8, 0xF2, 0xA8, 0xF2, 0xA8, 0xF2, 0xA8, 0xF2, 0xA8, 0xF2, 0xA8, 0xF2, 0xA8, 0xF2, 0xA8, 0xF2, 0xA8, 0xF2, 0xA8,
    0xF2, 0xA8, 0xF2, 0xA8, 0xF2, 0xA8, 0xF2, 0xA8, 0xF2, 0xA8, 0xF2, 0xA8, 0xF2, 0xA8, 0xF2, 0xA8, 0xF2, 0xA8, 0xF2,
    0xA8, 0xF2, 0xA8, 0xF2, 0xA8, 0xF2, 0xA8, 0xF2, 0xA8, 0xF2, 0xA8, 0xF2, 0xA8, 0xF2, 0xA8, 0xF2, 0xA8, 0xF2, 0xA8,
    0xF2, 0xA8, 0xF2, 0xA8, 0xF2, 0xA8, 0xF2, 0xA8, 0xF2, 0xA8, 0xF2, 0xA8, 0xF2, 0xA8, 0xF2, 0xA8, 0xF2, 0x67, 0xE2,
    0xE3, 0x60, 0xA2, 0x58, 0xA2, 0x50, 0xA2, 0x48, 0x82, 0x40, 0x81, 0x38, 0x61, 0x38, 0x61, 0x30, 0x41, 0x28, 0x41,
    0x20, 0x41, 0x20, 0x40, 0x18, 0x20, 0x18, 0x20, 0x10, 0x20, 0x10, 0x20, 0x08, 0x00, 0x08, 0x00, 0x08, 0x00, 0x08,
    0x00, 0x00, 0x00, 0x00, 0x00, 0x00, 0x00, 0x00, 0x00, 0x00, 0x00, 0x00, 0x00, 0x00, 0x00, 0x00, 0x00, 0x00, 0x00,
    0x00, 0x00, 0x08, 0x00, 0x08, 0x00, 0x08, 0x20, 0x08, 0x20, 0x10, 0x20, 0x10, 0x20, 0x18, 0x40, 0x18, 0x41, 0x20,
    0x41, 0x20, 0x61, 0x28, 0x61, 0x30, 0x61, 0x38, 0x81, 0x38, 0x82, 0x40, 0xA2, 0x48, 0xA2, 0x50, 0xA2, 0x58, 0xE3,
    0x68, 0x87, 0xEA, 0xA8, 0xF2, 0xA8, 0xF2, 0xA8, 0xF2, 0xA8, 0xF2, 0xA8, 0xF2, 0xA8, 0xF2, 0xA8, 0xF2, 0xA8, 0xF2,
    0xA8, 0xF2, 0xA8, 0xF2, 0xA8, 0xF2, 0xA8, 0xF2, 0xA8, 0xF2, 0xA8, 0xF2, 0xA8, 0xF2, 0xA8, 0xF2, 0xA8, 0xF2, 0xA8,
    0xF2, 0xA8, 0xF2, 0xA8, 0xF2, 0xA8, 0xF2, 0xA8, 0xF2, 0xA8, 0xF2, 0xA8, 0xF2, 0xA8, 0xF2, 0xA8, 0xF2, 0xA8, 0xF2,
    0xA8, 0xF2, 0xA8, 0xF2, 0xA8, 0xF2, 0xA8, 0xF2, 0xA8, 0xF2, 0xA8, 0xF2, 0xA8, 0xF2, 0xA8, 0xF2, 0xA8, 0xF2, 0xA8,
    0xF2, 0xA8, 0xF2, 0xA8, 0xF2, 0xA8, 0xF2, 0xA8, 0xF2, 0xA8, 0xF2, 0xA8, 0xF2, 0xA8, 0xF2, 0xA8, 0xF2, 0xA8, 0xF2,
    0xA8, 0xF2, 0xA8, 0xF2, 0xA8, 0xF2, 0xA8, 0xF2, 0xA8, 0xF2, 0xA8, 0xF2, 0xA8, 0xF2, 0xA8, 0xF2, 0xA8, 0xF2, 0xA8,
    0xF2, 0xA8, 0xF2, 0xA8, 0xF2, 0xA8, 0xF2, 0xA8, 0xF2, 0xA8, 0xF2, 0xA8, 0xF2, 0xA8, 0xF2, 0xA8, 0xF2, 0xA8, 0xF2,
    0xA8, 0xF2, 0xA8, 0xF2, 0xA8, 0xF2, 0xA8, 0xF2, 0xA8, 0xF2, 0xA8, 0xF2, 0xA8, 0xF2, 0xA8, 0xF2, 0xA8, 0xF2, 0xA8,
    0xF2, 0xA8, 0xF2, 0xA8, 0xF2, 0xA8, 0xF2, 0xA8, 0xF2, 0xA8, 0xF2, 0xA8, 0xF2, 0xA8, 0xF2, 0xA8, 0xF2, 0xA8, 0xF2,
    0xA8, 0xF2, 0xA8, 0xF2, 0xA8, 0xF2, 0xA8, 0xF2, 0xA8, 0xF2, 0xA8, 0xF2, 0xA8, 0xF2, 0xA8, 0xF2, 0xA8, 0xF2, 0xA8,
    0xF2, 0xA8, 0xF2, 0xA8, 0xF2, 0xA8, 0xF2, 0xA8, 0xF2, 0xA8, 0xF2, 0xA8, 0xF2, 0xA8, 0xF2, 0xA8, 0xF2, 0xA8, 0xF2,
    0xA8, 0xF2, 0xA8, 0xF2, 0xA8, 0xF2, 0xA8, 0xF2, 0xA8, 0xF2, 0xA8, 0xF2, 0xA8, 0xF2, 0xA8, 0xF2, 0xA8, 0xF2, 0xA8,
    0xF2, 0xA8, 0xF2, 0xA8, 0xF2, 0xA8, 0xF2, 0xA8, 0xF2, 0xA8, 0xF2, 0xA8, 0xF2, 0xA8, 0xF2, 0xA8, 0xF2, 0xA8, 0xF2,
    0xA8, 0xF2, 0xA8, 0xF2, 0xA8, 0xF2, 0xA8, 0xF2, 0xA8, 0xF2, 0xA8, 0xF2, 0xA8, 0xF2, 0xA8, 0xF2, 0xA8, 0xF2, 0xA8,
    0xF2, 0xA8, 0xF2, 0xA8, 0xF2, 0xA8, 0xF2, 0xA8, 0xF2, 0xA8, 0xF2, 0xA8, 0xF2, 0xA8, 0xF2, 0xA8, 0xF2, 0xA8, 0xF2,
    0xA8, 0xF2, 0xA8, 0xF2, 0xA8, 0xF2, 0xA8, 0xF2, 0xA8, 0xF2, 0xA8, 0xF2, 0xA8, 0xF2, 0xA8, 0xF2, 0xA8, 0xF2, 0x87,
    0xEA, 0xE3, 0x68, 0xA2, 0x58, 0xA2, 0x50, 0xA2, 0x48, 0x82, 0x40, 0x81, 0x38, 0x61, 0x38, 0x61, 0x30, 0x61, 0x28,
    0x41, 0x20, 0x41, 0x20, 0x40, 0x18, 0x20, 0x18, 0x20, 0x10, 0x20, 0x10, 0x20, 0x08, 0x00, 0x08, 0x00, 0x08, 0x00,
    0x08, 0x00, 0x00, 0x00, 0x00, 0x00, 0x00, 0x00, 0x00, 0x00, 0x00, 0x00, 0x00, 0x00, 0x00, 0x00, 0x00, 0x00, 0x00,
    0x00, 0x00, 0x00, 0x08, 0x00, 0x08, 0x00, 0x08, 0x20, 0x10, 0x20, 0x10, 0x20, 0x10, 0x20, 0x18, 0x40, 0x18, 0x41,
    0x20, 0x41, 0x28, 0x61, 0x28, 0x61, 0x30, 0x81, 0x38, 0x81, 0x38, 0x82, 0x40, 0xA2, 0x48, 0xA2, 0x50, 0xA2, 0x58,
    0xE3, 0x68, 0x87, 0xE2, 0xA8, 0xF2, 0xA8, 0xEA, 0xA8, 0xF2, 0xA8, 0xF2, 0xA8, 0xF2, 0xA8, 0xF2, 0xA8, 0xF2, 0xA8,
    0xF2, 0xA8, 0xF2, 0xA8, 0xF2, 0xA8, 0xF2, 0xA8, 0xF2, 0xA8, 0xF2, 0xA8, 0xF2, 0xA8, 0xF2, 0xA8, 0xF2, 0xA8, 0xF2,
    0xA8, 0xF2, 0xA8, 0xF2, 0xA8, 0xF2, 0xA8, 0xF2, 0xA8, 0xF2, 0xA8, 0xF2, 0xA8, 0xF2, 0xA8, 0xF2, 0xA8, 0xF2, 0xA8,
    0xF2, 0xA8, 0xF2, 0xA8, 0xF2, 0xA8, 0xF2, 0xA8, 0xF2, 0xA8, 0xF2, 0xA8, 0xF2, 0xA8, 0xF2, 0xA8, 0xF2, 0xA8, 0xF2,
    0xA8, 0xF2, 0xA8, 0xF2, 0xA8, 0xF2, 0xA8, 0xF2, 0xA8, 0xF2, 0xA8, 0xF2, 0xA8, 0xF2, 0xA8, 0xF2, 0xA8, 0xF2, 0xA8,
    0xF2, 0xA8, 0xF2, 0xA8, 0xF2, 0xA8, 0xF2, 0xA8, 0xF2, 0xA8, 0xF2, 0xA8, 0xF2, 0xA8, 0xF2, 0xA8, 0xF2, 0xA8, 0xF2,
    0xA8, 0xF2, 0xA8, 0xF2, 0xA8, 0xF2, 0xA8, 0xF2, 0xA8, 0xF2, 0xA8, 0xF2, 0xA8, 0xF2, 0xA8, 0xF2, 0xA8, 0xF2, 0xA8,
    0xF2, 0xA8, 0xF2, 0xA8, 0xF2, 0xA8, 0xF2, 0xA8, 0xF2, 0xA8, 0xF2, 0xA8, 0xF2, 0xA8, 0xF2, 0xA8, 0xF2, 0xA8, 0xF2,
    0xA8, 0xF2, 0xA8, 0xF2, 0xA8, 0xF2, 0xA8, 0xF2, 0xA8, 0xF2, 0xA8, 0xF2, 0xA8, 0xF2, 0xA8, 0xF2, 0xA8, 0xF2, 0xA8,
    0xF2, 0xA8, 0xF2, 0xA8, 0xF2, 0xA8, 0xF2, 0xA8, 0xF2, 0xA8, 0xF2, 0xA8, 0xF2, 0xA8, 0xF2, 0xA8, 0xF2, 0xA8, 0xF2,
    0xA8, 0xF2, 0xA8, 0xF2, 0xA8, 0xF2, 0xA8, 0xF2, 0xA8, 0xF2, 0xA8, 0xF2, 0xA8, 0xF2, 0xA8, 0xF2, 0xA8, 0xF2, 0xA8,
    0xF2, 0xA8, 0xF2, 0xA8, 0xF2, 0xA8, 0xF2, 0xA8, 0xF2, 0xA8, 0xF2, 0xA8, 0xF2, 0xA8, 0xF2, 0xA8, 0xF2, 0xA8, 0xF2,
    0xA8, 0xF2, 0xA8, 0xF2, 0xA8, 0xF2, 0xA8, 0xF2, 0xA8, 0xF2, 0xA8, 0xF2, 0xA8, 0xF2, 0xA8, 0xF2, 0xA8, 0xF2, 0xA8,
    0xF2, 0xA8, 0xF2, 0xA8, 0xF2, 0xA8, 0xF2, 0xA8, 0xF2, 0xA8, 0xF2, 0xA8, 0xF2, 0xA8, 0xF2, 0xA8, 0xF2, 0xA8, 0xF2,
    0xA8, 0xF2, 0xA8, 0xF2, 0xA8, 0xF2, 0xA8, 0xF2, 0xA8, 0xF2, 0xA8, 0xF2, 0xA8, 0xF2, 0xA8, 0xF2, 0xA8, 0xF2, 0xA8,
    0xF2, 0xA8, 0xF2, 0xA8, 0xF2, 0xA8, 0xF2, 0xA8, 0xF2, 0xA8, 0xF2, 0xA8, 0xF2, 0xA8, 0xF2, 0xA8, 0xEA, 0xA8, 0xF2,
    0x87, 0xE2, 0xE3, 0x68, 0xA2, 0x58, 0xA2, 0x50, 0xA2, 0x48, 0x82, 0x40, 0x81, 0x38, 0x81, 0x38, 0x61, 0x30, 0x61,
    0x28, 0x41, 0x28, 0x41, 0x20, 0x40, 0x18, 0x20, 0x18, 0x20, 0x10, 0x20, 0x10, 0x20, 0x10, 0x00, 0x08, 0x00, 0x08,
    0x00, 0x08, 0x00, 0x00, 0x00, 0x00, 0x00, 0x00, 0x00, 0x00, 0x00, 0x00, 0x00, 0x00, 0x00, 0x00, 0x00, 0x00, 0x00,
    0x00, 0x00, 0x00, 0x00, 0x08, 0x00, 0x08, 0x20, 0x08, 0x20, 0x10, 0x20, 0x10, 0x20, 0x10, 0x20, 0x18, 0x40, 0x18,
    0x41, 0x20, 0x41, 0x28, 0x61, 0x28, 0x61, 0x30, 0x81, 0x38, 0x81, 0x40, 0x82, 0x40, 0xA2, 0x48, 0xA2, 0x50, 0xC2,
    0x58, 0xE3, 0x68, 0x87, 0xE2, 0xA8, 0xF2, 0xA8, 0xEA, 0xA8, 0xF2, 0xA8, 0xF2, 0xA8, 0xF2, 0xA8, 0xF2, 0xA8, 0xF2,
    0xA8, 0xF2, 0xA8, 0xF2, 0xA8, 0xF2, 0xA8, 0xF2, 0xA8, 0xF2, 0xA8, 0xF2, 0xA8, 0xF2, 0xA8, 0xF2, 0xA8, 0xF2, 0xA8,
    0xF2, 0xA8, 0xF2, 0xA8, 0xF2, 0xA8, 0xF2, 0xA8, 0xF2, 0xA8, 0xF2, 0xA8, 0xF2, 0xA8, 0xF2, 0xA8, 0xF2, 0xA8, 0xF2,
    0xA8, 0xF2, 0xA8, 0xF2, 0xA8, 0xF2, 0xA8, 0xF2, 0xA8, 0xF2, 0xA8, 0xF2, 0xA8, 0xF2, 0xA8, 0xF2, 0xA8, 0xF2, 0xA8,
    0xF2, 0xA8, 0xF2, 0xA8, 0xF2, 0xA8, 0xF2, 0xA8, 0xF2, 0xA8, 0xF2, 0xA8, 0xF2, 0xA8, 0xF2, 0xA8, 0xF2, 0xA8, 0xF2,
    0xA8, 0xF2, 0xA8, 0xF2, 0xA8, 0xF2, 0xA8, 0xF2, 0xA8, 0xF2, 0xA8, 0xF2, 0xA8, 0xF2, 0xA8, 0xF2, 0xA8, 0xF2, 0xA8,
    0xF2, 0xA8, 0xF2, 0xA8, 0xF2, 0xA8, 0xF2, 0xA8, 0xF2, 0xA8, 0xF2, 0xA8, 0xF2, 0xA8, 0xF2, 0xA8, 0xF2, 0xA8, 0xF2,
    0xA8, 0xF2, 0xA8, 0xF2, 0xA8, 0xF2, 0xA8, 0xF2, 0xA8, 0xF2, 0xA8, 0xF2, 0xA8, 0xF2, 0xA8, 0xF2, 0xA8, 0xF2, 0xA8,
    0xF2, 0xA8, 0xF2, 0xA8, 0xF2, 0xA8, 0xF2, 0xA8, 0xF2, 0xA8, 0xF2, 0xA8, 0xF2, 0xA8, 0xF2, 0xA8, 0xF2, 0xA8, 0xF2,
    0xA8, 0xF2, 0xA8, 0xF2, 0xA8, 0xF2, 0xA8, 0xF2, 0xA8, 0xF2, 0xA8, 0xF2, 0xA8, 0xF2, 0xA8, 0xF2, 0xA8, 0xF2, 0xA8,
    0xF2, 0xA8, 0xF2, 0xA8, 0xF2, 0xA8, 0xF2, 0xA8, 0xF2, 0xA8, 0xF2, 0xA8, 0xF2, 0xA8, 0xF2, 0xA8, 0xF2, 0xA8, 0xF2,
    0xA8, 0xF2, 0xA8, 0xF2, 0xA8, 0xF2, 0xA8, 0xF2, 0xA8, 0xF2, 0xA8, 0xF2, 0xA8, 0xF2, 0xA8, 0xF2, 0xA8, 0xF2, 0xA8,
    0xF2, 0xA8, 0xF2, 0xA8, 0xF2, 0xA8, 0xF2, 0xA8, 0xF2, 0xA8, 0xF2, 0xA8, 0xF2, 0xA8, 0xF2, 0xA8, 0xF2, 0xA8, 0xF2,
    0xA8, 0xF2, 0xA8, 0xF2, 0xA8, 0xF2, 0xA8, 0xF2, 0xA8, 0xF2, 0xA8, 0xF2, 0xA8, 0xF2, 0xA8, 0xF2, 0xA8, 0xF2, 0xA8,
    0xF2, 0xA8, 0xF2, 0xA8, 0xF2, 0xA8, 0xF2, 0xA8, 0xF2, 0xA8, 0xF2, 0xA8, 0xF2, 0xA8, 0xF2, 0xA8, 0xF2, 0xA8, 0xF2,
    0xA8, 0xF2, 0xA8, 0xF2, 0xA8, 0xF2, 0xA8, 0xF2, 0xA8, 0xF2, 0xA8, 0xF2, 0xA8, 0xF2, 0xA8, 0xF2, 0xA8, 0xEA, 0xA8,
    0xF2, 0x87, 0xE2, 0xE3, 0x68, 0xC2, 0x58, 0xA2, 0x50, 0xA2, 0x48, 0x82, 0x40, 0x81, 0x40, 0x81, 0x38, 0x61, 0x30,
    0x61, 0x28, 0x41, 0x28, 0x41, 0x20, 0x40, 0x18, 0x20, 0x18, 0x20, 0x10, 0x20, 0x10, 0x20, 0x10, 0x20, 0x08, 0x00,
    0x08, 0x00, 0x08, 0x00, 0x00, 0x00, 0x00, 0x00, 0x00, 0x00, 0x00, 0x00, 0x00, 0x00, 0x00, 0x00, 0x00, 0x00, 0x00,
    0x00, 0x00, 0x00, 0x00, 0x00, 0x08, 0x00, 0x08, 0x20, 0x08, 0x20, 0x10, 0x20, 0x10, 0x20, 0x10, 0x20, 0x18, 0x40,
    0x18, 0x41, 0x20, 0x41, 0x28, 0x61, 0x28, 0x61, 0x30, 0x81, 0x38, 0x81, 0x40, 0xA2, 0x40, 0xA2, 0x48, 0xA2, 0x50,
    0xC2, 0x58, 0xE3, 0x68, 0x87, 0xE2, 0xA8, 0xF2, 0x88, 0xEA, 0x88, 0xF2, 0x88, 0xF2, 0x88, 0xF2, 0x88, 0xF2, 0x88,
    0xF2, 0x88, 0xF2, 0x88, 0xF2, 0x88, 0xF2, 0x88, 0xF2, 0x88, 0xF2, 0x88, 0xF2, 0x88, 0xF2, 0x88, 0xF2, 0x88, 0xF2,
    0x88, 0xF2, 0x88, 0xF2, 0x88, 0xF2, 0x88, 0xF2, 0x88, 0xF2, 0x88, 0xF2, 0x88, 0xF2, 0x88, 0xF2, 0x88, 0xF2, 0x88,
    0xF2, 0x88, 0xF2, 0x88, 0xF2, 0x88, 0xF2, 0x88, 0xF2, 0x88, 0xF2, 0x88, 0xF2, 0x88, 0xF2, 0x88, 0xF2, 0x88, 0xF2,
    0x88, 0xF2, 0x88, 0xF2, 0x88, 0xF2, 0x88, 0xF2, 0x88, 0xF2, 0x88, 0xF2, 0x88, 0xF2, 0x88, 0xF2, 0x88, 0xF2, 0x88,
    0xF2, 0x88, 0xF2, 0x88, 0xF2, 0x88, 0xF2, 0x88, 0xF2, 0x88, 0xF2, 0x88, 0xF2, 0x88, 0xF2, 0x88, 0xF2, 0x88, 0xF2,
    0x88, 0xF2, 0x88, 0xF2, 0x88, 0xF2, 0x88, 0xF2, 0x88, 0xF2, 0x88, 0xF2, 0x88, 0xF2, 0x88, 0xF2, 0x88, 0xF2, 0x88,
    0xF2, 0x88, 0xF2, 0x88, 0xF2, 0x88, 0xEA, 0xA8, 0xF2, 0xA8, 0xF2, 0xA8, 0xF2, 0xA8, 0xF2, 0xA8, 0xF2, 0xA8, 0xF2,
    0x88, 0xF2, 0x88, 0xEA, 0x88, 0xF2, 0x88, 0xF2, 0x88, 0xF2, 0x88, 0xF2, 0x88, 0xF2, 0x88, 0xF2, 0x88, 0xF2, 0x88,
    0xF2, 0x88, 0xF2, 0x88, 0xF2, 0x88, 0xF2, 0x88, 0xF2, 0x88, 0xF2, 0x88, 0xF2, 0x88, 0xF2, 0x88, 0xF2, 0x88, 0xF2,
    0x88, 0xF2, 0x88, 0xF2, 0x88, 0xF2, 0x88, 0xF2, 0x88, 0xEA, 0x88, 0xF2, 0xA8, 0xF2, 0xA8, 0xF2, 0x88, 0xEA, 0x88,
    0xEA, 0x88, 0xF2, 0x88, 0xF2, 0x88, 0xF2, 0x88, 0xF2, 0x88, 0xF2, 0x88, 0xF2, 0x88, 0xF2, 0x88, 0xF2, 0x88, 0xF2,
    0x88, 0xF2, 0x88, 0xF2, 0x88, 0xF2, 0x88, 0xF2, 0x88, 0xF2, 0x88, 0xF2, 0x88, 0xF2, 0x88, 0xF2, 0x88, 0xF2, 0x88,
    0xF2, 0x88, 0xF2, 0x88, 0xF2, 0x88, 0xF2, 0x88, 0xF2, 0x88, 0xF2, 0x88, 0xF2, 0x88, 0xF2, 0x88, 0xF2, 0x88, 0xF2,
    0x88, 0xF2, 0x88, 0xF2, 0x88, 0xF2, 0x88, 0xF2, 0x88, 0xF2, 0x88, 0xF2, 0x88, 0xF2, 0x88, 0xF2, 0x88, 0xF2, 0x88,
    0xF2, 0x88, 0xF2, 0x88, 0xF2, 0x88, 0xF2, 0x88, 0xF2, 0x88, 0xF2, 0x88, 0xF2, 0x88, 0xF2, 0x88, 0xF2, 0x88, 0xEA,
    0xA8, 0xF2, 0x87, 0xE2, 0xE3, 0x68, 0xC2, 0x58, 0xA2, 0x50, 0xA2, 0x48, 0xA2, 0x40, 0x81, 0x40, 0x81, 0x38, 0x61,
    0x30, 0x61, 0x28, 0x41, 0x28, 0x41, 0x20, 0x40, 0x18, 0x20, 0x18, 0x20, 0x10, 0x20, 0x10, 0x20, 0x10, 0x20, 0x08,
    0x00, 0x08, 0x00, 0x08, 0x00, 0x00, 0x00, 0x00, 0x00, 0x00, 0x00, 0x00, 0x00, 0x00, 0x00, 0x00, 0x00, 0x00, 0x00,
    0x00, 0x00, 0x00, 0x00, 0x00, 0x00, 0x08, 0x00, 0x08, 0x20, 0x08, 0x20, 0x10, 0x20, 0x10, 0x20, 0x10, 0x20, 0x18,
    0x40, 0x18, 0x41, 0x20, 0x41, 0x28, 0x61, 0x28, 0x61, 0x30, 0x81, 0x38, 0x81, 0x40, 0xA2, 0x48, 0xA2, 0x48, 0xA2,
    0x50, 0xC2, 0x58, 0xE3, 0x68, 0x67, 0xE2, 0xA8, 0xF2, 0x87, 0xEA, 0x87, 0xEA, 0x87, 0xEA, 0x87, 0xEA, 0x87, 0xEA,
    0x87, 0xEA, 0x87, 0xEA, 0x87, 0xEA, 0x87, 0xEA, 0x87, 0xEA, 0x87, 0xEA, 0x87, 0xEA, 0x87, 0xEA, 0x87, 0xEA, 0x87,
    0xEA, 0x87, 0xEA, 0x87, 0xEA, 0x87, 0xEA, 0x87, 0xEA, 0x87, 0xEA, 0x87, 0xEA, 0x87, 0xEA, 0x87, 0xEA, 0x87, 0xEA,
    0x87, 0xEA, 0x87, 0xEA, 0x87, 0xEA, 0x87, 0xEA, 0x87, 0xEA, 0x87, 0xEA, 0x87, 0xEA, 0x87, 0xEA, 0x87, 0xEA, 0x87,
    0xEA, 0x87, 0xEA, 0x87, 0xEA, 0x87, 0xEA, 0x87, 0xEA, 0x87, 0xEA, 0x87, 0xEA, 0x87, 0xEA, 0x87, 0xEA, 0x87, 0xEA,
    0x87, 0xEA, 0x87, 0xEA, 0x87, 0xEA, 0x87, 0xEA, 0x87, 0xEA, 0x87, 0xEA, 0x87, 0xEA, 0x87, 0xEA, 0x87, 0xEA, 0x87,
    0xEA, 0x87, 0xEA, 0x87, 0xEA, 0x87, 0xEA, 0x87, 0xEA, 0x87, 0xEA, 0x87, 0xEA, 0x87, 0xEA, 0x87, 0xEA, 0x87, 0xEA,
    0x87, 0xEA, 0x87, 0xEA, 0xA8, 0xEA, 0xA8, 0xEA, 0x87, 0xEA, 0x46, 0xEA, 0x26, 0xEA, 0x46, 0xEA, 0x26, 0xEA, 0x46,
    0xEA, 0xA8, 0xEA, 0xA8, 0xEA, 0x87, 0xEA, 0x87, 0xEA, 0x87, 0xEA, 0x87, 0xEA, 0x87, 0xEA, 0x87, 0xEA, 0x87, 0xEA,
    0x87, 0xEA, 0x87, 0xEA, 0x87, 0xEA, 0x87, 0xEA, 0x87, 0xEA, 0x87, 0xEA, 0x87, 0xEA, 0x87, 0xEA, 0x87, 0xEA, 0x87,
    0xEA, 0x87, 0xEA, 0x87, 0xEA, 0x87, 0xEA, 0x87, 0xEA, 0xA8, 0xEA, 0x87, 0xEA, 0x87, 0xEA, 0x87, 0xEA, 0xA8, 0xEA,
    0xA8, 0xEA, 0x87, 0xEA, 0x87, 0xEA, 0x87, 0xEA, 0x87, 0xEA, 0x87, 0xEA, 0x87, 0xEA, 0x87, 0xEA, 0x87, 0xEA, 0x87,
    0xEA, 0x87, 0xEA, 0x87, 0xEA, 0x87, 0xEA, 0x87, 0xEA, 0x87, 0xEA, 0x87, 0xEA, 0x87, 0xEA, 0x87, 0xEA, 0x87, 0xEA,
    0x87, 0xEA, 0x87, 0xEA, 0x87, 0xEA, 0x87, 0xEA, 0x87, 0xEA, 0x87, 0xEA, 0x87, 0xEA, 0x87, 0xEA, 0x87, 0xEA, 0x87,
    0xEA, 0x87, 0xEA, 0x87, 0xEA, 0x87, 0xEA, 0x87, 0xEA, 0x87, 0xEA, 0x87, 0xEA, 0x87, 0xEA, 0x87, 0xEA, 0x87, 0xEA,
    0x87, 0xEA, 0x87, 0xEA, 0x87, 0xEA, 0x87, 0xEA, 0x87, 0xEA, 0x87, 0xEA, 0x87, 0xEA, 0x87, 0xEA, 0x87, 0xEA, 0x87,
    0xEA, 0xA8, 0xF2, 0x67, 0xE2, 0xE3, 0x68, 0xC2, 0x58, 0xA2, 0x50, 0xA2, 0x48, 0xA2, 0x48, 0x81, 0x40, 0x81, 0x38,
    0x61, 0x30, 0x61, 0x28, 0x41, 0x28, 0x41, 0x20, 0x40, 0x18, 0x20, 0x18, 0x20, 0x10, 0x20, 0x10, 0x20, 0x10, 0x20,
    0x08, 0x00, 0x08, 0x00, 0x08, 0x00, 0x00, 0x00, 0x00, 0x00, 0x00, 0x00, 0x00, 0x00, 0x00, 0x00, 0x00, 0x00, 0x00,
    0x00, 0x00, 0x00, 0x00, 0x00, 0x00, 0x00, 0x08, 0x00, 0x08, 0x20, 0x08, 0x20, 0x10, 0x20, 0x10, 0x20, 0x10, 0x20,
    0x18, 0x40, 0x20, 0x41, 0x20, 0x41, 0x28, 0x61, 0x28, 0x61, 0x30, 0x81, 0x38, 0x81, 0x40, 0xA2, 0x48, 0xA2, 0x50,
    0xA2, 0x50, 0xC2, 0x58, 0xE3, 0x68, 0x67, 0xE2, 0x88, 0xF2, 0x87, 0xEA, 0x87, 0xEA, 0x87, 0xEA, 0x87, 0xEA, 0x87,
    0xEA, 0x87, 0xEA, 0x87, 0xEA, 0x87, 0xEA, 0x87, 0xEA, 0x87, 0xEA, 0x87, 0xEA, 0x87, 0xEA, 0x87, 0xEA, 0x87, 0xEA,
    0x87, 0xEA, 0x87, 0xEA, 0x87, 0xEA, 0x87, 0xEA, 0x87, 0xEA, 0x87, 0xEA, 0x87, 0xEA, 0x87, 0xEA, 0x87, 0xEA, 0x87,
    0xEA, 0x87, 0xEA, 0x87, 0xEA, 0x87, 0xEA, 0x87, 0xEA, 0x87, 0xEA, 0x87, 0xEA, 0x87, 0xEA, 0x87, 0xEA, 0x87, 0xEA,
    0x87, 0xEA, 0x87, 0xEA, 0x87, 0xEA, 0x87, 0xEA, 0x87, 0xEA, 0x87, 0xEA, 0x87, 0xEA, 0x87, 0xEA, 0x87, 0xEA, 0x87,
    0xEA, 0x87, 0xEA, 0x87, 0xEA, 0x87, 0xEA, 0x87, 0xEA, 0x87, 0xEA, 0x87, 0xEA, 0x87, 0xEA, 0x87, 0xEA, 0x87, 0xEA,
    0x87, 0xEA, 0x87, 0xEA, 0x87, 0xEA, 0x87, 0xEA, 0x87, 0xEA, 0x87, 0xEA, 0x87, 0xEA, 0x87, 0xEA, 0x87, 0xEA, 0x87,
    0xEA, 0x88, 0xEA, 0xA8, 0xEA, 0x67, 0xEA, 0x26, 0xEA, 0xA8, 0xEA, 0x0E, 0xF4, 0x33, 0xF5, 0xD6, 0xFD, 0x74, 0xFD,
    0x0E, 0xF4, 0x46, 0xEA, 0x67, 0xEA, 0xA8, 0xEA, 0xA8, 0xEA, 0x87, 0xEA, 0x87, 0xEA, 0x87, 0xEA, 0x87, 0xEA, 0x87,
    0xEA, 0x87, 0xEA, 0x87, 0xEA, 0x87, 0xEA, 0x87, 0xEA, 0x87, 0xEA, 0x87, 0xEA, 0x87, 0xEA, 0x87, 0xEA, 0x87, 0xEA,
    0x87, 0xEA, 0x87, 0xEA, 0x87, 0xEA, 0x87, 0xEA, 0x88, 0xEA, 0x87, 0xEA, 0x88, 0xEA, 0xE9, 0xF2, 0xC8, 0xF2, 0x26,
    0xEA, 0x67, 0xEA, 0xA8, 0xEA, 0x87, 0xEA, 0x87, 0xEA, 0x87, 0xEA, 0x87, 0xEA, 0x87, 0xEA, 0x87, 0xEA, 0x87, 0xEA,
    0x87, 0xEA, 0x87, 0xEA, 0x87, 0xEA, 0x87, 0xEA, 0x87, 0xEA, 0x87, 0xEA, 0x87, 0xEA, 0x87, 0xEA, 0x87, 0xEA, 0x87,
    0xEA, 0x87, 0xEA, 0x87, 0xEA, 0x87, 0xEA, 0x87, 0xEA, 0x87, 0xEA, 0x87, 0xEA, 0x87, 0xEA, 0x87, 0xEA, 0x87, 0xEA,
    0x87, 0xEA, 0x87, 0xEA, 0x87, 0xEA, 0x87, 0xEA, 0x87, 0xEA, 0x87, 0xEA, 0x87, 0xEA, 0x87, 0xEA, 0x87, 0xEA, 0x87,
    0xEA, 0x87, 0xEA, 0x87, 0xEA, 0x87, 0xEA, 0x87, 0xEA, 0x87, 0xEA, 0x87, 0xEA, 0x87, 0xEA, 0x87, 0xEA, 0x87, 0xEA,
    0x87, 0xEA, 0x88, 0xF2, 0x67, 0xE2, 0xE3, 0x68, 0xC2, 0x58, 0xA2, 0x50, 0xA2, 0x50, 0xA2, 0x48, 0x81, 0x40, 0x81,
    0x38, 0x61, 0x30, 0x61, 0x28, 0x41, 0x28, 0x41, 0x20, 0x40, 0x20, 0x20, 0x18, 0x20, 0x10, 0x20, 0x10, 0x20, 0x10,
    0x20, 0x08, 0x00, 0x08, 0x00, 0x08, 0x00, 0x00, 0x00, 0x00, 0x00, 0x00, 0x00, 0x00, 0x00, 0x00, 0x00, 0x00, 0x00,
    0x00, 0x00, 0x00, 0x00, 0x00, 0x00, 0x00, 0x00, 0x08, 0x00, 0x08, 0x20, 0x08, 0x20, 0x10, 0x20, 0x10, 0x20, 0x18,
    0x40, 0x18, 0x40, 0x20, 0x41, 0x20, 0x41, 0x28, 0x61, 0x30, 0x61, 0x30, 0x81, 0x38, 0x81, 0x40, 0xA2, 0x48, 0xA2,
    0x50, 0xA2, 0x58, 0xC2, 0x58, 0xE3, 0x68, 0x67, 0xE2, 0x88, 0xF2, 0x87, 0xEA, 0x87, 0xEA, 0x87, 0xEA, 0x87, 0xEA,
    0x87, 0xEA, 0x87, 0xEA, 0x87, 0xEA, 0x87, 0xEA, 0x87, 0xEA, 0x87, 0xEA, 0x87, 0xEA, 0x87, 0xEA, 0x87, 0xEA, 0x87,
    0xEA, 0x87, 0xEA, 0x87, 0xEA, 0x87, 0xEA, 0x87, 0xEA, 0x87, 0xEA, 0x87, 0xEA, 0x87, 0xEA, 0x87, 0xEA, 0x87, 0xEA,
    0x87, 0xEA, 0x87, 0xEA, 0x87, 0xEA, 0x87, 0xEA, 0x87, 0xEA, 0x87, 0xEA, 0x87, 0xEA, 0x87, 0xEA, 0x87, 0xEA, 0x87,
    0xEA, 0x87, 0xEA, 0x87, 0xEA, 0x87, 0xEA, 0x87, 0xEA, 0x87, 0xEA, 0x87, 0xEA, 0x87, 0xEA, 0x87, 0xEA, 0x87, 0xEA,
    0x87, 0xEA, 0x87, 0xEA, 0x87, 0xEA, 0x87, 0xEA, 0x87, 0xEA, 0x87, 0xEA, 0x87, 0xEA, 0x87, 0xEA, 0x87, 0xEA, 0x87,
    0xEA, 0x87, 0xEA, 0x87, 0xEA, 0x87, 0xEA, 0x87, 0xEA, 0x87, 0xEA, 0x87, 0xEA, 0x87, 0xEA, 0x88, 0xEA, 0xA8, 0xEA,
    0xA8, 0xEA, 0x67, 0xEA, 0x46, 0xEA, 0x0A, 0xF3, 0xF2, 0xF4, 0x1B, 0xFF, 0xFF, 0xFF, 0xFF, 0xFF, 0xFF, 0xFF, 0xFF,
    0xFF, 0xFF, 0xFF, 0x78, 0xFE, 0x6B, 0xF3, 0x26, 0xEA, 0x67, 0xEA, 0xA8, 0xEA, 0x87, 0xEA, 0x87, 0xEA, 0x87, 0xEA,
    0x87, 0xEA, 0x87, 0xEA, 0x87, 0xEA, 0x87, 0xEA, 0x87, 0xEA, 0x87, 0xEA, 0x87, 0xEA, 0x87, 0xEA, 0x87, 0xEA, 0x87,
    0xEA, 0x87, 0xEA, 0x87, 0xEA, 0x87, 0xEA, 0x88, 0xEA, 0x87, 0xEA, 0xA8, 0xEA, 0x99, 0xFE, 0xBE, 0xFF, 0x5D, 0xFF,
    0x33, 0xF5, 0xE9, 0xF2, 0x26, 0xEA, 0x88, 0xEA, 0xA8, 0xEA, 0x87, 0xEA, 0x87, 0xEA, 0x87, 0xEA, 0x87, 0xEA, 0x87,
    0xEA, 0x87, 0xEA, 0x87, 0xEA, 0x87, 0xEA, 0x87, 0xEA, 0x87, 0xEA, 0x87, 0xEA, 0x87, 0xEA, 0x87, 0xEA, 0x87, 0xEA,
    0x87, 0xEA, 0x87, 0xEA, 0x87, 0xEA, 0x87, 0xEA, 0x87, 0xEA, 0x87, 0xEA, 0x87, 0xEA, 0x87, 0xEA, 0x87, 0xEA, 0x87,
    0xEA, 0x87, 0xEA, 0x87, 0xEA, 0x87, 0xEA, 0x87, 0xEA, 0x87, 0xEA, 0x87, 0xEA, 0x87, 0xEA, 0x87, 0xEA, 0x87, 0xEA,
    0x87, 0xEA, 0x87, 0xEA, 0x87, 0xEA, 0x87, 0xEA, 0x87, 0xEA, 0x87, 0xEA, 0x87, 0xEA, 0x87, 0xEA, 0x87, 0xEA, 0x87,
    0xEA, 0x87, 0xEA, 0x88, 0xF2, 0x67, 0xE2, 0xE3, 0x68, 0xC2, 0x58, 0xA2, 0x58, 0xA2, 0x50, 0xA2, 0x48, 0x81, 0x40,
    0x81, 0x38, 0x61, 0x30, 0x61, 0x30, 0x41, 0x28, 0x41, 0x20, 0x40, 0x20, 0x40, 0x18, 0x20, 0x18, 0x20, 0x10, 0x20,
    0x10, 0x20, 0x08, 0x00, 0x08, 0x00, 0x08, 0x00, 0x00, 0x00, 0x00, 0x00, 0x00, 0x00, 0x00, 0x00, 0x00, 0x00, 0x00,
    0x00, 0x00, 0x00, 0x00, 0x00, 0x00, 0x00, 0x00, 0x00, 0x08, 0x00, 0x08, 0x20, 0x08, 0x20, 0x10, 0x20, 0x10, 0x20,
    0x18, 0x40, 0x18, 0x40, 0x20, 0x41, 0x20, 0x41, 0x28, 0x61, 0x30, 0x61, 0x30, 0x81, 0x38, 0x82, 0x40, 0xA2, 0x48,
    0xA2, 0x50, 0xA2, 0x58, 0xC2, 0x58, 0xE3, 0x68, 0x67, 0xE2, 0x88, 0xF2, 0x87, 0xEA, 0x87, 0xEA, 0x87, 0xEA, 0x87,
    0xEA, 0x87, 0xEA, 0x87, 0xEA, 0x87, 0xEA, 0x87, 0xEA, 0x87, 0xEA, 0x87, 0xEA, 0x87, 0xEA, 0x87, 0xEA, 0x87, 0xEA,
    0x87, 0xEA, 0x87, 0xEA, 0x87, 0xEA, 0x87, 0xEA, 0x87, 0xEA, 0x87, 0xEA, 0x87, 0xEA, 0x87, 0xEA, 0x87, 0xEA, 0x87,
    0xEA, 0x87, 0xEA, 0x87, 0xEA, 0x87, 0xEA, 0x87, 0xEA, 0x87, 0xEA, 0x87, 0xEA, 0x87, 0xEA, 0x87, 0xEA, 0x87, 0xEA,
    0x87, 0xEA, 0x87, 0xEA, 0x87, 0xEA, 0x87, 0xEA, 0x87, 0xEA, 0x87, 0xEA, 0x87, 0xEA, 0x87, 0xEA, 0x87, 0xEA, 0x87,
    0xEA, 0x87, 0xEA, 0x87, 0xEA, 0x87, 0xEA, 0x87, 0xEA, 0x87, 0xEA, 0x87, 0xEA, 0x87, 0xEA, 0x87, 0xEA, 0x87, 0xEA,
    0x87, 0xEA, 0x87, 0xEA, 0x87, 0xEA, 0x87, 0xEA, 0x87, 0xEA, 0xA8, 0xEA, 0xA8, 0xEA, 0xA8, 0xEA, 0x67, 0xEA, 0x26,
    0xEA, 0x26, 0xEA, 0xC9, 0xEA, 0xF2, 0xF4, 0xBE, 0xFF, 0xFF, 0xFF, 0xFF, 0xFF, 0xFF, 0xFF, 0xFF, 0xFF, 0xFF, 0xFF,
    0xFF, 0xFF, 0xFF, 0xFF, 0xFF, 0xFF, 0xDF, 0xFF, 0xF6, 0xFD, 0x09, 0xEB, 0x26, 0xEA, 0xA8, 0xEA, 0x87, 0xEA, 0x87,
    0xEA, 0x87, 0xEA, 0x87, 0xEA, 0x87, 0xEA, 0x87, 0xEA, 0x87, 0xEA, 0x87, 0xEA, 0x87, 0xEA, 0x87, 0xEA, 0x87, 0xEA,
    0x87, 0xEA, 0x87, 0xEA, 0x87, 0xEA, 0x87, 0xEA, 0x88, 0xEA, 0x67, 0xEA, 0xE9, 0xEA, 0xBE, 0xFF, 0xFF, 0xFF, 0xFF,
    0xFF, 0xFF, 0xFF, 0x9D, 0xFF, 0xD1, 0xF4, 0x47, 0xEA, 0x67, 0xEA, 0xA8, 0xEA, 0x87, 0xEA, 0x87, 0xEA, 0x87, 0xEA,
    0x87, 0xEA, 0x87, 0xEA, 0x87, 0xEA, 0x87, 0xEA, 0x87, 0xEA, 0x87, 0xEA, 0x87, 0xEA, 0x87, 0xEA, 0x87, 0xEA, 0x87,
    0xEA, 0x87, 0xEA, 0x87, 0xEA, 0x87, 0xEA, 0x87, 0xEA, 0x87, 0xEA, 0x87, 0xEA, 0x87, 0xEA, 0x87, 0xEA, 0x87, 0xEA,
    0x87, 0xEA, 0x87, 0xEA, 0x87, 0xEA, 0x87, 0xEA, 0x87, 0xEA, 0x87, 0xEA, 0x87, 0xEA, 0x87, 0xEA, 0x87, 0xEA, 0x87,
    0xEA, 0x87, 0xEA, 0x87, 0xEA, 0x87, 0xEA, 0x87, 0xEA, 0x87, 0xEA, 0x87, 0xEA, 0x87, 0xEA, 0x87, 0xEA, 0x87, 0xEA,
    0x87, 0xEA, 0x87, 0xEA, 0x88, 0xF2, 0x67, 0xE2, 0xE3, 0x68, 0xC2, 0x58, 0xA2, 0x58, 0xA2, 0x50, 0xA2, 0x48, 0x82,
    0x40, 0x81, 0x38, 0x61, 0x30, 0x61, 0x30, 0x41, 0x28, 0x41, 0x20, 0x40, 0x20, 0x40, 0x18, 0x20, 0x18, 0x20, 0x10,
    0x20, 0x10, 0x20, 0x08, 0x00, 0x08, 0x00, 0x08, 0x00, 0x00, 0x00, 0x00, 0x00, 0x00, 0x00, 0x00, 0x00, 0x00, 0x00,
    0x00, 0x00, 0x00, 0x00, 0x00, 0x00, 0x00, 0x00, 0x08, 0x00, 0x08, 0x00, 0x08, 0x20, 0x08, 0x20, 0x10, 0x20, 0x10,
    0x20, 0x18, 0x40, 0x18, 0x40, 0x20, 0x41, 0x20, 0x41, 0x28, 0x61, 0x30, 0x61, 0x30, 0x81, 0x38, 0x82, 0x40, 0xA2,
    0x48, 0xA2, 0x50, 0xC2, 0x58, 0xC2, 0x58, 0xE3, 0x68, 0x67, 0xE2, 0x88, 0xF2, 0x87, 0xEA, 0x87, 0xEA, 0x87, 0xEA,
    0x87, 0xEA, 0x87, 0xEA, 0x87, 0xEA, 0x87, 0xEA, 0x87, 0xEA, 0x87, 0xEA, 0x87, 0xEA, 0x87, 0xEA, 0x87, 0xEA, 0x87,
    0xEA, 0x87, 0xEA, 0x87, 0xEA, 0x87, 0xEA, 0x87, 0xEA, 0x87, 0xEA, 0x87, 0xEA, 0x87, 0xEA, 0x87, 0xEA, 0x87, 0xEA,
    0x87, 0xEA, 0x87, 0xEA, 0x87, 0xEA, 0x87, 0xEA, 0x87, 0xEA, 0x87, 0xEA, 0x87, 0xEA, 0x87, 0xEA, 0x87, 0xEA, 0x87,
    0xEA, 0x87, 0xEA, 0x87, 0xEA, 0x87, 0xEA, 0x87, 0xEA, 0x87, 0xEA, 0x87, 0xEA, 0x87, 0xEA, 0x87, 0xEA, 0x87, 0xEA,
    0x87, 0xEA, 0x87, 0xEA, 0x87, 0xEA, 0x87, 0xEA, 0x87, 0xEA, 0x87, 0xEA, 0x87, 0xEA, 0x87, 0xEA, 0x87, 0xEA, 0x88,
    0xEA, 0x88, 0xEA, 0x88, 0xEA, 0x88, 0xEA, 0x88, 0xEA, 0x87, 0xEA, 0x46, 0xEA, 0x26, 0xEA, 0x26, 0xEA, 0x0A, 0xF3,
    0x90, 0xF4, 0x95, 0xF5, 0x7D, 0xFF, 0xFF, 0xFF, 0xFF, 0xFF, 0xFF, 0xFF, 0xFF, 0xFF, 0xFF, 0xFF, 0xFF, 0xFF, 0xFF,
    0xFF, 0xFF, 0xFF, 0xFF, 0xFF, 0xFF, 0xFF, 0xFF, 0xFF, 0xFF, 0xFF, 0x7D, 0xFF, 0x4F, 0xF4, 0x26, 0xEA, 0x87, 0xEA,
    0x87, 0xEA, 0x87, 0xEA, 0x87, 0xEA, 0x87, 0xEA, 0x87, 0xEA, 0x87, 0xEA, 0x87, 0xEA, 0x87, 0xEA, 0x87, 0xEA, 0x87,
    0xEA, 0x87, 0xEA, 0x87, 0xEA, 0x87, 0xEA, 0x87, 0xEA, 0x87, 0xEA, 0x88, 0xEA, 0x67, 0xEA, 0xDB, 0xFE, 0xFF, 0xFF,
    0xFF, 0xFF, 0xFF, 0xFF, 0xFF, 0xFF, 0xFF, 0xFF, 0x79, 0xFE, 0x2A, 0xF3, 0x46, 0xEA, 0xA8, 0xEA, 0x87, 0xEA, 0x87,
    0xEA, 0x87, 0xEA, 0x87, 0xEA, 0x87, 0xEA, 0x87, 0xEA, 0x87, 0xEA, 0x87, 0xEA, 0x87, 0xEA, 0x87, 0xEA, 0x87, 0xEA,
    0x87, 0xEA, 0x87, 0xEA, 0x87, 0xEA, 0x87, 0xEA, 0x87, 0xEA, 0x87, 0xEA, 0x87, 0xEA, 0x87, 0xEA, 0x87, 0xEA, 0x87,
    0xEA, 0x87, 0xEA, 0x87, 0xEA, 0x87, 0xEA, 0x87, 0xEA, 0x87, 0xEA, 0x87, 0xEA, 0x87, 0xEA, 0x87, 0xEA, 0x87, 0xEA,
    0x87, 0xEA, 0x87, 0xEA, 0x87, 0xEA, 0x87, 0xEA, 0x87, 0xEA, 0x87, 0xEA, 0x87, 0xEA, 0x87, 0xEA, 0x87, 0xEA, 0x87,
    0xEA, 0x87, 0xEA, 0x87, 0xEA, 0x88, 0xF2, 0x67, 0xE2, 0xE3, 0x68, 0xC2, 0x58, 0xC2, 0x58, 0xA2, 0x50, 0xA2, 0x48,
    0x82, 0x40, 0x81, 0x38, 0x61, 0x30, 0x61, 0x30, 0x41, 0x28, 0x41, 0x20, 0x40, 0x20, 0x40, 0x18, 0x20, 0x18, 0x20,
    0x10, 0x20, 0x10, 0x20, 0x08, 0x00, 0x08, 0x00, 0x08, 0x00, 0x08, 0x00, 0x00, 0x00, 0x00, 0x00, 0x00, 0x00, 0x00,
    0x00, 0x00, 0x00, 0x00, 0x00, 0x00, 0x00, 0x00, 0x00, 0x08, 0x00, 0x08, 0x00, 0x08, 0x20, 0x08, 0x20, 0x10, 0x20,
    0x10, 0x20, 0x18, 0x40, 0x18, 0x40, 0x20, 0x41, 0x20, 0x41, 0x28, 0x61, 0x30, 0x61, 0x30, 0x81, 0x38, 0x82, 0x40,
    0xA2, 0x48, 0xA2, 0x50, 0xC2, 0x58, 0xC2, 0x58, 0x03, 0x69, 0x67, 0xE2, 0x88, 0xF2, 0x87, 0xEA, 0x87, 0xEA, 0x87,
    0xEA, 0x87, 0xEA, 0x87, 0xEA, 0x87, 0xEA, 0x87, 0xEA, 0x87, 0xEA, 0x87, 0xEA, 0x87, 0xEA, 0x87, 0xEA, 0x87, 0xEA,
    0x87, 0xEA, 0x87, 0xEA, 0x87, 0xEA, 0x87, 0xEA, 0x87, 0xEA, 0x87, 0xEA, 0x87, 0xEA, 0x87, 0xEA, 0x87, 0xEA, 0x87,
    0xEA, 0x87, 0xEA, 0x87, 0xEA, 0x87, 0xEA, 0x87, 0xEA, 0x87, 0xEA, 0x87, 0xEA, 0x87, 0xEA, 0x87, 0xEA, 0x87, 0xEA,
    0x87, 0xEA, 0x87, 0xEA, 0x87, 0xEA, 0x87, 0xEA, 0x87, 0xEA, 0x87, 0xEA, 0x87, 0xEA, 0x87, 0xEA, 0x87, 0xEA, 0x87,
    0xEA, 0x87, 0xEA, 0x87, 0xEA, 0x87, 0xEA, 0x87, 0xEA, 0x87, 0xEA, 0x87, 0xEA, 0x87, 0xEA, 0x87, 0xEA, 0x87, 0xEA,
    0x47, 0xEA, 0x46, 0xEA, 0x26, 0xEA, 0x26, 0xEA, 0x46, 0xEA, 0x87, 0xEA, 0xCD, 0xF3, 0x13, 0xF5, 0xF6, 0xFD, 0xBE,
    0xFF, 0xFF, 0xFF, 0xFF, 0xFF, 0xFF, 0xFF, 0xFF, 0xFF, 0xFF, 0xFF, 0xFF, 0xFF, 0xFF, 0xFF, 0xFF, 0xFF, 0xFF, 0xFF,
    0xFF, 0xFF, 0xFF, 0xFF, 0xFF, 0xFF, 0xFF, 0xFF, 0xFF, 0xFF, 0xFF, 0xFF, 0xFF, 0xFF, 0xFF, 0xFF, 0x95, 0xFD, 0x67,
    0xEA, 0x87, 0xEA, 0x87, 0xEA, 0x87, 0xEA, 0x87, 0xEA, 0x87, 0xEA, 0x87, 0xEA, 0x87, 0xEA, 0x87, 0xEA, 0x87, 0xEA,
    0x87, 0xEA, 0x87, 0xEA, 0x87, 0xEA, 0x87, 0xEA, 0x87, 0xEA, 0x88, 0xEA, 0x67, 0xEA, 0x0A, 0xF3, 0xDE, 0xFF, 0xFF,
    0xFF, 0xFF, 0xFF, 0xFF, 0xFF, 0xFF, 0xFF, 0xFF, 0xFF, 0xFF, 0xFF, 0x9E, 0xFF, 0x8C, 0xF3, 0x26, 0xEA, 0xA8, 0xEA,
    0x87, 0xEA, 0x87, 0xEA, 0x87, 0xEA, 0x87, 0xEA, 0x87, 0xEA, 0x87, 0xEA, 0x87, 0xEA, 0x87, 0xEA, 0x87, 0xEA, 0x87,
    0xEA, 0x87, 0xEA, 0x87, 0xEA, 0x87, 0xEA, 0x87, 0xEA, 0x87, 0xEA, 0x87, 0xEA, 0x87, 0xEA, 0x87, 0xEA, 0x87, 0xEA,
    0x87, 0xEA, 0x87, 0xEA, 0x87, 0xEA, 0x87, 0xEA, 0x87, 0xEA, 0x87, 0xEA, 0x87, 0xEA, 0x87, 0xEA, 0x87, 0xEA, 0x87,
    0xEA, 0x87, 0xEA, 0x87, 0xEA, 0x87, 0xEA, 0x87, 0xEA, 0x87, 0xEA, 0x87, 0xEA, 0x87, 0xEA, 0x87, 0xEA, 0x87, 0xEA,
    0x87, 0xEA, 0x87, 0xEA, 0x87, 0xEA, 0x88, 0xF2, 0x67, 0xE2, 0x03, 0x69, 0xC2, 0x58, 0xC2, 0x58, 0xA2, 0x50, 0xA2,
    0x48, 0x82, 0x40, 0x81, 0x38, 0x61, 0x30, 0x61, 0x30, 0x41, 0x28, 0x41, 0x20, 0x40, 0x20, 0x40, 0x18, 0x20, 0x18,
    0x20, 0x10, 0x20, 0x10, 0x20, 0x08, 0x00, 0x08, 0x00, 0x08, 0x00, 0x08, 0x00, 0x00, 0x00, 0x00, 0x00, 0x00, 0x00,
    0x00, 0x00, 0x00, 0x00, 0x00, 0x00, 0x00, 0x00, 0x00, 0x00, 0x08, 0x00, 0x08, 0x00, 0x08, 0x20, 0x08, 0x20, 0x10,
    0x20, 0x10, 0x20, 0x18, 0x40, 0x18, 0x40, 0x20, 0x41, 0x20, 0x41, 0x28, 0x61, 0x30, 0x61, 0x30, 0x81, 0x38, 0x82,
    0x40, 0xA2, 0x48, 0xA2, 0x50, 0xC2, 0x58, 0xC2, 0x58, 0x03, 0x71, 0x67, 0xE2, 0x87, 0xEA, 0x87, 0xEA, 0x87, 0xEA,
    0x87, 0xEA, 0x87, 0xEA, 0x87, 0xEA, 0x87, 0xEA, 0x87, 0xEA, 0x87, 0xEA, 0x87, 0xEA, 0x87, 0xEA, 0x87, 0xEA, 0x87,
    0xEA, 0x87, 0xEA, 0x87, 0xEA, 0x87, 0xEA, 0x87, 0xEA, 0x87, 0xEA, 0x87, 0xEA, 0x87, 0xEA, 0x87, 0xEA, 0x87, 0xEA,
    0x87, 0xEA, 0x87, 0xEA, 0x87, 0xEA, 0x87, 0xEA, 0x87, 0xEA, 0x87, 0xEA, 0x87, 0xEA, 0x87, 0xEA, 0x87, 0xEA, 0x87,
    0xEA, 0x87, 0xEA, 0x87, 0xEA, 0x87, 0xEA, 0x87, 0xEA, 0x87, 0xEA, 0x87, 0xEA, 0x87, 0xEA, 0x87, 0xEA, 0x87, 0xEA,
    0x87, 0xEA, 0x87, 0xEA, 0x87, 0xEA, 0x87, 0xEA, 0x87, 0xEA, 0x87, 0xEA, 0x87, 0xEA, 0x87, 0xEA, 0x87, 0xEA, 0x67,
    0xEA, 0x4B, 0xF3, 0xED, 0xF3, 0xED, 0xF3, 0x95, 0xF5, 0x99, 0xFE, 0x1B, 0xFF, 0xFF, 0xFF, 0xFF, 0xFF, 0xFF, 0xFF,
    0xFF, 0xFF, 0xFF, 0xFF, 0xDF, 0xFF, 0xFF, 0xFF, 0xFF, 0xFF, 0xFF, 0xFF, 0xFF, 0xFF, 0x9D, 0xFF, 0xBA, 0xFE, 0xDF,
    0xFF, 0xFF, 0xFF, 0xFF, 0xFF, 0xFF, 0xFF, 0xFF, 0xFF, 0xFF, 0xFF, 0xFF, 0xFF, 0xFF, 0xFF, 0xFF, 0xFF, 0xFF, 0xFF,
    0x90, 0xF4, 0x26, 0xEA, 0x88, 0xEA, 0x87, 0xEA, 0x87, 0xEA, 0x87, 0xEA, 0x87, 0xEA, 0x87, 0xEA, 0x87, 0xEA, 0x87,
    0xEA, 0x87, 0xEA, 0x87, 0xEA, 0x87, 0xEA, 0x87, 0xEA, 0x87, 0xEA, 0x88, 0xEA, 0x26, 0xEA, 0xB1, 0xF4, 0xFF, 0xFF,
    0xFF, 0xFF, 0xFF, 0xFF, 0xFF, 0xFF, 0xFF, 0xFF, 0xFF, 0xFF, 0xFF, 0xFF, 0xFF, 0xFF, 0xBE, 0xFF, 0x8C, 0xF3, 0x26,
    0xEA, 0x88, 0xEA, 0x87, 0xEA, 0x87, 0xEA, 0x87, 0xEA, 0x87, 0xEA, 0x87, 0xEA, 0x87, 0xEA, 0x87, 0xEA, 0x87, 0xEA,
    0x87, 0xEA, 0x87, 0xEA, 0x87, 0xEA, 0x87, 0xEA, 0x87, 0xEA, 0x87, 0xEA, 0x87, 0xEA, 0x87, 0xEA, 0x87, 0xEA, 0x87,
    0xEA, 0x87, 0xEA, 0x87, 0xEA, 0x87, 0xEA, 0x87, 0xEA, 0x87, 0xEA, 0x87, 0xEA, 0x87, 0xEA, 0x87, 0xEA, 0x87, 0xEA,
    0x87, 0xEA, 0x87, 0xEA, 0x87, 0xEA, 0x87, 0xEA, 0x87, 0xEA, 0x87, 0xEA, 0x87, 0xEA, 0x87, 0xEA, 0x87, 0xEA, 0x87,
    0xEA, 0x87, 0xEA, 0x87, 0xEA, 0x87, 0xEA, 0x87, 0xEA, 0x67, 0xE2, 0x03, 0x71, 0xC2, 0x58, 0xC2, 0x58, 0xA2, 0x50,
    0xA2, 0x48, 0x82, 0x40, 0x81, 0x38, 0x61, 0x30, 0x61, 0x30, 0x41, 0x28, 0x41, 0x20, 0x40, 0x20, 0x40, 0x18, 0x20,
    0x18, 0x20, 0x10, 0x20, 0x10, 0x20, 0x08, 0x00, 0x08, 0x00, 0x08, 0x00, 0x08, 0x00, 0x00, 0x00, 0x00, 0x00, 0x00,
    0x00, 0x00, 0x00, 0x00, 0x00, 0x00, 0x00, 0x00, 0x00, 0x00, 0x00, 0x08, 0x00, 0x08, 0x00, 0x08, 0x20, 0x08, 0x20,
    0x10, 0x20, 0x10, 0x20, 0x18, 0x40, 0x18, 0x40, 0x20, 0x41, 0x20, 0x41, 0x28, 0x61, 0x30, 0x61, 0x30, 0x81, 0x38,
    0x82, 0x40, 0xA2, 0x48, 0xA2, 0x50, 0xC2, 0x58, 0xC2, 0x58, 0x03, 0x71, 0x67, 0xE2, 0x87, 0xEA, 0x87, 0xEA, 0x87,
    0xEA, 0x87, 0xEA, 0x87, 0xEA, 0x87, 0xEA, 0x87, 0xEA, 0x87, 0xEA, 0x87, 0xEA, 0x87, 0xEA, 0x87, 0xEA, 0x87, 0xEA,
    0x87, 0xEA, 0x87, 0xEA, 0x87, 0xEA, 0x87, 0xEA, 0x87, 0xEA, 0x87, 0xEA, 0x87, 0xEA, 0x87, 0xEA, 0x87, 0xEA, 0x87,
    0xEA, 0x87, 0xEA, 0x87, 0xEA, 0x87, 0xEA, 0x87, 0xEA, 0x87, 0xEA, 0x87, 0xEA, 0x87, 0xEA, 0x87, 0xEA, 0x87, 0xEA,
    0x87, 0xEA, 0x87, 0xEA, 0x87, 0xEA, 0x87, 0xEA, 0x87, 0xEA, 0x87, 0xEA, 0x87, 0xEA, 0x87, 0xEA, 0x87, 0xEA, 0x87,
    0xEA, 0x87, 0xEA, 0x87, 0xEA, 0x87, 0xEA, 0x87, 0xEA, 0x87, 0xEA, 0x87, 0xEA, 0x87, 0xEA, 0x87, 0xEA, 0x87, 0xEA,
    0x47, 0xEA, 0xFB, 0xFE, 0xFF, 0xFF, 0xFF, 0xFF, 0xFF, 0xFF, 0xFF, 0xFF, 0xFF, 0xFF, 0xFF, 0xFF, 0xDF, 0xFF, 0xDF,
    0xFF, 0xFF, 0xFF, 0xFF, 0xFF, 0xFF, 0xFF, 0xFF, 0xFF, 0x5C, 0xFF, 0x95, 0xF5, 0xEE, 0xF3, 0xC8, 0xEA, 0x26, 0xEA,
    0xED, 0xF3, 0xDF, 0xFF, 0xFF, 0xFF, 0xFF, 0xFF, 0xFF, 0xFF, 0xFF, 0xFF, 0xFF, 0xFF, 0xFF, 0xFF, 0xFF, 0xFF, 0xFF,
    0xFF, 0x74, 0xF5, 0x05, 0xEA, 0x88, 0xEA, 0x87, 0xEA, 0x87, 0xEA, 0x87, 0xEA, 0x87, 0xEA, 0x87, 0xEA, 0x87, 0xEA,
    0x87, 0xEA, 0x87, 0xEA, 0x87, 0xEA, 0x87, 0xEA, 0x87, 0xEA, 0x87, 0xEA, 0x87, 0xEA, 0x67, 0xEA, 0x3C, 0xFF, 0xFF,
    0xFF, 0xFF, 0xFF, 0xFF, 0xFF, 0xFF, 0xFF, 0xFF, 0xFF, 0xFF, 0xFF, 0xFF, 0xFF, 0xFF, 0xFF, 0xFF, 0xFF, 0xBE, 0xFF,
    0x4B, 0xF3, 0x47, 0xEA, 0x87, 0xEA, 0x87, 0xEA, 0x87, 0xEA, 0x87, 0xEA, 0x87, 0xEA, 0x87, 0xEA, 0x87, 0xEA, 0x87,
    0xEA, 0x87, 0xEA, 0x87, 0xEA, 0x87, 0xEA, 0x87, 0xEA, 0x87, 0xEA, 0x87, 0xEA, 0x87, 0xEA, 0x87, 0xEA, 0x87, 0xEA,
    0x87, 0xEA, 0x87, 0xEA, 0x87, 0xEA, 0x87, 0xEA, 0x87, 0xEA, 0x87, 0xEA, 0x87, 0xEA, 0x87, 0xEA, 0x87, 0xEA, 0x87,
    0xEA, 0x87, 0xEA, 0x87, 0xEA, 0x87, 0xEA, 0x87, 0xEA, 0x87, 0xEA, 0x87, 0xEA, 0x87, 0xEA, 0x87, 0xEA, 0x87, 0xEA,
    0x87, 0xEA, 0x87, 0xEA, 0x87, 0xEA, 0x87, 0xEA, 0x87, 0xEA, 0x67, 0xE2, 0x03, 0x71, 0xC2, 0x58, 0xC2, 0x58, 0xA2,
    0x50, 0xA2, 0x48, 0x82, 0x40, 0x81, 0x38, 0x61, 0x30, 0x61, 0x30, 0x41, 0x28, 0x41, 0x20, 0x40, 0x20, 0x40, 0x18,
    0x20, 0x18, 0x20, 0x10, 0x20, 0x10, 0x20, 0x08, 0x00, 0x08, 0x00, 0x08, 0x00, 0x08, 0x00, 0x00, 0x00, 0x00, 0x00,
    0x00, 0x00, 0x00, 0x00, 0x00, 0x00, 0x00, 0x00, 0x00, 0x00, 0x00, 0x00, 0x08, 0x00, 0x08, 0x00, 0x08, 0x20, 0x08,
    0x20, 0x10, 0x20, 0x10, 0x20, 0x18, 0x40, 0x18, 0x40, 0x20, 0x41, 0x20, 0x41, 0x28, 0x61, 0x30, 0x61, 0x30, 0x81,
    0x38, 0x82, 0x40, 0xA2, 0x48, 0xA2, 0x50, 0xC2, 0x58, 0xC2, 0x58, 0xE3, 0x70, 0x67, 0xE2, 0x87, 0xEA, 0x67, 0xEA,
    0x67, 0xEA, 0x67, 0xEA, 0x67, 0xEA, 0x67, 0xEA, 0x67, 0xEA, 0x67, 0xEA, 0x67, 0xEA, 0x67, 0xEA, 0x67, 0xEA, 0x67,
    0xEA, 0x67, 0xEA, 0x67, 0xEA, 0x67, 0xEA, 0x67, 0xEA, 0x67, 0xEA, 0x67, 0xEA, 0x67, 0xEA, 0x67, 0xEA, 0x67, 0xEA,
    0x67, 0xEA, 0x67, 0xEA, 0x67, 0xEA, 0x67, 0xEA, 0x67, 0xEA, 0x67, 0xEA, 0x67, 0xEA, 0x67, 0xEA, 0x67, 0xEA, 0x67,
    0xEA, 0x67, 0xEA, 0x67, 0xEA, 0x67, 0xEA, 0x67, 0xEA, 0x67, 0xEA, 0x67, 0xEA, 0x67, 0xEA, 0x67, 0xEA, 0x67, 0xEA,
    0x67, 0xEA, 0x67, 0xEA, 0x67, 0xEA, 0x67, 0xEA, 0x67, 0xEA, 0x67, 0xEA, 0x67, 0xEA, 0x67, 0xEA, 0x67, 0xEA, 0x87,
    0xEA, 0x47, 0xEA, 0x8C, 0xF3, 0x9D, 0xFF, 0xFF, 0xFF, 0xFF, 0xFF, 0xFF, 0xFF, 0xFF, 0xFF, 0xFF, 0xFF, 0xFF, 0xFF,
    0xFF, 0xFF, 0xFF, 0xFF, 0x9E, 0xFF, 0xB5, 0xF5, 0xED, 0xF3, 0x88, 0xEA, 0x06, 0xEA, 0x26, 0xEA, 0x67, 0xEA, 0x88,
    0xEA, 0x26, 0xEA, 0xFB, 0xFE, 0xFF, 0xFF, 0xFF, 0xFF, 0xFF, 0xFF, 0xFF, 0xFF, 0xFF, 0xFF, 0xFF, 0xFF, 0xFF, 0xFF,
    0x7D, 0xFF, 0xEA, 0xEA, 0x67, 0xEA, 0x87, 0xEA, 0x67, 0xEA, 0x67, 0xEA, 0x67, 0xEA, 0x67, 0xEA, 0x67, 0xEA, 0x67,
    0xEA, 0x67, 0xEA, 0x67, 0xEA, 0x67, 0xEA, 0x67, 0xEA, 0x67, 0xEA, 0x88, 0xEA, 0x05, 0xEA, 0x54, 0xF5, 0xFF, 0xFF,
    0xFF, 0xFF, 0xFF, 0xFF, 0xFF, 0xFF, 0xFF, 0xFF, 0xFF, 0xFF, 0xFF, 0xFF, 0xFF, 0xFF, 0xFF, 0xFF, 0xDF, 0xFF, 0xFF,
    0xFF, 0x54, 0xF5, 0x05, 0xEA, 0x88, 0xEA, 0x67, 0xEA, 0x67, 0xEA, 0x67, 0xEA, 0x67, 0xEA, 0x67, 0xEA, 0x67, 0xEA,
    0x67, 0xEA, 0x67, 0xEA, 0x67, 0xEA, 0x67, 0xEA, 0x67, 0xEA, 0x67, 0xEA, 0x67, 0xEA, 0x67, 0xEA, 0x67, 0xEA, 0x67,
    0xEA, 0x67, 0xEA, 0x67, 0xEA, 0x67, 0xEA, 0x67, 0xEA, 0x67, 0xEA, 0x67, 0xEA, 0x67, 0xEA, 0x67, 0xEA, 0x67, 0xEA,
    0x67, 0xEA, 0x67, 0xEA, 0x67, 0xEA, 0x67, 0xEA, 0x67, 0xEA, 0x67, 0xEA, 0x67, 0xEA, 0x67, 0xEA, 0x67, 0xEA, 0x67,
    0xEA, 0x67, 0xEA, 0x67, 0xEA, 0x67, 0xEA, 0x67, 0xEA, 0x87, 0xEA, 0x67, 0xE2, 0xE3, 0x70, 0xC2, 0x58, 0xC2, 0x58,
    0xA2, 0x50, 0xA2, 0x48, 0x82, 0x40, 0x81, 0x38, 0x61, 0x30, 0x61, 0x30, 0x41, 0x28, 0x41, 0x20, 0x40, 0x20, 0x40,
    0x18, 0x20, 0x18, 0x20, 0x10, 0x20, 0x10, 0x20, 0x08, 0x00, 0x08, 0x00, 0x08, 0x00, 0x08, 0x00, 0x00, 0x00, 0x00,
    0x00, 0x00, 0x00, 0x00, 0x00, 0x00, 0x00, 0x00, 0x00, 0x00, 0x00, 0x00, 0x00, 0x08, 0x00, 0x08, 0x00, 0x08, 0x20,
    0x08, 0x20, 0x10, 0x20, 0x10, 0x20, 0x18, 0x40, 0x18, 0x40, 0x20, 0x41, 0x20, 0x41, 0x28, 0x61, 0x30, 0x61, 0x30,
    0x81, 0x38, 0x82, 0x40, 0xA2, 0x48, 0xA2, 0x50, 0xC2, 0x58, 0xC2, 0x58, 0xE3, 0x70, 0x67, 0xE2, 0x87, 0xEA, 0x67,
    0xEA, 0x67, 0xEA, 0x67, 0xEA, 0x67, 0xEA, 0x67, 0xEA, 0x67, 0xEA, 0x67, 0xEA, 0x67, 0xEA, 0x67, 0xEA, 0x67, 0xEA,
    0x67, 0xEA, 0x67, 0xEA, 0x67, 0xEA, 0x67, 0xEA, 0x67, 0xEA, 0x67, 0xEA, 0x67, 0xEA, 0x67, 0xEA, 0x67, 0xEA, 0x67,
    0xEA, 0x67, 0xEA, 0x67, 0xEA, 0x67, 0xEA, 0x67, 0xEA, 0x67, 0xEA, 0x67, 0xEA, 0x67, 0xEA, 0x67, 0xEA, 0x67, 0xEA,
    0x67, 0xEA, 0x67, 0xEA, 0x67, 0xEA, 0x67, 0xEA, 0x67, 0xEA, 0x67, 0xEA, 0x67, 0xEA, 0x67, 0xEA, 0x67, 0xEA, 0x67,
    0xEA, 0x67, 0xEA, 0x67, 0xEA, 0x67, 0xEA, 0x67, 0xEA, 0x67, 0xEA, 0x67, 0xEA, 0x67, 0xEA, 0x67, 0xEA, 0x67, 0xEA,
    0x67, 0xEA, 0x88, 0xEA, 0x26, 0xEA, 0x0A, 0xEB, 0x95, 0xF5, 0x5D, 0xFF, 0x9E, 0xFF, 0x9E, 0xFF, 0x9E, 0xFF, 0x1B,
    0xFF, 0xD6, 0xFD, 0x70, 0xF4, 0xC9, 0xEA, 0x26, 0xEA, 0x26, 0xEA, 0x67, 0xEA, 0x88, 0xEA, 0x88, 0xEA, 0x87, 0xEA,
    0x88, 0xEA, 0x26, 0xEA, 0x38, 0xFE, 0xFF, 0xFF, 0xFF, 0xFF, 0xFF, 0xFF, 0xFF, 0xFF, 0xFF, 0xFF, 0xFF, 0xFF, 0xFF,
    0xFF, 0x91, 0xF4, 0x05, 0xEA, 0x88, 0xEA, 0x67, 0xEA, 0x67, 0xEA, 0x67, 0xEA, 0x67, 0xEA, 0x67, 0xEA, 0x67, 0xEA,
    0x67, 0xEA, 0x67, 0xEA, 0x67, 0xEA, 0x67, 0xEA, 0x67, 0xEA, 0x88, 0xEA, 0x26, 0xEA, 0xAD, 0xF3, 0xFF, 0xFF, 0xFF,
    0xFF, 0xFF, 0xFF, 0xFF, 0xFF, 0xFF, 0xFF, 0xFF, 0xFF, 0xFF, 0xFF, 0xFF, 0xFF, 0xFF, 0xFF, 0xFF, 0xFF, 0xFF, 0xFF,
    0xFF, 0xFF, 0xD2, 0xF4, 0x06, 0xEA, 0x88, 0xEA, 0x67, 0xEA, 0x67, 0xEA, 0x67, 0xEA, 0x67, 0xEA, 0x67, 0xEA, 0x67,
    0xEA, 0x67, 0xEA, 0x67, 0xEA, 0x67, 0xEA, 0x67, 0xEA, 0x67, 0xEA, 0x67, 0xEA, 0x67, 0xEA, 0x67, 0xEA, 0x67, 0xEA,
    0x67, 0xEA, 0x67, 0xEA, 0x67, 0xEA, 0x67, 0xEA, 0x67, 0xEA, 0x67, 0xEA, 0x67, 0xEA, 0x67, 0xEA, 0x67, 0xEA, 0x67,
    0xEA, 0x67, 0xEA, 0x67, 0xEA, 0x67, 0xEA, 0x67, 0xEA, 0x67, 0xEA, 0x67, 0xEA, 0x67, 0xEA, 0x67, 0xEA, 0x67, 0xEA,
    0x67, 0xEA, 0x67, 0xEA, 0x67, 0xEA, 0x67, 0xEA, 0x67, 0xEA, 0x87, 0xEA, 0x67, 0xE2, 0xE3, 0x70, 0xC2, 0x58, 0xC2,
    0x58, 0xA2, 0x50, 0xA2, 0x48, 0x82, 0x40, 0x81, 0x38, 0x61, 0x30, 0x61, 0x30, 0x41, 0x28, 0x41, 0x20, 0x40, 0x20,
    0x40, 0x18, 0x20, 0x18, 0x20, 0x10, 0x20, 0x10, 0x20, 0x08, 0x00, 0x08, 0x00, 0x08, 0x00, 0x08, 0x00, 0x00, 0x00,
    0x00, 0x00, 0x00, 0x00, 0x00, 0x00, 0x00, 0x00, 0x00, 0x00, 0x00, 0x00, 0x00, 0x00, 0x08, 0x00, 0x08, 0x00, 0x08,
    0x20, 0x08, 0x20, 0x10, 0x20, 0x10, 0x20, 0x18, 0x40, 0x18, 0x40, 0x20, 0x41, 0x20, 0x41, 0x28, 0x61, 0x30, 0x61,
    0x30, 0x81, 0x38, 0x82, 0x40, 0xA2, 0x48, 0xA2, 0x50, 0xC2, 0x58, 0xC2, 0x58, 0xE3, 0x70, 0x67, 0xE2, 0x87, 0xEA,
    0x67, 0xEA, 0x67, 0xEA, 0x67, 0xEA, 0x67, 0xEA, 0x67, 0xEA, 0x67, 0xEA, 0x67, 0xEA, 0x67, 0xEA, 0x67, 0xEA, 0x67,
    0xEA, 0x67, 0xEA, 0x67, 0xEA, 0x67, 0xEA, 0x67, 0xEA, 0x67, 0xEA, 0x67, 0xEA, 0x67, 0xEA, 0x67, 0xEA, 0x67, 0xEA,
    0x67, 0xEA, 0x67, 0xEA, 0x67, 0xEA, 0x67, 0xEA, 0x67, 0xEA, 0x67, 0xEA, 0x67, 0xEA, 0x67, 0xEA, 0x67, 0xEA, 0x67,
    0xEA, 0x67, 0xEA, 0x67, 0xEA, 0x67, 0xEA, 0x67, 0xEA, 0x67, 0xEA, 0x67, 0xEA, 0x67, 0xEA, 0x67, 0xEA, 0x67, 0xEA,
    0x67, 0xEA, 0x67, 0xEA, 0x67, 0xEA, 0x67, 0xEA, 0x67, 0xEA, 0x67, 0xEA, 0x67, 0xEA, 0x67, 0xEA, 0x67, 0xEA, 0x67,
    0xEA, 0x67, 0xEA, 0x67, 0xEA, 0x88, 0xEA, 0x47, 0xEA, 0x26, 0xEA, 0xA8, 0xEA, 0xC9, 0xEA, 0xC9, 0xEA, 0xC9, 0xEA,
    0x88, 0xEA, 0x06, 0xEA, 0x06, 0xEA, 0x67, 0xEA, 0x88, 0xEA, 0x88, 0xEA, 0x67, 0xEA, 0x67, 0xEA, 0x67, 0xEA, 0x67,
    0xEA, 0x88, 0xEA, 0x05, 0xEA, 0x13, 0xF5, 0xFF, 0xFF, 0xFF, 0xFF, 0xFF, 0xFF, 0xFF, 0xFF, 0xFF, 0xFF, 0xFF, 0xFF,
    0xDF, 0xFF, 0x0A, 0xEB, 0x47, 0xEA, 0x87, 0xEA, 0x67, 0xEA, 0x67, 0xEA, 0x67, 0xEA, 0x67, 0xEA, 0x67, 0xEA, 0x67,
    0xEA, 0x67, 0xEA, 0x67, 0xEA, 0x67, 0xEA, 0x67, 0xEA, 0x88, 0xEA, 0x26, 0xEA, 0x0A, 0xEB, 0x9E, 0xFF, 0xFF, 0xFF,
    0xFF, 0xFF, 0xFF, 0xFF, 0xFF, 0xFF, 0xFF, 0xFF, 0xFF, 0xFF, 0xFF, 0xFF, 0xFF, 0xFF, 0xFF, 0xFF, 0xFF, 0xFF, 0xBE,
    0xFF, 0x33, 0xF5, 0x67, 0xEA, 0x67, 0xEA, 0x67, 0xEA, 0x67, 0xEA, 0x67, 0xEA, 0x67, 0xEA, 0x67, 0xEA, 0x67, 0xEA,
    0x67, 0xEA, 0x67, 0xEA, 0x67, 0xEA, 0x67, 0xEA, 0x67, 0xEA, 0x67, 0xEA, 0x67, 0xEA, 0x67, 0xEA, 0x67, 0xEA, 0x67,
    0xEA, 0x67, 0xEA, 0x67, 0xEA, 0x67, 0xEA, 0x67, 0xEA, 0x67, 0xEA, 0x67, 0xEA, 0x67, 0xEA, 0x67, 0xEA, 0x67, 0xEA,
    0x67, 0xEA, 0x67, 0xEA, 0x67, 0xEA, 0x67, 0xEA, 0x67, 0xEA, 0x67, 0xEA, 0x67, 0xEA, 0x67, 0xEA, 0x67, 0xEA, 0x67,
    0xEA, 0x67, 0xEA, 0x67, 0xEA, 0x67, 0xEA, 0x67, 0xEA, 0x67, 0xEA, 0x87, 0xEA, 0x67, 0xE2, 0xE3, 0x70, 0xC2, 0x58,
    0xC2, 0x58, 0xA2, 0x50, 0xA2, 0x48, 0x82, 0x40, 0x81, 0x38, 0x61, 0x30, 0x61, 0x30, 0x41, 0x28, 0x41, 0x20, 0x40,
    0x20, 0x40, 0x18, 0x20, 0x18, 0x20, 0x10, 0x20, 0x10, 0x20, 0x08, 0x00, 0x08, 0x00, 0x08, 0x00, 0x08, 0x00, 0x00,
    0x00, 0x00, 0x00, 0x00, 0x00, 0x00, 0x00, 0x00, 0x00, 0x00, 0x00, 0x00, 0x00, 0x00, 0x00, 0x08, 0x00, 0x08, 0x00,
    0x08, 0x20, 0x08, 0x20, 0x10, 0x20, 0x10, 0x20, 0x18, 0x40, 0x18, 0x40, 0x20, 0x41, 0x20, 0x41, 0x28, 0x61, 0x30,
    0x61, 0x30, 0x81, 0x38, 0x82, 0x40, 0xA2, 0x48, 0xA2, 0x50, 0xC2, 0x58, 0xC2, 0x58, 0xE3, 0x70, 0x47, 0xE2, 0x67,
    0xEA, 0x67, 0xEA, 0x67, 0xEA, 0x67, 0xEA, 0x67, 0xEA, 0x67, 0xEA, 0x67, 0xEA, 0x67, 0xEA, 0x67, 0xEA, 0x67, 0xEA,
    0x67, 0xEA, 0x67, 0xEA, 0x67, 0xEA, 0x67, 0xEA, 0x67, 0xEA, 0x67, 0xEA, 0x67, 0xEA, 0x67, 0xEA, 0x67, 0xEA, 0x67,
    0xEA, 0x67, 0xEA, 0x67, 0xEA, 0x67, 0xEA, 0x67, 0xEA, 0x67, 0xEA, 0x67, 0xEA, 0x67, 0xEA, 0x67, 0xEA, 0x67, 0xEA,
    0x67, 0xEA, 0x67, 0xEA, 0x67, 0xEA, 0x67, 0xEA, 0x67, 0xEA, 0x67, 0xEA, 0x67, 0xEA, 0x67, 0xEA, 0x67, 0xEA, 0x67,
    0xEA, 0x67, 0xEA, 0x67, 0xEA, 0x67, 0xEA, 0x67, 0xEA, 0x67, 0xEA, 0x67, 0xEA, 0x67, 0xEA, 0x67, 0xEA, 0x67, 0xEA,
    0x67, 0xEA, 0x67, 0xEA, 0x67, 0xEA, 0x67, 0xEA, 0x67, 0xEA, 0x88, 0xEA, 0x67, 0xEA, 0x47, 0xEA, 0x47, 0xEA, 0x47,
    0xEA, 0x67, 0xEA, 0x88, 0xEA, 0x88, 0xEA, 0x67, 0xEA, 0x67, 0xEA, 0x67, 0xEA, 0x67, 0xEA, 0x67, 0xEA, 0x67, 0xEA,
    0x67, 0xEA, 0x88, 0xEA, 0x26, 0xEA, 0xEE, 0xF3, 0xFF, 0xFF, 0xFF, 0xFF, 0xFF, 0xFF, 0xFF, 0xFF, 0xFF, 0xFF, 0xFF,
    0xFF, 0x1C, 0xFF, 0x67, 0xEA, 0x67, 0xEA, 0x67, 0xEA, 0x67, 0xEA, 0x67, 0xEA, 0x67, 0xEA, 0x67, 0xEA, 0x67, 0xEA,
    0x67, 0xEA, 0x67, 0xEA, 0x67, 0xEA, 0x67, 0xEA, 0x87, 0xEA, 0x67, 0xEA, 0xA8, 0xEA, 0xFB, 0xFE, 0xFF, 0xFF, 0xFF,
    0xFF, 0xFF, 0xFF, 0xFF, 0xFF, 0xFF, 0xFF, 0xFF, 0xFF, 0xFF, 0xFF, 0xFF, 0xFF, 0xFF, 0xFF, 0x5C, 0xFF, 0xF2, 0xF4,
    0xEA, 0xEA, 0x06, 0xEA, 0x67, 0xEA, 0x67, 0xEA, 0x67, 0xEA, 0x67, 0xEA, 0x67, 0xEA, 0x67, 0xEA, 0x67, 0xEA, 0x67,
    0xEA, 0x67, 0xEA, 0x67, 0xEA, 0x67, 0xEA, 0x67, 0xEA, 0x67, 0xEA, 0x67, 0xEA, 0x67, 0xEA, 0x67, 0xEA, 0x67, 0xEA,
    0x67, 0xEA, 0x67, 0xEA, 0x67, 0xEA, 0x67, 0xEA, 0x67, 0xEA, 0x67, 0xEA, 0x67, 0xEA, 0x67, 0xEA, 0x67, 0xEA, 0x67,
    0xEA, 0x67, 0xEA, 0x67, 0xEA, 0x67, 0xEA, 0x67, 0xEA, 0x67, 0xEA, 0x67, 0xEA, 0x67, 0xEA, 0x67, 0xEA, 0x67, 0xEA,
    0x67, 0xEA, 0x67, 0xEA, 0x67, 0xEA, 0x67, 0xEA, 0x67, 0xEA, 0x67, 0xEA, 0x67, 0xEA, 0x47, 0xE2, 0xE3, 0x70, 0xC2,
    0x58, 0xC2, 0x58, 0xA2, 0x50, 0xA2, 0x48, 0x82, 0x40, 0x81, 0x38, 0x61, 0x30, 0x61, 0x30, 0x41, 0x28, 0x41, 0x20,
    0x40, 0x20, 0x40, 0x18, 0x20, 0x18, 0x20, 0x10, 0x20, 0x10, 0x20, 0x08, 0x00, 0x08, 0x00, 0x08, 0x00, 0x08, 0x00,
    0x00, 0x00, 0x00, 0x00, 0x00, 0x00, 0x00, 0x00, 0x00, 0x00, 0x00, 0x00, 0x00, 0x00, 0x00, 0x00, 0x08, 0x00, 0x08,
    0x00, 0x08, 0x20, 0x08, 0x20, 0x10, 0x20, 0x10, 0x20, 0x18, 0x40, 0x18, 0x40, 0x20, 0x41, 0x20, 0x41, 0x28, 0x61,
    0x30, 0x61, 0x30, 0x81, 0x38, 0x82, 0x40, 0xA2, 0x48, 0xA2, 0x50, 0xC2, 0x58, 0xC2, 0x58, 0xE3, 0x70, 0x47, 0xE2,
    0x67, 0xEA, 0x67, 0xEA, 0x67, 0xEA, 0x67, 0xEA, 0x67, 0xEA, 0x67, 0xEA, 0x67, 0xEA, 0x67, 0xEA, 0x67, 0xEA, 0x67,
    0xEA, 0x67, 0xEA, 0x67, 0xEA, 0x67, 0xEA, 0x67, 0xEA, 0x67, 0xEA, 0x67, 0xEA, 0x67, 0xEA, 0x67, 0xEA, 0x67, 0xEA,
    0x67, 0xEA, 0x67, 0xEA, 0x67, 0xEA, 0x67, 0xEA, 0x67, 0xEA, 0x67, 0xEA, 0x67, 0xEA, 0x67, 0xEA, 0x67, 0xEA, 0x67,
    0xEA, 0x67, 0xEA, 0x67, 0xEA, 0x67, 0xEA, 0x67, 0xEA, 0x67, 0xEA, 0x67, 0xEA, 0x67, 0xEA, 0x67, 0xEA, 0x67, 0xEA,
    0x67, 0xEA, 0x67, 0xEA, 0x67, 0xEA, 0x67, 0xEA, 0x67, 0xEA, 0x67, 0xEA, 0x67, 0xEA, 0x67, 0xEA, 0x67, 0xEA, 0x67,
    0xEA, 0x67, 0xEA, 0x67, 0xEA, 0x67, 0xEA, 0x67, 0xEA, 0x67, 0xEA, 0x67, 0xEA, 0x67, 0xEA, 0x67, 0xEA, 0x67, 0xEA,
    0x67, 0xEA, 0x67, 0xEA, 0x67, 0xEA, 0x67, 0xEA, 0x67, 0xEA, 0x67, 0xEA, 0x67, 0xEA, 0x67, 0xEA, 0x67, 0xEA, 0x67,
    0xEA, 0x67, 0xEA, 0x87, 0xEA, 0x26, 0xEA, 0xCD, 0xF3, 0xFF, 0xFF, 0xFF, 0xFF, 0xFF, 0xFF, 0xFF, 0xFF, 0xFF, 0xFF,
    0xFF, 0xFF, 0x78, 0xFE, 0x26, 0xEA, 0x87, 0xEA, 0x67, 0xEA, 0x67, 0xEA, 0x67, 0xEA, 0x67, 0xEA, 0x67, 0xEA, 0x67,
    0xEA, 0x67, 0xEA, 0x67, 0xEA, 0x67, 0xEA, 0x67, 0xEA, 0x67, 0xEA, 0x26, 0xEA, 0x99, 0xFE, 0xFF, 0xFF, 0xFF, 0xFF,
    0xFF, 0xFF, 0xFF, 0xFF, 0xFF, 0xFF, 0xFF, 0xFF, 0xFF, 0xFF, 0xFF, 0xFF, 0xBE, 0xFF, 0x74, 0xF5, 0x88, 0xEA, 0x05,
    0xEA, 0x47, 0xEA, 0x88, 0xEA, 0x67, 0xEA, 0x67, 0xEA, 0x67, 0xEA, 0x67, 0xEA, 0x67, 0xEA, 0x67, 0xEA, 0x67, 0xEA,
    0x67, 0xEA, 0x67, 0xEA, 0x67, 0xEA, 0x67, 0xEA, 0x67, 0xEA, 0x67, 0xEA, 0x67, 0xEA, 0x67, 0xEA, 0x67, 0xEA, 0x67,
    0xEA, 0x67, 0xEA, 0x67, 0xEA, 0x67, 0xEA, 0x67, 0xEA, 0x67, 0xEA, 0x67, 0xEA, 0x67, 0xEA, 0x67, 0xEA, 0x67, 0xEA,
    0x67, 0xEA, 0x67, 0xEA, 0x67, 0xEA, 0x67, 0xEA, 0x67, 0xEA, 0x67, 0xEA, 0x67, 0xEA, 0x67, 0xEA, 0x67, 0xEA, 0x67,
    0xEA, 0x67, 0xEA, 0x67, 0xEA, 0x67, 0xEA, 0x67, 0xEA, 0x67, 0xEA, 0x67, 0xEA, 0x67, 0xEA, 0x47, 0xE2, 0xE3, 0x70,
    0xC2, 0x58, 0xC2, 0x58, 0xA2, 0x50, 0xA2, 0x48, 0x82, 0x40, 0x81, 0x38, 0x61, 0x30, 0x61, 0x30, 0x41, 0x28, 0x41,
    0x20, 0x40, 0x20, 0x40, 0x18, 0x20, 0x18, 0x20, 0x10, 0x20, 0x10, 0x20, 0x08, 0x00, 0x08, 0x00, 0x08, 0x00, 0x08,
    0x00, 0x00, 0x00, 0x00, 0x00, 0x00, 0x00, 0x00, 0x00, 0x00, 0x00, 0x00, 0x00, 0x00, 0x00, 0x00, 0x00, 0x08, 0x00,
    0x08, 0x00, 0x08, 0x20, 0x08, 0x20, 0x10, 0x20, 0x10, 0x20, 0x18, 0x40, 0x18, 0x40, 0x20, 0x41, 0x20, 0x41, 0x28,
    0x61, 0x30, 0x61, 0x30, 0x81, 0x38, 0x82, 0x40, 0xA2, 0x48, 0xA2, 0x50, 0xC2, 0x58, 0xC2, 0x58, 0xE3, 0x70, 0x47,
    0xE2, 0x67, 0xEA, 0x67, 0xEA, 0x67, 0xEA, 0x67, 0xEA, 0x67, 0xEA, 0x67, 0xEA, 0x67, 0xEA, 0x67, 0xEA, 0x67, 0xEA,
    0x67, 0xEA, 0x67, 0xEA, 0x67, 0xEA, 0x67, 0xEA, 0x67, 0xEA, 0x67, 0xEA, 0x67, 0xEA, 0x67, 0xEA, 0x67, 0xEA, 0x67,
    0xEA, 0x67, 0xEA, 0x67, 0xEA, 0x67, 0xEA, 0x67, 0xEA, 0x67, 0xEA, 0x67, 0xEA, 0x67, 0xEA, 0x67, 0xEA, 0x67, 0xEA,
    0x67, 0xEA, 0x67, 0xEA, 0x67, 0xEA, 0x67, 0xEA, 0x67, 0xEA, 0x67, 0xEA, 0x67, 0xEA, 0x67, 0xEA, 0x67, 0xEA, 0x67,
    0xEA, 0x67, 0xEA, 0x67, 0xEA, 0x67, 0xEA, 0x67, 0xEA, 0x67, 0xEA, 0x67, 0xEA, 0x67, 0xEA, 0x67, 0xEA, 0x67, 0xEA,
    0x67, 0xEA, 0x67, 0xEA, 0x67, 0xEA, 0x67, 0xEA, 0x67, 0xEA, 0x67, 0xEA, 0x67, 0xEA, 0x67, 0xEA, 0x67, 0xEA, 0x67,
    0xEA, 0x67, 0xEA, 0x67, 0xEA, 0x67, 0xEA, 0x67, 0xEA, 0x67, 0xEA, 0x67, 0xEA, 0x67, 0xEA, 0x67, 0xEA, 0x67, 0xEA,
    0x67, 0xEA, 0x67, 0xEA, 0x67, 0xEA, 0x06, 0xEA, 0xEE, 0xF3, 0xFF, 0xFF, 0xFF, 0xFF, 0xFF, 0xFF, 0xFF, 0xFF, 0xFF,
    0xFF, 0xFF, 0xFF, 0x54, 0xF5, 0x05, 0xEA, 0x88, 0xEA, 0x67, 0xEA, 0x67, 0xEA, 0x67, 0xEA, 0x67, 0xEA, 0x67, 0xEA,
    0x67, 0xEA, 0x67, 0xEA, 0x67, 0xEA, 0x67, 0xEA, 0x67, 0xEA, 0x26, 0xEA, 0xD6, 0xF5, 0xFF, 0xFF, 0xFF, 0xFF, 0xFF,
    0xFF, 0xFF, 0xFF, 0xFF, 0xFF, 0xFF, 0xFF, 0xFF, 0xFF, 0xFF, 0xFF, 0x37, 0xFE, 0x2A, 0xEB, 0x05, 0xEA, 0x67, 0xEA,
    0x88, 0xEA, 0x67, 0xEA, 0x67, 0xEA, 0x67, 0xEA, 0x67, 0xEA, 0x67, 0xEA, 0x67, 0xEA, 0x67, 0xEA, 0x67, 0xEA, 0x67,
    0xEA, 0x67, 0xEA, 0x67, 0xEA, 0x67, 0xEA, 0x67, 0xEA, 0x67, 0xEA, 0x67, 0xEA, 0x67, 0xEA, 0x67, 0xEA, 0x67, 0xEA,
    0x67, 0xEA, 0x67, 0xEA, 0x67, 0xEA, 0x67, 0xEA, 0x67, 0xEA, 0x67, 0xEA, 0x67, 0xEA, 0x67, 0xEA, 0x67, 0xEA, 0x67,
    0xEA, 0x67, 0xEA, 0x67, 0xEA, 0x67, 0xEA, 0x67, 0xEA, 0x67, 0xEA, 0x67, 0xEA, 0x67, 0xEA, 0x67, 0xEA, 0x67, 0xEA,
    0x67, 0xEA, 0x67, 0xEA, 0x67, 0xEA, 0x67, 0xEA, 0x67, 0xEA, 0x67, 0xEA, 0x67, 0xEA, 0x67, 0xEA, 0x47, 0xE2, 0xE3,
    0x70, 0xC2, 0x58, 0xC2, 0x58, 0xA2, 0x50, 0xA2, 0x48, 0x82, 0x40, 0x81, 0x38, 0x61, 0x30, 0x61, 0x30, 0x41, 0x28,
    0x41, 0x20, 0x40, 0x20, 0x40, 0x18, 0x20, 0x18, 0x20, 0x10, 0x20, 0x10, 0x20, 0x08, 0x00, 0x08, 0x00, 0x08, 0x00,
    0x08, 0x00, 0x00, 0x00, 0x00, 0x00, 0x00, 0x00, 0x00, 0x00, 0x00, 0x00, 0x00, 0x00, 0x00, 0x00, 0x00, 0x00, 0x08,
    0x00, 0x08, 0x00, 0x08, 0x20, 0x08, 0x20, 0x10, 0x20, 0x10, 0x20, 0x18, 0x40, 0x18, 0x40, 0x20, 0x41, 0x20, 0x41,
    0x28, 0x61, 0x30, 0x61, 0x30, 0x81, 0x38, 0x82, 0x40, 0xA2, 0x48, 0xA2, 0x50, 0xC2, 0x58, 0xC2, 0x58, 0xE3, 0x70,
    0x47, 0xE2, 0x67, 0xEA, 0x67, 0xEA, 0x67, 0xEA, 0x67, 0xEA, 0x67, 0xEA, 0x67, 0xEA, 0x67, 0xEA, 0x67, 0xEA, 0x67,
    0xEA, 0x67, 0xEA, 0x67, 0xEA, 0x67, 0xEA, 0x67, 0xEA, 0x67, 0xEA, 0x67, 0xEA, 0x67, 0xEA, 0x67, 0xEA, 0x67, 0xEA,
    0x67, 0xEA, 0x67, 0xEA, 0x67, 0xEA, 0x67, 0xEA, 0x67, 0xEA, 0x67, 0xEA, 0x67, 0xEA, 0x67, 0xEA, 0x67, 0xEA, 0x67,
    0xEA, 0x67, 0xEA, 0x67, 0xEA, 0x67, 0xEA, 0x67, 0xEA, 0x67, 0xEA, 0x67, 0xEA, 0x67, 0xEA, 0x67, 0xEA, 0x67, 0xEA,
    0x67, 0xEA, 0x67, 0xEA, 0x67, 0xEA, 0x67, 0xEA, 0x67, 0xEA, 0x67, 0xEA, 0x67, 0xEA, 0x67, 0xEA, 0x67, 0xEA, 0x67,
    0xEA, 0x67, 0xEA, 0x67, 0xEA, 0x67, 0xEA, 0x67, 0xEA, 0x67, 0xEA, 0x67, 0xEA, 0x67, 0xEA, 0x67, 0xEA, 0x67, 0xEA,
    0x67, 0xEA, 0x67, 0xEA, 0x67, 0xEA, 0x67, 0xEA, 0x67, 0xEA, 0x67, 0xEA, 0x67, 0xEA, 0x67, 0xEA, 0x67, 0xEA, 0x67,
    0xEA, 0x67, 0xEA, 0x67, 0xEA, 0x67, 0xEA, 0x47, 0xEA, 0x0A, 0xEB, 0xBE, 0xFF, 0xFF, 0xFF, 0xFF, 0xFF, 0xFF, 0xFF,
    0xFF, 0xFF, 0xFF, 0xFF, 0x54, 0xF5, 0x05, 0xEA, 0x88, 0xEA, 0x67, 0xEA, 0x67, 0xEA, 0x67, 0xEA, 0x67, 0xEA, 0x67,
    0xEA, 0x67, 0xEA, 0x67, 0xEA, 0x67, 0xEA, 0x67, 0xEA, 0x26, 0xEA, 0xD6, 0xF5, 0xFF, 0xFF, 0xFF, 0xFF, 0xFF, 0xFF,
    0xFF, 0xFF, 0xFF, 0xFF, 0xFF, 0xFF, 0xFF, 0xFF, 0x7D, 0xFF, 0xEE, 0xF3, 0x06, 0xEA, 0x47, 0xEA, 0x88, 0xEA, 0x67,
    0xEA, 0x67, 0xEA, 0x67, 0xEA, 0x67, 0xEA, 0x67, 0xEA, 0x67, 0xEA, 0x67, 0xEA, 0x67, 0xEA, 0x67, 0xEA, 0x67, 0xEA,
    0x67, 0xEA, 0x67, 0xEA, 0x67, 0xEA, 0x67, 0xEA, 0x67, 0xEA, 0x67, 0xEA, 0x67, 0xEA, 0x67, 0xEA, 0x67, 0xEA, 0x67,
    0xEA, 0x67, 0xEA, 0x67, 0xEA, 0x67, 0xEA, 0x67, 0xEA, 0x67, 0xEA, 0x67, 0xEA, 0x67, 0xEA, 0x67, 0xEA, 0x67, 0xEA,
    0x67, 0xEA, 0x67, 0xEA, 0x67, 0xEA, 0x67, 0xEA, 0x67, 0xEA, 0x67, 0xEA, 0x67, 0xEA, 0x67, 0xEA, 0x67, 0xEA, 0x67,
    0xEA, 0x67, 0xEA, 0x67, 0xEA, 0x67, 0xEA, 0x67, 0xEA, 0x67, 0xEA, 0x67, 0xEA, 0x67, 0xEA, 0x67, 0xEA, 0x47, 0xE2,
    0xE3, 0x70, 0xC2, 0x58, 0xC2, 0x58, 0xA2, 0x50, 0xA2, 0x48, 0x82, 0x40, 0x81, 0x38, 0x61, 0x30, 0x61, 0x30, 0x41,
    0x28, 0x41, 0x20, 0x40, 0x20, 0x40, 0x18, 0x20, 0x18, 0x20, 0x10, 0x20, 0x10, 0x20, 0x08, 0x00, 0x08, 0x00, 0x08,
    0x00, 0x08, 0x00, 0x00, 0x00, 0x00, 0x00, 0x00, 0x00, 0x00, 0x00, 0x00, 0x00, 0x00, 0x00, 0x00, 0x00, 0x00, 0x00,
    0x08, 0x00, 0x08, 0x00, 0x08, 0x20, 0x08, 0x20, 0x10, 0x20, 0x10, 0x20, 0x18, 0x40, 0x18, 0x40, 0x20, 0x41, 0x20,
    0x41, 0x28, 0x61, 0x30, 0x61, 0x30, 0x81, 0x38, 0x82, 0x40, 0xA2, 0x48, 0xA2, 0x50, 0xC2, 0x58, 0xC2, 0x58, 0xE3,
    0x70, 0x47, 0xE2, 0x67, 0xEA, 0x67, 0xEA, 0x67, 0xEA, 0x67, 0xEA, 0x67, 0xEA, 0x67, 0xEA, 0x67, 0xEA, 0x67, 0xEA,
    0x67, 0xEA, 0x67, 0xEA, 0x67, 0xEA, 0x67, 0xEA, 0x67, 0xEA, 0x67, 0xEA, 0x67, 0xEA, 0x67, 0xEA, 0x67, 0xEA, 0x67,
    0xEA, 0x67, 0xEA, 0x67, 0xEA, 0x67, 0xEA, 0x67, 0xEA, 0x67, 0xEA, 0x67, 0xEA, 0x67, 0xEA, 0x67, 0xEA, 0x67, 0xEA,
    0x67, 0xEA, 0x67, 0xEA, 0x67, 0xEA, 0x67, 0xEA, 0x67, 0xEA, 0x67, 0xEA, 0x67, 0xEA, 0x67, 0xEA, 0x67, 0xEA, 0x67,
    0xEA, 0x67, 0xEA, 0x67, 0xEA, 0x67, 0xEA, 0x67, 0xEA, 0x67, 0xEA, 0x67, 0xEA, 0x67, 0xEA, 0x67, 0xEA, 0x67, 0xEA,
    0x67, 0xEA, 0x67, 0xEA, 0x67, 0xEA, 0x67, 0xEA, 0x67, 0xEA, 0x67, 0xEA, 0x67, 0xEA, 0x67, 0xEA, 0x67, 0xEA, 0x67,
    0xEA, 0x67, 0xEA, 0x67, 0xEA, 0x67, 0xEA, 0x67, 0xEA, 0x67, 0xEA, 0x67, 0xEA, 0x67, 0xEA, 0x67, 0xEA, 0x67, 0xEA,
    0x67, 0xEA, 0x67, 0xEA, 0x67, 0xEA, 0x67, 0xEA, 0x47, 0xEA, 0xA9, 0xEA, 0x9E, 0xFF, 0xFF, 0xFF, 0xFF, 0xFF, 0xFF,
    0xFF, 0xFF, 0xFF, 0xFF, 0xFF, 0xD2, 0xF4, 0x05, 0xEA, 0x68, 0xEA, 0x67, 0xEA, 0x67, 0xEA, 0x67, 0xEA, 0x67, 0xEA,
    0x67, 0xEA, 0x67, 0xEA, 0x67, 0xEA, 0x67, 0xEA, 0x06, 0xEA, 0xD6, 0xF5, 0xFF, 0xFF, 0xFF, 0xFF, 0xFF, 0xFF, 0xFF,
    0xFF, 0xFF, 0xFF, 0xFF, 0xFF, 0xFF, 0xFF, 0x79, 0xFE, 0xC9, 0xEA, 0x06, 0xEA, 0x68, 0xEA, 0x67, 0xEA, 0x67, 0xEA,
    0x67, 0xEA, 0x67, 0xEA, 0x67, 0xEA, 0x67, 0xEA, 0x67, 0xEA, 0x67, 0xEA, 0x67, 0xEA, 0x67, 0xEA, 0x67, 0xEA, 0x67,
    0xEA, 0x67, 0xEA, 0x67, 0xEA, 0x67, 0xEA, 0x67, 0xEA, 0x67, 0xEA, 0x67, 0xEA, 0x67, 0xEA, 0x67, 0xEA, 0x67, 0xEA,
    0x67, 0xEA, 0x67, 0xEA, 0x67, 0xEA, 0x67, 0xEA, 0x67, 0xEA, 0x67, 0xEA, 0x67, 0xEA, 0x67, 0xEA, 0x67, 0xEA, 0x67,
    0xEA, 0x67, 0xEA, 0x67, 0xEA, 0x67, 0xEA, 0x67, 0xEA, 0x67, 0xEA, 0x67, 0xEA, 0x67, 0xEA, 0x67, 0xEA, 0x67, 0xEA,
    0x67, 0xEA, 0x67, 0xEA, 0x67, 0xEA, 0x67, 0xEA, 0x67, 0xEA, 0x67, 0xEA, 0x67, 0xEA, 0x67, 0xEA, 0x67, 0xEA, 0x47,
    0xE2, 0xE3, 0x70, 0xC2, 0x58, 0xC2, 0x58, 0xA2, 0x50, 0xA2, 0x48, 0x82, 0x40, 0x81, 0x38, 0x61, 0x30, 0x61, 0x30,
    0x41, 0x28, 0x41, 0x20, 0x40, 0x20, 0x40, 0x18, 0x20, 0x18, 0x20, 0x10, 0x20, 0x10, 0x20, 0x08, 0x00, 0x08, 0x00,
    0x08, 0x00, 0x08, 0x00, 0x00, 0x00, 0x00, 0x00, 0x00, 0x00, 0x00, 0x00, 0x00, 0x00, 0x00, 0x00, 0x00, 0x00, 0x00,
    0x00, 0x08, 0x00, 0x08, 0x00, 0x08, 0x20, 0x08, 0x20, 0x10, 0x20, 0x10, 0x20, 0x18, 0x40, 0x18, 0x40, 0x20, 0x41,
    0x20, 0x41, 0x28, 0x61, 0x30, 0x61, 0x30, 0x81, 0x38, 0x82, 0x40, 0xA2, 0x48, 0xA2, 0x50, 0xC2, 0x58, 0xC2, 0x58,
    0xE3, 0x70, 0x47, 0xE2, 0x67, 0xEA, 0x67, 0xEA, 0x67, 0xEA, 0x67, 0xEA, 0x67, 0xEA, 0x67, 0xEA, 0x67, 0xEA, 0x67,
    0xEA, 0x67, 0xEA, 0x67, 0xEA, 0x67, 0xEA, 0x67, 0xEA, 0x67, 0xEA, 0x67, 0xEA, 0x67, 0xEA, 0x67, 0xEA, 0x67, 0xEA,
    0x67, 0xEA, 0x67, 0xEA, 0x67, 0xEA, 0x67, 0xEA, 0x67, 0xEA, 0x67, 0xEA, 0x67, 0xEA, 0x67, 0xEA, 0x67, 0xEA, 0x67,
    0xEA, 0x67, 0xEA, 0x67, 0xEA, 0x67, 0xEA, 0x67, 0xEA, 0x67, 0xEA, 0x67, 0xEA, 0x67, 0xEA, 0x67, 0xEA, 0x67, 0xEA,
    0x67, 0xEA, 0x67, 0xEA, 0x67, 0xEA, 0x67, 0xEA, 0x67, 0xEA, 0x67, 0xEA, 0x67, 0xEA, 0x67, 0xEA, 0x67, 0xEA, 0x67,
    0xEA, 0x67, 0xEA, 0x67, 0xEA, 0x67, 0xEA, 0x67, 0xEA, 0x67, 0xEA, 0x67, 0xEA, 0x67, 0xEA, 0x67, 0xEA, 0x67, 0xEA,
    0x67, 0xEA, 0x67, 0xEA, 0x67, 0xEA, 0x67, 0xEA, 0x67, 0xEA, 0x67, 0xEA, 0x67, 0xEA, 0x67, 0xEA, 0x67, 0xEA, 0x67,
    0xEA, 0x67, 0xEA, 0x67, 0xEA, 0x67, 0xEA, 0x67, 0xEA, 0x47, 0xEA, 0xC9, 0xEA, 0x9E, 0xFF, 0xFF, 0xFF, 0xFF, 0xFF,
    0xFF, 0xFF, 0xFF, 0xFF, 0xFF, 0xFF, 0xCD, 0xEB, 0x06, 0xEA, 0x67, 0xEA, 0x67, 0xEA, 0x67, 0xEA, 0x67, 0xEA, 0x67,
    0xEA, 0x67, 0xEA, 0x67, 0xEA, 0x67, 0xEA, 0xE5, 0xE9, 0xB6, 0xF5, 0xFF, 0xFF, 0xFF, 0xFF, 0xFF, 0xFF, 0xFF, 0xFF,
    0xFF, 0xFF, 0xFF, 0xFF, 0xFF, 0xFF, 0xD2, 0xF4, 0x26, 0xEA, 0x47, 0xEA, 0x68, 0xEA, 0x67, 0xEA, 0x67, 0xEA, 0x67,
    0xEA, 0x67, 0xEA, 0x67, 0xEA, 0x67, 0xEA, 0x67, 0xEA, 0x67, 0xEA, 0x67, 0xEA, 0x67, 0xEA, 0x67, 0xEA, 0x67, 0xEA,
    0x67, 0xEA, 0x67, 0xEA, 0x67, 0xEA, 0x67, 0xEA, 0x67, 0xEA, 0x67, 0xEA, 0x67, 0xEA, 0x67, 0xEA, 0x67, 0xEA, 0x67,
    0xEA, 0x67, 0xEA, 0x67, 0xEA, 0x67, 0xEA, 0x67, 0xEA, 0x67, 0xEA, 0x67, 0xEA, 0x67, 0xEA, 0x67, 0xEA, 0x67, 0xEA,
    0x67, 0xEA, 0x67, 0xEA, 0x67, 0xEA, 0x67, 0xEA, 0x67, 0xEA, 0x67, 0xEA, 0x67, 0xEA, 0x67, 0xEA, 0x67, 0xEA, 0x67,
    0xEA, 0x67, 0xEA, 0x67, 0xEA, 0x67, 0xEA, 0x67, 0xEA, 0x67, 0xEA, 0x67, 0xEA, 0x67, 0xEA, 0x67, 0xEA, 0x67, 0xEA,
    0x47, 0xE2, 0xE3, 0x70, 0xC2, 0x58, 0xC2, 0x58, 0xA2, 0x50, 0xA2, 0x48, 0x82, 0x40, 0x81, 0x38, 0x61, 0x30, 0x61,
    0x30, 0x41, 0x28, 0x41, 0x20, 0x40, 0x20, 0x40, 0x18, 0x20, 0x18, 0x20, 0x10, 0x20, 0x10, 0x20, 0x08, 0x00, 0x08,
    0x00, 0x08, 0x00, 0x08, 0x00, 0x00, 0x00, 0x00, 0x00, 0x00, 0x00, 0x00, 0x00, 0x00, 0x00, 0x00, 0x00, 0x00, 0x00,
    0x00, 0x00, 0x08, 0x00, 0x08, 0x00, 0x08, 0x20, 0x08, 0x20, 0x10, 0x20, 0x10, 0x20, 0x18, 0x40, 0x18, 0x40, 0x20,
    0x41, 0x20, 0x41, 0x28, 0x61, 0x30, 0x61, 0x30, 0x81, 0x38, 0x82, 0x40, 0xA2, 0x48, 0xA2, 0x50, 0xC2, 0x58, 0xC2,
    0x58, 0xE3, 0x70, 0x47, 0xE2, 0x67, 0xEA, 0x67, 0xEA, 0x67, 0xEA, 0x67, 0xEA, 0x67, 0xEA, 0x67, 0xEA, 0x67, 0xEA,
    0x67, 0xEA, 0x67, 0xEA, 0x67, 0xEA, 0x67, 0xEA, 0x67, 0xEA, 0x67, 0xEA, 0x67, 0xEA, 0x67, 0xEA, 0x67, 0xEA, 0x67,
    0xEA, 0x67, 0xEA, 0x67, 0xEA, 0x67, 0xEA, 0x67, 0xEA, 0x67, 0xEA, 0x67, 0xEA, 0x67, 0xEA, 0x67, 0xEA, 0x67, 0xEA,
    0x67, 0xEA, 0x67, 0xEA, 0x67, 0xEA, 0x67, 0xEA, 0x67, 0xEA, 0x67, 0xEA, 0x67, 0xEA, 0x67, 0xEA, 0x67, 0xEA, 0x67,
    0xEA, 0x67, 0xEA, 0x67, 0xEA, 0x67, 0xEA, 0x67, 0xEA, 0x67, 0xEA, 0x67, 0xEA, 0x67, 0xEA, 0x67, 0xEA, 0x67, 0xEA,
    0x67, 0xEA, 0x67, 0xEA, 0x67, 0xEA, 0x67, 0xEA, 0x67, 0xEA, 0x67, 0xEA, 0x67, 0xEA, 0x67, 0xEA, 0x67, 0xEA, 0x67,
    0xEA, 0x67, 0xEA, 0x67, 0xEA, 0x67, 0xEA, 0x67, 0xEA, 0x67, 0xEA, 0x67, 0xEA, 0x67, 0xEA, 0x67, 0xEA, 0x67, 0xEA,
    0x67, 0xEA, 0x67, 0xEA, 0x67, 0xEA, 0x67, 0xEA, 0x67, 0xEA, 0x47, 0xEA, 0xC9, 0xEA, 0x9E, 0xFF, 0xFF, 0xFF, 0xFF,
    0xFF, 0xFF, 0xFF, 0xFF, 0xFF, 0xFF, 0xFF, 0xCD, 0xEB, 0x06, 0xEA, 0x67, 0xEA, 0x67, 0xEA, 0x67, 0xEA, 0x67, 0xEA,
    0x47, 0xEA, 0x67, 0xEA, 0x47, 0xEA, 0x06, 0xEA, 0xF2, 0xF4, 0xFF, 0xFF, 0xFF, 0xFF, 0xFF, 0xFF, 0xFF, 0xFF, 0xFF,
    0xFF, 0xFF, 0xFF, 0x3C, 0xFF, 0x8C, 0xEB, 0xE5, 0xE9, 0x67, 0xEA, 0x67, 0xEA, 0x47, 0xEA, 0x67, 0xEA, 0x67, 0xEA,
    0x67, 0xEA, 0x67, 0xEA, 0x67, 0xEA, 0x67, 0xEA, 0x67, 0xEA, 0x67, 0xEA, 0x67, 0xEA, 0x67, 0xEA, 0x67, 0xEA, 0x67,
    0xEA, 0x67, 0xEA, 0x67, 0xEA, 0x67, 0xEA, 0x67, 0xEA, 0x67, 0xEA, 0x67, 0xEA, 0x67, 0xEA, 0x67, 0xEA, 0x67, 0xEA,
    0x67, 0xEA, 0x67, 0xEA, 0x67, 0xEA, 0x67, 0xEA, 0x67, 0xEA, 0x67, 0xEA, 0x67, 0xEA, 0x67, 0xEA, 0x67, 0xEA, 0x67,
    0xEA, 0x67, 0xEA, 0x67, 0xEA, 0x67, 0xEA, 0x67, 0xEA, 0x67, 0xEA, 0x67, 0xEA, 0x67, 0xEA, 0x67, 0xEA, 0x67, 0xEA,
    0x67, 0xEA, 0x67, 0xEA, 0x67, 0xEA, 0x67, 0xEA, 0x67, 0xEA, 0x67, 0xEA, 0x67, 0xEA, 0x67, 0xEA, 0x67, 0xEA, 0x67,
    0xEA, 0x47, 0xE2, 0xE3, 0x70, 0xC2, 0x58, 0xC2, 0x58, 0xA2, 0x50, 0xA2, 0x48, 0x82, 0x40, 0x81, 0x38, 0x61, 0x30,
    0x61, 0x30, 0x41, 0x28, 0x41, 0x20, 0x40, 0x20, 0x40, 0x18, 0x20, 0x18, 0x20, 0x10, 0x20, 0x10, 0x20, 0x08, 0x00,
    0x08, 0x00, 0x08, 0x00, 0x08, 0x00, 0x00, 0x00, 0x00, 0x00, 0x00, 0x00, 0x00, 0x00, 0x00, 0x00, 0x00, 0x00, 0x00,
    0x00, 0x00, 0x00, 0x08, 0x00, 0x08, 0x00, 0x08, 0x20, 0x08, 0x20, 0x10, 0x20, 0x10, 0x20, 0x18, 0x40, 0x18, 0x40,
    0x20, 0x41, 0x20, 0x41, 0x28, 0x61, 0x30, 0x61, 0x30, 0x81, 0x38, 0x82, 0x40, 0xA2, 0x48, 0xA2, 0x50, 0xC2, 0x58,
    0xC2, 0x58, 0xE3, 0x70, 0x47, 0xE2, 0x67, 0xEA, 0x47, 0xEA, 0x47, 0xEA, 0x47, 0xEA, 0x47, 0xEA, 0x47, 0xEA, 0x47,
    0xEA, 0x47, 0xEA, 0x47, 0xEA, 0x47, 0xEA, 0x47, 0xEA, 0x47, 0xEA, 0x47, 0xEA, 0x47, 0xEA, 0x47, 0xEA, 0x47, 0xEA,
    0x47, 0xEA, 0x47, 0xEA, 0x47, 0xEA, 0x47, 0xEA, 0x47, 0xEA, 0x47, 0xEA, 0x47, 0xEA, 0x47, 0xEA, 0x47, 0xEA, 0x47,
    0xEA, 0x47, 0xEA, 0x47, 0xEA, 0x47, 0xEA, 0x47, 0xEA, 0x47, 0xEA, 0x47, 0xEA, 0x47, 0xEA, 0x47, 0xEA, 0x47, 0xEA,
    0x47, 0xEA, 0x47, 0xEA, 0x47, 0xEA, 0x47, 0xEA, 0x47, 0xEA, 0x47, 0xEA, 0x47, 0xEA, 0x47, 0xEA, 0x47, 0xEA, 0x47,
    0xEA, 0x47, 0xEA, 0x47, 0xEA, 0x47, 0xEA, 0x47, 0xEA, 0x47, 0xEA, 0x47, 0xEA, 0x47, 0xEA, 0x47, 0xEA, 0x47, 0xEA,
    0x47, 0xEA, 0x47, 0xEA, 0x47, 0xEA, 0x47, 0xEA, 0x47, 0xEA, 0x47, 0xEA, 0x47, 0xEA, 0x47, 0xEA, 0x47, 0xEA, 0x47,
    0xEA, 0x47, 0xEA, 0x47, 0xEA, 0x47, 0xEA, 0x47, 0xEA, 0x67, 0xEA, 0x47, 0xEA, 0xA9, 0xEA, 0x9E, 0xFF, 0xFF, 0xFF,
    0xFF, 0xFF, 0xFF, 0xFF, 0xFF, 0xFF, 0xFF, 0xFF, 0xCD, 0xEB, 0x06, 0xEA, 0x67, 0xEA, 0x47, 0xEA, 0x47, 0xEA, 0x47,
    0xEA, 0x67, 0xEA, 0x67, 0xEA, 0x06, 0xEA, 0xD6, 0xF5, 0xFF, 0xFF, 0xFF, 0xFF, 0xFF, 0xFF, 0xFF, 0xFF, 0xFF, 0xFF,
    0xFF, 0xFF, 0x33, 0xF5, 0x88, 0xEA, 0x06, 0xEA, 0x67, 0xEA, 0x47, 0xEA, 0x47, 0xEA, 0x47, 0xEA, 0x47, 0xEA, 0x47,
    0xEA, 0x47, 0xEA, 0x47, 0xEA, 0x47, 0xEA, 0x47, 0xEA, 0x47, 0xEA, 0x47, 0xEA, 0x47, 0xEA, 0x47, 0xEA, 0x47, 0xEA,
    0x47, 0xEA, 0x47, 0xEA, 0x47, 0xEA, 0x47, 0xEA, 0x47, 0xEA, 0x47, 0xEA, 0x47, 0xEA, 0x47, 0xEA, 0x47, 0xEA, 0x47,
    0xEA, 0x47, 0xEA, 0x47, 0xEA, 0x47, 0xEA, 0x47, 0xEA, 0x47, 0xEA, 0x47, 0xEA, 0x47, 0xEA, 0x47, 0xEA, 0x47, 0xEA,
    0x47, 0xEA, 0x47, 0xEA, 0x47, 0xEA, 0x47, 0xEA, 0x47, 0xEA, 0x47, 0xEA, 0x47, 0xEA, 0x47, 0xEA, 0x47, 0xEA, 0x47,
    0xEA, 0x47, 0xEA, 0x47, 0xEA, 0x47, 0xEA, 0x47, 0xEA, 0x47, 0xEA, 0x47, 0xEA, 0x47, 0xEA, 0x47, 0xEA, 0x47, 0xEA,
    0x67, 0xEA, 0x47, 0xE2, 0xE3, 0x70, 0xC2, 0x58, 0xC2, 0x58, 0xA2, 0x50, 0xA2, 0x48, 0x82, 0x40, 0x81, 0x38, 0x61,
    0x30, 0x61, 0x30, 0x41, 0x28, 0x41, 0x20, 0x40, 0x20, 0x40, 0x18, 0x20, 0x18, 0x20, 0x10, 0x20, 0x10, 0x20, 0x08,
    0x00, 0x08, 0x00, 0x08, 0x00, 0x08, 0x00, 0x00, 0x00, 0x00, 0x00, 0x00, 0x00, 0x00, 0x00, 0x00, 0x00, 0x00, 0x00,
    0x00, 0x00, 0x00, 0x00, 0x08, 0x00, 0x08, 0x00, 0x08, 0x20, 0x08, 0x20, 0x10, 0x20, 0x10, 0x20, 0x18, 0x40, 0x18,
    0x40, 0x20, 0x41, 0x20, 0x41, 0x28, 0x61, 0x30, 0x61, 0x30, 0x81, 0x38, 0x82, 0x40, 0xA2, 0x48, 0xA2, 0x50, 0xC2,
    0x58, 0xC2, 0x58, 0xE3, 0x70, 0x47, 0xE2, 0x67, 0xEA, 0x47, 0xEA, 0x47, 0xEA, 0x47, 0xEA, 0x47, 0xEA, 0x47, 0xEA,
    0x47, 0xEA, 0x47, 0xEA, 0x47, 0xEA, 0x47, 0xEA, 0x47, 0xEA, 0x47, 0xEA, 0x47, 0xEA, 0x47, 0xEA, 0x47, 0xEA, 0x47,
    0xEA, 0x47, 0xEA, 0x47, 0xEA, 0x47, 0xEA, 0x47, 0xEA, 0x47, 0xEA, 0x47, 0xEA, 0x47, 0xEA, 0x47, 0xEA, 0x47, 0xEA,
    0x47, 0xEA, 0x47, 0xEA, 0x47, 0xEA, 0x47, 0xEA, 0x47, 0xEA, 0x47, 0xEA, 0x47, 0xEA, 0x47, 0xEA, 0x47, 0xEA, 0x47,
    0xEA, 0x47, 0xEA, 0x47, 0xEA, 0x47, 0xEA, 0x47, 0xEA, 0x47, 0xEA, 0x47, 0xEA, 0x47, 0xEA, 0x47, 0xEA, 0x47, 0xEA,
    0x47, 0xEA, 0x47, 0xEA, 0x47, 0xEA, 0x47, 0xEA, 0x47, 0xEA, 0x47, 0xEA, 0x47, 0xEA, 0x47, 0xEA, 0x47, 0xEA, 0x47,
    0xEA, 0x47, 0xEA, 0x47, 0xEA, 0x47, 0xEA, 0x47, 0xEA, 0x47, 0xEA, 0x47, 0xEA, 0x47, 0xEA, 0x47, 0xEA, 0x47, 0xEA,
    0x47, 0xEA, 0x47, 0xEA, 0x47, 0xEA, 0x47, 0xEA, 0x47, 0xEA, 0x67, 0xEA, 0x47, 0xEA, 0xA9, 0xEA, 0x9E, 0xFF, 0xFF,
    0xFF, 0xFF, 0xFF, 0xFF, 0xFF, 0xFF, 0xFF, 0xFF, 0xFF, 0xCD, 0xEB, 0x06, 0xEA, 0x67, 0xEA, 0x47, 0xEA, 0x47, 0xEA,
    0x47, 0xEA, 0x47, 0xEA, 0xE5, 0xE1, 0xF2, 0xF4, 0xFF, 0xFF, 0xDF, 0xFF, 0xFF, 0xFF, 0xFF, 0xFF, 0xFF, 0xFF, 0x3C,
    0xFF, 0x8C, 0xEB, 0xE5, 0xE1, 0x47, 0xEA, 0x67, 0xEA, 0x47, 0xEA, 0x47, 0xEA, 0x47, 0xEA, 0x47, 0xEA, 0x47, 0xEA,
    0x47, 0xEA, 0x47, 0xEA, 0x47, 0xEA, 0x47, 0xEA, 0x47, 0xEA, 0x47, 0xEA, 0x47, 0xEA, 0x47, 0xEA, 0x47, 0xEA, 0x47,
    0xEA, 0x47, 0xEA, 0x47, 0xEA, 0x47, 0xEA, 0x47, 0xEA, 0x47, 0xEA, 0x47, 0xEA, 0x47, 0xEA, 0x47, 0xEA, 0x47, 0xEA,
    0x47, 0xEA, 0x47, 0xEA, 0x47, 0xEA, 0x47, 0xEA, 0x47, 0xEA, 0x47, 0xEA, 0x47, 0xEA, 0x47, 0xEA, 0x47, 0xEA, 0x47,
    0xEA, 0x47, 0xEA, 0x47, 0xEA, 0x47, 0xEA, 0x47, 0xEA, 0x47, 0xEA, 0x47, 0xEA, 0x47, 0xEA, 0x47, 0xEA, 0x47, 0xEA,
    0x47, 0xEA, 0x47, 0xEA, 0x47, 0xEA, 0x47, 0xEA, 0x47, 0xEA, 0x47, 0xEA, 0x47, 0xEA, 0x47, 0xEA, 0x47, 0xEA, 0x47,
    0xEA, 0x67, 0xEA, 0x47, 0xE2, 0xE3, 0x70, 0xC2, 0x58, 0xC2, 0x58, 0xA2, 0x50, 0xA2, 0x48, 0x82, 0x40, 0x81, 0x38,
    0x61, 0x30, 0x61, 0x30, 0x41, 0x28, 0x41, 0x20, 0x40, 0x20, 0x40, 0x18, 0x20, 0x18, 0x20, 0x10, 0x20, 0x10, 0x20,
    0x08, 0x00, 0x08, 0x00, 0x08, 0x00, 0x08, 0x00, 0x00, 0x00, 0x00, 0x00, 0x00, 0x00, 0x00, 0x00, 0x00, 0x00, 0x00,
    0x00, 0x00, 0x00, 0x00, 0x00, 0x08, 0x00, 0x08, 0x00, 0x08, 0x20, 0x08, 0x20, 0x10, 0x20, 0x10, 0x20, 0x18, 0x40,
    0x18, 0x40, 0x20, 0x41, 0x20, 0x41, 0x28, 0x61, 0x30, 0x61, 0x30, 0x81, 0x38, 0x82, 0x40, 0xA2, 0x48, 0xA2, 0x50,
    0xC2, 0x58, 0xC2, 0x58, 0xE3, 0x70, 0x27, 0xE2, 0x47, 0xEA, 0x47, 0xEA, 0x47, 0xEA, 0x47, 0xEA, 0x47, 0xEA, 0x47,
    0xEA, 0x47, 0xEA, 0x47, 0xEA, 0x47, 0xEA, 0x47, 0xEA, 0x47, 0xEA, 0x47, 0xEA, 0x47, 0xEA, 0x47, 0xEA, 0x47, 0xEA,
    0x47, 0xEA, 0x47, 0xEA, 0x47, 0xEA, 0x47, 0xEA, 0x47, 0xEA, 0x47, 0xEA, 0x47, 0xEA, 0x47, 0xEA, 0x47, 0xEA, 0x47,
    0xEA, 0x47, 0xEA, 0x47, 0xEA, 0x47, 0xEA, 0x47, 0xEA, 0x47, 0xEA, 0x47, 0xEA, 0x47, 0xEA, 0x47, 0xEA, 0x47, 0xEA,
    0x47, 0xEA, 0x47, 0xEA, 0x47, 0xEA, 0x47, 0xEA, 0x47, 0xEA, 0x47, 0xEA, 0x47, 0xEA, 0x47, 0xEA, 0x47, 0xEA, 0x47,
    0xEA, 0x47, 0xEA, 0x47, 0xEA, 0x47, 0xEA, 0x47, 0xEA, 0x47, 0xEA, 0x47, 0xEA, 0x47, 0xEA, 0x47, 0xEA, 0x47, 0xEA,
    0x47, 0xEA, 0x67, 0xEA, 0x67, 0xEA, 0x67, 0xEA, 0x67, 0xEA, 0x67, 0xEA, 0x67, 0xEA, 0x47, 0xEA, 0x47, 0xEA, 0x47,
    0xEA, 0x47, 0xEA, 0x47, 0xEA, 0x47, 0xEA, 0x47, 0xEA, 0x47, 0xEA, 0x47, 0xEA, 0x27, 0xEA, 0xA9, 0xEA, 0x9E, 0xFF,
    0xFF, 0xFF, 0xFF, 0xFF, 0xFF, 0xFF, 0xFF, 0xFF, 0xFF, 0xFF, 0xCE, 0xEB, 0x06, 0xEA, 0x67, 0xEA, 0x47, 0xEA, 0x47,
    0xEA, 0x67, 0xEA, 0x06, 0xEA, 0xB6, 0xF5, 0xFF, 0xFF, 0xFF, 0xFF, 0xFF, 0xFF, 0xFF, 0xFF, 0xFF, 0xFF, 0x17, 0xFE,
    0x88, 0xEA, 0x06, 0xEA, 0x68, 0xEA, 0x47, 0xEA, 0x47, 0xEA, 0x47, 0xEA, 0x47, 0xEA, 0x47, 0xEA, 0x47, 0xEA, 0x47,
    0xEA, 0x47, 0xEA, 0x47, 0xEA, 0x47, 0xEA, 0x47, 0xEA, 0x47, 0xEA, 0x47, 0xEA, 0x47, 0xEA, 0x47, 0xEA, 0x47, 0xEA,
    0x47, 0xEA, 0x47, 0xEA, 0x47, 0xEA, 0x47, 0xEA, 0x47, 0xEA, 0x47, 0xEA, 0x47, 0xEA, 0x47, 0xEA, 0x47, 0xEA, 0x47,
    0xEA, 0x47, 0xEA, 0x47, 0xEA, 0x47, 0xEA, 0x47, 0xEA, 0x47, 0xEA, 0x47, 0xEA, 0x47, 0xEA, 0x47, 0xEA, 0x47, 0xEA,
    0x47, 0xEA, 0x47, 0xEA, 0x47, 0xEA, 0x47, 0xEA, 0x47, 0xEA, 0x47, 0xEA, 0x47, 0xEA, 0x47, 0xEA, 0x47, 0xEA, 0x47,
    0xEA, 0x47, 0xEA, 0x47, 0xEA, 0x47, 0xEA, 0x47, 0xEA, 0x47, 0xEA, 0x47, 0xEA, 0x47, 0xEA, 0x47, 0xEA, 0x47, 0xEA,
    0x47, 0xEA, 0x47, 0xEA, 0x27, 0xE2, 0xE3, 0x70, 0xC2, 0x58, 0xC2, 0x58, 0xA2, 0x50, 0xA2, 0x48, 0x82, 0x40, 0x81,
    0x38, 0x61, 0x30, 0x61, 0x30, 0x41, 0x28, 0x41, 0x20, 0x40, 0x20, 0x40, 0x18, 0x20, 0x18, 0x20, 0x10, 0x20, 0x10,
    0x20, 0x08, 0x00, 0x08, 0x00, 0x08, 0x00, 0x08, 0x00, 0x00, 0x00, 0x00, 0x00, 0x00, 0x00, 0x00, 0x00, 0x00, 0x00,
    0x00, 0x00, 0x00, 0x00, 0x00, 0x00, 0x08, 0x00, 0x08, 0x00, 0x08, 0x20, 0x08, 0x20, 0x10, 0x20, 0x10, 0x20, 0x18,
    0x40, 0x18, 0x40, 0x20, 0x41, 0x20, 0x41, 0x28, 0x61, 0x30, 0x61, 0x30, 0x81, 0x38, 0x82, 0x40, 0xA2, 0x48, 0xA2,
    0x50, 0xC2, 0x58, 0xC2, 0x58, 0xE3, 0x70, 0x27, 0xE2, 0x47, 0xEA, 0x47, 0xE2, 0x47, 0xEA, 0x47, 0xEA, 0x47, 0xEA,
    0x47, 0xEA, 0x47, 0xEA, 0x47, 0xEA, 0x47, 0xEA, 0x47, 0xEA, 0x47, 0xEA, 0x47, 0xEA, 0x47, 0xEA, 0x47, 0xEA, 0x47,
    0xEA, 0x47, 0xEA, 0x47, 0xEA, 0x47, 0xEA, 0x47, 0xEA, 0x47, 0xEA, 0x47, 0xEA, 0x47, 0xEA, 0x47, 0xEA, 0x47, 0xEA,
    0x47, 0xEA, 0x47, 0xEA, 0x47, 0xEA, 0x47, 0xEA, 0x47, 0xEA, 0x47, 0xEA, 0x47, 0xEA, 0x47, 0xEA, 0x47, 0xEA, 0x47,
    0xEA, 0x47, 0xEA, 0x47, 0xEA, 0x47, 0xEA, 0x47, 0xEA, 0x47, 0xEA, 0x47, 0xEA, 0x47, 0xEA, 0x47, 0xEA, 0x47, 0xEA,
    0x47, 0xEA, 0x47, 0xEA, 0x47, 0xEA, 0x47, 0xEA, 0x47, 0xEA, 0x47, 0xEA, 0x47, 0xEA, 0x47, 0xEA, 0x47, 0xEA, 0x67,
    0xEA, 0x47, 0xEA, 0x06, 0xE2, 0xE5, 0xE1, 0x06, 0xE2, 0x06, 0xE2, 0x06, 0xE2, 0xE6, 0xE1, 0x06, 0xE2, 0x47, 0xEA,
    0x67, 0xEA, 0x47, 0xEA, 0x47, 0xEA, 0x47, 0xEA, 0x47, 0xEA, 0x47, 0xEA, 0x47, 0xEA, 0x27, 0xEA, 0xA9, 0xEA, 0x9E,
    0xFF, 0xFF, 0xFF, 0xFF, 0xFF, 0xFF, 0xFF, 0xFF, 0xFF, 0xFF, 0xFF, 0x8C, 0xEB, 0x06, 0xE2, 0x67, 0xEA, 0x47, 0xEA,
    0x67, 0xEA, 0xA5, 0xE1, 0x33, 0xF5, 0xFF, 0xFF, 0xDF, 0xFF, 0xFF, 0xFF, 0xFF, 0xFF, 0x9D, 0xFF, 0xB1, 0xF4, 0x06,
    0xE2, 0x27, 0xEA, 0x67, 0xEA, 0x47, 0xEA, 0x47, 0xEA, 0x47, 0xEA, 0x47, 0xEA, 0x47, 0xEA, 0x47, 0xEA, 0x47, 0xEA,
    0x47, 0xEA, 0x47, 0xEA, 0x47, 0xEA, 0x47, 0xEA, 0x47, 0xEA, 0x47, 0xEA, 0x47, 0xEA, 0x47, 0xEA, 0x47, 0xEA, 0x47,
    0xEA, 0x47, 0xEA, 0x47, 0xEA, 0x47, 0xEA, 0x47, 0xEA, 0x47, 0xEA, 0x47, 0xEA, 0x47, 0xEA, 0x47, 0xEA, 0x47, 0xEA,
    0x47, 0xEA, 0x47, 0xEA, 0x47, 0xEA, 0x47, 0xEA, 0x47, 0xEA, 0x47, 0xEA, 0x47, 0xEA, 0x47, 0xEA, 0x47, 0xEA, 0x47,
    0xEA, 0x47, 0xEA, 0x47, 0xEA, 0x47, 0xEA, 0x47, 0xEA, 0x47, 0xEA, 0x47, 0xEA, 0x47, 0xEA, 0x47, 0xEA, 0x47, 0xEA,
    0x47, 0xEA, 0x47, 0xEA, 0x47, 0xEA, 0x47, 0xEA, 0x47, 0xEA, 0x47, 0xEA, 0x47, 0xEA, 0x47, 0xEA, 0x47, 0xEA, 0x47,
    0xEA, 0x47, 0xE2, 0x47, 0xEA, 0x27, 0xE2, 0xE3, 0x70, 0xC2, 0x58, 0xC2, 0x58, 0xA2, 0x50, 0xA2, 0x48, 0x82, 0x40,
    0x81, 0x38, 0x61, 0x30, 0x61, 0x30, 0x41, 0x28, 0x41, 0x20, 0x40, 0x20, 0x40, 0x18, 0x20, 0x18, 0x20, 0x10, 0x20,
    0x10, 0x20, 0x08, 0x00, 0x08, 0x00, 0x08, 0x00, 0x08, 0x00, 0x00, 0x00, 0x00, 0x00, 0x00, 0x00, 0x00, 0x00, 0x00,
    0x00, 0x00, 0x00, 0x00, 0x00, 0x00, 0x00, 0x08, 0x00, 0x08, 0x00, 0x08, 0x20, 0x08, 0x20, 0x10, 0x20, 0x10, 0x20,
    0x18, 0x40, 0x18, 0x40, 0x20, 0x41, 0x20, 0x41, 0x28, 0x61, 0x30, 0x61, 0x30, 0x81, 0x38, 0x82, 0x40, 0xA2, 0x48,
    0xA2, 0x50, 0xC2, 0x58, 0xC2, 0x58, 0xE3, 0x70, 0x27, 0xE2, 0x47, 0xEA, 0x47, 0xE2, 0x47, 0xEA, 0x47, 0xEA, 0x47,
    0xEA, 0x47, 0xEA, 0x47, 0xEA, 0x47, 0xEA, 0x47, 0xEA, 0x47, 0xEA, 0x47, 0xEA, 0x47, 0xEA, 0x47, 0xEA, 0x47, 0xEA,
    0x47, 0xEA, 0x47, 0xEA, 0x47, 0xEA, 0x47, 0xEA, 0x47, 0xEA, 0x47, 0xEA, 0x47, 0xEA, 0x47, 0xEA, 0x47, 0xEA, 0x47,
    0xEA, 0x47, 0xEA, 0x47, 0xEA, 0x47, 0xEA, 0x47, 0xEA, 0x47, 0xEA, 0x47, 0xEA, 0x47, 0xEA, 0x47, 0xEA, 0x47, 0xEA,
    0x47, 0xEA, 0x47, 0xEA, 0x47, 0xEA, 0x47, 0xEA, 0x47, 0xEA, 0x47, 0xEA, 0x47, 0xEA, 0x47, 0xEA, 0x47, 0xEA, 0x47,
    0xEA, 0x47, 0xEA, 0x47, 0xEA, 0x47, 0xEA, 0x47, 0xEA, 0x47, 0xEA, 0x67, 0xEA, 0x67, 0xEA, 0x47, 0xEA, 0x27, 0xEA,
    0xE5, 0xE1, 0x06, 0xE2, 0x4B, 0xEB, 0x33, 0xF5, 0x79, 0xFE, 0x99, 0xFE, 0x99, 0xFE, 0x33, 0xF5, 0x0A, 0xEB, 0x06,
    0xE2, 0xE5, 0xE1, 0x47, 0xEA, 0x47, 0xEA, 0x47, 0xEA, 0x47, 0xEA, 0x47, 0xEA, 0x47, 0xEA, 0x27, 0xEA, 0xA9, 0xEA,
    0x9E, 0xFF, 0xFF, 0xFF, 0xFF, 0xFF, 0xFF, 0xFF, 0xFF, 0xFF, 0xFF, 0xFF, 0xD2, 0xF4, 0xC5, 0xE1, 0x68, 0xEA, 0x47,
    0xEA, 0x06, 0xE2, 0x75, 0xF5, 0xFF, 0xFF, 0xDF, 0xFF, 0xFF, 0xFF, 0xFF, 0xFF, 0xF7, 0xF5, 0xA9, 0xEA, 0xE5, 0xE1,
    0x47, 0xEA, 0x47, 0xEA, 0x47, 0xEA, 0x47, 0xEA, 0x47, 0xEA, 0x47, 0xEA, 0x47, 0xEA, 0x47, 0xEA, 0x47, 0xEA, 0x47,
    0xEA, 0x47, 0xEA, 0x47, 0xEA, 0x47, 0xEA, 0x47, 0xEA, 0x47, 0xEA, 0x47, 0xEA, 0x47, 0xEA, 0x47, 0xEA, 0x47, 0xEA,
    0x47, 0xEA, 0x47, 0xEA, 0x47, 0xEA, 0x47, 0xEA, 0x47, 0xEA, 0x47, 0xEA, 0x47, 0xEA, 0x47, 0xEA, 0x47, 0xEA, 0x47,
    0xEA, 0x47, 0xEA, 0x47, 0xEA, 0x47, 0xEA, 0x47, 0xEA, 0x47, 0xEA, 0x47, 0xEA, 0x47, 0xEA, 0x47, 0xEA, 0x47, 0xEA,
    0x47, 0xEA, 0x47, 0xEA, 0x47, 0xEA, 0x47, 0xEA, 0x47, 0xEA, 0x47, 0xEA, 0x47, 0xEA, 0x47, 0xEA, 0x47, 0xEA, 0x47,
    0xEA, 0x47, 0xEA, 0x47, 0xEA, 0x47, 0xEA, 0x47, 0xEA, 0x47, 0xEA, 0x47, 0xEA, 0x47, 0xEA, 0x47, 0xEA, 0x47, 0xEA,
    0x47, 0xEA, 0x47, 0xE2, 0x47, 0xEA, 0x27, 0xE2, 0xE3, 0x70, 0xC2, 0x58, 0xC2, 0x58, 0xA2, 0x50, 0xA2, 0x48, 0x82,
    0x40, 0x81, 0x38, 0x61, 0x30, 0x61, 0x30, 0x41, 0x28, 0x41, 0x20, 0x40, 0x20, 0x40, 0x18, 0x20, 0x18, 0x20, 0x10,
    0x20, 0x10, 0x20, 0x08, 0x00, 0x08, 0x00, 0x08, 0x00, 0x08, 0x00, 0x00, 0x00, 0x00, 0x00, 0x00, 0x00, 0x00, 0x00,
    0x00, 0x00, 0x00, 0x00, 0x00, 0x00, 0x00, 0x00, 0x08, 0x00, 0x08, 0x00, 0x08, 0x20, 0x08, 0x20, 0x10, 0x20, 0x10,
    0x20, 0x18, 0x40, 0x18, 0x40, 0x20, 0x41, 0x20, 0x41, 0x28, 0x61, 0x30, 0x61, 0x30, 0x81, 0x38, 0x82, 0x40, 0xA2,
    0x48, 0xA2, 0x50, 0xC2, 0x58, 0xC2, 0x58, 0xE3, 0x70, 0x27, 0xE2, 0x47, 0xEA, 0x47, 0xE2, 0x47, 0xEA, 0x47, 0xEA,
    0x47, 0xEA, 0x47, 0xEA, 0x47, 0xEA, 0x47, 0xEA, 0x47, 0xEA, 0x47, 0xEA, 0x47, 0xEA, 0x47, 0xEA, 0x47, 0xEA, 0x47,
    0xEA, 0x47, 0xEA, 0x47, 0xEA, 0x47, 0xEA, 0x47, 0xEA, 0x47, 0xEA, 0x47, 0xEA, 0x47, 0xEA, 0x47, 0xEA, 0x47, 0xEA,
    0x47, 0xEA, 0x47, 0xEA, 0x47, 0xEA, 0x47, 0xEA, 0x47, 0xEA, 0x47, 0xEA, 0x47, 0xEA, 0x47, 0xEA, 0x47, 0xEA, 0x47,
    0xEA, 0x47, 0xEA, 0x47, 0xEA, 0x47, 0xEA, 0x47, 0xEA, 0x47, 0xEA, 0x47, 0xEA, 0x47, 0xEA, 0x47, 0xEA, 0x47, 0xEA,
    0x47, 0xEA, 0x67, 0xEA, 0x67, 0xEA, 0x47, 0xEA, 0x26, 0xEA, 0x06, 0xE2, 0xE5, 0xE1, 0xE5, 0xE1, 0x27, 0xEA, 0xA9,
    0xEA, 0x4F, 0xF4, 0x79, 0xFE, 0xFF, 0xFF, 0xFF, 0xFF, 0xFF, 0xFF, 0xFF, 0xFF, 0xFF, 0xFF, 0xFF, 0xFF, 0xFF, 0xFF,
    0x79, 0xFE, 0x4F, 0xF4, 0x47, 0xEA, 0x06, 0xE2, 0x47, 0xEA, 0x47, 0xEA, 0x47, 0xEA, 0x47, 0xEA, 0x27, 0xEA, 0xA9,
    0xEA, 0x9E, 0xFF, 0xFF, 0xFF, 0xFF, 0xFF, 0xFF, 0xFF, 0xFF, 0xFF, 0xFF, 0xFF, 0xFF, 0xFF, 0x70, 0xF4, 0xC5, 0xE1,
    0x26, 0xEA, 0xB6, 0xF5, 0xFF, 0xFF, 0xFF, 0xFF, 0xFF, 0xFF, 0x7D, 0xFF, 0x2F, 0xF4, 0xE6, 0xE1, 0x26, 0xE2, 0x67,
    0xEA, 0x47, 0xEA, 0x47, 0xEA, 0x47, 0xEA, 0x47, 0xEA, 0x47, 0xEA, 0x47, 0xEA, 0x47, 0xEA, 0x47, 0xEA, 0x47, 0xEA,
    0x47, 0xEA, 0x47, 0xEA, 0x47, 0xEA, 0x47, 0xEA, 0x47, 0xEA, 0x47, 0xEA, 0x47, 0xEA, 0x47, 0xEA, 0x47, 0xEA, 0x47,
    0xEA, 0x47, 0xEA, 0x47, 0xEA, 0x47, 0xEA, 0x47, 0xEA, 0x47, 0xEA, 0x47, 0xEA, 0x47, 0xEA, 0x47, 0xEA, 0x47, 0xEA,
    0x47, 0xEA, 0x47, 0xEA, 0x47, 0xEA, 0x47, 0xEA, 0x47, 0xEA, 0x47, 0xEA, 0x47, 0xEA, 0x47, 0xEA, 0x47, 0xEA, 0x47,
    0xEA, 0x47, 0xEA, 0x47, 0xEA, 0x47, 0xEA, 0x47, 0xEA, 0x47, 0xEA, 0x47, 0xEA, 0x47, 0xEA, 0x47, 0xEA, 0x47, 0xEA,
    0x47, 0xEA, 0x47, 0xEA, 0x47, 0xEA, 0x47, 0xEA, 0x47, 0xEA, 0x47, 0xEA, 0x47, 0xEA, 0x47, 0xEA, 0x47, 0xEA, 0x47,
    0xEA, 0x47, 0xEA, 0x47, 0xE2, 0x47, 0xEA, 0x27, 0xE2, 0xE3, 0x70, 0xC2, 0x58, 0xC2, 0x58, 0xA2, 0x50, 0xA2, 0x48,
    0x82, 0x40, 0x81, 0x38, 0x61, 0x30, 0x61, 0x30, 0x41, 0x28, 0x41, 0x20, 0x40, 0x20, 0x40, 0x18, 0x20, 0x18, 0x20,
    0x10, 0x20, 0x10, 0x20, 0x08, 0x00, 0x08, 0x00, 0x08, 0x00, 0x08, 0x00, 0x00, 0x00, 0x00, 0x00, 0x00, 0x00, 0x00,
    0x00, 0x00, 0x00, 0x00, 0x00, 0x00, 0x00, 0x00, 0x00, 0x08, 0x00, 0x08, 0x00, 0x08, 0x20, 0x08, 0x20, 0x10, 0x20,
    0x10, 0x20, 0x18, 0x40, 0x18, 0x40, 0x20, 0x41, 0x20, 0x41, 0x28, 0x61, 0x30, 0x61, 0x30, 0x81, 0x38, 0x82, 0x40,
    0xA2, 0x48, 0xA2, 0x50, 0xC2, 0x58, 0xC2, 0x58, 0xE3, 0x70, 0x27, 0xDA, 0x47, 0xEA, 0x47, 0xE2, 0x47, 0xE2, 0x47,
    0xE2, 0x47, 0xE2, 0x47, 0xE2, 0x47, 0xE2, 0x47, 0xE2, 0x47, 0xE2, 0x47, 0xE2, 0x47, 0xE2, 0x47, 0xE2, 0x47, 0xE2,
    0x47, 0xE2, 0x47, 0xE2, 0x47, 0xE2, 0x47, 0xE2, 0x47, 0xE2, 0x47, 0xE2, 0x47, 0xE2, 0x47, 0xE2, 0x47, 0xE2, 0x47,
    0xE2, 0x47, 0xE2, 0x47, 0xE2, 0x47, 0xE2, 0x47, 0xE2, 0x47, 0xE2, 0x47, 0xE2, 0x47, 0xE2, 0x47, 0xE2, 0x47, 0xE2,
    0x47, 0xE2, 0x47, 0xE2, 0x47, 0xE2, 0x47, 0xE2, 0x47, 0xE2, 0x47, 0xEA, 0x67, 0xEA, 0x47, 0xEA, 0x47, 0xE2, 0x26,
    0xE2, 0xE6, 0xE1, 0xE5, 0xE1, 0xE5, 0xE1, 0x26, 0xE2, 0xA9, 0xEA, 0xAD, 0xEB, 0xB1, 0xF4, 0xD6, 0xF5, 0xDA, 0xFE,
    0x9E, 0xFF, 0xFF, 0xFF, 0xFF, 0xFF, 0xFF, 0xFF, 0xFF, 0xFF, 0xFF, 0xFF, 0xFF, 0xFF, 0xFF, 0xFF, 0xFF, 0xFF, 0xFF,
    0xFF, 0xFF, 0xFF, 0xFF, 0xFF, 0x1B, 0xFF, 0xCE, 0xEB, 0xE6, 0xE1, 0x47, 0xE2, 0x47, 0xE2, 0x47, 0xE2, 0x27, 0xE2,
    0xA9, 0xEA, 0x9E, 0xFF, 0xFF, 0xFF, 0xFF, 0xFF, 0xFF, 0xFF, 0xFF, 0xFF, 0xFF, 0xFF, 0xFF, 0xFF, 0xDF, 0xFF, 0x0B,
    0xEB, 0xF2, 0xF4, 0xFF, 0xFF, 0xFF, 0xFF, 0xFF, 0xFF, 0xF7, 0xF5, 0xA9, 0xEA, 0xE5, 0xE1, 0x47, 0xE2, 0x47, 0xE2,
    0x47, 0xE2, 0x47, 0xE2, 0x47, 0xE2, 0x47, 0xE2, 0x47, 0xE2, 0x47, 0xE2, 0x47, 0xE2, 0x47, 0xE2, 0x47, 0xE2, 0x47,
    0xE2, 0x47, 0xE2, 0x47, 0xE2, 0x47, 0xE2, 0x47, 0xE2, 0x47, 0xE2, 0x47, 0xE2, 0x47, 0xE2, 0x47, 0xE2, 0x47, 0xE2,
    0x47, 0xE2, 0x47, 0xE2, 0x47, 0xE2, 0x47, 0xE2, 0x47, 0xE2, 0x47, 0xE2, 0x47, 0xE2, 0x47, 0xE2, 0x47, 0xE2, 0x47,
    0xE2, 0x47, 0xE2, 0x47, 0xE2, 0x47, 0xE2, 0x47, 0xE2, 0x47, 0xE2, 0x47, 0xE2, 0x47, 0xE2, 0x47, 0xE2, 0x47, 0xE2,
    0x47, 0xE2, 0x47, 0xE2, 0x47, 0xE2, 0x47, 0xE2, 0x47, 0xE2, 0x47, 0xE2, 0x47, 0xE2, 0x47, 0xE2, 0x47, 0xE2, 0x47,
    0xE2, 0x47, 0xE2, 0x47, 0xE2, 0x47, 0xE2, 0x47, 0xE2, 0x47, 0xE2, 0x47, 0xE2, 0x47, 0xE2, 0x47, 0xE2, 0x47, 0xE2,
    0x47, 0xE2, 0x47, 0xE2, 0x47, 0xE2, 0x47, 0xEA, 0x27, 0xDA, 0xE3, 0x70, 0xC2, 0x58, 0xC2, 0x58, 0xA2, 0x50, 0xA2,
    0x48, 0x82, 0x40, 0x81, 0x38, 0x61, 0x30, 0x61, 0x30, 0x41, 0x28, 0x41, 0x20, 0x40, 0x20, 0x40, 0x18, 0x20, 0x18,
    0x20, 0x10, 0x20, 0x10, 0x20, 0x08, 0x00, 0x08, 0x00, 0x08, 0x00, 0x08, 0x00, 0x00, 0x00, 0x00, 0x00, 0x00, 0x00,
    0x00, 0x00, 0x00, 0x00, 0x00, 0x00, 0x00, 0x00, 0x00, 0x00, 0x08, 0x00, 0x08, 0x00, 0x08, 0x20, 0x08, 0x20, 0x10,
    0x20, 0x10, 0x20, 0x18, 0x40, 0x18, 0x40, 0x20, 0x41, 0x20, 0x41, 0x28, 0x61, 0x30, 0x61, 0x30, 0x81, 0x38, 0x82,
    0x40, 0xA2, 0x48, 0xA2, 0x50, 0xC2, 0x58, 0xC2, 0x58, 0xE3, 0x70, 0x27, 0xDA, 0x47, 0xEA, 0x47, 0xE2, 0x47, 0xE2,
    0x47, 0xE2, 0x47, 0xE2, 0x47, 0xE2, 0x47, 0xE2, 0x47, 0xE2, 0x47, 0xE2, 0x47, 0xE2, 0x47, 0xE2, 0x47, 0xE2, 0x47,
    0xE2, 0x47, 0xE2, 0x47, 0xE2, 0x47, 0xE2, 0x47, 0xE2, 0x47, 0xE2, 0x47, 0xE2, 0x47, 0xE2, 0x47, 0xE2, 0x47, 0xE2,
    0x47, 0xE2, 0x47, 0xE2, 0x47, 0xE2, 0x47, 0xE2, 0x47, 0xE2, 0x47, 0xE2, 0x47, 0xE2, 0x47, 0xE2, 0x47, 0xE2, 0x47,
    0xE2, 0x47, 0xE2, 0x47, 0xE2, 0x27, 0xE2, 0x27, 0xE2, 0x06, 0xE2, 0xE6, 0xE1, 0xC5, 0xE1, 0xE5, 0xE1, 0x26, 0xE2,
    0xA9, 0xEA, 0x8D, 0xEB, 0xB1, 0xF4, 0xD6, 0xF5, 0xDA, 0xFE, 0xBE, 0xFF, 0xFF, 0xFF, 0xFF, 0xFF, 0xFF, 0xFF, 0xFF,
    0xFF, 0xFF, 0xFF, 0xFF, 0xFF, 0xFF, 0xFF, 0xFF, 0xFF, 0xFF, 0xFF, 0xFF, 0xFF, 0xFF, 0xFF, 0xFF, 0xFF, 0xFF, 0xFF,
    0xFF, 0xFF, 0xFF, 0xFF, 0xFF, 0xFF, 0xFF, 0xFF, 0xFF, 0xFF, 0xAD, 0xEB, 0x06, 0xE2, 0x47, 0xE2, 0x47, 0xE2, 0x27,
    0xE2, 0xA9, 0xEA, 0x9E, 0xFF, 0xFF, 0xFF, 0xFF, 0xFF, 0xFF, 0xFF, 0xFF, 0xFF, 0xFF, 0xFF, 0xFF, 0xFF, 0xFF, 0xFF,
    0xDE, 0xFF, 0xDF, 0xFF, 0xFF, 0xFF, 0x3C, 0xFF, 0xCD, 0xEB, 0xE6, 0xE1, 0x26, 0xE2, 0x47, 0xE2, 0x47, 0xE2, 0x47,
    0xE2, 0x47, 0xE2, 0x47, 0xE2, 0x47, 0xE2, 0x47, 0xE2, 0x47, 0xE2, 0x47, 0xE2, 0x47, 0xE2, 0x47, 0xE2, 0x47, 0xE2,
    0x47, 0xE2, 0x47, 0xE2, 0x47, 0xE2, 0x47, 0xE2, 0x47, 0xE2, 0x47, 0xE2, 0x47, 0xE2, 0x47, 0xE2, 0x47, 0xE2, 0x47,
    0xE2, 0x47, 0xE2, 0x47, 0xE2, 0x47, 0xE2, 0x47, 0xE2, 0x47, 0xE2, 0x47, 0xE2, 0x47, 0xE2, 0x47, 0xE2, 0x47, 0xE2,
    0x47, 0xE2, 0x47, 0xE2, 0x47, 0xE2, 0x47, 0xE2, 0x47, 0xE2, 0x47, 0xE2, 0x47, 0xE2, 0x47, 0xE2, 0x47, 0xE2, 0x47,
    0xE2, 0x47, 0xE2, 0x47, 0xE2, 0x47, 0xE2, 0x47, 0xE2, 0x47, 0xE2, 0x47, 0xE2, 0x47, 0xE2, 0x47, 0xE2, 0x47, 0xE2,
    0x47, 0xE2, 0x47, 0xE2, 0x47, 0xE2, 0x47, 0xE2, 0x47, 0xE2, 0x47, 0xE2, 0x47, 0xE2, 0x47, 0xE2, 0x47, 0xE2, 0x47,
    0xE2, 0x47, 0xE2, 0x47, 0xE2, 0x47, 0xE2, 0x47, 0xEA, 0x27, 0xDA, 0xE3, 0x70, 0xC2, 0x58, 0xC2, 0x58, 0xA2, 0x50,
    0xA2, 0x48, 0x82, 0x40, 0x81, 0x38, 0x61, 0x30, 0x61, 0x30, 0x41, 0x28, 0x41, 0x20, 0x40, 0x20, 0x40, 0x18, 0x20,
    0x18, 0x20, 0x10, 0x20, 0x10, 0x20, 0x08, 0x00, 0x08, 0x00, 0x08, 0x00, 0x08, 0x00, 0x00, 0x00, 0x00, 0x00, 0x00,
    0x00, 0x00, 0x00, 0x00, 0x00, 0x00, 0x00, 0x00, 0x00, 0x00, 0x00, 0x08, 0x00, 0x08, 0x00, 0x08, 0x20, 0x08, 0x20,
    0x10, 0x20, 0x10, 0x20, 0x18, 0x40, 0x18, 0x40, 0x20, 0x41, 0x20, 0x41, 0x28, 0x61, 0x30, 0x61, 0x30, 0x81, 0x38,
    0x82, 0x40, 0xA2, 0x48, 0xA2, 0x50, 0xC2, 0x58, 0xC2, 0x58, 0xE3, 0x70, 0x27, 0xDA, 0x47, 0xEA, 0x47, 0xE2, 0x47,
    0xE2, 0x47, 0xE2, 0x47, 0xE2, 0x47, 0xE2, 0x47, 0xE2, 0x47, 0xE2, 0x47, 0xE2, 0x47, 0xE2, 0x47, 0xE2, 0x47, 0xE2,
    0x47, 0xE2, 0x47, 0xE2, 0x47, 0xE2, 0x47, 0xE2, 0x47, 0xE2, 0x47, 0xE2, 0x47, 0xE2, 0x47, 0xE2, 0x47, 0xE2, 0x47,
    0xE2, 0x47, 0xE2, 0x47, 0xE2, 0x47, 0xE2, 0x47, 0xE2, 0x47, 0xE2, 0x47, 0xE2, 0x47, 0xE2, 0x47, 0xE2, 0xE5, 0xE1,
    0xC5, 0xE1, 0xC5, 0xE1, 0x06, 0xE2, 0x88, 0xEA, 0x88, 0xEA, 0xEA, 0xEA, 0xCE, 0xEB, 0xF2, 0xF4, 0xD6, 0xF5, 0xDA,
    0xFE, 0xBE, 0xFF, 0xFF, 0xFF, 0xFF, 0xFF, 0xFF, 0xFF, 0xFF, 0xFF, 0xFF, 0xFF, 0xFF, 0xFF, 0xFF, 0xFF, 0xDF, 0xFF,
    0xDF, 0xFF, 0xDF, 0xFF, 0xFF, 0xFF, 0xFF, 0xFF, 0xFF, 0xFF, 0xFF, 0xFF, 0xFF, 0xFF, 0xFF, 0xFF, 0xFF, 0xFF, 0xFF,
    0xFF, 0xFF, 0xFF, 0xFF, 0xFF, 0xFF, 0xFF, 0xDF, 0xFF, 0xFF, 0xFF, 0x75, 0xF5, 0xC5, 0xE1, 0x47, 0xE2, 0x47, 0xE2,
    0x27, 0xE2, 0xA9, 0xEA, 0x9E, 0xFF, 0xFF, 0xFF, 0xFF, 0xFF, 0xFF, 0xFF, 0xFF, 0xFF, 0xFF, 0xFF, 0xFF, 0xFF, 0xFF,
    0xFF, 0xFF, 0xFF, 0xFF, 0xFF, 0xD6, 0xF5, 0x47, 0xE2, 0xE6, 0xE1, 0x47, 0xE2, 0x47, 0xE2, 0x47, 0xE2, 0x47, 0xE2,
    0x47, 0xE2, 0x47, 0xE2, 0x47, 0xE2, 0x47, 0xE2, 0x47, 0xE2, 0x47, 0xE2, 0x47, 0xE2, 0x47, 0xE2, 0x47, 0xE2, 0x47,
    0xE2, 0x47, 0xE2, 0x47, 0xE2, 0x47, 0xE2, 0x47, 0xE2, 0x47, 0xE2, 0x47, 0xE2, 0x47, 0xE2, 0x47, 0xE2, 0x47, 0xE2,
    0x47, 0xE2, 0x47, 0xE2, 0x47, 0xE2, 0x47, 0xE2, 0x47, 0xE2, 0x47, 0xE2, 0x47, 0xE2, 0x47, 0xE2, 0x47, 0xE2, 0x47,
    0xE2, 0x47, 0xE2, 0x47, 0xE2, 0x47, 0xE2, 0x47, 0xE2, 0x47, 0xE2, 0x47, 0xE2, 0x47, 0xE2, 0x47, 0xE2, 0x47, 0xE2,
    0x47, 0xE2, 0x47, 0xE2, 0x47, 0xE2, 0x47, 0xE2, 0x47, 0xE2, 0x47, 0xE2, 0x47, 0xE2, 0x47, 0xE2, 0x47, 0xE2, 0x47,
    0xE2, 0x47, 0xE2, 0x47, 0xE2, 0x47, 0xE2, 0x47, 0xE2, 0x47, 0xE2, 0x47, 0xE2, 0x47, 0xE2, 0x47, 0xE2, 0x47, 0xE2,
    0x47, 0xE2, 0x47, 0xE2, 0x47, 0xE2, 0x47, 0xE2, 0x47, 0xEA, 0x27, 0xDA, 0xE3, 0x70, 0xC2, 0x58, 0xC2, 0x58, 0xA2,
    0x50, 0xA2, 0x48, 0x82, 0x40, 0x81, 0x38, 0x61, 0x30, 0x61, 0x30, 0x41, 0x28, 0x41, 0x20, 0x40, 0x20, 0x40, 0x18,
    0x20, 0x18, 0x20, 0x10, 0x20, 0x10, 0x20, 0x08, 0x00, 0x08, 0x00, 0x08, 0x00, 0x08, 0x00, 0x00, 0x00, 0x00, 0x00,
    0x00, 0x00, 0x00, 0x00, 0x00, 0x00, 0x00, 0x00, 0x00, 0x00, 0x00, 0x00, 0x08, 0x00, 0x08, 0x00, 0x08, 0x20, 0x08,
    0x20, 0x10, 0x20, 0x10, 0x20, 0x18, 0x40, 0x18, 0x40, 0x20, 0x41, 0x20, 0x41, 0x28, 0x61, 0x30, 0x61, 0x30, 0x81,
    0x38, 0x82, 0x40, 0xA2, 0x48, 0xA2, 0x50, 0xC2, 0x58, 0xC2, 0x58, 0xE3, 0x70, 0x27, 0xDA, 0x47, 0xEA, 0x27, 0xE2,
    0x27, 0xE2, 0x27, 0xE2, 0x27, 0xE2, 0x27, 0xE2, 0x27, 0xE2, 0x27, 0xE2, 0x27, 0xE2, 0x27, 0xE2, 0x27, 0xE2, 0x27,
    0xE2, 0x27, 0xE2, 0x27, 0xE2, 0x27, 0xE2, 0x27, 0xE2, 0x27, 0xE2, 0x27, 0xE2, 0x27, 0xE2, 0x27, 0xE2, 0x27, 0xE2,
    0x27, 0xE2, 0x27, 0xE2, 0x27, 0xE2, 0x27, 0xE2, 0x27, 0xE2, 0x27, 0xE2, 0x27, 0xE2, 0x27, 0xE2, 0x27, 0xE2, 0x50,
    0xEC, 0x13, 0xF5, 0x75, 0xF5, 0x99, 0xFE, 0x9E, 0xFF, 0x9E, 0xFF, 0xDF, 0xFF, 0xFF, 0xFF, 0xFF, 0xFF, 0xFF, 0xFF,
    0xFF, 0xFF, 0xFF, 0xFF, 0xFF, 0xFF, 0xFF, 0xFF, 0xFF, 0xFF, 0xFF, 0xFF, 0xFF, 0xFF, 0xFF, 0xFF, 0xFF, 0xFF, 0xFF,
    0xFF, 0xFF, 0xFF, 0xFF, 0xFF, 0xFF, 0xFF, 0xFF, 0xFF, 0xFF, 0xFF, 0xFF, 0xFF, 0xFF, 0xFF, 0xFF, 0xFF, 0xFF, 0xFF,
    0xFF, 0xFF, 0xFF, 0xFF, 0xFF, 0xFF, 0xFF, 0xFF, 0xFF, 0xFF, 0x7D, 0xFF, 0x4B, 0xEB, 0x06, 0xE2, 0x47, 0xE2, 0x47,
    0xE2, 0x27, 0xE2, 0x89, 0xEA, 0x9E, 0xFF, 0xFF, 0xFF, 0xFF, 0xFF, 0xFF, 0xFF, 0xFF, 0xFF, 0xFF, 0xFF, 0x9E, 0xFF,
    0xFF, 0xFF, 0xFF, 0xFF, 0xFF, 0xFF, 0xDB, 0xFE, 0x68, 0xE2, 0x27, 0xE2, 0x47, 0xE2, 0x27, 0xE2, 0x27, 0xE2, 0x27,
    0xE2, 0x27, 0xE2, 0x27, 0xE2, 0x27, 0xE2, 0x27, 0xE2, 0x27, 0xE2, 0x27, 0xE2, 0x27, 0xE2, 0x27, 0xE2, 0x27, 0xE2,
    0x27, 0xE2, 0x27, 0xE2, 0x27, 0xE2, 0x27, 0xE2, 0x27, 0xE2, 0x27, 0xE2, 0x27, 0xE2, 0x27, 0xE2, 0x27, 0xE2, 0x27,
    0xE2, 0x27, 0xE2, 0x27, 0xE2, 0x27, 0xE2, 0x27, 0xE2, 0x27, 0xE2, 0x27, 0xE2, 0x27, 0xE2, 0x27, 0xE2, 0x27, 0xE2,
    0x27, 0xE2, 0x27, 0xE2, 0x27, 0xE2, 0x27, 0xE2, 0x27, 0xE2, 0x27, 0xE2, 0x27, 0xE2, 0x27, 0xE2, 0x27, 0xE2, 0x27,
    0xE2, 0x27, 0xE2, 0x27, 0xE2, 0x27, 0xE2, 0x27, 0xE2, 0x27, 0xE2, 0x27, 0xE2, 0x27, 0xE2, 0x27, 0xE2, 0x27, 0xE2,
    0x27, 0xE2, 0x27, 0xE2, 0x27, 0xE2, 0x27, 0xE2, 0x27, 0xE2, 0x27, 0xE2, 0x27, 0xE2, 0x27, 0xE2, 0x27, 0xE2, 0x27,
    0xE2, 0x27, 0xE2, 0x27, 0xE2, 0x27, 0xE2, 0x27, 0xE2, 0x47, 0xEA, 0x27, 0xDA, 0xE3, 0x70, 0xC2, 0x58, 0xC2, 0x58,
    0xA2, 0x50, 0xA2, 0x48, 0x82, 0x40, 0x81, 0x38, 0x61, 0x30, 0x61, 0x30, 0x41, 0x28, 0x41, 0x20, 0x40, 0x20, 0x40,
    0x18, 0x20, 0x18, 0x20, 0x10, 0x20, 0x10, 0x20, 0x08, 0x00, 0x08, 0x00, 0x08, 0x00, 0x08, 0x00, 0x00, 0x00, 0x00,
    0x00, 0x00, 0x00, 0x00, 0x00, 0x00, 0x00, 0x00, 0x00, 0x00, 0x00, 0x00, 0x00, 0x08, 0x00, 0x08, 0x00, 0x08, 0x20,
    0x08, 0x20, 0x10, 0x20, 0x10, 0x20, 0x18, 0x40, 0x18, 0x40, 0x20, 0x41, 0x20, 0x41, 0x28, 0x61, 0x30, 0x61, 0x30,
    0x81, 0x38, 0x82, 0x40, 0xA2, 0x48, 0xA2, 0x50, 0xC2, 0x58, 0xC2, 0x58, 0xE3, 0x70, 0x27, 0xDA, 0x47, 0xEA, 0x27,
    0xE2, 0x27, 0xE2, 0x27, 0xE2, 0x27, 0xE2, 0x27, 0xE2, 0x27, 0xE2, 0x27, 0xE2, 0x27, 0xE2, 0x27, 0xE2, 0x27, 0xE2,
    0x27, 0xE2, 0x27, 0xE2, 0x27, 0xE2, 0x27, 0xE2, 0x27, 0xE2, 0x27, 0xE2, 0x27, 0xE2, 0x27, 0xE2, 0x27, 0xE2, 0x27,
    0xE2, 0x27, 0xE2, 0x27, 0xE2, 0x27, 0xE2, 0x27, 0xE2, 0x27, 0xE2, 0x27, 0xE2, 0x47, 0xE2, 0xE6, 0xE1, 0x6C, 0xEB,
    0xFF, 0xFF, 0xFF, 0xFF, 0xFF, 0xFF, 0xFF, 0xFF, 0xFF, 0xFF, 0xFF, 0xFF, 0xFF, 0xFF, 0xFF, 0xFF, 0xFF, 0xFF, 0xFF,
    0xFF, 0xFF, 0xFF, 0xFF, 0xFF, 0xFF, 0xFF, 0xFF, 0xFF, 0xFF, 0xFF, 0xFF, 0xFF, 0xFF, 0xFF, 0xFF, 0xFF, 0xFF, 0xFF,
    0x5C, 0xFF, 0xD6, 0xF5, 0xF2, 0xF4, 0xCE, 0xEB, 0x8D, 0xEB, 0xDA, 0xFE, 0xFF, 0xFF, 0xFF, 0xFF, 0xFF, 0xFF, 0xFF,
    0xFF, 0xFF, 0xFF, 0xFF, 0xFF, 0xFF, 0xFF, 0xFF, 0xFF, 0x9E, 0xFF, 0x0A, 0xEB, 0xE5, 0xE1, 0x47, 0xE2, 0x27, 0xE2,
    0x47, 0xE2, 0x27, 0xE2, 0x89, 0xEA, 0x9E, 0xFF, 0xFF, 0xFF, 0xFF, 0xFF, 0xFF, 0xFF, 0xFF, 0xFF, 0xFF, 0xFF, 0x2F,
    0xEC, 0x3C, 0xFF, 0xFF, 0xFF, 0xFF, 0xFF, 0xFF, 0xFF, 0xDB, 0xFE, 0x68, 0xE2, 0x06, 0xE2, 0x47, 0xE2, 0x27, 0xE2,
    0x27, 0xE2, 0x27, 0xE2, 0x27, 0xE2, 0x27, 0xE2, 0x27, 0xE2, 0x27, 0xE2, 0x27, 0xE2, 0x27, 0xE2, 0x27, 0xE2, 0x27,
    0xE2, 0x27, 0xE2, 0x27, 0xE2, 0x27, 0xE2, 0x27, 0xE2, 0x27, 0xE2, 0x27, 0xE2, 0x27, 0xE2, 0x27, 0xE2, 0x27, 0xE2,
    0x27, 0xE2, 0x27, 0xE2, 0x27, 0xE2, 0x27, 0xE2, 0x27, 0xE2, 0x27, 0xE2, 0x27, 0xE2, 0x27, 0xE2, 0x27, 0xE2, 0x27,
    0xE2, 0x27, 0xE2, 0x27, 0xE2, 0x27, 0xE2, 0x27, 0xE2, 0x27, 0xE2, 0x27, 0xE2, 0x27, 0xE2, 0x27, 0xE2, 0x27, 0xE2,
    0x27, 0xE2, 0x27, 0xE2, 0x27, 0xE2, 0x27, 0xE2, 0x27, 0xE2, 0x27, 0xE2, 0x27, 0xE2, 0x27, 0xE2, 0x27, 0xE2, 0x27,
    0xE2, 0x27, 0xE2, 0x27, 0xE2, 0x27, 0xE2, 0x27, 0xE2, 0x27, 0xE2, 0x27, 0xE2, 0x27, 0xE2, 0x27, 0xE2, 0x27, 0xE2,
    0x27, 0xE2, 0x27, 0xE2, 0x27, 0xE2, 0x27, 0xE2, 0x27, 0xE2, 0x47, 0xEA, 0x27, 0xDA, 0xE3, 0x70, 0xC2, 0x58, 0xC2,
    0x58, 0xA2, 0x50, 0xA2, 0x48, 0x82, 0x40, 0x81, 0x38, 0x61, 0x30, 0x61, 0x30, 0x41, 0x28, 0x41, 0x20, 0x40, 0x20,
    0x40, 0x18, 0x20, 0x18, 0x20, 0x10, 0x20, 0x10, 0x20, 0x08, 0x00, 0x08, 0x00, 0x08, 0x00, 0x08, 0x00, 0x00, 0x00,
    0x00, 0x00, 0x00, 0x00, 0x00, 0x00, 0x00, 0x00, 0x00, 0x00, 0x00, 0x00, 0x00, 0x00, 0x08, 0x00, 0x08, 0x00, 0x08,
    0x20, 0x08, 0x20, 0x10, 0x20, 0x10, 0x20, 0x18, 0x40, 0x18, 0x40, 0x20, 0x41, 0x20, 0x41, 0x28, 0x61, 0x30, 0x61,
    0x30, 0x81, 0x38, 0x82, 0x40, 0xA2, 0x48, 0xA2, 0x50, 0xC2, 0x58, 0xC2, 0x58, 0xE3, 0x70, 0x07, 0xDA, 0x27, 0xEA,
    0x27, 0xE2, 0x27, 0xE2, 0x27, 0xE2, 0x27, 0xE2, 0x27, 0xE2, 0x27, 0xE2, 0x27, 0xE2, 0x27, 0xE2, 0x27, 0xE2, 0x27,
    0xE2, 0x27, 0xE2, 0x27, 0xE2, 0x27, 0xE2, 0x27, 0xE2, 0x27, 0xE2, 0x27, 0xE2, 0x27, 0xE2, 0x27, 0xE2, 0x27, 0xE2,
    0x27, 0xE2, 0x27, 0xE2, 0x27, 0xE2, 0x27, 0xE2, 0x27, 0xE2, 0x27, 0xE2, 0x27, 0xE2, 0x27, 0xE2, 0x27, 0xE2, 0x68,
    0xE2, 0x79, 0xFE, 0xFF, 0xFF, 0xFF, 0xFF, 0xFF, 0xFF, 0xDF, 0xFF, 0xFF, 0xFF, 0xFF, 0xFF, 0xFF, 0xFF, 0xFF, 0xFF,
    0xFF, 0xFF, 0xFF, 0xFF, 0xFF, 0xFF, 0xFF, 0xFF, 0xFF, 0xFF, 0xFF, 0xFF, 0x1B, 0xFF, 0x17, 0xF6, 0xB1, 0xF4, 0x4C,
    0xEB, 0x68, 0xE2, 0xC5, 0xE1, 0xC5, 0xE1, 0xE6, 0xE1, 0x63, 0xE1, 0xF2, 0xF4, 0xFF, 0xFF, 0xFF, 0xFF, 0xFF, 0xFF,
    0xFF, 0xFF, 0xFF, 0xFF, 0xFF, 0xFF, 0xFF, 0xFF, 0xFF, 0xFF, 0xCE, 0xEB, 0xC5, 0xE1, 0x47, 0xE2, 0x27, 0xE2, 0x27,
    0xE2, 0x27, 0xE2, 0x06, 0xE2, 0x88, 0xEA, 0x9E, 0xFF, 0xFF, 0xFF, 0xFF, 0xFF, 0xFF, 0xFF, 0xFF, 0xFF, 0xFF, 0xFF,
    0x4C, 0xEB, 0x6C, 0xEB, 0xFF, 0xFF, 0xFF, 0xFF, 0xFF, 0xFF, 0xFF, 0xFF, 0xDA, 0xFE, 0x68, 0xE2, 0x06, 0xE2, 0x47,
    0xE2, 0x27, 0xE2, 0x27, 0xE2, 0x27, 0xE2, 0x27, 0xE2, 0x27, 0xE2, 0x27, 0xE2, 0x27, 0xE2, 0x27, 0xE2, 0x27, 0xE2,
    0x27, 0xE2, 0x27, 0xE2, 0x27, 0xE2, 0x27, 0xE2, 0x27, 0xE2, 0x27, 0xE2, 0x27, 0xE2, 0x27, 0xE2, 0x27, 0xE2, 0x27,
    0xE2, 0x27, 0xE2, 0x27, 0xE2, 0x27, 0xE2, 0x27, 0xE2, 0x27, 0xE2, 0x27, 0xE2, 0x27, 0xE2, 0x27, 0xE2, 0x27, 0xE2,
    0x27, 0xE2, 0x27, 0xE2, 0x27, 0xE2, 0x27, 0xE2, 0x27, 0xE2, 0x27, 0xE2, 0x27, 0xE2, 0x27, 0xE2, 0x27, 0xE2, 0x27,
    0xE2, 0x27, 0xE2, 0x27, 0xE2, 0x27, 0xE2, 0x27, 0xE2, 0x27, 0xE2, 0x27, 0xE2, 0x27, 0xE2, 0x27, 0xE2, 0x27, 0xE2,
    0x27, 0xE2, 0x27, 0xE2, 0x27, 0xE2, 0x27, 0xE2, 0x27, 0xE2, 0x27, 0xE2, 0x27, 0xE2, 0x27, 0xE2, 0x27, 0xE2, 0x27,
    0xE2, 0x27, 0xE2, 0x27, 0xE2, 0x27, 0xE2, 0x27, 0xE2, 0x27, 0xE2, 0x27, 0xEA, 0x07, 0xDA, 0xE3, 0x70, 0xC2, 0x58,
    0xC2, 0x58, 0xA2, 0x50, 0xA2, 0x48, 0x82, 0x40, 0x81, 0x38, 0x61, 0x30, 0x61, 0x30, 0x41, 0x28, 0x41, 0x20, 0x40,
    0x20, 0x40, 0x18, 0x20, 0x18, 0x20, 0x10, 0x20, 0x10, 0x20, 0x08, 0x00, 0x08, 0x00, 0x08, 0x00, 0x08, 0x00, 0x00,
    0x00, 0x00, 0x00, 0x00, 0x00, 0x00, 0x00, 0x00, 0x00, 0x00, 0x00, 0x00, 0x00, 0x00, 0x00, 0x08, 0x00, 0x08, 0x00,
    0x08, 0x20, 0x08, 0x20, 0x10, 0x20, 0x10, 0x20, 0x18, 0x40, 0x18, 0x40, 0x20, 0x41, 0x20, 0x41, 0x28, 0x61, 0x30,
    0x61, 0x30, 0x81, 0x38, 0x82, 0x40, 0xA2, 0x48, 0xA2, 0x50, 0xC2, 0x58, 0xC2, 0x58, 0xE3, 0x70, 0x07, 0xDA, 0x27,
    0xEA, 0x27, 0xE2, 0x27, 0xE2, 0x27, 0xE2, 0x27, 0xE2, 0x27, 0xE2, 0x27, 0xE2, 0x27, 0xE2, 0x27, 0xE2, 0x27, 0xE2,
    0x27, 0xE2, 0x27, 0xE2, 0x27, 0xE2, 0x27, 0xE2, 0x27, 0xE2, 0x27, 0xE2, 0x27, 0xE2, 0x27, 0xE2, 0x27, 0xE2, 0x27,
    0xE2, 0x27, 0xE2, 0x27, 0xE2, 0x27, 0xE2, 0x27, 0xE2, 0x27, 0xE2, 0x27, 0xE2, 0x27, 0xE2, 0x27, 0xE2, 0x27, 0xE2,
    0x06, 0xE2, 0x06, 0xE2, 0xCE, 0xEB, 0xFB, 0xFE, 0xFF, 0xFF, 0xFF, 0xFF, 0xFF, 0xFF, 0xFF, 0xFF, 0xFF, 0xFF, 0xFF,
    0xFF, 0xFF, 0xFF, 0xFF, 0xFF, 0xFF, 0xFF, 0x9A, 0xFE, 0x33, 0xF5, 0xCD, 0xEB, 0x27, 0xE2, 0xE5, 0xE1, 0xC5, 0xE1,
    0xE6, 0xE1, 0x27, 0xE2, 0x47, 0xE2, 0x47, 0xE2, 0x47, 0xE2, 0xE5, 0xE1, 0x75, 0xF5, 0xFF, 0xFF, 0xFF, 0xFF, 0xFF,
    0xFF, 0xFF, 0xFF, 0xFF, 0xFF, 0xFF, 0xFF, 0xFF, 0xFF, 0x79, 0xFE, 0xE6, 0xE1, 0x47, 0xE2, 0x27, 0xE2, 0x27, 0xE2,
    0x27, 0xE2, 0x27, 0xE2, 0x06, 0xE2, 0x88, 0xEA, 0x9E, 0xFF, 0xFF, 0xFF, 0xFF, 0xFF, 0xFF, 0xFF, 0xFF, 0xFF, 0xFF,
    0xFF, 0xCE, 0xEB, 0x64, 0xE1, 0x34, 0xF5, 0xFF, 0xFF, 0xFF, 0xFF, 0xFF, 0xFF, 0xFF, 0xFF, 0xDA, 0xFE, 0x68, 0xE2,
    0x06, 0xE2, 0x47, 0xE2, 0x27, 0xE2, 0x27, 0xE2, 0x27, 0xE2, 0x27, 0xE2, 0x27, 0xE2, 0x27, 0xE2, 0x27, 0xE2, 0x27,
    0xE2, 0x27, 0xE2, 0x27, 0xE2, 0x27, 0xE2, 0x27, 0xE2, 0x27, 0xE2, 0x27, 0xE2, 0x27, 0xE2, 0x27, 0xE2, 0x27, 0xE2,
    0x27, 0xE2, 0x27, 0xE2, 0x27, 0xE2, 0x27, 0xE2, 0x27, 0xE2, 0x27, 0xE2, 0x27, 0xE2, 0x27, 0xE2, 0x27, 0xE2, 0x27,
    0xE2, 0x27, 0xE2, 0x27, 0xE2, 0x27, 0xE2, 0x27, 0xE2, 0x27, 0xE2, 0x27, 0xE2, 0x27, 0xE2, 0x27, 0xE2, 0x27, 0xE2,
    0x27, 0xE2, 0x27, 0xE2, 0x27, 0xE2, 0x27, 0xE2, 0x27, 0xE2, 0x27, 0xE2, 0x27, 0xE2, 0x27, 0xE2, 0x27, 0xE2, 0x27,
    0xE2, 0x27, 0xE2, 0x27, 0xE2, 0x27, 0xE2, 0x27, 0xE2, 0x27, 0xE2, 0x27, 0xE2, 0x27, 0xE2, 0x27, 0xE2, 0x27, 0xE2,
    0x27, 0xE2, 0x27, 0xE2, 0x27, 0xE2, 0x27, 0xE2, 0x27, 0xE2, 0x27, 0xE2, 0x27, 0xEA, 0x07, 0xDA, 0xE3, 0x70, 0xC2,
    0x58, 0xC2, 0x58, 0xA2, 0x50, 0xA2, 0x48, 0x82, 0x40, 0x81, 0x38, 0x61, 0x30, 0x61, 0x30, 0x41, 0x28, 0x41, 0x20,
    0x40, 0x20, 0x40, 0x18, 0x20, 0x18, 0x20, 0x10, 0x20, 0x10, 0x20, 0x08, 0x00, 0x08, 0x00, 0x08, 0x00, 0x08, 0x00,
    0x00, 0x00, 0x00, 0x00, 0x00, 0x00, 0x00, 0x00, 0x00, 0x00, 0x00, 0x00, 0x00, 0x00, 0x00, 0x00, 0x08, 0x00, 0x08,
    0x00, 0x08, 0x20, 0x08, 0x20, 0x10, 0x20, 0x10, 0x20, 0x18, 0x40, 0x18, 0x40, 0x20, 0x41, 0x20, 0x41, 0x28, 0x61,
    0x30, 0x61, 0x30, 0x81, 0x38, 0x82, 0x40, 0xA2, 0x48, 0xA2, 0x50, 0xC2, 0x58, 0xC2, 0x58, 0xE3, 0x70, 0x07, 0xDA,
    0x27, 0xE2, 0x27, 0xE2, 0x27, 0xE2, 0x27, 0xE2, 0x27, 0xE2, 0x27, 0xE2, 0x27, 0xE2, 0x27, 0xE2, 0x27, 0xE2, 0x27,
    0xE2, 0x27, 0xE2, 0x27, 0xE2, 0x27, 0xE2, 0x27, 0xE2, 0x27, 0xE2, 0x27, 0xE2, 0x27, 0xE2, 0x27, 0xE2, 0x27, 0xE2,
    0x27, 0xE2, 0x27, 0xE2, 0x27, 0xE2, 0x27, 0xE2, 0x27, 0xE2, 0x27, 0xE2, 0x27, 0xE2, 0x27, 0xE2, 0x27, 0xE2, 0x27,
    0xE2, 0x27, 0xE2, 0x27, 0xE2, 0xE6, 0xE1, 0x07, 0xE2, 0xAD, 0xEB, 0x33, 0xF5, 0x79, 0xFE, 0x9E, 0xFF, 0x9E, 0xFF,
    0x9D, 0xFF, 0x79, 0xFE, 0xD2, 0xF4, 0x0A, 0xEB, 0x06, 0xE2, 0xA5, 0xE1, 0xE6, 0xE1, 0x27, 0xE2, 0x47, 0xE2, 0x47,
    0xE2, 0x27, 0xE2, 0x27, 0xE2, 0x27, 0xE2, 0x27, 0xE2, 0x27, 0xE2, 0xE6, 0xE1, 0xDA, 0xFE, 0xFF, 0xFF, 0xFF, 0xFF,
    0xFF, 0xFF, 0xFF, 0xFF, 0xFF, 0xFF, 0xFF, 0xFF, 0xDF, 0xFF, 0x0B, 0xEB, 0xE6, 0xE1, 0x27, 0xE2, 0x27, 0xE2, 0x27,
    0xE2, 0x27, 0xE2, 0x27, 0xE2, 0x06, 0xE2, 0x88, 0xE2, 0x9E, 0xFF, 0xFF, 0xFF, 0xFF, 0xFF, 0xFF, 0xFF, 0xFF, 0xFF,
    0xFF, 0xFF, 0xAD, 0xEB, 0xC5, 0xE1, 0x27, 0xE2, 0xDB, 0xFE, 0xFF, 0xFF, 0xFF, 0xFF, 0xFF, 0xFF, 0xFF, 0xFF, 0xDA,
    0xFE, 0x68, 0xE2, 0x06, 0xE2, 0x47, 0xE2, 0x27, 0xE2, 0x27, 0xE2, 0x27, 0xE2, 0x27, 0xE2, 0x27, 0xE2, 0x27, 0xE2,
    0x27, 0xE2, 0x27, 0xE2, 0x27, 0xE2, 0x27, 0xE2, 0x27, 0xE2, 0x27, 0xE2, 0x27, 0xE2, 0x27, 0xE2, 0x27, 0xE2, 0x27,
    0xE2, 0x27, 0xE2, 0x27, 0xE2, 0x27, 0xE2, 0x27, 0xE2, 0x27, 0xE2, 0x27, 0xE2, 0x27, 0xE2, 0x27, 0xE2, 0x27, 0xE2,
    0x27, 0xE2, 0x27, 0xE2, 0x27, 0xE2, 0x27, 0xE2, 0x27, 0xE2, 0x27, 0xE2, 0x27, 0xE2, 0x27, 0xE2, 0x27, 0xE2, 0x27,
    0xE2, 0x27, 0xE2, 0x27, 0xE2, 0x27, 0xE2, 0x27, 0xE2, 0x27, 0xE2, 0x27, 0xE2, 0x27, 0xE2, 0x27, 0xE2, 0x27, 0xE2,
    0x27, 0xE2, 0x27, 0xE2, 0x27, 0xE2, 0x27, 0xE2, 0x27, 0xE2, 0x27, 0xE2, 0x27, 0xE2, 0x27, 0xE2, 0x27, 0xE2, 0x27,
    0xE2, 0x27, 0xE2, 0x27, 0xE2, 0x27, 0xE2, 0x27, 0xE2, 0x27, 0xE2, 0x27, 0xE2, 0x27, 0xE2, 0x07, 0xDA, 0xE3, 0x70,
    0xC2, 0x58, 0xC2, 0x58, 0xA2, 0x50, 0xA2, 0x48, 0x82, 0x40, 0x81, 0x38, 0x61, 0x30, 0x61, 0x30, 0x41, 0x28, 0x41,
    0x20, 0x40, 0x20, 0x40, 0x18, 0x20, 0x18, 0x20, 0x10, 0x20, 0x10, 0x20, 0x08, 0x00, 0x08, 0x00, 0x08, 0x00, 0x08,
    0x00, 0x00, 0x00, 0x00, 0x00, 0x00, 0x00, 0x00, 0x00, 0x00, 0x00, 0x00, 0x00, 0x00, 0x00, 0x00, 0x00, 0x08, 0x00,
    0x08, 0x00, 0x08, 0x20, 0x08, 0x20, 0x10, 0x20, 0x10, 0x20, 0x18, 0x40, 0x18, 0x40, 0x20, 0x41, 0x20, 0x41, 0x28,
    0x61, 0x30, 0x61, 0x30, 0x81, 0x38, 0x82, 0x40, 0xA2, 0x48, 0xA2, 0x50, 0xC2, 0x58, 0xC2, 0x58, 0xE3, 0x70, 0x07,
    0xDA, 0x27, 0xE2, 0x27, 0xE2, 0x27, 0xE2, 0x27, 0xE2, 0x27, 0xE2, 0x27, 0xE2, 0x27, 0xE2, 0x27, 0xE2, 0x27, 0xE2,
    0x27, 0xE2, 0x27, 0xE2, 0x27, 0xE2, 0x27, 0xE2, 0x27, 0xE2, 0x27, 0xE2, 0x27, 0xE2, 0x27, 0xE2, 0x27, 0xE2, 0x27,
    0xE2, 0x27, 0xE2, 0x27, 0xE2, 0x27, 0xE2, 0x27, 0xE2, 0x27, 0xE2, 0x27, 0xE2, 0x27, 0xE2, 0x27, 0xE2, 0x27, 0xE2,
    0x27, 0xE2, 0x27, 0xE2, 0x27, 0xE2, 0x27, 0xE2, 0x27, 0xE2, 0xE6, 0xE1, 0xA5, 0xE1, 0xE6, 0xE1, 0x88, 0xE2, 0x88,
    0xE2, 0x88, 0xE2, 0xE6, 0xE1, 0xC5, 0xE1, 0xE6, 0xE1, 0x27, 0xE2, 0x47, 0xE2, 0x27, 0xE2, 0x27, 0xE2, 0x27, 0xE2,
    0x27, 0xE2, 0x27, 0xE2, 0x27, 0xE2, 0x27, 0xE2, 0x27, 0xE2, 0xE6, 0xE1, 0xAD, 0xEB, 0xFF, 0xFF, 0xFF, 0xFF, 0xFF,
    0xFF, 0xFF, 0xFF, 0xFF, 0xFF, 0xFF, 0xFF, 0xFF, 0xFF, 0xF7, 0xF5, 0xC5, 0xE1, 0x47, 0xE2, 0x27, 0xE2, 0x27, 0xE2,
    0x27, 0xE2, 0x27, 0xE2, 0x27, 0xE2, 0x06, 0xE2, 0x88, 0xE2, 0x9E, 0xFF, 0xFF, 0xFF, 0xFF, 0xFF, 0xFF, 0xFF, 0xFF,
    0xFF, 0xFF, 0xFF, 0xAD, 0xEB, 0xE6, 0xE1, 0xE6, 0xE1, 0x4C, 0xEB, 0xDF, 0xFF, 0xFF, 0xFF, 0xFF, 0xFF, 0xFF, 0xFF,
    0xFF, 0xFF, 0xDA, 0xFE, 0x68, 0xE2, 0xE6, 0xE1, 0x47, 0xE2, 0x27, 0xE2, 0x27, 0xE2, 0x27, 0xE2, 0x27, 0xE2, 0x27,
    0xE2, 0x27, 0xE2, 0x27, 0xE2, 0x27, 0xE2, 0x27, 0xE2, 0x27, 0xE2, 0x27, 0xE2, 0x27, 0xE2, 0x27, 0xE2, 0x27, 0xE2,
    0x27, 0xE2, 0x27, 0xE2, 0x27, 0xE2, 0x27, 0xE2, 0x27, 0xE2, 0x27, 0xE2, 0x27, 0xE2, 0x27, 0xE2, 0x27, 0xE2, 0x27,
    0xE2, 0x27, 0xE2, 0x27, 0xE2, 0x27, 0xE2, 0x27, 0xE2, 0x27, 0xE2, 0x27, 0xE2, 0x27, 0xE2, 0x27, 0xE2, 0x27, 0xE2,
    0x27, 0xE2, 0x27, 0xE2, 0x27, 0xE2, 0x27, 0xE2, 0x27, 0xE2, 0x27, 0xE2, 0x27, 0xE2, 0x27, 0xE2, 0x27, 0xE2, 0x27,
    0xE2, 0x27, 0xE2, 0x27, 0xE2, 0x27, 0xE2, 0x27, 0xE2, 0x27, 0xE2, 0x27, 0xE2, 0x27, 0xE2, 0x27, 0xE2, 0x27, 0xE2,
    0x27, 0xE2, 0x27, 0xE2, 0x27, 0xE2, 0x27, 0xE2, 0x27, 0xE2, 0x27, 0xE2, 0x27, 0xE2, 0x27, 0xE2, 0x07, 0xDA, 0xE3,
    0x70, 0xC2, 0x58, 0xC2, 0x58, 0xA2, 0x50, 0xA2, 0x48, 0x82, 0x40, 0x81, 0x38, 0x61, 0x30, 0x61, 0x30, 0x41, 0x28,
    0x41, 0x20, 0x40, 0x20, 0x40, 0x18, 0x20, 0x18, 0x20, 0x10, 0x20, 0x10, 0x20, 0x08, 0x00, 0x08, 0x00, 0x08, 0x00,
    0x08, 0x00, 0x00, 0x00, 0x00, 0x00, 0x00, 0x00, 0x00, 0x00, 0x00, 0x00, 0x00, 0x00, 0x00, 0x00, 0x00, 0x00, 0x08,
    0x00, 0x08, 0x00, 0x08, 0x20, 0x08, 0x20, 0x10, 0x20, 0x10, 0x20, 0x18, 0x40, 0x18, 0x40, 0x20, 0x41, 0x20, 0x41,
    0x28, 0x61, 0x30, 0x61, 0x30, 0x81, 0x38, 0x82, 0x40, 0xA2, 0x48, 0xA2, 0x50, 0xC2, 0x58, 0xC2, 0x58, 0xE3, 0x70,
    0x07, 0xDA, 0x27, 0xE2, 0x27, 0xE2, 0x27, 0xE2, 0x27, 0xE2, 0x27, 0xE2, 0x27, 0xE2, 0x27, 0xE2, 0x27, 0xE2, 0x27,
    0xE2, 0x27, 0xE2, 0x27, 0xE2, 0x27, 0xE2, 0x27, 0xE2, 0x27, 0xE2, 0x27, 0xE2, 0x27, 0xE2, 0x27, 0xE2, 0x27, 0xE2,
    0x27, 0xE2, 0x27, 0xE2, 0x27, 0xE2, 0x27, 0xE2, 0x27, 0xE2, 0x27, 0xE2, 0x27, 0xE2, 0x27, 0xE2, 0x27, 0xE2, 0x27,
    0xE2, 0x27, 0xE2, 0x27, 0xE2, 0x27, 0xE2, 0x27, 0xE2, 0x27, 0xE2, 0x27, 0xE2, 0x47, 0xE2, 0x27, 0xE2, 0x06, 0xE2,
    0x06, 0xE2, 0x06, 0xE2, 0x27, 0xE2, 0x27, 0xE2, 0x27, 0xE2, 0x27, 0xE2, 0x27, 0xE2, 0x27, 0xE2, 0x27, 0xE2, 0x27,
    0xE2, 0x27, 0xE2, 0x27, 0xE2, 0x27, 0xE2, 0x27, 0xE2, 0x27, 0xE2, 0xC5, 0xE1, 0x58, 0xF6, 0xFF, 0xFF, 0xFF, 0xFF,
    0xFF, 0xFF, 0xFF, 0xFF, 0xFF, 0xFF, 0xFF, 0xFF, 0xFF, 0xFF, 0xAD, 0xEB, 0xC6, 0xE1, 0x27, 0xE2, 0x27, 0xE2, 0x27,
    0xE2, 0x27, 0xE2, 0x27, 0xE2, 0x27, 0xE2, 0x06, 0xE2, 0x88, 0xE2, 0x9E, 0xFF, 0xFF, 0xFF, 0xFF, 0xFF, 0xFF, 0xFF,
    0xFF, 0xFF, 0xFF, 0xFF, 0xAD, 0xEB, 0xC5, 0xE1, 0x48, 0xE2, 0xA5, 0xE1, 0x13, 0xF5, 0xFF, 0xFF, 0xFF, 0xFF, 0xFF,
    0xFF, 0xFF, 0xFF, 0xFF, 0xFF, 0xDA, 0xFE, 0x48, 0xE2, 0xE6, 0xE1, 0x47, 0xE2, 0x27, 0xE2, 0x27, 0xE2, 0x27, 0xE2,
    0x27, 0xE2, 0x27, 0xE2, 0x27, 0xE2, 0x27, 0xE2, 0x27, 0xE2, 0x27, 0xE2, 0x27, 0xE2, 0x27, 0xE2, 0x27, 0xE2, 0x27,
    0xE2, 0x27, 0xE2, 0x27, 0xE2, 0x27, 0xE2, 0x27, 0xE2, 0x27, 0xE2, 0x27, 0xE2, 0x27, 0xE2, 0x27, 0xE2, 0x27, 0xE2,
    0x27, 0xE2, 0x27, 0xE2, 0x27, 0xE2, 0x27, 0xE2, 0x27, 0xE2, 0x27, 0xE2, 0x27, 0xE2, 0x27, 0xE2, 0x27, 0xE2, 0x27,
    0xE2, 0x27, 0xE2, 0x27, 0xE2, 0x27, 0xE2, 0x27, 0xE2, 0x27, 0xE2, 0x27, 0xE2, 0x27, 0xE2, 0x27, 0xE2, 0x27, 0xE2,
    0x27, 0xE2, 0x27, 0xE2, 0x27, 0xE2, 0x27, 0xE2, 0x27, 0xE2, 0x27, 0xE2, 0x27, 0xE2, 0x27, 0xE2, 0x27, 0xE2, 0x27,
    0xE2, 0x27, 0xE2, 0x27, 0xE2, 0x27, 0xE2, 0x27, 0xE2, 0x27, 0xE2, 0x27, 0xE2, 0x27, 0xE2, 0x27, 0xE2, 0x07, 0xDA,
    0xE3, 0x70, 0xC2, 0x58, 0xC2, 0x58, 0xA2, 0x50, 0xA2, 0x48, 0x82, 0x40, 0x81, 0x38, 0x61, 0x30, 0x61, 0x30, 0x41,
    0x28, 0x41, 0x20, 0x40, 0x20, 0x40, 0x18, 0x20, 0x18, 0x20, 0x10, 0x20, 0x10, 0x20, 0x08, 0x00, 0x08, 0x00, 0x08,
    0x00, 0x08, 0x00, 0x00, 0x00, 0x00, 0x00, 0x00, 0x00, 0x00, 0x00, 0x00, 0x00, 0x00, 0x00, 0x00, 0x00, 0x00, 0x00,
    0x08, 0x00, 0x08, 0x00, 0x08, 0x20, 0x08, 0x20, 0x10, 0x20, 0x10, 0x20, 0x18, 0x40, 0x18, 0x40, 0x20, 0x41, 0x20,
    0x41, 0x28, 0x61, 0x30, 0x61, 0x30, 0x81, 0x38, 0x82, 0x40, 0xA2, 0x48, 0xA2, 0x50, 0xC2, 0x58, 0xC2, 0x58, 0xE3,
    0x70, 0x07, 0xDA, 0x27, 0xE2, 0x27, 0xE2, 0x27, 0xE2, 0x27, 0xE2, 0x27, 0xE2, 0x27, 0xE2, 0x27, 0xE2, 0x27, 0xE2,
    0x27, 0xE2, 0x27, 0xE2, 0x27, 0xE2, 0x27, 0xE2, 0x27, 0xE2, 0x27, 0xE2, 0x27, 0xE2, 0x27, 0xE2, 0x27, 0xE2, 0x27,
    0xE2, 0x27, 0xE2, 0x27, 0xE2, 0x27, 0xE2, 0x27, 0xE2, 0x27, 0xE2, 0x27, 0xE2, 0x27, 0xE2, 0x27, 0xE2, 0x27, 0xE2,
    0x27, 0xE2, 0x27, 0xE2, 0x27, 0xE2, 0x27, 0xE2, 0x27, 0xE2, 0x27, 0xE2, 0x27, 0xE2, 0x27, 0xE2, 0x27, 0xE2, 0x27,
    0xE2, 0x27, 0xE2, 0x27, 0xE2, 0x27, 0xE2, 0x27, 0xE2, 0x27, 0xE2, 0x27, 0xE2, 0x27, 0xE2, 0x27, 0xE2, 0x27, 0xE2,
    0x27, 0xE2, 0x27, 0xE2, 0x27, 0xE2, 0x27, 0xE2, 0x27, 0xE2, 0xE6, 0xE1, 0x0B, 0xEB, 0xDF, 0xFF, 0xFF, 0xFF, 0xFF,
    0xFF, 0xFF, 0xFF, 0xFF, 0xFF, 0xFF, 0xFF, 0xFF, 0xFF, 0x99, 0xFE, 0xE6, 0xE1, 0x27, 0xE2, 0x27, 0xE2, 0x27, 0xE2,
    0x27, 0xE2, 0x27, 0xE2, 0x27, 0xE2, 0x27, 0xE2, 0x06, 0xE2, 0x88, 0xE2, 0x9E, 0xFF, 0xFF, 0xFF, 0xFF, 0xFF, 0xFF,
    0xFF, 0xFF, 0xFF, 0xFF, 0xFF, 0xAD, 0xEB, 0xC5, 0xE1, 0x27, 0xE2, 0x27, 0xE2, 0x06, 0xE2, 0xBA, 0xFE, 0xFF, 0xFF,
    0xFF, 0xFF, 0xFF, 0xFF, 0xFF, 0xFF, 0xFF, 0xFF, 0xDA, 0xFE, 0x48, 0xE2, 0xC6, 0xE1, 0x27, 0xE2, 0x27, 0xE2, 0x27,
    0xE2, 0x27, 0xE2, 0x27, 0xE2, 0x27, 0xE2, 0x27, 0xE2, 0x27, 0xE2, 0x27, 0xE2, 0x27, 0xE2, 0x27, 0xE2, 0x27, 0xE2,
    0x27, 0xE2, 0x27, 0xE2, 0x27, 0xE2, 0x27, 0xE2, 0x27, 0xE2, 0x27, 0xE2, 0x27, 0xE2, 0x27, 0xE2, 0x27, 0xE2, 0x27,
    0xE2, 0x27, 0xE2, 0x27, 0xE2, 0x27, 0xE2, 0x27, 0xE2, 0x27, 0xE2, 0x27, 0xE2, 0x27, 0xE2, 0x27, 0xE2, 0x27, 0xE2,
    0x27, 0xE2, 0x27, 0xE2, 0x27, 0xE2, 0x27, 0xE2, 0x27, 0xE2, 0x27, 0xE2, 0x27, 0xE2, 0x27, 0xE2, 0x27, 0xE2, 0x27,
    0xE2, 0x27, 0xE2, 0x27, 0xE2, 0x27, 0xE2, 0x27, 0xE2, 0x27, 0xE2, 0x27, 0xE2, 0x27, 0xE2, 0x27, 0xE2, 0x27, 0xE2,
    0x27, 0xE2, 0x27, 0xE2, 0x27, 0xE2, 0x27, 0xE2, 0x27, 0xE2, 0x27, 0xE2, 0x27, 0xE2, 0x27, 0xE2, 0x27, 0xE2, 0x07,
    0xDA, 0xE3, 0x70, 0xC2, 0x58, 0xC2, 0x58, 0xA2, 0x50, 0xA2, 0x48, 0x82, 0x40, 0x81, 0x38, 0x61, 0x30, 0x61, 0x30,
    0x41, 0x28, 0x41, 0x20, 0x40, 0x20, 0x40, 0x18, 0x20, 0x18, 0x20, 0x10, 0x20, 0x10, 0x20, 0x08, 0x00, 0x08, 0x00,
    0x08, 0x00, 0x08, 0x00, 0x00, 0x00, 0x00, 0x00, 0x00, 0x00, 0x00, 0x00, 0x00, 0x00, 0x00, 0x00, 0x00, 0x00, 0x00,
    0x00, 0x08, 0x00, 0x08, 0x00, 0x08, 0x20, 0x08, 0x20, 0x10, 0x20, 0x10, 0x20, 0x18, 0x40, 0x18, 0x40, 0x20, 0x41,
    0x20, 0x41, 0x28, 0x61, 0x30, 0x61, 0x30, 0x81, 0x38, 0x82, 0x40, 0xA2, 0x48, 0xA2, 0x50, 0xC2, 0x58, 0xC2, 0x58,
    0xE3, 0x70, 0x06, 0xDA, 0x27, 0xE2, 0x27, 0xE2, 0x27, 0xE2, 0x27, 0xE2, 0x27, 0xE2, 0x27, 0xE2, 0x27, 0xE2, 0x27,
    0xE2, 0x27, 0xE2, 0x27, 0xE2, 0x27, 0xE2, 0x27, 0xE2, 0x27, 0xE2, 0x27, 0xE2, 0x27, 0xE2, 0x27, 0xE2, 0x27, 0xE2,
    0x27, 0xE2, 0x27, 0xE2, 0x27, 0xE2, 0x27, 0xE2, 0x27, 0xE2, 0x27, 0xE2, 0x27, 0xE2, 0x27, 0xE2, 0x27, 0xE2, 0x27,
    0xE2, 0x27, 0xE2, 0x27, 0xE2, 0x27, 0xE2, 0x27, 0xE2, 0x27, 0xE2, 0x27, 0xE2, 0x27, 0xE2, 0x27, 0xE2, 0x27, 0xE2,
    0x27, 0xE2, 0x27, 0xE2, 0x27, 0xE2, 0x27, 0xE2, 0x27, 0xE2, 0x27, 0xE2, 0x27, 0xE2, 0x27, 0xE2, 0x27, 0xE2, 0x27,
    0xE2, 0x27, 0xE2, 0x27, 0xE2, 0x27, 0xE2, 0x27, 0xE2, 0x27, 0xE2, 0xC5, 0xE1, 0xD6, 0xF5, 0xFF, 0xFF, 0xFF, 0xFF,
    0xFF, 0xFF, 0xFF, 0xFF, 0xFF, 0xFF, 0xFF, 0xFF, 0xFF, 0xFF, 0xAD, 0xEB, 0xC5, 0xE1, 0x27, 0xE2, 0x27, 0xE2, 0x27,
    0xE2, 0x27, 0xE2, 0x27, 0xE2, 0x27, 0xE2, 0x27, 0xE2, 0x06, 0xE2, 0x88, 0xE2, 0x9E, 0xFF, 0xFF, 0xFF, 0xFF, 0xFF,
    0xFF, 0xFF, 0xFF, 0xFF, 0xFF, 0xFF, 0xAD, 0xEB, 0xC5, 0xE1, 0x27, 0xE2, 0x27, 0xE2, 0xE6, 0xE1, 0xCA, 0xE2, 0x9E,
    0xFF, 0xFF, 0xFF, 0xFF, 0xFF, 0xFF, 0xFF, 0xFF, 0xFF, 0xFF, 0xFF, 0xFB, 0xFE, 0x0B, 0xEB, 0xC5, 0xE1, 0x47, 0xE2,
    0x27, 0xE2, 0x27, 0xE2, 0x27, 0xE2, 0x27, 0xE2, 0x27, 0xE2, 0x27, 0xE2, 0x27, 0xE2, 0x27, 0xE2, 0x27, 0xE2, 0x27,
    0xE2, 0x27, 0xE2, 0x27, 0xE2, 0x27, 0xE2, 0x27, 0xE2, 0x27, 0xE2, 0x27, 0xE2, 0x27, 0xE2, 0x27, 0xE2, 0x27, 0xE2,
    0x27, 0xE2, 0x27, 0xE2, 0x27, 0xE2, 0x27, 0xE2, 0x27, 0xE2, 0x27, 0xE2, 0x27, 0xE2, 0x27, 0xE2, 0x27, 0xE2, 0x27,
    0xE2, 0x27, 0xE2, 0x27, 0xE2, 0x27, 0xE2, 0x27, 0xE2, 0x27, 0xE2, 0x27, 0xE2, 0x27, 0xE2, 0x27, 0xE2, 0x27, 0xE2,
    0x27, 0xE2, 0x27, 0xE2, 0x27, 0xE2, 0x27, 0xE2, 0x27, 0xE2, 0x27, 0xE2, 0x27, 0xE2, 0x27, 0xE2, 0x27, 0xE2, 0x27,
    0xE2, 0x27, 0xE2, 0x27, 0xE2, 0x27, 0xE2, 0x27, 0xE2, 0x27, 0xE2, 0x27, 0xE2, 0x27, 0xE2, 0x27, 0xE2, 0x27, 0xE2,
    0x06, 0xDA, 0xE3, 0x70, 0xC2, 0x58, 0xC2, 0x58, 0xA2, 0x50, 0xA2, 0x48, 0x82, 0x40, 0x81, 0x38, 0x61, 0x30, 0x61,
    0x30, 0x41, 0x28, 0x41, 0x20, 0x40, 0x20, 0x40, 0x18, 0x20, 0x18, 0x20, 0x10, 0x20, 0x10, 0x20, 0x08, 0x00, 0x08,
    0x00, 0x08, 0x00, 0x08, 0x00, 0x00, 0x00, 0x00, 0x00, 0x00, 0x00, 0x00, 0x00, 0x00, 0x00, 0x00, 0x00, 0x00, 0x00,
    0x00, 0x00, 0x08, 0x00, 0x08, 0x00, 0x08, 0x20, 0x08, 0x20, 0x10, 0x20, 0x10, 0x20, 0x18, 0x40, 0x18, 0x40, 0x20,
    0x41, 0x20, 0x41, 0x28, 0x61, 0x30, 0x61, 0x30, 0x81, 0x38, 0x82, 0x40, 0xA2, 0x48, 0xA2, 0x50, 0xC2, 0x58, 0xC2,
    0x58, 0xE3, 0x70, 0x06, 0xDA, 0x27, 0xE2, 0x07, 0xE2, 0x07, 0xE2, 0x07, 0xE2, 0x07, 0xE2, 0x07, 0xE2, 0x07, 0xE2,
    0x07, 0xE2, 0x07, 0xE2, 0x07, 0xE2, 0x07, 0xE2, 0x07, 0xE2, 0x07, 0xE2, 0x07, 0xE2, 0x07, 0xE2, 0x07, 0xE2, 0x07,
    0xE2, 0x07, 0xE2, 0x07, 0xE2, 0x07, 0xE2, 0x07, 0xE2, 0x07, 0xE2, 0x07, 0xE2, 0x07, 0xE2, 0x07, 0xE2, 0x07, 0xE2,
    0x07, 0xE2, 0x07, 0xE2, 0x07, 0xE2, 0x07, 0xE2, 0x07, 0xE2, 0x07, 0xE2, 0x07, 0xE2, 0x07, 0xE2, 0x07, 0xE2, 0x07,
    0xE2, 0x07, 0xE2, 0x07, 0xE2, 0x07, 0xE2, 0x07, 0xE2, 0x07, 0xE2, 0x07, 0xE2, 0x07, 0xE2, 0x07, 0xE2, 0x07, 0xE2,
    0x07, 0xE2, 0x07, 0xE2, 0x07, 0xE2, 0x07, 0xE2, 0x27, 0xE2, 0xE6, 0xE1, 0xA9, 0xE2, 0xBE, 0xFF, 0xFF, 0xFF, 0xFF,
    0xFF, 0xFF, 0xFF, 0xFF, 0xFF, 0xFF, 0xFF, 0xFF, 0xFF, 0x99, 0xFE, 0xC6, 0xE1, 0x27, 0xE2, 0x07, 0xE2, 0x07, 0xE2,
    0x07, 0xE2, 0x07, 0xE2, 0x07, 0xE2, 0x07, 0xE2, 0x27, 0xE2, 0x06, 0xE2, 0x68, 0xE2, 0x9E, 0xFF, 0xFF, 0xFF, 0xFF,
    0xFF, 0xFF, 0xFF, 0xFF, 0xFF, 0xFF, 0xFF, 0x8D, 0xEB, 0xC5, 0xE1, 0x27, 0xE2, 0x07, 0xE2, 0x27, 0xE2, 0xA5, 0xE1,
    0x0F, 0xEC, 0xFF, 0xFF, 0xFF, 0xFF, 0xFF, 0xFF, 0xFF, 0xFF, 0xFF, 0xFF, 0xFF, 0xFF, 0xBE, 0xFF, 0x2B, 0xEB, 0xA5,
    0xE1, 0x27, 0xE2, 0x07, 0xE2, 0x07, 0xE2, 0x07, 0xE2, 0x07, 0xE2, 0x07, 0xE2, 0x07, 0xE2, 0x07, 0xE2, 0x07, 0xE2,
    0x07, 0xE2, 0x07, 0xE2, 0x07, 0xE2, 0x07, 0xE2, 0x07, 0xE2, 0x07, 0xE2, 0x07, 0xE2, 0x07, 0xE2, 0x07, 0xE2, 0x07,
    0xE2, 0x07, 0xE2, 0x07, 0xE2, 0x07, 0xE2, 0x07, 0xE2, 0x07, 0xE2, 0x07, 0xE2, 0x07, 0xE2, 0x07, 0xE2, 0x07, 0xE2,
    0x07, 0xE2, 0x07, 0xE2, 0x07, 0xE2, 0x07, 0xE2, 0x07, 0xE2, 0x07, 0xE2, 0x07, 0xE2, 0x07, 0xE2, 0x07, 0xE2, 0x07,
    0xE2, 0x07, 0xE2, 0x07, 0xE2, 0x07, 0xE2, 0x07, 0xE2, 0x07, 0xE2, 0x07, 0xE2, 0x07, 0xE2, 0x07, 0xE2, 0x07, 0xE2,
    0x07, 0xE2, 0x07, 0xE2, 0x07, 0xE2, 0x07, 0xE2, 0x07, 0xE2, 0x07, 0xE2, 0x07, 0xE2, 0x07, 0xE2, 0x07, 0xE2, 0x27,
    0xE2, 0x06, 0xDA, 0xE3, 0x70, 0xC2, 0x58, 0xC2, 0x58, 0xA2, 0x50, 0xA2, 0x48, 0x82, 0x40, 0x81, 0x38, 0x61, 0x30,
    0x61, 0x30, 0x41, 0x28, 0x41, 0x20, 0x40, 0x20, 0x40, 0x18, 0x20, 0x18, 0x20, 0x10, 0x20, 0x10, 0x20, 0x08, 0x00,
    0x08, 0x00, 0x08, 0x00, 0x08, 0x00, 0x00, 0x00, 0x00, 0x00, 0x00, 0x00, 0x00, 0x00, 0x00, 0x00, 0x00, 0x00, 0x00,
    0x00, 0x00, 0x00, 0x08, 0x00, 0x08, 0x00, 0x08, 0x20, 0x08, 0x20, 0x10, 0x20, 0x10, 0x20, 0x18, 0x40, 0x18, 0x40,
    0x20, 0x41, 0x20, 0x41, 0x28, 0x61, 0x30, 0x61, 0x30, 0x81, 0x38, 0x82, 0x40, 0xA2, 0x48, 0xA2, 0x50, 0xC2, 0x58,
    0xC2, 0x58, 0xE3, 0x70, 0x06, 0xDA, 0x27, 0xE2, 0x07, 0xE2, 0x07, 0xE2, 0x07, 0xE2, 0x07, 0xE2, 0x07, 0xE2, 0x07,
    0xE2, 0x07, 0xE2, 0x07, 0xE2, 0x07, 0xE2, 0x07, 0xE2, 0x07, 0xE2, 0x07, 0xE2, 0x07, 0xE2, 0x07, 0xE2, 0x07, 0xE2,
    0x07, 0xE2, 0x07, 0xE2, 0x07, 0xE2, 0x07, 0xE2, 0x07, 0xE2, 0x07, 0xE2, 0x07, 0xE2, 0x07, 0xE2, 0x07, 0xE2, 0x07,
    0xE2, 0x07, 0xE2, 0x07, 0xE2, 0x07, 0xE2, 0x07, 0xE2, 0x07, 0xE2, 0x07, 0xE2, 0x07, 0xE2, 0x07, 0xE2, 0x07, 0xE2,
    0x07, 0xE2, 0x07, 0xE2, 0x07, 0xE2, 0x07, 0xE2, 0x07, 0xE2, 0x07, 0xE2, 0x07, 0xE2, 0x07, 0xE2, 0x07, 0xE2, 0x07,
    0xE2, 0x07, 0xE2, 0x07, 0xE2, 0x07, 0xE2, 0x07, 0xE2, 0x27, 0xE2, 0xA5, 0xE1, 0x70, 0xEC, 0xFF, 0xFF, 0xFF, 0xFF,
    0xFF, 0xFF, 0xFF, 0xFF, 0xFF, 0xFF, 0xFF, 0xFF, 0xFF, 0xFF, 0x8D, 0xEB, 0xC5, 0xE1, 0x27, 0xE2, 0x07, 0xE2, 0x07,
    0xE2, 0x07, 0xE2, 0x07, 0xE2, 0x07, 0xE2, 0x07, 0xE2, 0x27, 0xE2, 0x06, 0xE2, 0x68, 0xE2, 0x9E, 0xFF, 0xFF, 0xFF,
    0xFF, 0xFF, 0xFF, 0xFF, 0xFF, 0xFF, 0xFF, 0xFF, 0x8D, 0xEB, 0xC5, 0xE1, 0x27, 0xE2, 0x07, 0xE2, 0x07, 0xE2, 0x27,
    0xE2, 0xA5, 0xE1, 0x75, 0xF5, 0xFF, 0xFF, 0xFF, 0xFF, 0xFF, 0xFF, 0xFF, 0xFF, 0xFF, 0xFF, 0xFF, 0xFF, 0x9E, 0xFF,
    0x2B, 0xEB, 0xA5, 0xE1, 0x27, 0xE2, 0x07, 0xE2, 0x07, 0xE2, 0x07, 0xE2, 0x07, 0xE2, 0x07, 0xE2, 0x07, 0xE2, 0x07,
    0xE2, 0x07, 0xE2, 0x07, 0xE2, 0x07, 0xE2, 0x07, 0xE2, 0x07, 0xE2, 0x07, 0xE2, 0x07, 0xE2, 0x07, 0xE2, 0x07, 0xE2,
    0x07, 0xE2, 0x07, 0xE2, 0x07, 0xE2, 0x07, 0xE2, 0x07, 0xE2, 0x07, 0xE2, 0x07, 0xE2, 0x07, 0xE2, 0x07, 0xE2, 0x07,
    0xE2, 0x07, 0xE2, 0x07, 0xE2, 0x07, 0xE2, 0x07, 0xE2, 0x07, 0xE2, 0x07, 0xE2, 0x07, 0xE2, 0x07, 0xE2, 0x07, 0xE2,
    0x07, 0xE2, 0x07, 0xE2, 0x07, 0xE2, 0x07, 0xE2, 0x07, 0xE2, 0x07, 0xE2, 0x07, 0xE2, 0x07, 0xE2, 0x07, 0xE2, 0x07,
    0xE2, 0x07, 0xE2, 0x07, 0xE2, 0x07, 0xE2, 0x07, 0xE2, 0x07, 0xE2, 0x07, 0xE2, 0x07, 0xE2, 0x07, 0xE2, 0x07, 0xE2,
    0x27, 0xE2, 0x06, 0xDA, 0xE3, 0x70, 0xC2, 0x58, 0xC2, 0x58, 0xA2, 0x50, 0xA2, 0x48, 0x82, 0x40, 0x81, 0x38, 0x61,
    0x30, 0x61, 0x30, 0x41, 0x28, 0x41, 0x20, 0x40, 0x20, 0x40, 0x18, 0x20, 0x18, 0x20, 0x10, 0x20, 0x10, 0x20, 0x08,
    0x00, 0x08, 0x00, 0x08, 0x00, 0x08, 0x00, 0x00, 0x00, 0x00, 0x00, 0x00, 0x00, 0x00, 0x00, 0x00, 0x00, 0x00, 0x00,
    0x00, 0x00, 0x00, 0x00, 0x08, 0x00, 0x08, 0x00, 0x08, 0x20, 0x08, 0x20, 0x10, 0x20, 0x10, 0x20, 0x18, 0x40, 0x18,
    0x40, 0x20, 0x41, 0x20, 0x41, 0x28, 0x61, 0x30, 0x61, 0x30, 0x81, 0x38, 0x82, 0x40, 0xA2, 0x48, 0xA2, 0x50, 0xC2,
    0x58, 0xC2, 0x58, 0xE3, 0x70, 0x06, 0xDA, 0x07, 0xE2, 0x07, 0xE2, 0x07, 0xE2, 0x07, 0xE2, 0x07, 0xE2, 0x07, 0xE2,
    0x07, 0xE2, 0x07, 0xE2, 0x07, 0xE2, 0x07, 0xE2, 0x07, 0xE2, 0x07, 0xE2, 0x07, 0xE2, 0x07, 0xE2, 0x07, 0xE2, 0x07,
    0xE2, 0x07, 0xE2, 0x07, 0xE2, 0x07, 0xE2, 0x07, 0xE2, 0x07, 0xE2, 0x07, 0xE2, 0x07, 0xE2, 0x07, 0xE2, 0x07, 0xE2,
    0x07, 0xE2, 0x07, 0xE2, 0x07, 0xE2, 0x07, 0xE2, 0x07, 0xE2, 0x07, 0xE2, 0x07, 0xE2, 0x07, 0xE2, 0x07, 0xE2, 0x07,
    0xE2, 0x07, 0xE2, 0x07, 0xE2, 0x07, 0xE2, 0x07, 0xE2, 0x07, 0xE2, 0x07, 0xE2, 0x07, 0xE2, 0x07, 0xE2, 0x07, 0xE2,
    0x07, 0xE2, 0x07, 0xE2, 0x07, 0xE2, 0x07, 0xE2, 0x07, 0xE2, 0x07, 0xE2, 0x07, 0xE2, 0x1C, 0xFF, 0xFF, 0xFF, 0xFF,
    0xFF, 0xFF, 0xFF, 0xFF, 0xFF, 0xFF, 0xFF, 0xFF, 0xFF, 0xD6, 0xF5, 0xA5, 0xE1, 0x27, 0xE2, 0x07, 0xE2, 0x07, 0xE2,
    0x07, 0xE2, 0x07, 0xE2, 0x07, 0xE2, 0x07, 0xE2, 0x07, 0xE2, 0x07, 0xE2, 0xE6, 0xE1, 0x68, 0xE2, 0x9E, 0xFF, 0xFF,
    0xFF, 0xFF, 0xFF, 0xFF, 0xFF, 0xFF, 0xFF, 0xFF, 0xFF, 0x8D, 0xEB, 0xC5, 0xE1, 0x27, 0xE2, 0x07, 0xE2, 0x07, 0xE2,
    0x07, 0xE2, 0x27, 0xE2, 0xC6, 0xE1, 0x79, 0xFE, 0xFF, 0xFF, 0xFF, 0xFF, 0xFF, 0xFF, 0xFF, 0xFF, 0xFF, 0xFF, 0xFF,
    0xFF, 0x9E, 0xFF, 0x2B, 0xEB, 0xA5, 0xE1, 0x27, 0xE2, 0x07, 0xE2, 0x07, 0xE2, 0x07, 0xE2, 0x07, 0xE2, 0x07, 0xE2,
    0x07, 0xE2, 0x07, 0xE2, 0x07, 0xE2, 0x07, 0xE2, 0x07, 0xE2, 0x07, 0xE2, 0x07, 0xE2, 0x07, 0xE2, 0x07, 0xE2, 0x07,
    0xE2, 0x07, 0xE2, 0x07, 0xE2, 0x07, 0xE2, 0x07, 0xE2, 0x07, 0xE2, 0x07, 0xE2, 0x07, 0xE2, 0x07, 0xE2, 0x07, 0xE2,
    0x07, 0xE2, 0x07, 0xE2, 0x07, 0xE2, 0x07, 0xE2, 0x07, 0xE2, 0x07, 0xE2, 0x07, 0xE2, 0x07, 0xE2, 0x07, 0xE2, 0x07,
    0xE2, 0x07, 0xE2, 0x07, 0xE2, 0x07, 0xE2, 0x07, 0xE2, 0x07, 0xE2, 0x07, 0xE2, 0x07, 0xE2, 0x07, 0xE2, 0x07, 0xE2,
    0x07, 0xE2, 0x07, 0xE2, 0x07, 0xE2, 0x07, 0xE2, 0x07, 0xE2, 0x07, 0xE2, 0x07, 0xE2, 0x07, 0xE2, 0x07, 0xE2, 0x07,
    0xE2, 0x07, 0xE2, 0x06, 0xDA, 0xE3, 0x70, 0xC2, 0x58, 0xC2, 0x58, 0xA2, 0x50, 0xA2, 0x48, 0x82, 0x40, 0x81, 0x38,
    0x61, 0x30, 0x61, 0x30, 0x41, 0x28, 0x41, 0x20, 0x40, 0x20, 0x40, 0x18, 0x20, 0x18, 0x20, 0x10, 0x20, 0x10, 0x20,
    0x08, 0x00, 0x08, 0x00, 0x08, 0x00, 0x08, 0x00, 0x00, 0x00, 0x00, 0x00, 0x00, 0x00, 0x00, 0x00, 0x00, 0x00, 0x00,
    0x00, 0x00, 0x00, 0x00, 0x00, 0x08, 0x00, 0x08, 0x00, 0x08, 0x20, 0x08, 0x20, 0x10, 0x20, 0x10, 0x20, 0x18, 0x40,
    0x18, 0x40, 0x20, 0x41, 0x20, 0x41, 0x28, 0x61, 0x30, 0x61, 0x30, 0x81, 0x38, 0x82, 0x40, 0xA2, 0x48, 0xA2, 0x50,
    0xC2, 0x58, 0xC2, 0x58, 0xE3, 0x70, 0x06, 0xDA, 0x07, 0xE2, 0x07, 0xE2, 0x07, 0xE2, 0x07, 0xE2, 0x07, 0xE2, 0x07,
    0xE2, 0x07, 0xE2, 0x07, 0xE2, 0x07, 0xE2, 0x07, 0xE2, 0x07, 0xE2, 0x07, 0xE2, 0x07, 0xE2, 0x07, 0xE2, 0x07, 0xE2,
    0x07, 0xE2, 0x07, 0xE2, 0x07, 0xE2, 0x07, 0xE2, 0x07, 0xE2, 0x07, 0xE2, 0x07, 0xE2, 0x07, 0xE2, 0x07, 0xE2, 0x07,
    0xE2, 0x07, 0xE2, 0x07, 0xE2, 0x07, 0xE2, 0x07, 0xE2, 0x07, 0xE2, 0x07, 0xE2, 0x07, 0xE2, 0x07, 0xE2, 0x07, 0xE2,
    0x07, 0xE2, 0x07, 0xE2, 0x07, 0xE2, 0x07, 0xE2, 0x07, 0xE2, 0x07, 0xE2, 0x07, 0xE2, 0x07, 0xE2, 0x07, 0xE2, 0x07,
    0xE2, 0x07, 0xE2, 0x07, 0xE2, 0x07, 0xE2, 0x07, 0xE2, 0x27, 0xE2, 0xA5, 0xE1, 0x50, 0xEC, 0xFF, 0xFF, 0xFF, 0xFF,
    0xFF, 0xFF, 0xFF, 0xFF, 0xFF, 0xFF, 0xFF, 0xFF, 0xFF, 0xFF, 0xEA, 0xE2, 0xE6, 0xE1, 0x27, 0xE2, 0x07, 0xE2, 0x07,
    0xE2, 0x07, 0xE2, 0x07, 0xE2, 0x07, 0xE2, 0x07, 0xE2, 0x07, 0xE2, 0x07, 0xE2, 0xE6, 0xE1, 0x68, 0xE2, 0x9E, 0xFF,
    0xFF, 0xFF, 0xFF, 0xFF, 0xFF, 0xFF, 0xFF, 0xFF, 0xFF, 0xFF, 0x8D, 0xEB, 0xC5, 0xE1, 0x27, 0xE2, 0x07, 0xE2, 0x07,
    0xE2, 0x07, 0xE2, 0x27, 0xE2, 0xE6, 0xE1, 0x89, 0xE2, 0x7D, 0xFF, 0xFF, 0xFF, 0xFF, 0xFF, 0xFF, 0xFF, 0xFF, 0xFF,
    0xFF, 0xFF, 0xFF, 0xFF, 0x9E, 0xFF, 0x2B, 0xEB, 0x85, 0xE1, 0x27, 0xE2, 0x07, 0xE2, 0x07, 0xE2, 0x07, 0xE2, 0x07,
    0xE2, 0x07, 0xE2, 0x07, 0xE2, 0x07, 0xE2, 0x07, 0xE2, 0x07, 0xE2, 0x07, 0xE2, 0x07, 0xE2, 0x07, 0xE2, 0x07, 0xE2,
    0x07, 0xE2, 0x07, 0xE2, 0x07, 0xE2, 0x07, 0xE2, 0x07, 0xE2, 0x07, 0xE2, 0x07, 0xE2, 0x07, 0xE2, 0x07, 0xE2, 0x07,
    0xE2, 0x07, 0xE2, 0x07, 0xE2, 0x07, 0xE2, 0x07, 0xE2, 0x07, 0xE2, 0x07, 0xE2, 0x07, 0xE2, 0x07, 0xE2, 0x07, 0xE2,
    0x07, 0xE2, 0x07, 0xE2, 0x07, 0xE2, 0x07, 0xE2, 0x07, 0xE2, 0x07, 0xE2, 0x07, 0xE2, 0x07, 0xE2, 0x07, 0xE2, 0x07,
    0xE2, 0x07, 0xE2, 0x07, 0xE2, 0x07, 0xE2, 0x07, 0xE2, 0x07, 0xE2, 0x07, 0xE2, 0x07, 0xE2, 0x07, 0xE2, 0x07, 0xE2,
    0x07, 0xE2, 0x07, 0xE2, 0x06, 0xDA, 0xE3, 0x70, 0xC2, 0x58, 0xC2, 0x58, 0xA2, 0x50, 0xA2, 0x48, 0x82, 0x40, 0x81,
    0x38, 0x61, 0x30, 0x61, 0x30, 0x41, 0x28, 0x41, 0x20, 0x40, 0x20, 0x40, 0x18, 0x20, 0x18, 0x20, 0x10, 0x20, 0x10,
    0x20, 0x08, 0x00, 0x08, 0x00, 0x08, 0x00, 0x08, 0x00, 0x00, 0x00, 0x00, 0x00, 0x00, 0x00, 0x00, 0x00, 0x00, 0x00,
    0x00, 0x00, 0x00, 0x00, 0x00, 0x00, 0x08, 0x00, 0x08, 0x00, 0x08, 0x20, 0x08, 0x20, 0x10, 0x20, 0x10, 0x20, 0x18,
    0x40, 0x18, 0x40, 0x20, 0x41, 0x20, 0x41, 0x28, 0x61, 0x30, 0x61, 0x30, 0x81, 0x38, 0x82, 0x40, 0xA2, 0x48, 0xA2,
    0x50, 0xC2, 0x58, 0xC2, 0x58, 0xE3, 0x70, 0x06, 0xDA, 0x07, 0xE2, 0x07, 0xE2, 0x07, 0xE2, 0x07, 0xE2, 0x07, 0xE2,
    0x07, 0xE2, 0x07, 0xE2, 0x07, 0xE2, 0x07, 0xE2, 0x07, 0xE2, 0x07, 0xE2, 0x07, 0xE2, 0x07, 0xE2, 0x07, 0xE2, 0x07,
    0xE2, 0x07, 0xE2, 0x07, 0xE2, 0x07, 0xE2, 0x07, 0xE2, 0x07, 0xE2, 0x07, 0xE2, 0x07, 0xE2, 0x07, 0xE2, 0x07, 0xE2,
    0x07, 0xE2, 0x07, 0xE2, 0x07, 0xE2, 0x07, 0xE2, 0x07, 0xE2, 0x07, 0xE2, 0x07, 0xE2, 0x07, 0xE2, 0x07, 0xE2, 0x07,
    0xE2, 0x07, 0xE2, 0x07, 0xE2, 0x07, 0xE2, 0x07, 0xE2, 0x07, 0xE2, 0x07, 0xE2, 0x07, 0xE2, 0x07, 0xE2, 0x07, 0xE2,
    0x07, 0xE2, 0x07, 0xE2, 0x07, 0xE2, 0x07, 0xE2, 0x07, 0xE2, 0x07, 0xE2, 0x07, 0xE2, 0x1C, 0xFF, 0xFF, 0xFF, 0xFF,
    0xFF, 0xFF, 0xFF, 0xFF, 0xFF, 0xFF, 0xFF, 0xFF, 0xFF, 0x95, 0xF5, 0xA5, 0xE1, 0x27, 0xE2, 0x07, 0xE2, 0x07, 0xE2,
    0x07, 0xE2, 0x07, 0xE2, 0x07, 0xE2, 0x07, 0xE2, 0x07, 0xE2, 0x07, 0xE2, 0x07, 0xE2, 0xE6, 0xE1, 0x68, 0xE2, 0x9E,
    0xFF, 0xFF, 0xFF, 0xFF, 0xFF, 0xFF, 0xFF, 0xFF, 0xFF, 0xFF, 0xFF, 0x8D, 0xEB, 0xC5, 0xE1, 0x27, 0xE2, 0x07, 0xE2,
    0x07, 0xE2, 0x07, 0xE2, 0x07, 0xE2, 0x27, 0xE2, 0xA5, 0xE1, 0xAD, 0xEB, 0xFF, 0xFF, 0xFF, 0xFF, 0xFF, 0xFF, 0xFF,
    0xFF, 0xFF, 0xFF, 0xFF, 0xFF, 0xFF, 0xFF, 0x9E, 0xFF, 0xEF, 0xEB, 0xA5, 0xE1, 0x07, 0xE2, 0x07, 0xE2, 0x07, 0xE2,
    0x07, 0xE2, 0x07, 0xE2, 0x07, 0xE2, 0x07, 0xE2, 0x07, 0xE2, 0x07, 0xE2, 0x07, 0xE2, 0x07, 0xE2, 0x07, 0xE2, 0x07,
    0xE2, 0x07, 0xE2, 0x07, 0xE2, 0x07, 0xE2, 0x07, 0xE2, 0x07, 0xE2, 0x07, 0xE2, 0x07, 0xE2, 0x07, 0xE2, 0x07, 0xE2,
    0x07, 0xE2, 0x07, 0xE2, 0x07, 0xE2, 0x07, 0xE2, 0x07, 0xE2, 0x07, 0xE2, 0x07, 0xE2, 0x07, 0xE2, 0x07, 0xE2, 0x07,
    0xE2, 0x07, 0xE2, 0x07, 0xE2, 0x07, 0xE2, 0x07, 0xE2, 0x07, 0xE2, 0x07, 0xE2, 0x07, 0xE2, 0x07, 0xE2, 0x07, 0xE2,
    0x07, 0xE2, 0x07, 0xE2, 0x07, 0xE2, 0x07, 0xE2, 0x07, 0xE2, 0x07, 0xE2, 0x07, 0xE2, 0x07, 0xE2, 0x07, 0xE2, 0x07,
    0xE2, 0x07, 0xE2, 0x07, 0xE2, 0x06, 0xDA, 0xE3, 0x70, 0xC2, 0x58, 0xC2, 0x58, 0xA2, 0x50, 0xA2, 0x48, 0x82, 0x40,
    0x81, 0x38, 0x61, 0x30, 0x61, 0x30, 0x41, 0x28, 0x41, 0x20, 0x40, 0x20, 0x40, 0x18, 0x20, 0x18, 0x20, 0x10, 0x20,
    0x10, 0x20, 0x08, 0x00, 0x08, 0x00, 0x08, 0x00, 0x08, 0x00, 0x00, 0x00, 0x00, 0x00, 0x00, 0x00, 0x00, 0x00, 0x00,
    0x00, 0x00, 0x00, 0x00, 0x00, 0x00, 0x00, 0x08, 0x00, 0x08, 0x00, 0x08, 0x20, 0x08, 0x20, 0x10, 0x20, 0x10, 0x20,
    0x18, 0x40, 0x18, 0x40, 0x20, 0x41, 0x20, 0x41, 0x28, 0x61, 0x30, 0x61, 0x30, 0x81, 0x38, 0x82, 0x40, 0xA2, 0x48,
    0xA2, 0x50, 0xC2, 0x58, 0xC2, 0x58, 0xE3, 0x70, 0xE6, 0xD9, 0x07, 0xE2, 0x07, 0xE2, 0x07, 0xE2, 0x07, 0xE2, 0x07,
    0xE2, 0x07, 0xE2, 0x07, 0xE2, 0x07, 0xE2, 0x07, 0xE2, 0x07, 0xE2, 0x07, 0xE2, 0x07, 0xE2, 0x07, 0xE2, 0x07, 0xE2,
    0x07, 0xE2, 0x07, 0xE2, 0x07, 0xE2, 0x07, 0xE2, 0x07, 0xE2, 0x07, 0xE2, 0x07, 0xE2, 0x07, 0xE2, 0x07, 0xE2, 0x07,
    0xE2, 0x07, 0xE2, 0x07, 0xE2, 0x07, 0xE2, 0x07, 0xE2, 0x07, 0xE2, 0x07, 0xE2, 0x07, 0xE2, 0x07, 0xE2, 0x07, 0xE2,
    0x07, 0xE2, 0x07, 0xE2, 0x07, 0xE2, 0x07, 0xE2, 0x07, 0xE2, 0x07, 0xE2, 0x07, 0xE2, 0x07, 0xE2, 0x07, 0xE2, 0x07,
    0xE2, 0x07, 0xE2, 0x07, 0xE2, 0x07, 0xE2, 0x07, 0xE2, 0x27, 0xE2, 0x85, 0xE1, 0x50, 0xEC, 0xFF, 0xFF, 0xFF, 0xFF,
    0xFF, 0xFF, 0xFF, 0xFF, 0xFF, 0xFF, 0xFF, 0xFF, 0xFB, 0xFE, 0x27, 0xE2, 0xE6, 0xE1, 0x07, 0xE2, 0x07, 0xE2, 0x07,
    0xE2, 0x07, 0xE2, 0x07, 0xE2, 0x07, 0xE2, 0x07, 0xE2, 0x07, 0xE2, 0x07, 0xE2, 0x07, 0xE2, 0xE6, 0xE1, 0x68, 0xE2,
    0x9E, 0xFF, 0xFF, 0xFF, 0xFF, 0xFF, 0xFF, 0xFF, 0xFF, 0xFF, 0xFF, 0xFF, 0x8D, 0xEB, 0xA5, 0xE1, 0x07, 0xE2, 0x07,
    0xE2, 0x07, 0xE2, 0x07, 0xE2, 0x07, 0xE2, 0x07, 0xE2, 0x27, 0xE2, 0x85, 0xE1, 0xB2, 0xEC, 0xFF, 0xFF, 0xFF, 0xFF,
    0xFF, 0xFF, 0xFF, 0xFF, 0xFF, 0xFF, 0xFF, 0xFF, 0xFF, 0xFF, 0xFF, 0xFF, 0x54, 0xF5, 0xC6, 0xE1, 0x07, 0xE2, 0x07,
    0xE2, 0x07, 0xE2, 0x07, 0xE2, 0x07, 0xE2, 0x07, 0xE2, 0x07, 0xE2, 0x07, 0xE2, 0x07, 0xE2, 0x07, 0xE2, 0x07, 0xE2,
    0x07, 0xE2, 0x07, 0xE2, 0x07, 0xE2, 0x07, 0xE2, 0x07, 0xE2, 0x07, 0xE2, 0x07, 0xE2, 0x07, 0xE2, 0x07, 0xE2, 0x07,
    0xE2, 0x07, 0xE2, 0x07, 0xE2, 0x07, 0xE2, 0x07, 0xE2, 0x07, 0xE2, 0x07, 0xE2, 0x07, 0xE2, 0x07, 0xE2, 0x07, 0xE2,
    0x07, 0xE2, 0x07, 0xE2, 0x07, 0xE2, 0x07, 0xE2, 0x07, 0xE2, 0x07, 0xE2, 0x07, 0xE2, 0x07, 0xE2, 0x07, 0xE2, 0x07,
    0xE2, 0x07, 0xE2, 0x07, 0xE2, 0x07, 0xE2, 0x07, 0xE2, 0x07, 0xE2, 0x07, 0xE2, 0x07, 0xE2, 0x07, 0xE2, 0x07, 0xE2,
    0x07, 0xE2, 0x07, 0xE2, 0x07, 0xE2, 0xE6, 0xD9, 0xE3, 0x70, 0xC2, 0x58, 0xC2, 0x58, 0xA2, 0x50, 0xA2, 0x48, 0x82,
    0x40, 0x81, 0x38, 0x61, 0x30, 0x61, 0x30, 0x41, 0x28, 0x41, 0x20, 0x40, 0x20, 0x40, 0x18, 0x20, 0x18, 0x20, 0x10,
    0x20, 0x10, 0x20, 0x08, 0x00, 0x08, 0x00, 0x08, 0x00, 0x08, 0x00, 0x00, 0x00, 0x00, 0x00, 0x00, 0x00, 0x00, 0x00,
    0x00, 0x00, 0x00, 0x00, 0x00, 0x00, 0x00, 0x00, 0x08, 0x00, 0x08, 0x00, 0x08, 0x20, 0x08, 0x20, 0x10, 0x20, 0x10,
    0x20, 0x18, 0x40, 0x18, 0x40, 0x20, 0x41, 0x20, 0x41, 0x28, 0x61, 0x30, 0x61, 0x30, 0x81, 0x38, 0x82, 0x40, 0xA2,
    0x48, 0xA2, 0x50, 0xC2, 0x58, 0xC2, 0x58, 0xE3, 0x70, 0xE6, 0xD9, 0x07, 0xE2, 0x07, 0xE2, 0x07, 0xE2, 0x07, 0xE2,
    0x07, 0xE2, 0x07, 0xE2, 0x07, 0xE2, 0x07, 0xE2, 0x07, 0xE2, 0x07, 0xE2, 0x07, 0xE2, 0x07, 0xE2, 0x07, 0xE2, 0x07,
    0xE2, 0x07, 0xE2, 0x07, 0xE2, 0x07, 0xE2, 0x07, 0xE2, 0x07, 0xE2, 0x07, 0xE2, 0x07, 0xE2, 0x07, 0xE2, 0x07, 0xE2,
    0x07, 0xE2, 0x07, 0xE2, 0x07, 0xE2, 0x07, 0xE2, 0x07, 0xE2, 0x07, 0xE2, 0x07, 0xE2, 0x07, 0xE2, 0x07, 0xE2, 0x07,
    0xE2, 0x07, 0xE2, 0x07, 0xE2, 0x07, 0xE2, 0x07, 0xE2, 0x07, 0xE2, 0x07, 0xE2, 0x07, 0xE2, 0x07, 0xE2, 0x07, 0xE2,
    0x07, 0xE2, 0x07, 0xE2, 0x07, 0xE2, 0x07, 0xE2, 0x07, 0xE2, 0xE6, 0xE1, 0x27, 0xE2, 0x3C, 0xFF, 0xFF, 0xFF, 0xFF,
    0xFF, 0xFF, 0xFF, 0xFF, 0xFF, 0xFF, 0xFF, 0xFF, 0xFF, 0x8D, 0xEB, 0xA5, 0xE1, 0x27, 0xE2, 0x07, 0xE2, 0x07, 0xE2,
    0x07, 0xE2, 0x07, 0xE2, 0x07, 0xE2, 0x07, 0xE2, 0x07, 0xE2, 0x07, 0xE2, 0x07, 0xE2, 0x07, 0xE2, 0xE6, 0xE1, 0x68,
    0xE2, 0xBE, 0xFF, 0xFF, 0xFF, 0xFF, 0xFF, 0xFF, 0xFF, 0xFF, 0xFF, 0xFF, 0xFF, 0x8D, 0xEB, 0xA5, 0xE1, 0x07, 0xE2,
    0x07, 0xE2, 0x07, 0xE2, 0x07, 0xE2, 0x07, 0xE2, 0x07, 0xE2, 0x07, 0xE2, 0x07, 0xE2, 0xC5, 0xE1, 0xB6, 0xF5, 0xFF,
    0xFF, 0xFF, 0xFF, 0xFF, 0xFF, 0xFF, 0xFF, 0xFF, 0xFF, 0xFF, 0xFF, 0xFF, 0xFF, 0xFF, 0xFF, 0xB6, 0xF5, 0xA5, 0xE1,
    0x07, 0xE2, 0x07, 0xE2, 0x07, 0xE2, 0x07, 0xE2, 0x07, 0xE2, 0x07, 0xE2, 0x07, 0xE2, 0x07, 0xE2, 0x07, 0xE2, 0x07,
    0xE2, 0x07, 0xE2, 0x07, 0xE2, 0x07, 0xE2, 0x07, 0xE2, 0x07, 0xE2, 0x07, 0xE2, 0x07, 0xE2, 0x07, 0xE2, 0x07, 0xE2,
    0x07, 0xE2, 0x07, 0xE2, 0x07, 0xE2, 0x07, 0xE2, 0x07, 0xE2, 0x07, 0xE2, 0x07, 0xE2, 0x07, 0xE2, 0x07, 0xE2, 0x07,
    0xE2, 0x07, 0xE2, 0x07, 0xE2, 0x07, 0xE2, 0x07, 0xE2, 0x07, 0xE2, 0x07, 0xE2, 0x07, 0xE2, 0x07, 0xE2, 0x07, 0xE2,
    0x07, 0xE2, 0x07, 0xE2, 0x07, 0xE2, 0x07, 0xE2, 0x07, 0xE2, 0x07, 0xE2, 0x07, 0xE2, 0x07, 0xE2, 0x07, 0xE2, 0x07,
    0xE2, 0x07, 0xE2, 0x07, 0xE2, 0x07, 0xE2, 0xE6, 0xD9, 0xE3, 0x70, 0xC2, 0x58, 0xC2, 0x58, 0xA2, 0x50, 0xA2, 0x48,
    0x82, 0x40, 0x81, 0x38, 0x61, 0x30, 0x61, 0x30, 0x41, 0x28, 0x41, 0x20, 0x40, 0x20, 0x40, 0x18, 0x20, 0x18, 0x20,
    0x10, 0x20, 0x10, 0x20, 0x08, 0x00, 0x08, 0x00, 0x08, 0x00, 0x08, 0x00, 0x00, 0x00, 0x00, 0x00, 0x00, 0x00, 0x00,
    0x00, 0x00, 0x00, 0x00, 0x00, 0x00, 0x00, 0x00, 0x00, 0x08, 0x00, 0x08, 0x00, 0x08, 0x20, 0x08, 0x20, 0x10, 0x20,
    0x10, 0x20, 0x18, 0x40, 0x18, 0x40, 0x20, 0x41, 0x20, 0x41, 0x28, 0x61, 0x30, 0x61, 0x30, 0x81, 0x38, 0x82, 0x40,
    0xA2, 0x48, 0xA2, 0x50, 0xC2, 0x58, 0xC2, 0x58, 0xE3, 0x70, 0xE6, 0xD9, 0x07, 0xE2, 0x07, 0xE2, 0x07, 0xE2, 0x07,
    0xE2, 0x07, 0xE2, 0x07, 0xE2, 0x07, 0xE2, 0x07, 0xE2, 0x07, 0xE2, 0x07, 0xE2, 0x07, 0xE2, 0x07, 0xE2, 0x07, 0xE2,
    0x07, 0xE2, 0x07, 0xE2, 0x07, 0xE2, 0x07, 0xE2, 0x07, 0xE2, 0x07, 0xE2, 0x07, 0xE2, 0x07, 0xE2, 0x07, 0xE2, 0x07,
    0xE2, 0x07, 0xE2, 0x07, 0xE2, 0x07, 0xE2, 0x07, 0xE2, 0x07, 0xE2, 0x07, 0xE2, 0x07, 0xE2, 0x07, 0xE2, 0x07, 0xE2,
    0x07, 0xE2, 0x07, 0xE2, 0x07, 0xE2, 0x07, 0xE2, 0x07, 0xE2, 0x07, 0xE2, 0x07, 0xE2, 0x07, 0xE2, 0x07, 0xE2, 0x07,
    0xE2, 0x07, 0xE2, 0x07, 0xE2, 0x07, 0xE2, 0x07, 0xE2, 0x07, 0xE2, 0x85, 0xD9, 0x13, 0xF5, 0xFF, 0xFF, 0xFF, 0xFF,
    0xFF, 0xFF, 0xFF, 0xFF, 0xFF, 0xFF, 0xFF, 0xFF, 0x99, 0xF6, 0xA5, 0xE1, 0x07, 0xE2, 0x07, 0xE2, 0x07, 0xE2, 0x07,
    0xE2, 0x07, 0xE2, 0x07, 0xE2, 0x07, 0xE2, 0x07, 0xE2, 0x07, 0xE2, 0x07, 0xE2, 0x07, 0xE2, 0x07, 0xE2, 0xA5, 0xD9,
    0x6D, 0xEB, 0xFF, 0xFF, 0xFF, 0xFF, 0xFF, 0xFF, 0xFF, 0xFF, 0xFF, 0xFF, 0xFF, 0xFF, 0x8D, 0xEB, 0xA5, 0xD9, 0x07,
    0xE2, 0x07, 0xE2, 0x07, 0xE2, 0x07, 0xE2, 0x07, 0xE2, 0x07, 0xE2, 0x07, 0xE2, 0x07, 0xE2, 0xE6, 0xE1, 0xC6, 0xE1,
    0xBA, 0xFE, 0xFF, 0xFF, 0xFF, 0xFF, 0xFF, 0xFF, 0xFF, 0xFF, 0xFF, 0xFF, 0xFF, 0xFF, 0xDF, 0xFF, 0xFF, 0xFF, 0xB6,
    0xF5, 0xA5, 0xE1, 0xC6, 0xE1, 0x27, 0xE2, 0x07, 0xE2, 0x07, 0xE2, 0x07, 0xE2, 0x07, 0xE2, 0x07, 0xE2, 0x07, 0xE2,
    0x07, 0xE2, 0x07, 0xE2, 0x07, 0xE2, 0x07, 0xE2, 0x07, 0xE2, 0x07, 0xE2, 0x07, 0xE2, 0x07, 0xE2, 0x07, 0xE2, 0x07,
    0xE2, 0x07, 0xE2, 0x07, 0xE2, 0x07, 0xE2, 0x07, 0xE2, 0x07, 0xE2, 0x07, 0xE2, 0x07, 0xE2, 0x07, 0xE2, 0x07, 0xE2,
    0x07, 0xE2, 0x07, 0xE2, 0x07, 0xE2, 0x07, 0xE2, 0x07, 0xE2, 0x07, 0xE2, 0x07, 0xE2, 0x07, 0xE2, 0x07, 0xE2, 0x07,
    0xE2, 0x07, 0xE2, 0x07, 0xE2, 0x07, 0xE2, 0x07, 0xE2, 0x07, 0xE2, 0x07, 0xE2, 0x07, 0xE2, 0x07, 0xE2, 0x07, 0xE2,
    0x07, 0xE2, 0x07, 0xE2, 0x07, 0xE2, 0x07, 0xE2, 0xE6, 0xD9, 0xE3, 0x70, 0xC2, 0x58, 0xC2, 0x58, 0xA2, 0x50, 0xA2,
    0x48, 0x82, 0x40, 0x81, 0x38, 0x61, 0x30, 0x61, 0x30, 0x41, 0x28, 0x41, 0x20, 0x40, 0x20, 0x40, 0x18, 0x20, 0x18,
    0x20, 0x10, 0x20, 0x10, 0x20, 0x08, 0x00, 0x08, 0x00, 0x08, 0x00, 0x08, 0x00, 0x00, 0x00, 0x00, 0x00, 0x00, 0x00,
    0x00, 0x00, 0x00, 0x00, 0x00, 0x00, 0x00, 0x00, 0x00, 0x00, 0x08, 0x00, 0x08, 0x00, 0x08, 0x20, 0x08, 0x20, 0x10,
    0x20, 0x10, 0x20, 0x18, 0x40, 0x18, 0x40, 0x20, 0x41, 0x20, 0x41, 0x28, 0x61, 0x30, 0x61, 0x30, 0x81, 0x38, 0x82,
    0x40, 0xA2, 0x48, 0xA2, 0x50, 0xC2, 0x58, 0xC2, 0x58, 0xE3, 0x70, 0xE6, 0xD9, 0x07, 0xE2, 0x07, 0xE2, 0x07, 0xE2,
    0x07, 0xE2, 0x07, 0xE2, 0x07, 0xE2, 0x07, 0xE2, 0x07, 0xE2, 0x07, 0xE2, 0x07, 0xE2, 0x07, 0xE2, 0x07, 0xE2, 0x07,
    0xE2, 0x07, 0xE2, 0x07, 0xE2, 0x07, 0xE2, 0x07, 0xE2, 0x07, 0xE2, 0x07, 0xE2, 0x07, 0xE2, 0x07, 0xE2, 0x07, 0xE2,
    0x07, 0xE2, 0x07, 0xE2, 0x07, 0xE2, 0x07, 0xE2, 0x07, 0xE2, 0x07, 0xE2, 0x07, 0xE2, 0x07, 0xE2, 0x07, 0xE2, 0x07,
    0xE2, 0x07, 0xE2, 0x07, 0xE2, 0x07, 0xE2, 0x07, 0xE2, 0x07, 0xE2, 0x07, 0xE2, 0x07, 0xE2, 0x07, 0xE2, 0x07, 0xE2,
    0x07, 0xE2, 0x07, 0xE2, 0x07, 0xE2, 0x07, 0xE2, 0x07, 0xE2, 0xE6, 0xE1, 0x48, 0xE2, 0x9E, 0xFF, 0xFF, 0xFF, 0xFF,
    0xFF, 0xFF, 0xFF, 0xFF, 0xFF, 0xFF, 0xFF, 0xDF, 0xFF, 0x2C, 0xE3, 0xC6, 0xD9, 0x07, 0xE2, 0x07, 0xE2, 0x07, 0xE2,
    0x07, 0xE2, 0x07, 0xE2, 0x07, 0xE2, 0x07, 0xE2, 0x07, 0xE2, 0x07, 0xE2, 0x07, 0xE2, 0x07, 0xE2, 0x07, 0xE2, 0xA5,
    0xD9, 0x8D, 0xEB, 0xFF, 0xFF, 0xFF, 0xFF, 0xFF, 0xFF, 0xFF, 0xFF, 0xFF, 0xFF, 0xFF, 0xFF, 0x6D, 0xEB, 0xA5, 0xD9,
    0x07, 0xE2, 0x07, 0xE2, 0x07, 0xE2, 0x07, 0xE2, 0x07, 0xE2, 0x07, 0xE2, 0x07, 0xE2, 0x07, 0xE2, 0x07, 0xE2, 0xE6,
    0xE1, 0x68, 0xE2, 0x7D, 0xFF, 0xFF, 0xFF, 0xFF, 0xFF, 0xFF, 0xFF, 0xFF, 0xFF, 0xFF, 0xFF, 0xFF, 0xFF, 0xFF, 0xFF,
    0xFF, 0xFF, 0x59, 0xF6, 0xCA, 0xE2, 0x85, 0xD9, 0xE6, 0xE1, 0x07, 0xE2, 0x07, 0xE2, 0x07, 0xE2, 0x07, 0xE2, 0x07,
    0xE2, 0x07, 0xE2, 0x07, 0xE2, 0x07, 0xE2, 0x07, 0xE2, 0x07, 0xE2, 0x07, 0xE2, 0x07, 0xE2, 0x07, 0xE2, 0x07, 0xE2,
    0x07, 0xE2, 0x07, 0xE2, 0x07, 0xE2, 0x07, 0xE2, 0x07, 0xE2, 0x07, 0xE2, 0x07, 0xE2, 0x07, 0xE2, 0x07, 0xE2, 0x07,
    0xE2, 0x07, 0xE2, 0x07, 0xE2, 0x07, 0xE2, 0x07, 0xE2, 0x07, 0xE2, 0x07, 0xE2, 0x07, 0xE2, 0x07, 0xE2, 0x07, 0xE2,
    0x07, 0xE2, 0x07, 0xE2, 0x07, 0xE2, 0x07, 0xE2, 0x07, 0xE2, 0x07, 0xE2, 0x07, 0xE2, 0x07, 0xE2, 0x07, 0xE2, 0x07,
    0xE2, 0x07, 0xE2, 0x07, 0xE2, 0x07, 0xE2, 0x07, 0xE2, 0xE6, 0xD9, 0xE3, 0x70, 0xC2, 0x58, 0xC2, 0x58, 0xA2, 0x50,
    0xA2, 0x48, 0x82, 0x40, 0x81, 0x38, 0x61, 0x30, 0x61, 0x30, 0x41, 0x28, 0x41, 0x20, 0x40, 0x20, 0x40, 0x18, 0x20,
    0x18, 0x20, 0x10, 0x20, 0x10, 0x20, 0x08, 0x00, 0x08, 0x00, 0x08, 0x00, 0x08, 0x00, 0x00, 0x00, 0x00, 0x00, 0x00,
    0x00, 0x00, 0x00, 0x00, 0x00, 0x00, 0x00, 0x00, 0x00, 0x00, 0x00, 0x08, 0x00, 0x08, 0x00, 0x08, 0x20, 0x08, 0x20,
    0x10, 0x20, 0x10, 0x20, 0x18, 0x40, 0x18, 0x40, 0x20, 0x41, 0x20, 0x41, 0x28, 0x61, 0x30, 0x61, 0x30, 0x81, 0x38,
    0x82, 0x40, 0xA2, 0x48, 0xA2, 0x50, 0xC2, 0x58, 0xC2, 0x58, 0xE3, 0x70, 0xE6, 0xD9, 0x07, 0xE2, 0xE7, 0xE1, 0xE7,
    0xE1, 0xE7, 0xE1, 0xE7, 0xE1, 0xE7, 0xE1, 0xE7, 0xE1, 0xE7, 0xE1, 0xE7, 0xE1, 0xE7, 0xE1, 0xE7, 0xE1, 0xE7, 0xE1,
    0xE7, 0xE1, 0xE7, 0xE1, 0xE7, 0xE1, 0xE7, 0xE1, 0xE7, 0xE1, 0xE7, 0xE1, 0xE7, 0xE1, 0xE7, 0xE1, 0xE7, 0xE1, 0xE7,
    0xE1, 0xE7, 0xE1, 0xE7, 0xE1, 0xE7, 0xE1, 0xE7, 0xE1, 0xE7, 0xE1, 0xE7, 0xE1, 0xE7, 0xE1, 0xE7, 0xE1, 0xE7, 0xE1,
    0xE7, 0xE1, 0xE7, 0xE1, 0xE7, 0xE1, 0xE7, 0xE1, 0xE7, 0xE1, 0xE7, 0xE1, 0xE7, 0xE1, 0xE7, 0xE1, 0xE7, 0xE1, 0xE7,
    0xE1, 0xE7, 0xE1, 0xE7, 0xE1, 0xE7, 0xE1, 0xE7, 0xE1, 0x07, 0xE2, 0x64, 0xD9, 0x34, 0xF5, 0xFF, 0xFF, 0xFF, 0xFF,
    0xFF, 0xFF, 0xFF, 0xFF, 0xFF, 0xFF, 0xFF, 0xFF, 0xD6, 0xF5, 0x85, 0xD9, 0x07, 0xE2, 0xE7, 0xE1, 0xE7, 0xE1, 0xE7,
    0xE1, 0xE7, 0xE1, 0xE7, 0xE1, 0xE7, 0xE1, 0xE7, 0xE1, 0xE7, 0xE1, 0xE7, 0xE1, 0xE7, 0xE1, 0xE7, 0xE1, 0x07, 0xE2,
    0xA5, 0xD9, 0x8D, 0xEB, 0xFF, 0xFF, 0xFF, 0xFF, 0xFF, 0xFF, 0xFF, 0xFF, 0xFF, 0xFF, 0xFF, 0xFF, 0xEF, 0xEB, 0xA5,
    0xD9, 0x07, 0xE2, 0xE7, 0xE1, 0xE7, 0xE1, 0xE7, 0xE1, 0xE7, 0xE1, 0xE7, 0xE1, 0xE7, 0xE1, 0xE7, 0xE1, 0xE7, 0xE1,
    0x07, 0xE2, 0xA5, 0xD9, 0x4C, 0xEB, 0xFF, 0xFF, 0xFF, 0xFF, 0xFF, 0xFF, 0xFF, 0xFF, 0xFF, 0xFF, 0xFF, 0xFF, 0xFF,
    0xFF, 0xFF, 0xFF, 0xFF, 0xFF, 0xBE, 0xFF, 0xF3, 0xF4, 0x68, 0xE2, 0x85, 0xD9, 0xC6, 0xE1, 0x07, 0xE2, 0x07, 0xE2,
    0xE7, 0xE1, 0xE7, 0xE1, 0xE7, 0xE1, 0xE7, 0xE1, 0xE7, 0xE1, 0xE7, 0xE1, 0xE7, 0xE1, 0xE7, 0xE1, 0xE7, 0xE1, 0xE7,
    0xE1, 0xE7, 0xE1, 0xE7, 0xE1, 0xE7, 0xE1, 0xE7, 0xE1, 0xE7, 0xE1, 0xE7, 0xE1, 0xE7, 0xE1, 0xE7, 0xE1, 0xE7, 0xE1,
    0xE7, 0xE1, 0xE7, 0xE1, 0xE7, 0xE1, 0xE7, 0xE1, 0xE7, 0xE1, 0xE7, 0xE1, 0xE7, 0xE1, 0xE7, 0xE1, 0xE7, 0xE1, 0xE7,
    0xE1, 0xE7, 0xE1, 0xE7, 0xE1, 0xE7, 0xE1, 0xE7, 0xE1, 0xE7, 0xE1, 0xE7, 0xE1, 0xE7, 0xE1, 0xE7, 0xE1, 0xE7, 0xE1,
    0xE7, 0xE1, 0xE7, 0xE1, 0xE7, 0xE1, 0xE7, 0xE1, 0x07, 0xE2, 0xE6, 0xD9, 0xE3, 0x70, 0xC2, 0x58, 0xC2, 0x58, 0xA2,
    0x50, 0xA2, 0x48, 0x82, 0x40, 0x81, 0x38, 0x61, 0x30, 0x61, 0x30, 0x41, 0x28, 0x41, 0x20, 0x40, 0x20, 0x40, 0x18,
    0x20, 0x18, 0x20, 0x10, 0x20, 0x10, 0x20, 0x08, 0x00, 0x08, 0x00, 0x08, 0x00, 0x08, 0x00, 0x00, 0x00, 0x00, 0x00,
    0x00, 0x00, 0x00, 0x00, 0x00, 0x00, 0x00, 0x00, 0x00, 0x00, 0x00, 0x00, 0x08, 0x00, 0x08, 0x00, 0x08, 0x20, 0x08,
    0x20, 0x10, 0x20, 0x10, 0x20, 0x18, 0x40, 0x18, 0x40, 0x20, 0x41, 0x20, 0x41, 0x28, 0x61, 0x30, 0x61, 0x30, 0x81,
    0x38, 0x82, 0x40, 0xA2, 0x48, 0xA2, 0x50, 0xC2, 0x58, 0xC2, 0x58, 0xE3, 0x70, 0xE6, 0xD9, 0x07, 0xE2, 0xE7, 0xD9,
    0xE7, 0xE1, 0xE7, 0xE1, 0xE7, 0xE1, 0xE7, 0xE1, 0xE7, 0xE1, 0xE7, 0xE1, 0xE7, 0xE1, 0xE7, 0xE1, 0xE7, 0xE1, 0xE7,
    0xE1, 0xE7, 0xE1, 0xE7, 0xE1, 0xE7, 0xE1, 0xE7, 0xE1, 0xE7, 0xE1, 0xE7, 0xE1, 0xE7, 0xE1, 0xE7, 0xE1, 0xE7, 0xE1,
    0xE7, 0xE1, 0xE7, 0xE1, 0xE7, 0xE1, 0xE7, 0xE1, 0xE7, 0xE1, 0xE7, 0xE1, 0xE7, 0xE1, 0xE7, 0xE1, 0xE7, 0xE1, 0xE7,
    0xE1, 0xE7, 0xE1, 0xE7, 0xE1, 0xE7, 0xE1, 0xE7, 0xE1, 0xE7, 0xE1, 0xE7, 0xE1, 0xE7, 0xE1, 0xE7, 0xE1, 0xE7, 0xE1,
    0xE7, 0xE1, 0xE7, 0xE1, 0xE7, 0xE1, 0xE6, 0xE1, 0x07, 0xE2, 0x85, 0xD9, 0xEF, 0xEB, 0xFF, 0xFF, 0xFF, 0xFF, 0xFF,
    0xFF, 0xFF, 0xFF, 0xFF, 0xFF, 0xFF, 0xFF, 0xDA, 0xFE, 0x28, 0xE2, 0xE6, 0xE1, 0x07, 0xE2, 0xE7, 0xE1, 0xE7, 0xE1,
    0xE7, 0xE1, 0xE7, 0xE1, 0xE7, 0xE1, 0xE7, 0xE1, 0xE7, 0xE1, 0xE7, 0xE1, 0xE7, 0xE1, 0xE7, 0xE1, 0xE7, 0xE1, 0x07,
    0xE2, 0xA5, 0xD9, 0x8D, 0xEB, 0xFF, 0xFF, 0xFF, 0xFF, 0xFF, 0xFF, 0xFF, 0xFF, 0xFF, 0xFF, 0xFF, 0xFF, 0x13, 0xF5,
    0x85, 0xD9, 0x07, 0xE2, 0xE7, 0xE1, 0xE7, 0xE1, 0xE7, 0xE1, 0xE7, 0xE1, 0xE7, 0xE1, 0xE7, 0xE1, 0xE7, 0xE1, 0xE7,
    0xE1, 0xE6, 0xE1, 0x07, 0xE2, 0x85, 0xD9, 0x71, 0xEC, 0xFF, 0xFF, 0xFF, 0xFF, 0xFF, 0xFF, 0xFF, 0xFF, 0xFF, 0xFF,
    0xFF, 0xFF, 0xFF, 0xFF, 0xFF, 0xFF, 0xFF, 0xFF, 0xFF, 0xFF, 0x7D, 0xFF, 0xF3, 0xEC, 0xCA, 0xE2, 0x85, 0xD9, 0xC6,
    0xD9, 0x07, 0xE2, 0x07, 0xE2, 0xE6, 0xE1, 0xE6, 0xE1, 0xE7, 0xE1, 0xE7, 0xE1, 0xE7, 0xE1, 0xE7, 0xE1, 0xE7, 0xE1,
    0xE7, 0xE1, 0xE7, 0xE1, 0xE7, 0xE1, 0xE7, 0xE1, 0xE7, 0xE1, 0xE7, 0xE1, 0xE7, 0xE1, 0xE7, 0xE1, 0xE7, 0xE1, 0xE7,
    0xE1, 0xE7, 0xE1, 0xE7, 0xE1, 0xE7, 0xE1, 0xE7, 0xE1, 0xE7, 0xE1, 0xE7, 0xE1, 0xE7, 0xE1, 0xE7, 0xE1, 0xE7, 0xE1,
    0xE7, 0xE1, 0xE7, 0xE1, 0xE7, 0xE1, 0xE7, 0xE1, 0xE7, 0xE1, 0xE7, 0xE1, 0xE7, 0xE1, 0xE7, 0xE1, 0xE7, 0xE1, 0xE7,
    0xE1, 0xE7, 0xE1, 0xE7, 0xE1, 0xE7, 0xE1, 0xE7, 0xD9, 0x07, 0xE2, 0xE6, 0xD9, 0xE3, 0x70, 0xC2, 0x58, 0xC2, 0x58,
    0xA2, 0x50, 0xA2, 0x48, 0x82, 0x40, 0x81, 0x38, 0x61, 0x30, 0x61, 0x30, 0x41, 0x28, 0x41, 0x20, 0x40, 0x20, 0x40,
    0x18, 0x20, 0x18, 0x20, 0x10, 0x20, 0x10, 0x20, 0x08, 0x00, 0x08, 0x00, 0x08, 0x00, 0x08, 0x00, 0x00, 0x00, 0x00,
    0x00, 0x00, 0x00, 0x00, 0x00, 0x00, 0x00, 0x00, 0x00, 0x00, 0x00, 0x00, 0x00, 0x08, 0x00, 0x08, 0x00, 0x08, 0x20,
    0x08, 0x20, 0x10, 0x20, 0x10, 0x20, 0x18, 0x40, 0x18, 0x40, 0x20, 0x41, 0x20, 0x41, 0x28, 0x61, 0x30, 0x61, 0x30,
    0x81, 0x38, 0x82, 0x40, 0xA2, 0x48, 0xA2, 0x50, 0xC2, 0x58, 0xC2, 0x58, 0xE3, 0x68, 0xE6, 0xD9, 0xE6, 0xE1, 0xE6,
    0xD9, 0xE6, 0xE1, 0xE6, 0xE1, 0xE6, 0xE1, 0xE6, 0xE1, 0xE6, 0xE1, 0xE6, 0xE1, 0xE6, 0xE1, 0xE6, 0xE1, 0xE6, 0xE1,
    0xE6, 0xE1, 0xE6, 0xE1, 0xE6, 0xE1, 0xE6, 0xE1, 0xE6, 0xE1, 0xE6, 0xE1, 0xE6, 0xE1, 0xE6, 0xE1, 0xE6, 0xE1, 0xE6,
    0xE1, 0xE6, 0xE1, 0xE6, 0xE1, 0xE6, 0xE1, 0xE6, 0xE1, 0xE6, 0xE1, 0xE6, 0xE1, 0xE6, 0xE1, 0xE6, 0xE1, 0xE6, 0xE1,
    0xE6, 0xE1, 0xE6, 0xE1, 0xE6, 0xE1, 0xE6, 0xE1, 0xE6, 0xE1, 0xE6, 0xE1, 0xE6, 0xE1, 0xE6, 0xE1, 0xE6, 0xE1, 0xE6,
    0xE1, 0xE6, 0xE1, 0xE6, 0xE1, 0xE6, 0xE1, 0xE7, 0xE1, 0xE6, 0xE1, 0x07, 0xE2, 0x3C, 0xFF, 0xFF, 0xFF, 0xFF, 0xFF,
    0xFF, 0xFF, 0xFF, 0xFF, 0xFF, 0xFF, 0xFF, 0xFF, 0xCA, 0xE2, 0xA5, 0xD9, 0x07, 0xE2, 0xE6, 0xE1, 0xE6, 0xE1, 0xE6,
    0xE1, 0xE6, 0xE1, 0xE6, 0xE1, 0xE6, 0xE1, 0xE6, 0xE1, 0xE6, 0xE1, 0xE6, 0xE1, 0xE6, 0xE1, 0xE6, 0xE1, 0xE6, 0xE1,
    0x07, 0xE2, 0xA5, 0xD9, 0x8D, 0xEB, 0xFF, 0xFF, 0xFF, 0xFF, 0xFF, 0xFF, 0xFF, 0xFF, 0xFF, 0xFF, 0xFF, 0xFF, 0xF3,
    0xF4, 0x85, 0xD9, 0x07, 0xE2, 0xE6, 0xE1, 0xE6, 0xE1, 0xE6, 0xE1, 0xE6, 0xE1, 0xE6, 0xE1, 0xE6, 0xE1, 0xE6, 0xE1,
    0xE6, 0xE1, 0xE6, 0xE1, 0xE6, 0xE1, 0x07, 0xE2, 0x85, 0xD9, 0x96, 0xF5, 0xFF, 0xFF, 0xFF, 0xFF, 0xFF, 0xFF, 0xFF,
    0xFF, 0xFF, 0xFF, 0xFF, 0xFF, 0xFF, 0xFF, 0xFF, 0xFF, 0xFF, 0xFF, 0xFF, 0xFF, 0xFF, 0xFF, 0xDF, 0xFF, 0x13, 0xF5,
    0x68, 0xE2, 0xA5, 0xD9, 0xC6, 0xD9, 0x07, 0xE2, 0x07, 0xE2, 0xE6, 0xE1, 0xE6, 0xE1, 0xE6, 0xE1, 0xE6, 0xE1, 0xE6,
    0xE1, 0xE6, 0xE1, 0xE6, 0xE1, 0xE6, 0xE1, 0xE6, 0xE1, 0xE6, 0xE1, 0xE6, 0xE1, 0xE6, 0xE1, 0xE6, 0xE1, 0xE6, 0xE1,
    0xE6, 0xE1, 0xE6, 0xE1, 0xE6, 0xE1, 0xE6, 0xE1, 0xE6, 0xE1, 0xE6, 0xE1, 0xE6, 0xE1, 0xE6, 0xE1, 0xE6, 0xE1, 0xE6,
    0xE1, 0xE6, 0xE1, 0xE6, 0xE1, 0xE6, 0xE1, 0xE6, 0xE1, 0xE6, 0xE1, 0xE6, 0xE1, 0xE6, 0xE1, 0xE6, 0xE1, 0xE6, 0xE1,
    0xE6, 0xE1, 0xE6, 0xE1, 0xE6, 0xE1, 0xE6, 0xE1, 0xE6, 0xD9, 0xE6, 0xE1, 0xE6, 0xD9, 0xE3, 0x68, 0xC2, 0x58, 0xC2,
    0x58, 0xA2, 0x50, 0xA2, 0x48, 0x82, 0x40, 0x81, 0x38, 0x61, 0x30, 0x61, 0x30, 0x41, 0x28, 0x41, 0x20, 0x40, 0x20,
    0x40, 0x18, 0x20, 0x18, 0x20, 0x10, 0x20, 0x10, 0x20, 0x08, 0x00, 0x08, 0x00, 0x08, 0x00, 0x08, 0x00, 0x00, 0x00,
    0x00, 0x00, 0x00, 0x00, 0x00, 0x00, 0x00, 0x00, 0x00, 0x00, 0x00, 0x00, 0x00, 0x00, 0x08, 0x00, 0x08, 0x00, 0x08,
    0x20, 0x08, 0x20, 0x10, 0x20, 0x10, 0x20, 0x18, 0x40, 0x18, 0x40, 0x20, 0x41, 0x20, 0x41, 0x28, 0x61, 0x30, 0x61,
    0x30, 0x81, 0x38, 0x82, 0x40, 0xA2, 0x48, 0xA2, 0x50, 0xC2, 0x58, 0xC2, 0x58, 0xE3, 0x68, 0xE6, 0xD9, 0xE6, 0xE1,
    0xE6, 0xD9, 0xE6, 0xE1, 0xE6, 0xE1, 0xE6, 0xE1, 0xE6, 0xE1, 0xE6, 0xE1, 0xE6, 0xE1, 0xE6, 0xE1, 0xE6, 0xE1, 0xE6,
    0xE1, 0xE6, 0xE1, 0xE6, 0xE1, 0xE6, 0xE1, 0xE6, 0xE1, 0xE6, 0xE1, 0xE6, 0xE1, 0xE6, 0xE1, 0xE6, 0xE1, 0xE6, 0xE1,
    0xE6, 0xE1, 0xE6, 0xE1, 0xE6, 0xE1, 0xE6, 0xE1, 0xE6, 0xE1, 0xE6, 0xE1, 0xE6, 0xE1, 0xE6, 0xE1, 0xE6, 0xE1, 0xE6,
    0xE1, 0xE6, 0xE1, 0xE6, 0xE1, 0xE6, 0xE1, 0xE6, 0xE1, 0xE6, 0xE1, 0xE6, 0xE1, 0xE6, 0xE1, 0xE6, 0xE1, 0xE6, 0xE1,
    0xE6, 0xE1, 0xE6, 0xE1, 0xE6, 0xE1, 0xE6, 0xE1, 0x07, 0xE2, 0x64, 0xD9, 0x75, 0xF5, 0xFF, 0xFF, 0xFF, 0xFF, 0xFF,
    0xFF, 0xFF, 0xFF, 0xDF, 0xFF, 0xFF, 0xFF, 0xB2, 0xEC, 0x85, 0xD9, 0x07, 0xE2, 0xE6, 0xE1, 0xE6, 0xE1, 0xE6, 0xE1,
    0xE6, 0xE1, 0xE6, 0xE1, 0xE6, 0xE1, 0xE6, 0xE1, 0xE6, 0xE1, 0xE6, 0xE1, 0xE6, 0xE1, 0xE6, 0xE1, 0xE6, 0xE1, 0xE6,
    0xE1, 0x07, 0xE2, 0xA5, 0xD9, 0x6D, 0xEB, 0xFF, 0xFF, 0xFF, 0xFF, 0xFF, 0xFF, 0xFF, 0xFF, 0xFF, 0xFF, 0xFF, 0xFF,
    0xF3, 0xF4, 0x65, 0xD9, 0x07, 0xE2, 0xE6, 0xE1, 0xE6, 0xE1, 0xE6, 0xE1, 0xE6, 0xE1, 0xE6, 0xE1, 0xE6, 0xE1, 0xE6,
    0xE1, 0xE6, 0xE1, 0xE6, 0xE1, 0xE6, 0xE1, 0xE7, 0xE1, 0xE6, 0xE1, 0xC6, 0xD9, 0xBA, 0xFE, 0xFF, 0xFF, 0xFF, 0xFF,
    0xFF, 0xFF, 0xFF, 0xFF, 0xFF, 0xFF, 0xFF, 0xFF, 0xFF, 0xFF, 0xFF, 0xFF, 0xFF, 0xFF, 0xFF, 0xFF, 0xFF, 0xFF, 0xFF,
    0xFF, 0xBE, 0xFF, 0x55, 0xF5, 0x68, 0xE2, 0xA5, 0xD9, 0x85, 0xD9, 0xE6, 0xE1, 0x07, 0xE2, 0x07, 0xE2, 0xE6, 0xE1,
    0xE6, 0xE1, 0xE6, 0xE1, 0xE6, 0xE1, 0xE6, 0xE1, 0xE6, 0xE1, 0xE6, 0xE1, 0xE6, 0xE1, 0xE6, 0xE1, 0xE6, 0xE1, 0xE6,
    0xE1, 0xE6, 0xE1, 0xE6, 0xE1, 0xE6, 0xE1, 0xE6, 0xE1, 0xE6, 0xE1, 0xE6, 0xE1, 0xE6, 0xE1, 0xE6, 0xE1, 0xE6, 0xE1,
    0xE6, 0xE1, 0xE6, 0xE1, 0xE6, 0xE1, 0xE6, 0xE1, 0xE6, 0xE1, 0xE6, 0xE1, 0xE6, 0xE1, 0xE6, 0xE1, 0xE6, 0xE1, 0xE6,
    0xE1, 0xE6, 0xE1, 0xE6, 0xE1, 0xE6, 0xE1, 0xE6, 0xE1, 0xE6, 0xD9, 0xE6, 0xE1, 0xE6, 0xD9, 0xE3, 0x68, 0xC2, 0x58,
    0xC2, 0x58, 0xA2, 0x50, 0xA2, 0x48, 0x82, 0x40, 0x81, 0x38, 0x61, 0x30, 0x61, 0x30, 0x41, 0x28, 0x41, 0x20, 0x40,
    0x20, 0x40, 0x18, 0x20, 0x18, 0x20, 0x10, 0x20, 0x10, 0x20, 0x08, 0x00, 0x08, 0x00, 0x08, 0x00, 0x08, 0x00, 0x00,
    0x00, 0x00, 0x00, 0x00, 0x00, 0x00, 0x00, 0x00, 0x00, 0x00, 0x00, 0x00, 0x00, 0x00, 0x00, 0x08, 0x00, 0x08, 0x00,
    0x08, 0x20, 0x08, 0x20, 0x10, 0x20, 0x10, 0x20, 0x18, 0x40, 0x18, 0x40, 0x20, 0x41, 0x20, 0x41, 0x28, 0x61, 0x30,
    0x61, 0x30, 0x81, 0x38, 0x82, 0x40, 0xA2, 0x48, 0xA2, 0x50, 0xC2, 0x58, 0xC2, 0x58, 0xE3, 0x68, 0xE6, 0xD9, 0xE6,
    0xE1, 0xE6, 0xD9, 0xE6, 0xD9, 0xE6, 0xD9, 0xE6, 0xD9, 0xE6, 0xD9, 0xE6, 0xD9, 0xE6, 0xD9, 0xE6, 0xD9, 0xE6, 0xD9,
    0xE6, 0xD9, 0xE6, 0xD9, 0xE6, 0xD9, 0xE6, 0xD9, 0xE6, 0xD9, 0xE6, 0xD9, 0xE6, 0xD9, 0xE6, 0xD9, 0xE6, 0xD9, 0xE6,
    0xD9, 0xE6, 0xD9, 0xE6, 0xD9, 0xE6, 0xD9, 0xE6, 0xD9, 0xE6, 0xD9, 0xE6, 0xD9, 0xE6, 0xD9, 0xE6, 0xD9, 0xE6, 0xD9,
    0xE6, 0xD9, 0xE6, 0xD9, 0xE6, 0xD9, 0xE6, 0xD9, 0xE6, 0xD9, 0xE6, 0xD9, 0xE6, 0xD9, 0xE6, 0xD9, 0xE6, 0xD9, 0xE6,
    0xD9, 0xE6, 0xD9, 0xE6, 0xD9, 0xE6, 0xD9, 0x07, 0xE2, 0x85, 0xD9, 0x50, 0xEC, 0xFF, 0xFF, 0xFF, 0xFF, 0xFF, 0xFF,
    0xFF, 0xFF, 0xFF, 0xFF, 0xFF, 0xFF, 0x17, 0xF6, 0x85, 0xD9, 0xE7, 0xD9, 0xE6, 0xD9, 0xE6, 0xD9, 0xE6, 0xD9, 0xE6,
    0xD9, 0xE6, 0xD9, 0xE6, 0xD9, 0xE6, 0xD9, 0xE6, 0xD9, 0xE6, 0xD9, 0xE6, 0xD9, 0xE6, 0xD9, 0xE6, 0xD9, 0xE6, 0xD9,
    0xE6, 0xD9, 0x07, 0xDA, 0xA5, 0xD9, 0x6D, 0xE3, 0xFF, 0xFF, 0xFF, 0xFF, 0xFF, 0xFF, 0xFF, 0xFF, 0xFF, 0xFF, 0xFF,
    0xFF, 0xF3, 0xEC, 0x65, 0xD9, 0x07, 0xE2, 0xE6, 0xD9, 0xE6, 0xD9, 0xE6, 0xD9, 0xE6, 0xD9, 0xE6, 0xD9, 0xE6, 0xD9,
    0xE6, 0xD9, 0xE6, 0xD9, 0xE6, 0xD9, 0xE6, 0xD9, 0xE6, 0xD9, 0xE7, 0xE1, 0xC6, 0xD9, 0x27, 0xE2, 0xDA, 0xFE, 0xFF,
    0xFF, 0xFF, 0xFF, 0xFF, 0xFF, 0xFF, 0xFF, 0xFF, 0xFF, 0xFF, 0xFF, 0xFF, 0xFF, 0xFF, 0xFF, 0xFF, 0xFF, 0xFF, 0xFF,
    0xFF, 0xFF, 0xFF, 0xFF, 0xFF, 0xFF, 0xBE, 0xFF, 0x18, 0xF6, 0xAE, 0xEB, 0x07, 0xDA, 0x65, 0xD9, 0xA5, 0xD9, 0xE6,
    0xD9, 0x07, 0xE2, 0xE7, 0xD9, 0xE6, 0xD9, 0xE6, 0xD9, 0xE6, 0xD9, 0xE6, 0xD9, 0xE6, 0xD9, 0xE6, 0xD9, 0xE6, 0xD9,
    0xE6, 0xD9, 0xE6, 0xD9, 0xE6, 0xD9, 0xE6, 0xD9, 0xE6, 0xD9, 0xE6, 0xD9, 0xE6, 0xD9, 0xE6, 0xD9, 0xE6, 0xD9, 0xE6,
    0xD9, 0xE6, 0xD9, 0xE6, 0xD9, 0xE6, 0xD9, 0xE6, 0xD9, 0xE6, 0xD9, 0xE6, 0xD9, 0xE6, 0xD9, 0xE6, 0xD9, 0xE6, 0xD9,
    0xE6, 0xD9, 0xE6, 0xD9, 0xE6, 0xD9, 0xE6, 0xD9, 0xE6, 0xD9, 0xE6, 0xD9, 0xE6, 0xE1, 0xE6, 0xD9, 0xE3, 0x68, 0xC2,
    0x58, 0xC2, 0x58, 0xA2, 0x50, 0xA2, 0x48, 0x82, 0x40, 0x81, 0x38, 0x61, 0x30, 0x61, 0x30, 0x41, 0x28, 0x41, 0x20,
    0x40, 0x20, 0x40, 0x18, 0x20, 0x18, 0x20, 0x10, 0x20, 0x10, 0x20, 0x08, 0x00, 0x08, 0x00, 0x08, 0x00, 0x08, 0x00,
    0x00, 0x00, 0x00, 0x00, 0x00, 0x00, 0x00, 0x00, 0x00, 0x00, 0x00, 0x00, 0x00, 0x00, 0x00, 0x00, 0x08, 0x00, 0x08,
    0x00, 0x08, 0x20, 0x08, 0x20, 0x10, 0x20, 0x10, 0x20, 0x18, 0x40, 0x18, 0x40, 0x20, 0x41, 0x20, 0x41, 0x28, 0x61,
    0x30, 0x61, 0x30, 0x81, 0x38, 0x82, 0x40, 0xA2, 0x48, 0xA2, 0x50, 0xC2, 0x58, 0xC2, 0x58, 0xE3, 0x68, 0xC6, 0xD9,
    0xE6, 0xE1, 0xE6, 0xD9, 0xE6, 0xD9, 0xE6, 0xD9, 0xE6, 0xD9, 0xE6, 0xD9, 0xE6, 0xD9, 0xE6, 0xD9, 0xE6, 0xD9, 0xE6,
    0xD9, 0xE6, 0xD9, 0xE6, 0xD9, 0xE6, 0xD9, 0xE6, 0xD9, 0xE6, 0xD9, 0xE6, 0xD9, 0xE6, 0xD9, 0xE6, 0xD9, 0xE6, 0xD9,
    0xE6, 0xD9, 0xE6, 0xD9, 0xE6, 0xD9, 0xE6, 0xD9, 0xE6, 0xD9, 0xE6, 0xD9, 0xE6, 0xD9, 0xE6, 0xD9, 0xE6, 0xD9, 0xE6,
    0xD9, 0xE6, 0xD9, 0xE6, 0xD9, 0xE6, 0xD9, 0xE6, 0xD9, 0xE6, 0xD9, 0xE6, 0xD9, 0xE6, 0xD9, 0xE6, 0xD9, 0xE6, 0xD9,
    0xE6, 0xD9, 0xE6, 0xD9, 0xE6, 0xD9, 0x07, 0xE2, 0x85, 0xD9, 0x0B, 0xE3, 0xFF, 0xFF, 0xFF, 0xFF, 0xFF, 0xFF, 0xFF,
    0xFF, 0xFF, 0xFF, 0xFF, 0xFF, 0xBA, 0xFE, 0x27, 0xE2, 0xC6, 0xD9, 0xE7, 0xD9, 0xE6, 0xD9, 0xE6, 0xD9, 0xE6, 0xD9,
    0xE6, 0xD9, 0xE6, 0xD9, 0xE6, 0xD9, 0xE6, 0xD9, 0xE6, 0xD9, 0xE6, 0xD9, 0xE6, 0xD9, 0xE6, 0xD9, 0xE6, 0xD9, 0xE6,
    0xD9, 0xE6, 0xD9, 0xE7, 0xD9, 0x85, 0xD9, 0x6D, 0xE3, 0xFF, 0xFF, 0xFF, 0xFF, 0xFF, 0xFF, 0xFF, 0xFF, 0xFF, 0xFF,
    0xFF, 0xFF, 0xF3, 0xEC, 0x65, 0xD9, 0x07, 0xE2, 0xE6, 0xD9, 0xE6, 0xD9, 0xE6, 0xD9, 0xE6, 0xD9, 0xE6, 0xD9, 0xE6,
    0xD9, 0xE6, 0xD9, 0xE6, 0xD9, 0xE6, 0xD9, 0xE6, 0xD9, 0xE6, 0xD9, 0xE6, 0xD9, 0xE7, 0xD9, 0xA6, 0xD9, 0x27, 0xE2,
    0xDA, 0xFE, 0xFF, 0xFF, 0xFF, 0xFF, 0xFF, 0xFF, 0xFF, 0xFF, 0xFF, 0xFF, 0xFF, 0xFF, 0xFF, 0xFF, 0xFF, 0xFF, 0xFF,
    0xFF, 0xFF, 0xFF, 0xFF, 0xFF, 0xFF, 0xFF, 0xFF, 0xFF, 0xFF, 0xFF, 0xFF, 0xFF, 0x1B, 0xFF, 0x34, 0xF5, 0x8D, 0xE3,
    0xC6, 0xD9, 0x85, 0xD9, 0xC6, 0xD9, 0x07, 0xDA, 0x07, 0xDA, 0xE7, 0xD9, 0xE6, 0xD9, 0xE6, 0xD9, 0xE6, 0xD9, 0xE6,
    0xD9, 0xE6, 0xD9, 0xE6, 0xD9, 0xE6, 0xD9, 0xE6, 0xD9, 0xE6, 0xD9, 0xE6, 0xD9, 0xE6, 0xD9, 0xE6, 0xD9, 0xE6, 0xD9,
    0xE6, 0xD9, 0xE6, 0xD9, 0xE6, 0xD9, 0xE6, 0xD9, 0xE6, 0xD9, 0xE6, 0xD9, 0xE6, 0xD9, 0xE6, 0xD9, 0xE6, 0xD9, 0xE6,
    0xD9, 0xE6, 0xD9, 0xE6, 0xD9, 0xE6, 0xD9, 0xE6, 0xD9, 0xE6, 0xD9, 0xE6, 0xD9, 0xE6, 0xE1, 0xC6, 0xD9, 0xE3, 0x68,
    0xC2, 0x58, 0xC2, 0x58, 0xA2, 0x50, 0xA2, 0x48, 0x82, 0x40, 0x81, 0x38, 0x61, 0x30, 0x61, 0x30, 0x41, 0x28, 0x41,
    0x20, 0x40, 0x20, 0x40, 0x18, 0x20, 0x18, 0x20, 0x10, 0x20, 0x10, 0x20, 0x08, 0x00, 0x08, 0x00, 0x08, 0x00, 0x08,
    0x00, 0x00, 0x00, 0x00, 0x00, 0x00, 0x00, 0x00, 0x00, 0x00, 0x00, 0x00, 0x00, 0x00, 0x00, 0x00, 0x00, 0x08, 0x00,
    0x08, 0x00, 0x08, 0x20, 0x08, 0x20, 0x10, 0x20, 0x10, 0x20, 0x18, 0x40, 0x18, 0x40, 0x20, 0x41, 0x20, 0x41, 0x28,
    0x61, 0x30, 0x61, 0x30, 0x81, 0x38, 0x82, 0x40, 0xA2, 0x48, 0xA2, 0x50, 0xC2, 0x58, 0xC2, 0x58, 0xE3, 0x68, 0xC6,
    0xD9, 0xE6, 0xE1, 0xE6, 0xD9, 0xE6, 0xD9, 0xE6, 0xD9, 0xE6, 0xD9, 0xE6, 0xD9, 0xE6, 0xD9, 0xE6, 0xD9, 0xE6, 0xD9,
    0xE6, 0xD9, 0xE6, 0xD9, 0xE6, 0xD9, 0xE6, 0xD9, 0xE6, 0xD9, 0xE6, 0xD9, 0xE6, 0xD9, 0xE6, 0xD9, 0xE6, 0xD9, 0xE6,
    0xD9, 0xE6, 0xD9, 0xE6, 0xD9, 0xE6, 0xD9, 0xE6, 0xD9, 0xE6, 0xD9, 0xE6, 0xD9, 0xE6, 0xD9, 0xE6, 0xD9, 0xE6, 0xD9,
    0xE6, 0xD9, 0xE6, 0xD9, 0xE6, 0xD9, 0xE6, 0xD9, 0xE6, 0xD9, 0xE6, 0xD9, 0xE6, 0xD9, 0xE6, 0xD9, 0xE6, 0xD9, 0xE6,
    0xD9, 0xE6, 0xD9, 0xE6, 0xD9, 0xE7, 0xD9, 0xA6, 0xD9, 0x27, 0xE2, 0xFB, 0xFE, 0xFF, 0xFF, 0xFF, 0xFF, 0xFF, 0xFF,
    0xFF, 0xFF, 0xFF, 0xFF, 0x7D, 0xFF, 0x48, 0xE2, 0xA6, 0xD9, 0xE7, 0xD9, 0xE6, 0xD9, 0xE6, 0xD9, 0xE6, 0xD9, 0xE6,
    0xD9, 0xE6, 0xD9, 0xE6, 0xD9, 0xE6, 0xD9, 0xE6, 0xD9, 0xE6, 0xD9, 0xE6, 0xD9, 0xE6, 0xD9, 0xE6, 0xD9, 0xE6, 0xD9,
    0xE6, 0xD9, 0xE6, 0xD9, 0x07, 0xE2, 0x65, 0xD9, 0x91, 0xEC, 0xFF, 0xFF, 0xFF, 0xFF, 0xFF, 0xFF, 0xFF, 0xFF, 0xFF,
    0xFF, 0xFF, 0xFF, 0xF3, 0xEC, 0x65, 0xD9, 0x07, 0xE2, 0xE6, 0xD9, 0xE6, 0xD9, 0xE6, 0xD9, 0xE6, 0xD9, 0xE6, 0xD9,
    0xE6, 0xD9, 0xE6, 0xD9, 0xE6, 0xD9, 0xE6, 0xD9, 0xE6, 0xD9, 0xE6, 0xD9, 0xE6, 0xD9, 0xE6, 0xD9, 0x07, 0xDA, 0xA6,
    0xD9, 0x07, 0xE2, 0xFB, 0xFE, 0xFF, 0xFF, 0xFF, 0xFF, 0xFF, 0xFF, 0xFF, 0xFF, 0xFF, 0xFF, 0xFF, 0xFF, 0xFF, 0xFF,
    0xFF, 0xFF, 0xFF, 0xFF, 0xFF, 0xFF, 0xFF, 0xFF, 0xFF, 0xFF, 0xFF, 0xFF, 0xFF, 0xFF, 0xFF, 0xFF, 0xFF, 0xFF, 0xFF,
    0xFF, 0xDB, 0xFE, 0x30, 0xEC, 0x48, 0xE2, 0x85, 0xD9, 0x85, 0xD9, 0xA6, 0xD9, 0xE7, 0xD9, 0xE7, 0xD9, 0xE7, 0xD9,
    0xE6, 0xD9, 0xE6, 0xD9, 0xE6, 0xD9, 0xE6, 0xD9, 0xE6, 0xD9, 0xE6, 0xD9, 0xE6, 0xD9, 0xE6, 0xD9, 0xE6, 0xD9, 0xE6,
    0xD9, 0xE6, 0xD9, 0xE6, 0xD9, 0xE6, 0xD9, 0xE6, 0xD9, 0xE6, 0xD9, 0xE6, 0xD9, 0xE6, 0xD9, 0xE6, 0xD9, 0xE6, 0xD9,
    0xE6, 0xD9, 0xE6, 0xD9, 0xE6, 0xD9, 0xE6, 0xD9, 0xE6, 0xD9, 0xE6, 0xD9, 0xE6, 0xD9, 0xE6, 0xE1, 0xC6, 0xD9, 0xE3,
    0x68, 0xC2, 0x58, 0xC2, 0x58, 0xA2, 0x50, 0xA2, 0x48, 0x82, 0x40, 0x81, 0x38, 0x61, 0x30, 0x61, 0x30, 0x41, 0x28,
    0x41, 0x20, 0x40, 0x20, 0x40, 0x18, 0x20, 0x18, 0x20, 0x10, 0x20, 0x10, 0x20, 0x08, 0x00, 0x08, 0x00, 0x08, 0x00,
    0x08, 0x00, 0x00, 0x00, 0x00, 0x00, 0x00, 0x00, 0x00, 0x00, 0x00, 0x00, 0x00, 0x00, 0x00, 0x00, 0x00, 0x00, 0x08,
    0x00, 0x08, 0x00, 0x08, 0x20, 0x08, 0x20, 0x10, 0x20, 0x10, 0x20, 0x18, 0x40, 0x18, 0x40, 0x20, 0x41, 0x20, 0x41,
    0x28, 0x61, 0x30, 0x61, 0x30, 0x81, 0x38, 0x82, 0x40, 0xA2, 0x48, 0xA2, 0x50, 0xC2, 0x58, 0xC2, 0x58, 0xE3, 0x68,
    0xC6, 0xD1, 0xE6, 0xE1, 0xE6, 0xD9, 0xE6, 0xD9, 0xE6, 0xD9, 0xE6, 0xD9, 0xE6, 0xD9, 0xE6, 0xD9, 0xE6, 0xD9, 0xE6,
    0xD9, 0xE6, 0xD9, 0xE6, 0xD9, 0xE6, 0xD9, 0xE6, 0xD9, 0xE6, 0xD9, 0xE6, 0xD9, 0xE6, 0xD9, 0xE6, 0xD9, 0xE6, 0xD9,
    0xE6, 0xD9, 0xE6, 0xD9, 0xE6, 0xD9, 0xE6, 0xD9, 0xE6, 0xD9, 0xE6, 0xD9, 0xE6, 0xD9, 0xE6, 0xD9, 0xE6, 0xD9, 0xE6,
    0xD9, 0xE6, 0xD9, 0xE6, 0xD9, 0xE6, 0xD9, 0xE6, 0xD9, 0xE6, 0xD9, 0xE6, 0xD9, 0xE6, 0xD9, 0xE6, 0xD9, 0xE6, 0xD9,
    0xE6, 0xD9, 0xE6, 0xD9, 0xE7, 0xD9, 0xC6, 0xD9, 0x27, 0xE2, 0xDA, 0xFE, 0xFF, 0xFF, 0xFF, 0xFF, 0xFF, 0xFF, 0xFF,
    0xFF, 0xFF, 0xFF, 0xFF, 0xFF, 0xCE, 0xEB, 0x85, 0xD9, 0x07, 0xDA, 0xE6, 0xD9, 0xE6, 0xD9, 0xE6, 0xD9, 0xE6, 0xD9,
    0xE6, 0xD9, 0xE6, 0xD9, 0xE6, 0xD9, 0xE6, 0xD9, 0xE6, 0xD9, 0xE6, 0xD9, 0xE6, 0xD9, 0xE6, 0xD9, 0xE6, 0xD9, 0xE6,
    0xD9, 0xE6, 0xD9, 0xE6, 0xD9, 0xE7, 0xD9, 0x64, 0xD9, 0x13, 0xED, 0xFF, 0xFF, 0xFF, 0xFF, 0xFF, 0xFF, 0xFF, 0xFF,
    0xFF, 0xFF, 0xFF, 0xFF, 0xF3, 0xEC, 0x64, 0xD9, 0xE7, 0xD9, 0xE6, 0xD9, 0xE6, 0xD9, 0xE6, 0xD9, 0xE6, 0xD9, 0xE6,
    0xD9, 0xE6, 0xD9, 0xE6, 0xD9, 0xE6, 0xD9, 0xE6, 0xD9, 0xE6, 0xD9, 0xE6, 0xD9, 0xE6, 0xD9, 0xE6, 0xD9, 0xE6, 0xD9,
    0x07, 0xDA, 0x85, 0xD9, 0xCA, 0xE2, 0x9E, 0xFF, 0xFF, 0xFF, 0xFF, 0xFF, 0xFF, 0xFF, 0xFF, 0xFF, 0xFF, 0xFF, 0xFF,
    0xFF, 0xFF, 0xFF, 0xFF, 0xFF, 0xFF, 0xFF, 0xFF, 0xFF, 0xFF, 0xFF, 0xFF, 0xFF, 0xFF, 0xFF, 0xFF, 0xFF, 0xFF, 0xFF,
    0xFF, 0xFF, 0xFF, 0xFF, 0xFF, 0xFF, 0x7D, 0xFF, 0xF7, 0xF5, 0x91, 0xEC, 0xCA, 0xE2, 0x85, 0xD9, 0x85, 0xD9, 0xC6,
    0xD9, 0xE7, 0xD9, 0xE6, 0xD9, 0xE6, 0xD9, 0xE6, 0xD9, 0xE6, 0xD9, 0xE6, 0xD9, 0xE6, 0xD9, 0xE6, 0xD9, 0xE6, 0xD9,
    0xE6, 0xD9, 0xE6, 0xD9, 0xE6, 0xD9, 0xE6, 0xD9, 0xE6, 0xD9, 0xE6, 0xD9, 0xE6, 0xD9, 0xE6, 0xD9, 0xE6, 0xD9, 0xE6,
    0xD9, 0xE6, 0xD9, 0xE6, 0xD9, 0xE6, 0xD9, 0xE6, 0xD9, 0xE6, 0xD9, 0xE6, 0xD9, 0xE6, 0xD9, 0xE6, 0xE1, 0xC6, 0xD1,
    0xE3, 0x68, 0xC2, 0x58, 0xC2, 0x58, 0xA2, 0x50, 0xA2, 0x48, 0x82, 0x40, 0x81, 0x38, 0x61, 0x30, 0x61, 0x30, 0x41,
    0x28, 0x41, 0x20, 0x40, 0x20, 0x40, 0x18, 0x20, 0x18, 0x20, 0x10, 0x20, 0x10, 0x20, 0x08, 0x00, 0x08, 0x00, 0x08,
    0x00, 0x08, 0x00, 0x00, 0x00, 0x00, 0x00, 0x00, 0x00, 0x00, 0x00, 0x00, 0x00, 0x00, 0x00, 0x00, 0x00, 0x00, 0x00,
    0x08, 0x00, 0x08, 0x00, 0x08, 0x20, 0x08, 0x20, 0x10, 0x20, 0x10, 0x20, 0x18, 0x40, 0x18, 0x40, 0x20, 0x41, 0x20,
    0x41, 0x28, 0x61, 0x30, 0x61, 0x30, 0x81, 0x38, 0x82, 0x40, 0xA2, 0x48, 0xA2, 0x50, 0xC2, 0x58, 0xC2, 0x58, 0xE3,
    0x68, 0xC6, 0xD1, 0xE6, 0xE1, 0xE6, 0xD9, 0xE6, 0xD9, 0xE6, 0xD9, 0xE6, 0xD9, 0xE6, 0xD9, 0xE6, 0xD9, 0xE6, 0xD9,
    0xE6, 0xD9, 0xE6, 0xD9, 0xE6, 0xD9, 0xE6, 0xD9, 0xE6, 0xD9, 0xE6, 0xD9, 0xE6, 0xD9, 0xE6, 0xD9, 0xE6, 0xD9, 0xE6,
    0xD9, 0xE6, 0xD9, 0xE6, 0xD9, 0xE6, 0xD9, 0xE6, 0xD9, 0xE6, 0xD9, 0xE6, 0xD9, 0xE6, 0xD9, 0xE6, 0xD9, 0xE6, 0xD9,
    0xE6, 0xD9, 0xE6, 0xD9, 0xE6, 0xD9, 0xE6, 0xD9, 0xE6, 0xD9, 0xE6, 0xD9, 0xE6, 0xD9, 0xE6, 0xD9, 0xE6, 0xD9, 0xE6,
    0xD9, 0xE6, 0xD9, 0xE6, 0xD9, 0xE6, 0xD9, 0xA6, 0xD9, 0xBA, 0xFE, 0xFF, 0xFF, 0xFF, 0xFF, 0xFF, 0xFF, 0xFF, 0xFF,
    0xFF, 0xFF, 0x9E, 0xFF, 0x2C, 0xE3, 0x85, 0xD9, 0xE7, 0xD9, 0xE6, 0xD9, 0xE6, 0xD9, 0xE6, 0xD9, 0xE6, 0xD9, 0xE6,
    0xD9, 0xE6, 0xD9, 0xE6, 0xD9, 0xE6, 0xD9, 0xE6, 0xD9, 0xE6, 0xD9, 0xE6, 0xD9, 0xE6, 0xD9, 0xE6, 0xD9, 0xE6, 0xD9,
    0xE6, 0xD9, 0xE6, 0xD9, 0xE6, 0xD9, 0xE7, 0xD9, 0x64, 0xD9, 0xF3, 0xEC, 0xFF, 0xFF, 0xFF, 0xFF, 0xFF, 0xFF, 0xFF,
    0xFF, 0xFF, 0xFF, 0xFF, 0xFF, 0xD2, 0xEC, 0x64, 0xD9, 0xE7, 0xD9, 0xE6, 0xD9, 0xE6, 0xD9, 0xE6, 0xD9, 0xE6, 0xD9,
    0xE6, 0xD9, 0xE6, 0xD9, 0xE6, 0xD9, 0xE6, 0xD9, 0xE6, 0xD9, 0xE6, 0xD9, 0xE6, 0xD9, 0xE6, 0xD9, 0xE6, 0xD9, 0xE6,
    0xD9, 0xE6, 0xD9, 0xE7, 0xD9, 0x85, 0xD9, 0xCA, 0xE2, 0xDB, 0xFE, 0xFF, 0xFF, 0xFF, 0xFF, 0xFF, 0xFF, 0xFF, 0xFF,
    0xFF, 0xFF, 0xFF, 0xFF, 0xFF, 0xFF, 0xFF, 0xFF, 0xFF, 0xFF, 0xFF, 0xFF, 0xFF, 0xFF, 0xFF, 0xFF, 0xFF, 0xFF, 0xFF,
    0xFF, 0xFF, 0xFF, 0xFF, 0xFF, 0xFF, 0xFF, 0xFF, 0xFF, 0xFF, 0xFF, 0xFF, 0xFF, 0xDF, 0xFF, 0x17, 0xF6, 0xAE, 0xEB,
    0xE7, 0xD9, 0x85, 0xD9, 0xE6, 0xD9, 0xE6, 0xD9, 0xE6, 0xD9, 0xE6, 0xD9, 0xE6, 0xD9, 0xE6, 0xD9, 0xE6, 0xD9, 0xE6,
    0xD9, 0xE6, 0xD9, 0xE6, 0xD9, 0xE6, 0xD9, 0xE6, 0xD9, 0xE6, 0xD9, 0xE6, 0xD9, 0xE6, 0xD9, 0xE6, 0xD9, 0xE6, 0xD9,
    0xE6, 0xD9, 0xE6, 0xD9, 0xE6, 0xD9, 0xE6, 0xD9, 0xE6, 0xD9, 0xE6, 0xD9, 0xE6, 0xD9, 0xE6, 0xD9, 0xE6, 0xE1, 0xC6,
    0xD1, 0xE3, 0x68, 0xC2, 0x58, 0xC2, 0x58, 0xA2, 0x50, 0xA2, 0x48, 0x82, 0x40, 0x81, 0x38, 0x61, 0x30, 0x61, 0x30,
    0x41, 0x28, 0x41, 0x20, 0x40, 0x20, 0x40, 0x18, 0x20, 0x18, 0x20, 0x10, 0x20, 0x10, 0x20, 0x08, 0x00, 0x08, 0x00,
    0x08, 0x00, 0x08, 0x00, 0x00, 0x00, 0x00, 0x00, 0x00, 0x00, 0x00, 0x00, 0x00, 0x00, 0x00, 0x00, 0x00, 0x00, 0x00,
    0x00, 0x00, 0x00, 0x08, 0x00, 0x08, 0x20, 0x08, 0x20, 0x10, 0x20, 0x10, 0x20, 0x18, 0x40, 0x18, 0x40, 0x20, 0x41,
    0x20, 0x41, 0x28, 0x61, 0x30, 0x61, 0x30, 0x81, 0x38, 0x82, 0x40, 0xA2, 0x48, 0xA2, 0x50, 0xA2, 0x58, 0xC2, 0x58,
    0xE3, 0x68, 0xC6, 0xD1, 0xE6, 0xE1, 0xC6, 0xD9, 0xC6, 0xD9, 0xC6, 0xD9, 0xC6, 0xD9, 0xC6, 0xD9, 0xC6, 0xD9, 0xC6,
    0xD9, 0xC6, 0xD9, 0xC6, 0xD9, 0xC6, 0xD9, 0xC6, 0xD9, 0xC6, 0xD9, 0xC6, 0xD9, 0xC6, 0xD9, 0xC6, 0xD9, 0xC6, 0xD9,
    0xC6, 0xD9, 0xC6, 0xD9, 0xC6, 0xD9, 0xC6, 0xD9, 0xC6, 0xD9, 0xC6, 0xD9, 0xC6, 0xD9, 0xC6, 0xD9, 0xC6, 0xD9, 0xC6,
    0xD9, 0xC6, 0xD9, 0xC6, 0xD9, 0xC6, 0xD9, 0xC6, 0xD9, 0xC6, 0xD9, 0xC6, 0xD9, 0xC6, 0xD9, 0xC6, 0xD9, 0xC6, 0xD9,
    0xC6, 0xD9, 0xE6, 0xD9, 0xE6, 0xD9, 0x64, 0xD9, 0xB2, 0xEC, 0xFF, 0xFF, 0xDF, 0xFF, 0xFF, 0xFF, 0xFF, 0xFF, 0xFF,
    0xFF, 0x9E, 0xFF, 0x0B, 0xE3, 0x65, 0xD9, 0xE7, 0xD9, 0xC6, 0xD9, 0xC6, 0xD9, 0xC6, 0xD9, 0xC6, 0xD9, 0xC6, 0xD9,
    0xC6, 0xD9, 0xC6, 0xD9, 0xC6, 0xD9, 0xC6, 0xD9, 0xC6, 0xD9, 0xC6, 0xD9, 0xC6, 0xD9, 0xC6, 0xD9, 0xC6, 0xD9, 0xC6,
    0xD9, 0xC6, 0xD9, 0xC6, 0xD9, 0xC6, 0xD9, 0xE7, 0xD9, 0x64, 0xD9, 0xF3, 0xEC, 0xFF, 0xFF, 0xFF, 0xFF, 0xFF, 0xFF,
    0xFF, 0xFF, 0xFF, 0xFF, 0xFF, 0xFF, 0xB6, 0xF5, 0x65, 0xD9, 0xE7, 0xD9, 0xC6, 0xD9, 0xC6, 0xD9, 0xC6, 0xD9, 0xC6,
    0xD9, 0xC6, 0xD9, 0xC6, 0xD9, 0xC6, 0xD9, 0xC6, 0xD9, 0xC6, 0xD9, 0xC6, 0xD9, 0xC6, 0xD9, 0xC6, 0xD9, 0xC6, 0xD9,
    0xC6, 0xD9, 0xC6, 0xD9, 0xC6, 0xD9, 0xE7, 0xD9, 0x85, 0xD9, 0x07, 0xDA, 0x9A, 0xFE, 0xFF, 0xFF, 0xFF, 0xFF, 0xFF,
    0xFF, 0xFF, 0xFF, 0xFF, 0xFF, 0xFF, 0xFF, 0xFF, 0xFF, 0xFF, 0xFF, 0xFF, 0xFF, 0xFF, 0xFF, 0xFF, 0xFF, 0xFF, 0xFF,
    0xFF, 0xFF, 0xFF, 0xFF, 0xFF, 0xFF, 0xFF, 0xFF, 0xFF, 0xFF, 0xFF, 0xFF, 0xDF, 0xFF, 0xFF, 0xFF, 0xFF, 0xFF, 0xFF,
    0xFF, 0xDB, 0xFE, 0x6D, 0xE3, 0xC6, 0xD9, 0xE6, 0xD9, 0xC6, 0xD9, 0xC6, 0xD9, 0xC6, 0xD9, 0xC6, 0xD9, 0xC6, 0xD9,
    0xC6, 0xD9, 0xC6, 0xD9, 0xC6, 0xD9, 0xC6, 0xD9, 0xC6, 0xD9, 0xC6, 0xD9, 0xC6, 0xD9, 0xC6, 0xD9, 0xC6, 0xD9, 0xC6,
    0xD9, 0xC6, 0xD9, 0xC6, 0xD9, 0xC6, 0xD9, 0xC6, 0xD9, 0xC6, 0xD9, 0xC6, 0xD9, 0xC6, 0xD9, 0xC6, 0xD9, 0xE6, 0xE1,
    0xC6, 0xD1, 0xE3, 0x68, 0xC2, 0x58, 0xA2, 0x58, 0xA2, 0x50, 0xA2, 0x48, 0x82, 0x40, 0x81, 0x38, 0x61, 0x30, 0x61,
    0x30, 0x41, 0x28, 0x41, 0x20, 0x40, 0x20, 0x40, 0x18, 0x20, 0x18, 0x20, 0x10, 0x20, 0x10, 0x20, 0x08, 0x00, 0x08,
    0x00, 0x08, 0x00, 0x00, 0x00, 0x00, 0x00, 0x00, 0x00, 0x00, 0x00, 0x00, 0x00, 0x00, 0x00, 0x00, 0x00, 0x00, 0x00,
    0x00, 0x00, 0x00, 0x00, 0x08, 0x00, 0x08, 0x20, 0x08, 0x20, 0x10, 0x20, 0x10, 0x20, 0x18, 0x40, 0x18, 0x40, 0x20,
    0x41, 0x20, 0x41, 0x28, 0x61, 0x30, 0x61, 0x30, 0x81, 0x38, 0x81, 0x40, 0xA2, 0x48, 0xA2, 0x50, 0xA2, 0x58, 0xC2,
    0x58, 0xE3, 0x68, 0xC6, 0xD1, 0xE6, 0xD9, 0xC6, 0xD9, 0xC6, 0xD9, 0xC6, 0xD9, 0xC6, 0xD9, 0xC6, 0xD9, 0xC6, 0xD9,
    0xC6, 0xD9, 0xC6, 0xD9, 0xC6, 0xD9, 0xC6, 0xD9, 0xC6, 0xD9, 0xC6, 0xD9, 0xC6, 0xD9, 0xC6, 0xD9, 0xC6, 0xD9, 0xC6,
    0xD9, 0xC6, 0xD9, 0xC6, 0xD9, 0xC6, 0xD9, 0xC6, 0xD9, 0xC6, 0xD9, 0xC6, 0xD9, 0xC6, 0xD9, 0xC6, 0xD9, 0xC6, 0xD9,
    0xC6, 0xD9, 0xC6, 0xD9, 0xC6, 0xD9, 0xC6, 0xD9, 0xC6, 0xD9, 0xC6, 0xD9, 0xC6, 0xD9, 0xC6, 0xD9, 0xC6, 0xD9, 0xC6,
    0xD9, 0xE6, 0xD9, 0xC6, 0xD9, 0x85, 0xD9, 0x75, 0xF5, 0xFF, 0xFF, 0xFF, 0xFF, 0xFF, 0xFF, 0xFF, 0xFF, 0xFF, 0xFF,
    0x9E, 0xFF, 0x0B, 0xE3, 0x65, 0xD9, 0xE7, 0xD9, 0xC6, 0xD9, 0xC6, 0xD9, 0xC6, 0xD9, 0xC6, 0xD9, 0xC6, 0xD9, 0xC6,
    0xD9, 0xC6, 0xD9, 0xC6, 0xD9, 0xC6, 0xD9, 0xC6, 0xD9, 0xC6, 0xD9, 0xC6, 0xD9, 0xC6, 0xD9, 0xC6, 0xD9, 0xC6, 0xD9,
    0xC6, 0xD9, 0xC6, 0xD9, 0xC6, 0xD9, 0xC6, 0xD9, 0xE7, 0xD9, 0x64, 0xD9, 0x13, 0xED, 0xFF, 0xFF, 0xFF, 0xFF, 0xFF,
    0xFF, 0xFF, 0xFF, 0xFF, 0xFF, 0xFF, 0xFF, 0x99, 0xF6, 0x85, 0xD9, 0xE7, 0xD9, 0xC6, 0xD9, 0xC6, 0xD9, 0xC6, 0xD9,
    0xC6, 0xD9, 0xC6, 0xD9, 0xC6, 0xD9, 0xC6, 0xD9, 0xC6, 0xD9, 0xC6, 0xD9, 0xC6, 0xD9, 0xC6, 0xD9, 0xC6, 0xD9, 0xC6,
    0xD9, 0xC6, 0xD9, 0xC6, 0xD9, 0xC6, 0xD9, 0xC6, 0xD9, 0xE7, 0xD9, 0xC6, 0xD9, 0xA6, 0xD9, 0x96, 0xF5, 0xFF, 0xFF,
    0xFF, 0xFF, 0xFF, 0xFF, 0xFF, 0xFF, 0xFF, 0xFF, 0xFF, 0xFF, 0xFF, 0xFF, 0xFF, 0xFF, 0xFF, 0xFF, 0xFF, 0xFF, 0xFF,
    0xFF, 0xFF, 0xFF, 0xFF, 0xFF, 0xFF, 0xFF, 0xFF, 0xFF, 0xFF, 0xFF, 0xFF, 0xFF, 0xFF, 0xFF, 0xFF, 0xFF, 0xFF, 0xFF,
    0xFF, 0xFF, 0xFF, 0xFF, 0xFF, 0xFF, 0x27, 0xDA, 0xC6, 0xD9, 0xE6, 0xD9, 0xC6, 0xD9, 0xC6, 0xD9, 0xC6, 0xD9, 0xC6,
    0xD9, 0xC6, 0xD9, 0xC6, 0xD9, 0xC6, 0xD9, 0xC6, 0xD9, 0xC6, 0xD9, 0xC6, 0xD9, 0xC6, 0xD9, 0xC6, 0xD9, 0xC6, 0xD9,
    0xC6, 0xD9, 0xC6, 0xD9, 0xC6, 0xD9, 0xC6, 0xD9, 0xC6, 0xD9, 0xC6, 0xD9, 0xC6, 0xD9, 0xC6, 0xD9, 0xC6, 0xD9, 0xE6,
    0xD9, 0xC6, 0xD1, 0xE3, 0x68, 0xC2, 0x58, 0xA2, 0x58, 0xA2, 0x50, 0xA2, 0x48, 0x81, 0x40, 0x81, 0x38, 0x61, 0x30,
    0x61, 0x30, 0x41, 0x28, 0x41, 0x20, 0x40, 0x20, 0x40, 0x18, 0x20, 0x18, 0x20, 0x10, 0x20, 0x10, 0x20, 0x08, 0x00,
    0x08, 0x00, 0x08, 0x00, 0x00, 0x00, 0x00, 0x00, 0x00, 0x00, 0x00, 0x00, 0x00, 0x00, 0x00, 0x00, 0x00, 0x00, 0x00,
    0x00, 0x00, 0x00, 0x00, 0x00, 0x08, 0x00, 0x08, 0x20, 0x08, 0x20, 0x10, 0x20, 0x10, 0x20, 0x10, 0x20, 0x18, 0x40,
    0x20, 0x41, 0x20, 0x41, 0x28, 0x61, 0x28, 0x61, 0x30, 0x81, 0x38, 0x81, 0x40, 0xA2, 0x48, 0xA2, 0x50, 0xA2, 0x50,
    0xC2, 0x58, 0xE3, 0x68, 0xC6, 0xD1, 0xC6, 0xD9, 0xC6, 0xD9, 0xC6, 0xD9, 0xC6, 0xD9, 0xC6, 0xD9, 0xC6, 0xD9, 0xC6,
    0xD9, 0xC6, 0xD9, 0xC6, 0xD9, 0xC6, 0xD9, 0xC6, 0xD9, 0xC6, 0xD9, 0xC6, 0xD9, 0xC6, 0xD9, 0xC6, 0xD9, 0xC6, 0xD9,
    0xC6, 0xD9, 0xC6, 0xD9, 0xC6, 0xD9, 0xC6, 0xD9, 0xC6, 0xD9, 0xC6, 0xD9, 0xC6, 0xD9, 0xC6, 0xD9, 0xC6, 0xD9, 0xC6,
    0xD9, 0xC6, 0xD9, 0xC6, 0xD9, 0xC6, 0xD9, 0xC6, 0xD9, 0xC6, 0xD9, 0xC6, 0xD9, 0xC6, 0xD9, 0xC6, 0xD9, 0xC6, 0xD9,
    0xE6, 0xD9, 0xE7, 0xD9, 0x85, 0xD9, 0x96, 0xF5, 0xFF, 0xFF, 0xFF, 0xFF, 0xFF, 0xFF, 0xFF, 0xFF, 0xFF, 0xFF, 0x79,
    0xF6, 0xCB, 0xE2, 0x65, 0xD9, 0xE7, 0xD9, 0xC6, 0xD9, 0xC6, 0xD9, 0xC6, 0xD9, 0xC6, 0xD9, 0xC6, 0xD9, 0xC6, 0xD9,
    0xC6, 0xD9, 0xC6, 0xD9, 0xC6, 0xD9, 0xC6, 0xD9, 0xC6, 0xD9, 0xC6, 0xD9, 0xC6, 0xD9, 0xC6, 0xD9, 0xC6, 0xD9, 0xC6,
    0xD9, 0xC6, 0xD9, 0xC6, 0xD9, 0xC6, 0xD9, 0xC6, 0xD9, 0xE7, 0xD9, 0x85, 0xD9, 0x59, 0xF6, 0xFF, 0xFF, 0xFF, 0xFF,
    0xFF, 0xFF, 0xFF, 0xFF, 0xFF, 0xFF, 0xFF, 0xFF, 0x79, 0xF6, 0x85, 0xD9, 0xE7, 0xD9, 0xC6, 0xD9, 0xC6, 0xD9, 0xC6,
    0xD9, 0xC6, 0xD9, 0xC6, 0xD9, 0xC6, 0xD9, 0xC6, 0xD9, 0xC6, 0xD9, 0xC6, 0xD9, 0xC6, 0xD9, 0xC6, 0xD9, 0xC6, 0xD9,
    0xC6, 0xD9, 0xC6, 0xD9, 0xC6, 0xD9, 0xC6, 0xD9, 0xC6, 0xD9, 0xC6, 0xD9, 0xE7, 0xD9, 0xC6, 0xD9, 0x85, 0xD9, 0x75,
    0xF5, 0xFF, 0xFF, 0xFF, 0xFF, 0xFF, 0xFF, 0xFF, 0xFF, 0xFF, 0xFF, 0xFF, 0xFF, 0xFF, 0xFF, 0xFF, 0xFF, 0xFF, 0xFF,
    0xFF, 0xFF, 0xFF, 0xFF, 0xFF, 0xFF, 0xFF, 0xFF, 0xFF, 0xFF, 0xFF, 0xFF, 0xFF, 0xFF, 0x9E, 0xFF, 0x1B, 0xFF, 0x34,
    0xF5, 0xD3, 0xEC, 0xD2, 0xEC, 0x2C, 0xE3, 0xC6, 0xD9, 0xC6, 0xD9, 0xC6, 0xD9, 0xC6, 0xD9, 0xC6, 0xD9, 0xC6, 0xD9,
    0xC6, 0xD9, 0xC6, 0xD9, 0xC6, 0xD9, 0xC6, 0xD9, 0xC6, 0xD9, 0xC6, 0xD9, 0xC6, 0xD9, 0xC6, 0xD9, 0xC6, 0xD9, 0xC6,
    0xD9, 0xC6, 0xD9, 0xC6, 0xD9, 0xC6, 0xD9, 0xC6, 0xD9, 0xC6, 0xD9, 0xC6, 0xD9, 0xC6, 0xD9, 0xC6, 0xD9, 0xC6, 0xD9,
    0xC6, 0xD9, 0xC6, 0xD1, 0xE3, 0x68, 0xC2, 0x58, 0xA2, 0x50, 0xA2, 0x50, 0xA2, 0x48, 0x81, 0x40, 0x81, 0x38, 0x61,
    0x30, 0x61, 0x28, 0x41, 0x28, 0x41, 0x20, 0x40, 0x20, 0x20, 0x18, 0x20, 0x10, 0x20, 0x10, 0x20, 0x10, 0x20, 0x08,
    0x00, 0x08, 0x00, 0x08, 0x00, 0x00, 0x00, 0x00, 0x00, 0x00, 0x00, 0x00, 0x00, 0x00, 0x00, 0x00, 0x00, 0x00, 0x00,
    0x00, 0x00, 0x00, 0x00, 0x00, 0x00, 0x08, 0x00, 0x08, 0x20, 0x08, 0x20, 0x10, 0x20, 0x10, 0x20, 0x10, 0x20, 0x18,
    0x40, 0x18, 0x41, 0x20, 0x41, 0x28, 0x61, 0x28, 0x61, 0x30, 0x81, 0x38, 0x81, 0x40, 0xA2, 0x48, 0xA2, 0x48, 0xA2,
    0x50, 0xC2, 0x58, 0xE3, 0x68, 0xC6, 0xD1, 0xC6, 0xD9, 0xC6, 0xD9, 0xC6, 0xD9, 0xC6, 0xD9, 0xC6, 0xD9, 0xC6, 0xD9,
    0xC6, 0xD9, 0xC6, 0xD9, 0xC6, 0xD9, 0xC6, 0xD9, 0xC6, 0xD9, 0xC6, 0xD9, 0xC6, 0xD9, 0xC6, 0xD9, 0xC6, 0xD9, 0xC6,
    0xD9, 0xC6, 0xD9, 0xC6, 0xD9, 0xC6, 0xD9, 0xC6, 0xD9, 0xC6, 0xD9, 0xC6, 0xD9, 0xC6, 0xD9, 0xC6, 0xD9, 0xC6, 0xD9,
    0xC6, 0xD9, 0xC6, 0xD9, 0xC6, 0xD9, 0xC6, 0xD9, 0xC6, 0xD9, 0xC6, 0xD9, 0xC6, 0xD9, 0xC6, 0xD9, 0xC6, 0xD9, 0xC6,
    0xD9, 0xC6, 0xD9, 0x24, 0xD9, 0x91, 0xEC, 0xFF, 0xFF, 0xDF, 0xFF, 0xFF, 0xFF, 0xFF, 0xFF, 0xFF, 0xFF, 0x95, 0xF5,
    0x65, 0xD9, 0x85, 0xD9, 0xE7, 0xD9, 0xC6, 0xD9, 0xC6, 0xD9, 0xC6, 0xD9, 0xC6, 0xD9, 0xC6, 0xD9, 0xC6, 0xD9, 0xC6,
    0xD9, 0xC6, 0xD9, 0xC6, 0xD9, 0xC6, 0xD9, 0xC6, 0xD9, 0xC6, 0xD9, 0xC6, 0xD9, 0xC6, 0xD9, 0xC6, 0xD9, 0xC6, 0xD9,
    0xC6, 0xD9, 0xC6, 0xD9, 0xC6, 0xD9, 0xC6, 0xD9, 0xC6, 0xD9, 0xE7, 0xD9, 0x85, 0xD9, 0x79, 0xF6, 0xFF, 0xFF, 0xFF,
    0xFF, 0xFF, 0xFF, 0xFF, 0xFF, 0xFF, 0xFF, 0xFF, 0xFF, 0x79, 0xF6, 0x85, 0xD9, 0xE7, 0xD9, 0xC6, 0xD9, 0xC6, 0xD9,
    0xC6, 0xD9, 0xC6, 0xD9, 0xC6, 0xD9, 0xC6, 0xD9, 0xC6, 0xD9, 0xC6, 0xD9, 0xC6, 0xD9, 0xC6, 0xD9, 0xC6, 0xD9, 0xC6,
    0xD9, 0xC6, 0xD9, 0xC6, 0xD9, 0xC6, 0xD9, 0xC6, 0xD9, 0xC6, 0xD9, 0xC6, 0xD9, 0xC6, 0xD9, 0xC6, 0xD9, 0xC6, 0xD9,
    0x85, 0xD9, 0x4D, 0xE3, 0x58, 0xF6, 0xFF, 0xFF, 0xFF, 0xFF, 0xFF, 0xFF, 0xFF, 0xFF, 0xFF, 0xFF, 0xFF, 0xFF, 0xFF,
    0xFF, 0xDF, 0xFF, 0xBA, 0xFE, 0x59, 0xF6, 0x55, 0xF5, 0xB2, 0xEC, 0x8D, 0xE3, 0x0B, 0xE3, 0x28, 0xDA, 0xE7, 0xD9,
    0x44, 0xD9, 0x44, 0xD9, 0x64, 0xD9, 0x85, 0xD9, 0xC6, 0xD9, 0xC6, 0xD9, 0xC6, 0xD9, 0xC6, 0xD9, 0xC6, 0xD9, 0xC6,
    0xD9, 0xC6, 0xD9, 0xC6, 0xD9, 0xC6, 0xD9, 0xC6, 0xD9, 0xC6, 0xD9, 0xC6, 0xD9, 0xC6, 0xD9, 0xC6, 0xD9, 0xC6, 0xD9,
    0xC6, 0xD9, 0xC6, 0xD9, 0xC6, 0xD9, 0xC6, 0xD9, 0xC6, 0xD9, 0xC6, 0xD9, 0xC6, 0xD9, 0xC6, 0xD9, 0xC6, 0xD9, 0xC6,
    0xD9, 0xC6, 0xD9, 0xC6, 0xD1, 0xE3, 0x68, 0xC2, 0x58, 0xA2, 0x50, 0xA2, 0x48, 0xA2, 0x48, 0x81, 0x40, 0x81, 0x38,
    0x61, 0x30, 0x61, 0x28, 0x41, 0x28, 0x41, 0x20, 0x40, 0x18, 0x20, 0x18, 0x20, 0x10, 0x20, 0x10, 0x20, 0x10, 0x20,
    0x08, 0x00, 0x08, 0x00, 0x08, 0x00, 0x00, 0x00, 0x00, 0x00, 0x00, 0x00, 0x00, 0x00, 0x00, 0x00, 0x00, 0x00, 0x00,
    0x00, 0x00, 0x00, 0x00, 0x00, 0x00, 0x00, 0x08, 0x00, 0x08, 0x20, 0x08, 0x20, 0x10, 0x20, 0x10, 0x20, 0x10, 0x20,
    0x18, 0x40, 0x18, 0x41, 0x20, 0x41, 0x28, 0x61, 0x28, 0x61, 0x30, 0x81, 0x38, 0x81, 0x40, 0xA2, 0x40, 0xA2, 0x48,
    0xA2, 0x50, 0xC2, 0x58, 0xE3, 0x68, 0xC6, 0xD1, 0xC6, 0xD9, 0xC6, 0xD9, 0xC6, 0xD9, 0xC6, 0xD9, 0xC6, 0xD9, 0xC6,
    0xD9, 0xC6, 0xD9, 0xC6, 0xD9, 0xC6, 0xD9, 0xC6, 0xD9, 0xC6, 0xD9, 0xC6, 0xD9, 0xC6, 0xD9, 0xC6, 0xD9, 0xC6, 0xD9,
    0xC6, 0xD9, 0xC6, 0xD9, 0xC6, 0xD9, 0xC6, 0xD9, 0xC6, 0xD9, 0xC6, 0xD9, 0xC6, 0xD9, 0xC6, 0xD9, 0xC6, 0xD9, 0xC6,
    0xD9, 0xC6, 0xD9, 0xC6, 0xD9, 0xC6, 0xD9, 0xC6, 0xD9, 0xC6, 0xD9, 0xC6, 0xD9, 0xC6, 0xD9, 0xC6, 0xD9, 0xE6, 0xD9,
    0xC6, 0xD9, 0xA6, 0xD9, 0x54, 0xF5, 0xFF, 0xFF, 0xDF, 0xFF, 0xFF, 0xFF, 0xFF, 0xFF, 0x7D, 0xFF, 0xB2, 0xEC, 0x85,
    0xD9, 0xC6, 0xD9, 0xE7, 0xD9, 0xC6, 0xD9, 0xC6, 0xD9, 0xC6, 0xD9, 0xC6, 0xD9, 0xC6, 0xD9, 0xC6, 0xD9, 0xC6, 0xD9,
    0xC6, 0xD9, 0xC6, 0xD9, 0xC6, 0xD9, 0xC6, 0xD9, 0xC6, 0xD9, 0xC6, 0xD9, 0xC6, 0xD9, 0xC6, 0xD9, 0xC6, 0xD9, 0xC6,
    0xD9, 0xC6, 0xD9, 0xC6, 0xD9, 0xC6, 0xD9, 0xC6, 0xD9, 0xC6, 0xD9, 0xE7, 0xD9, 0x85, 0xD9, 0x59, 0xF6, 0xFF, 0xFF,
    0xFF, 0xFF, 0xFF, 0xFF, 0xFF, 0xFF, 0xFF, 0xFF, 0xFF, 0xFF, 0x79, 0xF6, 0x85, 0xD9, 0xE6, 0xD9, 0xC6, 0xD9, 0xC6,
    0xD9, 0xC6, 0xD9, 0xC6, 0xD9, 0xC6, 0xD9, 0xC6, 0xD9, 0xC6, 0xD9, 0xC6, 0xD9, 0xC6, 0xD9, 0xC6, 0xD9, 0xC6, 0xD9,
    0xC6, 0xD9, 0xC6, 0xD9, 0xC6, 0xD9, 0xC6, 0xD9, 0xC6, 0xD9, 0xC6, 0xD9, 0xC6, 0xD9, 0xC6, 0xD9, 0xC6, 0xD9, 0xC6,
    0xD9, 0xE6, 0xD9, 0x65, 0xD9, 0x85, 0xD9, 0x0B, 0xE3, 0x95, 0xF5, 0x79, 0xF6, 0x96, 0xF5, 0xD2, 0xEC, 0x30, 0xEC,
    0x4C, 0xE3, 0x89, 0xE2, 0xA6, 0xD9, 0x85, 0xD9, 0x65, 0xD9, 0x44, 0xD9, 0x65, 0xD9, 0x85, 0xD9, 0xA6, 0xD9, 0xC6,
    0xD9, 0xE7, 0xD9, 0xE7, 0xD9, 0xE7, 0xD9, 0xE6, 0xD9, 0xC6, 0xD9, 0xC6, 0xD9, 0xC6, 0xD9, 0xC6, 0xD9, 0xC6, 0xD9,
    0xC6, 0xD9, 0xC6, 0xD9, 0xC6, 0xD9, 0xC6, 0xD9, 0xC6, 0xD9, 0xC6, 0xD9, 0xC6, 0xD9, 0xC6, 0xD9, 0xC6, 0xD9, 0xC6,
    0xD9, 0xC6, 0xD9, 0xC6, 0xD9, 0xC6, 0xD9, 0xC6, 0xD9, 0xC6, 0xD9, 0xC6, 0xD9, 0xC6, 0xD9, 0xC6, 0xD9, 0xC6, 0xD9,
    0xC6, 0xD9, 0xC6, 0xD9, 0xC6, 0xD1, 0xE3, 0x68, 0xC2, 0x58, 0xA2, 0x50, 0xA2, 0x48, 0xA2, 0x40, 0x81, 0x40, 0x81,
    0x38, 0x61, 0x30, 0x61, 0x28, 0x41, 0x28, 0x41, 0x20, 0x40, 0x18, 0x20, 0x18, 0x20, 0x10, 0x20, 0x10, 0x20, 0x10,
    0x20, 0x08, 0x00, 0x08, 0x00, 0x08, 0x00, 0x00, 0x00, 0x00, 0x00, 0x00, 0x00, 0x00, 0x00, 0x00, 0x00, 0x00, 0x00,
    0x00, 0x00, 0x00, 0x00, 0x00, 0x00, 0x00, 0x00, 0x08, 0x00, 0x08, 0x20, 0x08, 0x20, 0x10, 0x20, 0x10, 0x20, 0x10,
    0x20, 0x18, 0x40, 0x18, 0x41, 0x20, 0x41, 0x28, 0x61, 0x28, 0x61, 0x30, 0x81, 0x38, 0x81, 0x40, 0x82, 0x40, 0xA2,
    0x48, 0xA2, 0x50, 0xC2, 0x58, 0xE3, 0x68, 0xA6, 0xD1, 0xC6, 0xD9, 0xC6, 0xD9, 0xC6, 0xD9, 0xC6, 0xD9, 0xC6, 0xD9,
    0xC6, 0xD9, 0xC6, 0xD9, 0xC6, 0xD9, 0xC6, 0xD9, 0xC6, 0xD9, 0xC6, 0xD9, 0xC6, 0xD9, 0xC6, 0xD9, 0xC6, 0xD9, 0xC6,
    0xD9, 0xC6, 0xD9, 0xC6, 0xD9, 0xC6, 0xD9, 0xC6, 0xD9, 0xC6, 0xD9, 0xC6, 0xD9, 0xC6, 0xD9, 0xC6, 0xD9, 0xC6, 0xD9,
    0xC6, 0xD9, 0xC6, 0xD9, 0xC6, 0xD9, 0xC6, 0xD9, 0xC6, 0xD9, 0xC6, 0xD9, 0xC6, 0xD9, 0xC6, 0xD9, 0xE7, 0xD9, 0xA6,
    0xD9, 0xA6, 0xD9, 0x79, 0xF6, 0xFF, 0xFF, 0xDF, 0xFF, 0xFF, 0xFF, 0xFF, 0xFF, 0x58, 0xF6, 0x48, 0xDA, 0x44, 0xD9,
    0xC6, 0xD9, 0xC6, 0xD9, 0xC6, 0xD9, 0xC6, 0xD9, 0xC6, 0xD9, 0xC6, 0xD9, 0xC6, 0xD9, 0xC6, 0xD9, 0xC6, 0xD9, 0xC6,
    0xD9, 0xC6, 0xD9, 0xC6, 0xD9, 0xC6, 0xD9, 0xC6, 0xD9, 0xE7, 0xD9, 0xC6, 0xD9, 0xC6, 0xD9, 0xC6, 0xD9, 0xC6, 0xD9,
    0xC6, 0xD9, 0xC6, 0xD9, 0xC6, 0xD9, 0xC6, 0xD9, 0xC6, 0xD9, 0xC6, 0xD9, 0xC6, 0xD9, 0xA6, 0xD9, 0xBA, 0xFE, 0xFF,
    0xFF, 0xFF, 0xFF, 0xFF, 0xFF, 0xFF, 0xFF, 0xFF, 0xFF, 0xFF, 0xFF, 0x59, 0xF6, 0x65, 0xD9, 0xC6, 0xD9, 0xC6, 0xD9,
    0xC6, 0xD9, 0xC6, 0xD9, 0xC6, 0xD9, 0xC6, 0xD9, 0xC6, 0xD9, 0xC6, 0xD9, 0xC6, 0xD9, 0xC6, 0xD9, 0xC6, 0xD9, 0xC6,
    0xD9, 0xC6, 0xD9, 0xC6, 0xD9, 0xC6, 0xD9, 0xC6, 0xD9, 0xC6, 0xD9, 0xC6, 0xD9, 0xC6, 0xD9, 0xC6, 0xD9, 0xC6, 0xD9,
    0xC6, 0xD9, 0xC6, 0xD9, 0xE6, 0xD9, 0xC6, 0xD9, 0x85, 0xD9, 0x65, 0xD9, 0x85, 0xD9, 0x65, 0xD9, 0x44, 0xD9, 0x65,
    0xD9, 0x65, 0xD9, 0xA6, 0xD9, 0xC6, 0xD9, 0xC6, 0xD9, 0xE7, 0xD9, 0xE7, 0xD9, 0xC6, 0xD9, 0xC6, 0xD9, 0xC6, 0xD9,
    0xC6, 0xD9, 0xC6, 0xD9, 0xC6, 0xD9, 0xC6, 0xD9, 0xC6, 0xD9, 0xC6, 0xD9, 0xC6, 0xD9, 0xC6, 0xD9, 0xC6, 0xD9, 0xC6,
    0xD9, 0xC6, 0xD9, 0xC6, 0xD9, 0xC6, 0xD9, 0xC6, 0xD9, 0xC6, 0xD9, 0xC6, 0xD9, 0xC6, 0xD9, 0xC6, 0xD9, 0xC6, 0xD9,
    0xC6, 0xD9, 0xC6, 0xD9, 0xC6, 0xD9, 0xC6, 0xD9, 0xC6, 0xD9, 0xC6, 0xD9, 0xC6, 0xD9, 0xC6, 0xD9, 0xC6, 0xD9, 0xC6,
    0xD9, 0xC6, 0xD9, 0xC6, 0xD9, 0xA6, 0xD1, 0xE3, 0x68, 0xC2, 0x58, 0xA2, 0x50, 0xA2, 0x48, 0x82, 0x40, 0x81, 0x40,
    0x81, 0x38, 0x61, 0x30, 0x61, 0x28, 0x41, 0x28, 0x41, 0x20, 0x40, 0x18, 0x20, 0x18, 0x20, 0x10, 0x20, 0x10, 0x20,
    0x10, 0x20, 0x08, 0x00, 0x08, 0x00, 0x08, 0x00, 0x00, 0x00, 0x00, 0x00, 0x00, 0x00, 0x00, 0x00, 0x00, 0x00, 0x00,
    0x00, 0x00, 0x00, 0x00, 0x00, 0x00, 0x00, 0x00, 0x00, 0x08, 0x00, 0x08, 0x00, 0x08, 0x20, 0x10, 0x20, 0x10, 0x20,
    0x10, 0x20, 0x18, 0x40, 0x18, 0x41, 0x20, 0x41, 0x28, 0x61, 0x28, 0x61, 0x30, 0x81, 0x38, 0x81, 0x38, 0x82, 0x40,
    0xA2, 0x48, 0xA2, 0x50, 0xC2, 0x58, 0xE3, 0x68, 0xA6, 0xD1, 0xC6, 0xD9, 0xC6, 0xD9, 0xC6, 0xD9, 0xC6, 0xD9, 0xC6,
    0xD9, 0xC6, 0xD9, 0xC6, 0xD9, 0xC6, 0xD9, 0xC6, 0xD9, 0xC6, 0xD9, 0xC6, 0xD9, 0xC6, 0xD9, 0xC6, 0xD9, 0xC6, 0xD9,
    0xC6, 0xD9, 0xC6, 0xD9, 0xC6, 0xD9, 0xC6, 0xD9, 0xC6, 0xD9, 0xC6, 0xD9, 0xC6, 0xD9, 0xC6, 0xD9, 0xC6, 0xD9, 0xC6,
    0xD9, 0xC6, 0xD9, 0xC6, 0xD9, 0xC6, 0xD9, 0xC6, 0xD9, 0xC6, 0xD9, 0xC6, 0xD9, 0xC6, 0xD9, 0xE7, 0xD9, 0x85, 0xD9,
    0xC6, 0xD9, 0xB6, 0xF5, 0xFF, 0xFF, 0xFF, 0xFF, 0xFF, 0xFF, 0x7D, 0xFF, 0x51, 0xEC, 0x85, 0xD9, 0xA6, 0xD9, 0xE7,
    0xD9, 0xC6, 0xD9, 0xC6, 0xD9, 0xC6, 0xD9, 0xC6, 0xD9, 0xC6, 0xD9, 0xC6, 0xD9, 0xC6, 0xD9, 0xC6, 0xD9, 0xC6, 0xD9,
    0xC6, 0xD9, 0xC6, 0xD9, 0xC6, 0xD9, 0xC6, 0xD9, 0x85, 0xD9, 0x65, 0xD9, 0xA6, 0xD9, 0xE7, 0xD9, 0xE7, 0xD9, 0xC6,
    0xD9, 0xC6, 0xD9, 0xC6, 0xD9, 0xC6, 0xD9, 0xC6, 0xD9, 0xC6, 0xD9, 0xC6, 0xD9, 0xA6, 0xD9, 0x28, 0xDA, 0x9E, 0xFF,
    0xFF, 0xFF, 0xFF, 0xFF, 0xFF, 0xFF, 0xFF, 0xFF, 0xFF, 0xFF, 0xFF, 0xFF, 0x5D, 0xFF, 0x07, 0xDA, 0xA6, 0xD9, 0xC6,
    0xD9, 0xC6, 0xD9, 0xC6, 0xD9, 0xC6, 0xD9, 0xC6, 0xD9, 0xC6, 0xD9, 0xC6, 0xD9, 0xC6, 0xD9, 0xC6, 0xD9, 0xC6, 0xD9,
    0xC6, 0xD9, 0xC6, 0xD9, 0xC6, 0xD9, 0xC6, 0xD9, 0xC6, 0xD9, 0xC6, 0xD9, 0xC6, 0xD9, 0xC6, 0xD9, 0xC6, 0xD9, 0xC6,
    0xD9, 0xC6, 0xD9, 0xC6, 0xD9, 0xC6, 0xD9, 0xC6, 0xD9, 0xC6, 0xD9, 0xE7, 0xD9, 0xC6, 0xD9, 0xE7, 0xD9, 0xE7, 0xD9,
    0xE7, 0xD9, 0xC6, 0xD9, 0xC6, 0xD9, 0xC6, 0xD9, 0xC6, 0xD9, 0xC6, 0xD9, 0xC6, 0xD9, 0xC6, 0xD9, 0xC6, 0xD9, 0xC6,
    0xD9, 0xC6, 0xD9, 0xC6, 0xD9, 0xC6, 0xD9, 0xC6, 0xD9, 0xC6, 0xD9, 0xC6, 0xD9, 0xC6, 0xD9, 0xC6, 0xD9, 0xC6, 0xD9,
    0xC6, 0xD9, 0xC6, 0xD9, 0xC6, 0xD9, 0xC6, 0xD9, 0xC6, 0xD9, 0xC6, 0xD9, 0xC6, 0xD9, 0xC6, 0xD9, 0xC6, 0xD9, 0xC6,
    0xD9, 0xC6, 0xD9, 0xC6, 0xD9, 0xC6, 0xD9, 0xC6, 0xD9, 0xC6, 0xD9, 0xC6, 0xD9, 0xC6, 0xD9, 0xC6, 0xD9, 0xC6, 0xD9,
    0xC6, 0xD9, 0xC6, 0xD9, 0xC6, 0xD9, 0xA6, 0xD1, 0xE3, 0x68, 0xC2, 0x58, 0xA2, 0x50, 0xA2, 0x48, 0x82, 0x40, 0x81,
    0x38, 0x81, 0x38, 0x61, 0x30, 0x61, 0x28, 0x41, 0x28, 0x41, 0x20, 0x40, 0x18, 0x20, 0x18, 0x20, 0x10, 0x20, 0x10,
    0x20, 0x10, 0x00, 0x08, 0x00, 0x08, 0x00, 0x08, 0x00, 0x00, 0x00, 0x00, 0x00, 0x00, 0x00, 0x00, 0x00, 0x00, 0x00,
    0x00, 0x00, 0x00, 0x00, 0x00, 0x00, 0x00, 0x00, 0x00, 0x00, 0x08, 0x00, 0x08, 0x00, 0x08, 0x20, 0x08, 0x20, 0x10,
    0x20, 0x10, 0x20, 0x18, 0x40, 0x18, 0x41, 0x20, 0x41, 0x20, 0x61, 0x28, 0x61, 0x30, 0x61, 0x38, 0x81, 0x38, 0x82,
    0x40, 0xA2, 0x48, 0xA2, 0x50, 0xC2, 0x58, 0xE3, 0x68, 0xA6, 0xD1, 0xC6, 0xD9, 0xC6, 0xD9, 0xC6, 0xD9, 0xC6, 0xD9,
    0xC6, 0xD9, 0xC6, 0xD9, 0xC6, 0xD9, 0xC6, 0xD9, 0xC6, 0xD9, 0xC6, 0xD9, 0xC6, 0xD9, 0xC6, 0xD9, 0xC6, 0xD9, 0xC6,
    0xD9, 0xC6, 0xD9, 0xC6, 0xD9, 0xC6, 0xD9, 0xC6, 0xD9, 0xC6, 0xD9, 0xC6, 0xD9, 0xC6, 0xD9, 0xC6, 0xD9, 0xC6, 0xD9,
    0xC6, 0xD9, 0xC6, 0xD9, 0xC6, 0xD9, 0xC6, 0xD9, 0xC6, 0xD9, 0xC6, 0xD9, 0xC6, 0xD9, 0xC6, 0xD9, 0x65, 0xD9, 0xAA,
    0xE2, 0xBA, 0xFE, 0xFF, 0xFF, 0xFF, 0xFF, 0xDF, 0xFF, 0x54, 0xED, 0x08, 0xDA, 0x65, 0xD9, 0xC6, 0xD9, 0xC6, 0xD9,
    0xC6, 0xD9, 0xC6, 0xD9, 0xC6, 0xD9, 0xC6, 0xD9, 0xC6, 0xD9, 0xC6, 0xD9, 0xC6, 0xD9, 0xC6, 0xD9, 0xC6, 0xD9, 0xC6,
    0xD9, 0xC6, 0xD9, 0xC6, 0xD9, 0xC6, 0xD9, 0x85, 0xD9, 0x4C, 0xE3, 0x10, 0xEC, 0x28, 0xDA, 0x44, 0xD9, 0x65, 0xD9,
    0x85, 0xD9, 0xC6, 0xD9, 0xC7, 0xD9, 0xC7, 0xD9, 0xC6, 0xD9, 0xC6, 0xD9, 0xC6, 0xD9, 0xA6, 0xD9, 0x69, 0xDA, 0xBE,
    0xFF, 0xFF, 0xFF, 0xFF, 0xFF, 0xFF, 0xFF, 0xFF, 0xFF, 0xFF, 0xFF, 0xFF, 0xFF, 0xBE, 0xFF, 0x28, 0xDA, 0xA6, 0xD9,
    0xC6, 0xD9, 0xC6, 0xD9, 0xC6, 0xD9, 0xC6, 0xD9, 0xC6, 0xD9, 0xC6, 0xD9, 0xC6, 0xD9, 0xC6, 0xD9, 0xC6, 0xD9, 0xC6,
    0xD9, 0xC6, 0xD9, 0xC6, 0xD9, 0xC6, 0xD9, 0xC6, 0xD9, 0xC6, 0xD9, 0xC6, 0xD9, 0xC6, 0xD9, 0xC6, 0xD9, 0xC6, 0xD9,
    0xC6, 0xD9, 0xC6, 0xD9, 0xC6, 0xD9, 0xC6, 0xD9, 0xC6, 0xD9, 0xC6, 0xD9, 0xC6, 0xD9, 0xC6, 0xD9, 0xC6, 0xD9, 0xC6,
    0xD9, 0xC6, 0xD9, 0xC6, 0xD9, 0xC6, 0xD9, 0xC6, 0xD9, 0xC6, 0xD9, 0xC6, 0xD9, 0xC6, 0xD9, 0xC6, 0xD9, 0xC6, 0xD9,
    0xC6, 0xD9, 0xC6, 0xD9, 0xC6, 0xD9, 0xC6, 0xD9, 0xC6, 0xD9, 0xC6, 0xD9, 0xC6, 0xD9, 0xC6, 0xD9, 0xC6, 0xD9, 0xC6,
    0xD9, 0xC6, 0xD9, 0xC6, 0xD9, 0xC6, 0xD9, 0xC6, 0xD9, 0xC6, 0xD9, 0xC6, 0xD9, 0xC6, 0xD9, 0xC6, 0xD9, 0xC6, 0xD9,
    0xC6, 0xD9, 0xC6, 0xD9, 0xC6, 0xD9, 0xC6, 0xD9, 0xC6, 0xD9, 0xC6, 0xD9, 0xC6, 0xD9, 0xC6, 0xD9, 0xC6, 0xD9, 0xC6,
    0xD9, 0xC6, 0xD9, 0xC6, 0xD9, 0xC6, 0xD9, 0xA6, 0xD1, 0xE3, 0x68, 0xC2, 0x58, 0xA2, 0x50, 0xA2, 0x48, 0x82, 0x40,
    0x81, 0x38, 0x61, 0x38, 0x61, 0x30, 0x61, 0x28, 0x41, 0x20, 0x41, 0x20, 0x40, 0x18, 0x20, 0x18, 0x20, 0x10, 0x20,
    0x10, 0x20, 0x08, 0x00, 0x08, 0x00, 0x08, 0x00, 0x08, 0x00, 0x00, 0x00, 0x00, 0x00, 0x00, 0x00, 0x00, 0x00, 0x00,
    0x00, 0x00, 0x00, 0x00, 0x00, 0x00, 0x00, 0x00, 0x00, 0x00, 0x00, 0x08, 0x00, 0x08, 0x00, 0x08, 0x20, 0x08, 0x20,
    0x10, 0x20, 0x10, 0x20, 0x18, 0x40, 0x18, 0x41, 0x20, 0x41, 0x20, 0x41, 0x28, 0x61, 0x30, 0x61, 0x38, 0x81, 0x38,
    0x82, 0x40, 0xA2, 0x48, 0xA2, 0x50, 0xC2, 0x58, 0xC2, 0x60, 0xA6, 0xC9, 0xC6, 0xD9, 0xC6, 0xD9, 0xC6, 0xD9, 0xC6,
    0xD9, 0xC6, 0xD9, 0xC6, 0xD9, 0xC6, 0xD9, 0xC6, 0xD9, 0xC6, 0xD9, 0xC6, 0xD9, 0xC6, 0xD9, 0xC6, 0xD9, 0xC6, 0xD9,
    0xC6, 0xD9, 0xC6, 0xD9, 0xC6, 0xD9, 0xC6, 0xD9, 0xC6, 0xD9, 0xC6, 0xD9, 0xC6, 0xD9, 0xC6, 0xD9, 0xC6, 0xD9, 0xC6,
    0xD9, 0xC6, 0xD9, 0xC6, 0xD9, 0xC6, 0xD9, 0xC6, 0xD9, 0xC6, 0xD9, 0xC6, 0xD9, 0xC6, 0xD9, 0x85, 0xD9, 0xCB, 0xE2,
    0xFF, 0xFF, 0xFF, 0xFF, 0xFF, 0xFF, 0xD7, 0xF5, 0xAA, 0xE2, 0x65, 0xD9, 0xA6, 0xD9, 0xC7, 0xD9, 0xC6, 0xD9, 0xC6,
    0xD9, 0xC6, 0xD9, 0xC6, 0xD9, 0xC6, 0xD9, 0xC6, 0xD9, 0xC6, 0xD9, 0xC6, 0xD9, 0xC6, 0xD9, 0xC6, 0xD9, 0xC6, 0xD9,
    0xC6, 0xD9, 0xC6, 0xD9, 0xC6, 0xD9, 0xC6, 0xD9, 0x65, 0xD9, 0xF7, 0xF5, 0xFF, 0xFF, 0x5D, 0xFF, 0x14, 0xED, 0xAE,
    0xE3, 0xAA, 0xE2, 0x85, 0xD9, 0x44, 0xD9, 0x65, 0xD9, 0x65, 0xD9, 0xA6, 0xD9, 0xA6, 0xD9, 0x24, 0xD9, 0x0F, 0xEC,
    0xFF, 0xFF, 0xFF, 0xFF, 0xFF, 0xFF, 0xFF, 0xFF, 0xFF, 0xFF, 0xFF, 0xFF, 0xFF, 0xFF, 0x9E, 0xFF, 0x28, 0xDA, 0xA6,
    0xD9, 0xC6, 0xD9, 0xC6, 0xD9, 0xC6, 0xD9, 0xC6, 0xD9, 0xC6, 0xD9, 0xC6, 0xD9, 0xC6, 0xD9, 0xC6, 0xD9, 0xC6, 0xD9,
    0xC6, 0xD9, 0xC6, 0xD9, 0xC6, 0xD9, 0xC6, 0xD9, 0xC6, 0xD9, 0xC6, 0xD9, 0xC6, 0xD9, 0xC6, 0xD9, 0xC6, 0xD9, 0xC6,
    0xD9, 0xC6, 0xD9, 0xC6, 0xD9, 0xC6, 0xD9, 0xC6, 0xD9, 0xC6, 0xD9, 0xC6, 0xD9, 0xC6, 0xD9, 0xC6, 0xD9, 0xC6, 0xD9,
    0xC6, 0xD9, 0xC6, 0xD9, 0xC6, 0xD9, 0xC6, 0xD9, 0xC6, 0xD9, 0xC6, 0xD9, 0xC6, 0xD9, 0xC6, 0xD9, 0xC6, 0xD9, 0xC6,
    0xD9, 0xC6, 0xD9, 0xC6, 0xD9, 0xC6, 0xD9, 0xC6, 0xD9, 0xC6, 0xD9, 0xC6, 0xD9, 0xC6, 0xD9, 0xC6, 0xD9, 0xC6, 0xD9,
    0xC6, 0xD9, 0xC6, 0xD9, 0xC6, 0xD9, 0xC6, 0xD9, 0xC6, 0xD9, 0xC6, 0xD9, 0xC6, 0xD9, 0xC6, 0xD9, 0xC6, 0xD9, 0xC6,
    0xD9, 0xC6, 0xD9, 0xC6, 0xD9, 0xC6, 0xD9, 0xC6, 0xD9, 0xC6, 0xD9, 0xC6, 0xD9, 0xC6, 0xD9, 0xC6, 0xD9, 0xC6, 0xD9,
    0xC6, 0xD9, 0xC6, 0xD9, 0xC6, 0xD9, 0xC6, 0xD9, 0xA6, 0xC9, 0xC2, 0x60, 0xC2, 0x58, 0xA2, 0x50, 0xA2, 0x48, 0x82,
    0x40, 0x81, 0x38, 0x61, 0x38, 0x61, 0x30, 0x41, 0x28, 0x41, 0x20, 0x41, 0x20, 0x40, 0x18, 0x20, 0x18, 0x20, 0x10,
    0x20, 0x10, 0x20, 0x08, 0x00, 0x08, 0x00, 0x08, 0x00, 0x08, 0x00, 0x00, 0x00, 0x00, 0x00, 0x00, 0x00, 0x00, 0x00,
    0x00, 0x00, 0x00, 0x00, 0x00, 0x00, 0x00, 0x00, 0x00, 0x00, 0x00, 0x00, 0x08, 0x00, 0x08, 0x00, 0x08, 0x20, 0x08,
    0x20, 0x10, 0x20, 0x10, 0x20, 0x18, 0x40, 0x18, 0x40, 0x20, 0x41, 0x20, 0x41, 0x28, 0x61, 0x30, 0x61, 0x30, 0x81,
    0x38, 0x82, 0x40, 0xA2, 0x48, 0xA2, 0x50, 0xC2, 0x58, 0xC2, 0x58, 0x85, 0xB9, 0xC6, 0xE1, 0xC6, 0xD9, 0xC6, 0xD9,
    0xC6, 0xD9, 0xC6, 0xD9, 0xC6, 0xD9, 0xC6, 0xD9, 0xC6, 0xD9, 0xC6, 0xD9, 0xC6, 0xD9, 0xC6, 0xD9, 0xC6, 0xD9, 0xC6,
    0xD9, 0xC6, 0xD9, 0xC6, 0xD9, 0xC6, 0xD9, 0xC6, 0xD9, 0xC6, 0xD9, 0xC6, 0xD9, 0xC6, 0xD9, 0xC6, 0xD9, 0xC6, 0xD9,
    0xC6, 0xD9, 0xC6, 0xD9, 0xC6, 0xD9, 0xC6, 0xD9, 0xC6, 0xD9, 0xC6, 0xD9, 0xC6, 0xD9, 0xC6, 0xD9, 0x65, 0xD9, 0xCE,
    0xE3, 0x79, 0xF6, 0xB2, 0xEC, 0x0C, 0xE3, 0x65, 0xD9, 0x65, 0xD9, 0xC7, 0xD9, 0xC6, 0xD9, 0xA6, 0xD9, 0xC6, 0xD9,
    0xC6, 0xD9, 0xC6, 0xD9, 0xC6, 0xD9, 0xC6, 0xD9, 0xC6, 0xD9, 0xC6, 0xD9, 0xC6, 0xD9, 0xC6, 0xD9, 0xC6, 0xD9, 0xC6,
    0xD9, 0xC6, 0xD9, 0xC6, 0xD9, 0xC6, 0xD9, 0xC6, 0xD9, 0xA6, 0xD9, 0xC6, 0xD9, 0x14, 0xED, 0xFF, 0xFF, 0xFF, 0xFF,
    0xFF, 0xFF, 0xFF, 0xFF, 0xBA, 0xF6, 0x34, 0xED, 0xAE, 0xE3, 0xEB, 0xE2, 0x08, 0xDA, 0x28, 0xDA, 0xE7, 0xD9, 0x79,
    0xF6, 0xFF, 0xFF, 0xFF, 0xFF, 0xFF, 0xFF, 0xFF, 0xFF, 0xFF, 0xFF, 0xFF, 0xFF, 0xFF, 0xFF, 0x9E, 0xFF, 0x28, 0xDA,
    0xA6, 0xD9, 0xC6, 0xD9, 0xC6, 0xD9, 0xC6, 0xD9, 0xC6, 0xD9, 0xC6, 0xD9, 0xC6, 0xD9, 0xC6, 0xD9, 0xC6, 0xD9, 0xC6,
    0xD9, 0xC6, 0xD9, 0xC6, 0xD9, 0xC6, 0xD9, 0xC6, 0xD9, 0xC6, 0xD9, 0xC6, 0xD9, 0xC6, 0xD9, 0xC6, 0xD9, 0xC6, 0xD9,
    0xC6, 0xD9, 0xC6, 0xD9, 0xC6, 0xD9, 0xC6, 0xD9, 0xC6, 0xD9, 0xC6, 0xD9, 0xC6, 0xD9, 0xC6, 0xD9, 0xC6, 0xD9, 0xC6,
    0xD9, 0xC6, 0xD9, 0xC6, 0xD9, 0xC6, 0xD9, 0xC6, 0xD9, 0xC6, 0xD9, 0xC6, 0xD9, 0xC6, 0xD9, 0xC6, 0xD9, 0xC6, 0xD9,
    0xC6, 0xD9, 0xC6, 0xD9, 0xC6, 0xD9, 0xC6, 0xD9, 0xC6, 0xD9, 0xC6, 0xD9, 0xC6, 0xD9, 0xC6, 0xD9, 0xC6, 0xD9, 0xC6,
    0xD9, 0xC6, 0xD9, 0xC6, 0xD9, 0xC6, 0xD9, 0xC6, 0xD9, 0xC6, 0xD9, 0xC6, 0xD9, 0xC6, 0xD9, 0xC6, 0xD9, 0xC6, 0xD9,
    0xC6, 0xD9, 0xC6, 0xD9, 0xC6, 0xD9, 0xC6, 0xD9, 0xC6, 0xD9, 0xC6, 0xD9, 0xC6, 0xD9, 0xC6, 0xD9, 0xC6, 0xD9, 0xC6,
    0xD9, 0xC6, 0xD9, 0xC6, 0xD9, 0xC6, 0xD9, 0xC6, 0xE1, 0x85, 0xB9, 0xC2, 0x58, 0xC2, 0x58, 0xA2, 0x50, 0xA2, 0x48,
    0x82, 0x40, 0x81, 0x38, 0x61, 0x30, 0x61, 0x30, 0x41, 0x28, 0x41, 0x20, 0x40, 0x20, 0x40, 0x18, 0x20, 0x18, 0x20,
    0x10, 0x20, 0x10, 0x20, 0x08, 0x00, 0x08, 0x00, 0x08, 0x00, 0x08, 0x00, 0x00, 0x00, 0x00, 0x00, 0x00, 0x00, 0x00,
    0x00, 0x00, 0x00, 0x00, 0x00, 0x00, 0x00, 0x00, 0x00, 0x00, 0x00, 0x00, 0x00, 0x08, 0x00, 0x08, 0x00, 0x08, 0x20,
    0x08, 0x20, 0x10, 0x20, 0x10, 0x20, 0x18, 0x20, 0x18, 0x40, 0x20, 0x41, 0x20, 0x41, 0x28, 0x61, 0x30, 0x61, 0x30,
    0x81, 0x38, 0x82, 0x40, 0xA2, 0x48, 0xA2, 0x50, 0xC2, 0x58, 0xC2, 0x58, 0x85, 0xB9, 0xC6, 0xE1, 0xA6, 0xD9, 0xA6,
    0xD9, 0xA6, 0xD9, 0xA6, 0xD9, 0xA6, 0xD9, 0xA6, 0xD9, 0xA6, 0xD9, 0xA6, 0xD9, 0xA6, 0xD9, 0xA6, 0xD9, 0xA6, 0xD9,
    0xA6, 0xD9, 0xA6, 0xD9, 0xA6, 0xD9, 0xA6, 0xD9, 0xA6, 0xD9, 0xA6, 0xD9, 0xA6, 0xD9, 0xA6, 0xD9, 0xA6, 0xD9, 0xA6,
    0xD9, 0xA6, 0xD9, 0xA6, 0xD9, 0xA6, 0xD9, 0xA6, 0xD9, 0xA6, 0xD9, 0xA6, 0xD9, 0xA6, 0xD9, 0xA6, 0xD9, 0xC6, 0xD9,
    0x85, 0xD9, 0x65, 0xD9, 0x44, 0xD9, 0x65, 0xD9, 0xC6, 0xD9, 0xC6, 0xD9, 0xA6, 0xD9, 0xA6, 0xD9, 0xA6, 0xD9, 0xA6,
    0xD9, 0xA6, 0xD9, 0xA6, 0xD9, 0xA6, 0xD9, 0xA6, 0xD9, 0xA6, 0xD9, 0xA6, 0xD9, 0xA6, 0xD9, 0xA6, 0xD9, 0xA6, 0xD9,
    0xA6, 0xD9, 0xA6, 0xD9, 0xA6, 0xD9, 0xA6, 0xD9, 0xA6, 0xD9, 0xC6, 0xD9, 0xA6, 0xD9, 0x44, 0xD9, 0x4D, 0xE3, 0x7D,
    0xFF, 0xFF, 0xFF, 0xFF, 0xFF, 0xFF, 0xFF, 0xFF, 0xFF, 0xFF, 0xFF, 0xFF, 0xFF, 0x9E, 0xFF, 0x9E, 0xFF, 0xBE, 0xFF,
    0xFF, 0xFF, 0xFF, 0xFF, 0xFF, 0xFF, 0xFF, 0xFF, 0xFF, 0xFF, 0xFF, 0xFF, 0xFF, 0xFF, 0xFF, 0xFF, 0xBE, 0xFF, 0x28,
    0xDA, 0xA6, 0xD9, 0xC6, 0xD9, 0xA6, 0xD9, 0xA6, 0xD9, 0xA6, 0xD9, 0xA6, 0xD9, 0xA6, 0xD9, 0xA6, 0xD9, 0xA6, 0xD9,
    0xA6, 0xD9, 0xA6, 0xD9, 0xA6, 0xD9, 0xA6, 0xD9, 0xA6, 0xD9, 0xA6, 0xD9, 0xA6, 0xD9, 0xA6, 0xD9, 0xA6, 0xD9, 0xA6,
    0xD9, 0xA6, 0xD9, 0xA6, 0xD9, 0xA6, 0xD9, 0xA6, 0xD9, 0xA6, 0xD9, 0xA6, 0xD9, 0xA6, 0xD9, 0xA6, 0xD9, 0xA6, 0xD9,
    0xA6, 0xD9, 0xA6, 0xD9, 0xA6, 0xD9, 0xA6, 0xD9, 0xA6, 0xD9, 0xA6, 0xD9, 0xA6, 0xD9, 0xA6, 0xD9, 0xA6, 0xD9, 0xA6,
    0xD9, 0xA6, 0xD9, 0xA6, 0xD9, 0xA6, 0xD9, 0xA6, 0xD9, 0xA6, 0xD9, 0xA6, 0xD9, 0xA6, 0xD9, 0xA6, 0xD9, 0xA6, 0xD9,
    0xA6, 0xD9, 0xA6, 0xD9, 0xA6, 0xD9, 0xA6, 0xD9, 0xA6, 0xD9, 0xA6, 0xD9, 0xA6, 0xD9, 0xA6, 0xD9, 0xA6, 0xD9, 0xA6,
    0xD9, 0xA6, 0xD9, 0xA6, 0xD9, 0xA6, 0xD9, 0xA6, 0xD9, 0xA6, 0xD9, 0xA6, 0xD9, 0xA6, 0xD9, 0xA6, 0xD9, 0xA6, 0xD9,
    0xA6, 0xD9, 0xA6, 0xD9, 0xA6, 0xD9, 0xA6, 0xD9, 0xC6, 0xE1, 0x85, 0xB9, 0xC2, 0x58, 0xC2, 0x58, 0xA2, 0x50, 0xA2,
    0x48, 0x82, 0x40, 0x81, 0x38, 0x61, 0x30, 0x61, 0x30, 0x41, 0x28, 0x41, 0x20, 0x40, 0x20, 0x20, 0x18, 0x20, 0x18,
    0x20, 0x10, 0x20, 0x10, 0x20, 0x08, 0x00, 0x08, 0x00, 0x08, 0x00, 0x08, 0x00, 0x00, 0x00, 0x00, 0x00, 0x00, 0x00,
    0x00, 0x00, 0x00, 0x00, 0x00, 0x00, 0x00, 0x00, 0x00, 0x00, 0x00, 0x00, 0x00, 0x00, 0x00, 0x00, 0x08, 0x00, 0x08,
    0x20, 0x08, 0x20, 0x10, 0x20, 0x10, 0x20, 0x18, 0x20, 0x18, 0x40, 0x20, 0x41, 0x20, 0x41, 0x28, 0x61, 0x28, 0x61,
    0x30, 0x81, 0x38, 0x81, 0x40, 0x82, 0x48, 0xA2, 0x48, 0xA2, 0x58, 0xA2, 0x50, 0x44, 0xA1, 0xC6, 0xE1, 0xA6, 0xD9,
    0xA6, 0xD9, 0xA6, 0xD9, 0xA6, 0xD9, 0xA6, 0xD9, 0xA6, 0xD9, 0xA6, 0xD9, 0xA6, 0xD9, 0xA6, 0xD9, 0xA6, 0xD9, 0xA6,
    0xD9, 0xA6, 0xD9, 0xA6, 0xD9, 0xA6, 0xD9, 0xA6, 0xD9, 0xA6, 0xD9, 0xA6, 0xD9, 0xA6, 0xD9, 0xA6, 0xD9, 0xA6, 0xD9,
    0xA6, 0xD9, 0xA6, 0xD9, 0xA6, 0xD9, 0xA6, 0xD9, 0xA6, 0xD9, 0xA6, 0xD9, 0xA6, 0xD9, 0xA6, 0xD9, 0xA6, 0xD9, 0xA6,
    0xD9, 0xC6, 0xD9, 0xC6, 0xD9, 0xC6, 0xD9, 0xC6, 0xD9, 0xA6, 0xD9, 0xA6, 0xD9, 0xA6, 0xD9, 0xA6, 0xD9, 0xA6, 0xD9,
    0xA6, 0xD9, 0xA6, 0xD9, 0xA6, 0xD9, 0xA6, 0xD9, 0xA6, 0xD9, 0xA6, 0xD9, 0xA6, 0xD9, 0xA6, 0xD9, 0xA6, 0xD9, 0xA6,
    0xD9, 0xA6, 0xD9, 0xA6, 0xD9, 0xA6, 0xD9, 0xA6, 0xD9, 0xA6, 0xD9, 0xA6, 0xD9, 0xA6, 0xD9, 0xC7, 0xD9, 0x24, 0xD1,
    0xEB, 0xE2, 0x1C, 0xFF, 0xFF, 0xFF, 0xDF, 0xFF, 0xFF, 0xFF, 0xFF, 0xFF, 0xFF, 0xFF, 0xFF, 0xFF, 0xFF, 0xFF, 0xFF,
    0xFF, 0xFF, 0xFF, 0xFF, 0xFF, 0xFF, 0xFF, 0xFF, 0xFF, 0xFF, 0xFF, 0xFF, 0xFF, 0xFF, 0xFF, 0xFF, 0xFF, 0x3C, 0xFF,
    0xE7, 0xD9, 0xA6, 0xD9, 0xC6, 0xD9, 0xA6, 0xD9, 0xA6, 0xD9, 0xA6, 0xD9, 0xA6, 0xD9, 0xA6, 0xD9, 0xA6, 0xD9, 0xA6,
    0xD9, 0xA6, 0xD9, 0xA6, 0xD9, 0xA6, 0xD9, 0xA6, 0xD9, 0xA6, 0xD9, 0xA6, 0xD9, 0xA6, 0xD9, 0xA6, 0xD9, 0xA6, 0xD9,
    0xA6, 0xD9, 0xA6, 0xD9, 0xA6, 0xD9, 0xA6, 0xD9, 0xA6, 0xD9, 0xA6, 0xD9, 0xA6, 0xD9, 0xA6, 0xD9, 0xA6, 0xD9, 0xA6,
    0xD9, 0xA6, 0xD9, 0xA6, 0xD9, 0xA6, 0xD9, 0xA6, 0xD9, 0xA6, 0xD9, 0xA6, 0xD9, 0xA6, 0xD9, 0xA6, 0xD9, 0xA6, 0xD9,
    0xA6, 0xD9, 0xA6, 0xD9, 0xA6, 0xD9, 0xA6, 0xD9, 0xA6, 0xD9, 0xA6, 0xD9, 0xA6, 0xD9, 0xA6, 0xD9, 0xA6, 0xD9, 0xA6,
    0xD9, 0xA6, 0xD9, 0xA6, 0xD9, 0xA6, 0xD9, 0xA6, 0xD9, 0xA6, 0xD9, 0xA6, 0xD9, 0xA6, 0xD9, 0xA6, 0xD9, 0xA6, 0xD9,
    0xA6, 0xD9, 0xA6, 0xD9, 0xA6, 0xD9, 0xA6, 0xD9, 0xA6, 0xD9, 0xA6, 0xD9, 0xA6, 0xD9, 0xA6, 0xD9, 0xA6, 0xD9, 0xA6,
    0xD9, 0xA6, 0xD9, 0xA6, 0xD9, 0xA6, 0xD9, 0xA6, 0xD9, 0xC6, 0xE1, 0x44, 0xA1, 0xA2, 0x50, 0xA2, 0x58, 0xA2, 0x48,
    0x82, 0x48, 0x81, 0x40, 0x81, 0x38, 0x61, 0x30, 0x61, 0x28, 0x41, 0x28, 0x41, 0x20, 0x40, 0x20, 0x20, 0x18, 0x20,
    0x18, 0x20, 0x10, 0x20, 0x10, 0x20, 0x08, 0x00, 0x08, 0x00, 0x08, 0x00, 0x00, 0x00, 0x00, 0x00, 0x00, 0x00, 0x00,
    0x00, 0x00, 0x00, 0x00, 0x00, 0x00, 0x00, 0x00, 0x00, 0x00, 0x00, 0x00, 0x00, 0x00, 0x00, 0x00, 0x00, 0x08, 0x00,
    0x08, 0x20, 0x08, 0x20, 0x10, 0x20, 0x10, 0x20, 0x10, 0x20, 0x18, 0x40, 0x18, 0x41, 0x20, 0x41, 0x28, 0x61, 0x28,
    0x61, 0x30, 0x81, 0x38, 0x81, 0x40, 0x82, 0x40, 0xA2, 0x48, 0xA2, 0x50, 0xA2, 0x50, 0x24, 0x99, 0xC6, 0xE1, 0xA6,
    0xD9, 0xA6, 0xD9, 0xA6, 0xD9, 0xA6, 0xD9, 0xA6, 0xD9, 0xA6, 0xD9, 0xA6, 0xD9, 0xA6, 0xD9, 0xA6, 0xD9, 0xA6, 0xD9,
    0xA6, 0xD9, 0xA6, 0xD9, 0xA6, 0xD9, 0xA6, 0xD9, 0xA6, 0xD9, 0xA6, 0xD9, 0xA6, 0xD9, 0xA6, 0xD9, 0xA6, 0xD9, 0xA6,
    0xD9, 0xA6, 0xD9, 0xA6, 0xD9, 0xA6, 0xD9, 0xA6, 0xD9, 0xA6, 0xD9, 0xA6, 0xD9, 0xA6, 0xD9, 0xA6, 0xD9, 0xA6, 0xD9,
    0xA6, 0xD9, 0xA6, 0xD9, 0xA6, 0xD9, 0xA6, 0xD9, 0xA6, 0xD9, 0xA6, 0xD9, 0xA6, 0xD9, 0xA6, 0xD9, 0xA6, 0xD9, 0xA6,
    0xD9, 0xA6, 0xD9, 0xA6, 0xD9, 0xA6, 0xD9, 0xA6, 0xD9, 0xA6, 0xD9, 0xA6, 0xD9, 0xA6, 0xD9, 0xA6, 0xD9, 0xA6, 0xD9,
    0xA6, 0xD9, 0xA6, 0xD9, 0xA6, 0xD9, 0xA6, 0xD9, 0xA6, 0xD9, 0xA6, 0xD9, 0xA6, 0xD9, 0xA6, 0xD9, 0xA6, 0xD9, 0xC7,
    0xD9, 0x65, 0xD9, 0xC6, 0xD9, 0x96, 0xF5, 0xFF, 0xFF, 0xDF, 0xFF, 0xFF, 0xFF, 0xFF, 0xFF, 0xFF, 0xFF, 0xFF, 0xFF,
    0xFF, 0xFF, 0xFF, 0xFF, 0xFF, 0xFF, 0xFF, 0xFF, 0xFF, 0xFF, 0xFF, 0xFF, 0xFF, 0xFF, 0xFF, 0xFF, 0xFF, 0xFF, 0x79,
    0xF6, 0x65, 0xD9, 0xC6, 0xD9, 0xA6, 0xD9, 0xA6, 0xD9, 0xA6, 0xD9, 0xA6, 0xD9, 0xA6, 0xD9, 0xA6, 0xD9, 0xA6, 0xD9,
    0xA6, 0xD9, 0xA6, 0xD9, 0xA6, 0xD9, 0xA6, 0xD9, 0xA6, 0xD9, 0xA6, 0xD9, 0xA6, 0xD9, 0xA6, 0xD9, 0xA6, 0xD9, 0xA6,
    0xD9, 0xA6, 0xD9, 0xA6, 0xD9, 0xA6, 0xD9, 0xA6, 0xD9, 0xA6, 0xD9, 0xA6, 0xD9, 0xA6, 0xD9, 0xA6, 0xD9, 0xA6, 0xD9,
    0xA6, 0xD9, 0xA6, 0xD9, 0xA6, 0xD9, 0xA6, 0xD9, 0xA6, 0xD9, 0xA6, 0xD9, 0xA6, 0xD9, 0xA6, 0xD9, 0xA6, 0xD9, 0xA6,
    0xD9, 0xA6, 0xD9, 0xA6, 0xD9, 0xA6, 0xD9, 0xA6, 0xD9, 0xA6, 0xD9, 0xA6, 0xD9, 0xA6, 0xD9, 0xA6, 0xD9, 0xA6, 0xD9,
    0xA6, 0xD9, 0xA6, 0xD9, 0xA6, 0xD9, 0xA6, 0xD9, 0xA6, 0xD9, 0xA6, 0xD9, 0xA6, 0xD9, 0xA6, 0xD9, 0xA6, 0xD9, 0xA6,
    0xD9, 0xA6, 0xD9, 0xA6, 0xD9, 0xA6, 0xD9, 0xA6, 0xD9, 0xA6, 0xD9, 0xA6, 0xD9, 0xA6, 0xD9, 0xA6, 0xD9, 0xA6, 0xD9,
    0xA6, 0xD9, 0xA6, 0xD9, 0xA6, 0xD9, 0xA6, 0xD9, 0xA6, 0xD9, 0xC6, 0xE1, 0x24, 0x99, 0xA2, 0x50, 0xA2, 0x50, 0xA2,
    0x48, 0x82, 0x40, 0x81, 0x40, 0x81, 0x38, 0x61, 0x30, 0x61, 0x28, 0x41, 0x28, 0x41, 0x20, 0x40, 0x18, 0x20, 0x18,
    0x20, 0x10, 0x20, 0x10, 0x20, 0x10, 0x20, 0x08, 0x00, 0x08, 0x00, 0x08, 0x00, 0x00, 0x00, 0x00, 0x00, 0x00, 0x00,
    0x00, 0x00, 0x00, 0x00, 0x00, 0x00, 0x00, 0x00, 0x00, 0x00, 0x00, 0x00, 0x00, 0x00, 0x00, 0x00, 0x00, 0x00, 0x08,
    0x00, 0x08, 0x00, 0x08, 0x20, 0x10, 0x20, 0x10, 0x20, 0x10, 0x20, 0x18, 0x40, 0x18, 0x41, 0x20, 0x41, 0x28, 0x61,
    0x28, 0x61, 0x30, 0x81, 0x38, 0x81, 0x38, 0x82, 0x40, 0xA2, 0x48, 0xA2, 0x50, 0xA2, 0x50, 0x03, 0x81, 0xA6, 0xE1,
    0xA6, 0xD9, 0xA6, 0xD9, 0xA6, 0xD9, 0xA6, 0xD9, 0xA6, 0xD9, 0xA6, 0xD9, 0xA6, 0xD9, 0xA6, 0xD9, 0xA6, 0xD9, 0xA6,
    0xD9, 0xA6, 0xD9, 0xA6, 0xD9, 0xA6, 0xD9, 0xA6, 0xD9, 0xA6, 0xD9, 0xA6, 0xD9, 0xA6, 0xD9, 0xA6, 0xD9, 0xA6, 0xD9,
    0xA6, 0xD9, 0xA6, 0xD9, 0xA6, 0xD9, 0xA6, 0xD9, 0xA6, 0xD9, 0xA6, 0xD9, 0xA6, 0xD9, 0xA6, 0xD9, 0xA6, 0xD9, 0xA6,
    0xD9, 0xA6, 0xD9, 0xA6, 0xD9, 0xA6, 0xD9, 0xA6, 0xD9, 0xA6, 0xD9, 0xA6, 0xD9, 0xA6, 0xD9, 0xA6, 0xD9, 0xA6, 0xD9,
    0xA6, 0xD9, 0xA6, 0xD9, 0xA6, 0xD9, 0xA6, 0xD9, 0xA6, 0xD9, 0xA6, 0xD9, 0xA6, 0xD9, 0xA6, 0xD9, 0xA6, 0xD9, 0xA6,
    0xD9, 0xA6, 0xD9, 0xA6, 0xD9, 0xA6, 0xD9, 0xA6, 0xD9, 0xA6, 0xD9, 0xA6, 0xD9, 0xA6, 0xD9, 0xA6, 0xD9, 0xA6, 0xD9,
    0xA6, 0xD9, 0xC6, 0xD9, 0x86, 0xD9, 0x45, 0xD1, 0x75, 0xF5, 0xFF, 0xFF, 0xFF, 0xFF, 0xFF, 0xFF, 0xFF, 0xFF, 0xFF,
    0xFF, 0xFF, 0xFF, 0xFF, 0xFF, 0xFF, 0xFF, 0xFF, 0xFF, 0xFF, 0xFF, 0xFF, 0xFF, 0xFF, 0xFF, 0xFF, 0xFF, 0xFF, 0xFF,
    0xB6, 0xF5, 0x45, 0xD1, 0xC6, 0xD9, 0xA6, 0xD9, 0xA6, 0xD9, 0xA6, 0xD9, 0xA6, 0xD9, 0xA6, 0xD9, 0xA6, 0xD9, 0xA6,
    0xD9, 0xA6, 0xD9, 0xA6, 0xD9, 0xA6, 0xD9, 0xA6, 0xD9, 0xA6, 0xD9, 0xA6, 0xD9, 0xA6, 0xD9, 0xA6, 0xD9, 0xA6, 0xD9,
    0xA6, 0xD9, 0xA6, 0xD9, 0xA6, 0xD9, 0xA6, 0xD9, 0xA6, 0xD9, 0xA6, 0xD9, 0xA6, 0xD9, 0xA6, 0xD9, 0xA6, 0xD9, 0xA6,
    0xD9, 0xA6, 0xD9, 0xA6, 0xD9, 0xA6, 0xD9, 0xA6, 0xD9, 0xA6, 0xD9, 0xA6, 0xD9, 0xA6, 0xD9, 0xA6, 0xD9, 0xA6, 0xD9,
    0xA6, 0xD9, 0xA6, 0xD9, 0xA6, 0xD9, 0xA6, 0xD9, 0xA6, 0xD9, 0xA6, 0xD9, 0xA6, 0xD9, 0xA6, 0xD9, 0xA6, 0xD9, 0xA6,
    0xD9, 0xA6, 0xD9, 0xA6, 0xD9, 0xA6, 0xD9, 0xA6, 0xD9, 0xA6, 0xD9, 0xA6, 0xD9, 0xA6, 0xD9, 0xA6, 0xD9, 0xA6, 0xD9,
    0xA6, 0xD9, 0xA6, 0xD9, 0xA6, 0xD9, 0xA6, 0xD9, 0xA6, 0xD9, 0xA6, 0xD9, 0xA6, 0xD9, 0xA6, 0xD9, 0xA6, 0xD9, 0xA6,
    0xD9, 0xA6, 0xD9, 0xA6, 0xD9, 0xA6, 0xD9, 0xA6, 0xD9, 0xA6, 0xD9, 0xA6, 0xE1, 0x03, 0x81, 0xA2, 0x50, 0xA2, 0x50,
    0xA2, 0x48, 0x82, 0x40, 0x81, 0x38, 0x81, 0x38, 0x61, 0x30, 0x61, 0x28, 0x41, 0x28, 0x41, 0x20, 0x40, 0x18, 0x20,
    0x18, 0x20, 0x10, 0x20, 0x10, 0x20, 0x10, 0x00, 0x08, 0x00, 0x08, 0x00, 0x08, 0x00, 0x00, 0x00, 0x00, 0x00, 0x00,
    0x00, 0x00, 0x00, 0x00, 0x00, 0x00, 0x00, 0x00, 0x00, 0x00, 0x00, 0x00, 0x00, 0x00, 0x00, 0x00, 0x00, 0x00, 0x00,
    0x08, 0x00, 0x08, 0x00, 0x08, 0x20, 0x10, 0x20, 0x10, 0x20, 0x10, 0x20, 0x18, 0x40, 0x18, 0x40, 0x20, 0x41, 0x20,
    0x41, 0x28, 0x61, 0x30, 0x61, 0x38, 0x81, 0x38, 0x82, 0x40, 0xA2, 0x48, 0xA2, 0x50, 0xA2, 0x50, 0xE3, 0x68, 0xA6,
    0xD1, 0xA6, 0xD9, 0xA6, 0xD9, 0xA6, 0xD9, 0xA6, 0xD9, 0xA6, 0xD9, 0xA6, 0xD9, 0xA6, 0xD9, 0xA6, 0xD9, 0xA6, 0xD9,
    0xA6, 0xD9, 0xA6, 0xD9, 0xA6, 0xD9, 0xA6, 0xD9, 0xA6, 0xD9, 0xA6, 0xD9, 0xA6, 0xD9, 0xA6, 0xD9, 0xA6, 0xD9, 0xA6,
    0xD9, 0xA6, 0xD9, 0xA6, 0xD9, 0xA6, 0xD9, 0xA6, 0xD9, 0xA6, 0xD9, 0xA6, 0xD9, 0xA6, 0xD9, 0xA6, 0xD9, 0xA6, 0xD9,
    0xA6, 0xD9, 0xA6, 0xD9, 0xA6, 0xD9, 0xA6, 0xD9, 0xA6, 0xD9, 0xA6, 0xD9, 0xA6, 0xD9, 0xA6, 0xD9, 0xA6, 0xD9, 0xA6,
    0xD9, 0xA6, 0xD9, 0xA6, 0xD9, 0xA6, 0xD9, 0xA6, 0xD9, 0xA6, 0xD9, 0xA6, 0xD9, 0xA6, 0xD9, 0xA6, 0xD9, 0xA6, 0xD9,
    0xA6, 0xD9, 0xA6, 0xD9, 0xA6, 0xD9, 0xA6, 0xD9, 0xA6, 0xD9, 0xA6, 0xD9, 0xA6, 0xD9, 0xA6, 0xD9, 0xA6, 0xD9, 0xA6,
    0xD9, 0xA6, 0xD9, 0xA6, 0xD9, 0xA6, 0xD9, 0xA6, 0xD9, 0x65, 0xD1, 0x71, 0xEC, 0xFF, 0xFF, 0xFF, 0xFF, 0xFF, 0xFF,
    0xFF, 0xFF, 0xFF, 0xFF, 0xFF, 0xFF, 0xFF, 0xFF, 0xFF, 0xFF, 0xFF, 0xFF, 0xFF, 0xFF, 0xFF, 0xFF, 0xFF, 0xFF, 0xFF,
    0xFF, 0x8E, 0xE3, 0x45, 0xD1, 0xA6, 0xD9, 0xA6, 0xD9, 0xA6, 0xD9, 0xA6, 0xD9, 0xA6, 0xD9, 0xA6, 0xD9, 0xA6, 0xD9,
    0xA6, 0xD9, 0xA6, 0xD9, 0xA6, 0xD9, 0xA6, 0xD9, 0xA6, 0xD9, 0xA6, 0xD9, 0xA6, 0xD9, 0xA6, 0xD9, 0xA6, 0xD9, 0xA6,
    0xD9, 0xA6, 0xD9, 0xA6, 0xD9, 0xA6, 0xD9, 0xA6, 0xD9, 0xA6, 0xD9, 0xA6, 0xD9, 0xA6, 0xD9, 0xA6, 0xD9, 0xA6, 0xD9,
    0xA6, 0xD9, 0xA6, 0xD9, 0xA6, 0xD9, 0xA6, 0xD9, 0xA6, 0xD9, 0xA6, 0xD9, 0xA6, 0xD9, 0xA6, 0xD9, 0xA6, 0xD9, 0xA6,
    0xD9, 0xA6, 0xD9, 0xA6, 0xD9, 0xA6, 0xD9, 0xA6, 0xD9, 0xA6, 0xD9, 0xA6, 0xD9, 0xA6, 0xD9, 0xA6, 0xD9, 0xA6, 0xD9,
    0xA6, 0xD9, 0xA6, 0xD9, 0xA6, 0xD9, 0xA6, 0xD9, 0xA6, 0xD9, 0xA6, 0xD9, 0xA6, 0xD9, 0xA6, 0xD9, 0xA6, 0xD9, 0xA6,
    0xD9, 0xA6, 0xD9, 0xA6, 0xD9, 0xA6, 0xD9, 0xA6, 0xD9, 0xA6, 0xD9, 0xA6, 0xD9, 0xA6, 0xD9, 0xA6, 0xD9, 0xA6, 0xD9,
    0xA6, 0xD9, 0xA6, 0xD9, 0xA6, 0xD9, 0xA6, 0xD9, 0xA6, 0xD9, 0xA6, 0xD9, 0xA6, 0xD1, 0xE3, 0x68, 0xA2, 0x50, 0xA2,
    0x50, 0xA2, 0x48, 0x82, 0x40, 0x81, 0x38, 0x61, 0x38, 0x61, 0x30, 0x41, 0x28, 0x41, 0x20, 0x40, 0x20, 0x40, 0x18,
    0x20, 0x18, 0x20, 0x10, 0x20, 0x10, 0x20, 0x10, 0x00, 0x08, 0x00, 0x08, 0x00, 0x08, 0x00, 0x00, 0x00, 0x00, 0x00,
    0x00, 0x00, 0x00, 0x00, 0x00, 0x00, 0x00, 0x00, 0x00, 0x00, 0x00, 0x00, 0x00, 0x00, 0x00, 0x00, 0x00, 0x00, 0x00,
    0x00, 0x08, 0x00, 0x08, 0x00, 0x08, 0x20, 0x08, 0x20, 0x10, 0x20, 0x10, 0x20, 0x18, 0x20, 0x18, 0x40, 0x20, 0x41,
    0x20, 0x41, 0x28, 0x61, 0x30, 0x61, 0x30, 0x81, 0x38, 0x82, 0x40, 0xA2, 0x48, 0xA2, 0x50, 0xA2, 0x50, 0xC2, 0x58,
    0x85, 0xC1, 0xA6, 0xD9, 0xA6, 0xD9, 0xA6, 0xD9, 0xA6, 0xD9, 0xA6, 0xD9, 0xA6, 0xD9, 0xA6, 0xD9, 0xA6, 0xD9, 0xA6,
    0xD9, 0xA6, 0xD9, 0xA6, 0xD9, 0xA6, 0xD9, 0xA6, 0xD9, 0xA6, 0xD9, 0xA6, 0xD9, 0xA6, 0xD9, 0xA6, 0xD9, 0xA6, 0xD9,
    0xA6, 0xD9, 0xA6, 0xD9, 0xA6, 0xD9, 0xA6, 0xD9, 0xA6, 0xD9, 0xA6, 0xD9, 0xA6, 0xD9, 0xA6, 0xD9, 0xA6, 0xD9, 0xA6,
    0xD9, 0xA6, 0xD9, 0xA6, 0xD9, 0xA6, 0xD9, 0xA6, 0xD9, 0xA6, 0xD9, 0xA6, 0xD9, 0xA6, 0xD9, 0xA6, 0xD9, 0xA6, 0xD9,
    0xA6, 0xD9, 0xA6, 0xD9, 0xA6, 0xD9, 0xA6, 0xD9, 0xA6, 0xD9, 0xA6, 0xD9, 0xA6, 0xD9, 0xA6, 0xD9, 0xA6, 0xD9, 0xA6,
    0xD9, 0xA6, 0xD9, 0xA6, 0xD9, 0xA6, 0xD9, 0xA6, 0xD9, 0xA6, 0xD9, 0xA6, 0xD9, 0xA6, 0xD9, 0xA6, 0xD9, 0xA6, 0xD9,
    0xA6, 0xD9, 0xA6, 0xD9, 0xA6, 0xD9, 0xA6, 0xD9, 0xA6, 0xD9, 0xA6, 0xD9, 0x04, 0xD1, 0x10, 0xEC, 0xFF, 0xFF, 0xFF,
    0xFF, 0xFF, 0xFF, 0xFF, 0xFF, 0xFF, 0xFF, 0xFF, 0xFF, 0xFF, 0xFF, 0xFF, 0xFF, 0xFF, 0xFF, 0xFF, 0xFF, 0xFF, 0xFF,
    0x7D, 0xFF, 0xE7, 0xD9, 0x86, 0xD9, 0xA6, 0xD9, 0xA6, 0xD9, 0xA6, 0xD9, 0xA6, 0xD9, 0xA6, 0xD9, 0xA6, 0xD9, 0xA6,
    0xD9, 0xA6, 0xD9, 0xA6, 0xD9, 0xA6, 0xD9, 0xA6, 0xD9, 0xA6, 0xD9, 0xA6, 0xD9, 0xA6, 0xD9, 0xA6, 0xD9, 0xA6, 0xD9,
    0xA6, 0xD9, 0xA6, 0xD9, 0xA6, 0xD9, 0xA6, 0xD9, 0xA6, 0xD9, 0xA6, 0xD9, 0xA6, 0xD9, 0xA6, 0xD9, 0xA6, 0xD9, 0xA6,
    0xD9, 0xA6, 0xD9, 0xA6, 0xD9, 0xA6, 0xD9, 0xA6, 0xD9, 0xA6, 0xD9, 0xA6, 0xD9, 0xA6, 0xD9, 0xA6, 0xD9, 0xA6, 0xD9,
    0xA6, 0xD9, 0xA6, 0xD9, 0xA6, 0xD9, 0xA6, 0xD9, 0xA6, 0xD9, 0xA6, 0xD9, 0xA6, 0xD9, 0xA6, 0xD9, 0xA6, 0xD9, 0xA6,
    0xD9, 0xA6, 0xD9, 0xA6, 0xD9, 0xA6, 0xD9, 0xA6, 0xD9, 0xA6, 0xD9, 0xA6, 0xD9, 0xA6, 0xD9, 0xA6, 0xD9, 0xA6, 0xD9,
    0xA6, 0xD9, 0xA6, 0xD9, 0xA6, 0xD9, 0xA6, 0xD9, 0xA6, 0xD9, 0xA6, 0xD9, 0xA6, 0xD9, 0xA6, 0xD9, 0xA6, 0xD9, 0xA6,
    0xD9, 0xA6, 0xD9, 0xA6, 0xD9, 0xA6, 0xD9, 0xA6, 0xD9, 0xA6, 0xD9, 0xA6, 0xD9, 0x85, 0xC1, 0xC2, 0x58, 0xA2, 0x50,
    0xA2, 0x50, 0xA2, 0x48, 0x82, 0x40, 0x81, 0x38, 0x61, 0x30, 0x61, 0x30, 0x41, 0x28, 0x41, 0x20, 0x40, 0x20, 0x20,
    0x18, 0x20, 0x18, 0x20, 0x10, 0x20, 0x10, 0x20, 0x08, 0x00, 0x08, 0x00, 0x08, 0x00, 0x08, 0x00, 0x00, 0x00, 0x00,
    0x00, 0x00, 0x00, 0x00, 0x00, 0x00, 0x00, 0x00, 0x00, 0x00, 0x00, 0x00, 0x00, 0x00, 0x00, 0x00, 0x00, 0x00, 0x00,
    0x00, 0x00, 0x08, 0x00, 0x08, 0x00, 0x08, 0x20, 0x08, 0x20, 0x10, 0x20, 0x10, 0x20, 0x18, 0x20, 0x18, 0x40, 0x20,
    0x41, 0x20, 0x41, 0x28, 0x61, 0x28, 0x61, 0x30, 0x81, 0x38, 0x81, 0x40, 0x82, 0x48, 0xA2, 0x48, 0xA2, 0x50, 0xA2,
    0x50, 0x45, 0xA9, 0xA6, 0xE1, 0xA6, 0xD1, 0xA6, 0xD9, 0xA6, 0xD9, 0xA6, 0xD9, 0xA6, 0xD9, 0xA6, 0xD9, 0xA6, 0xD9,
    0xA6, 0xD9, 0xA6, 0xD9, 0xA6, 0xD9, 0xA6, 0xD9, 0xA6, 0xD9, 0xA6, 0xD9, 0xA6, 0xD9, 0xA6, 0xD9, 0xA6, 0xD9, 0xA6,
    0xD9, 0xA6, 0xD9, 0xA6, 0xD9, 0xA6, 0xD9, 0xA6, 0xD9, 0xA6, 0xD9, 0xA6, 0xD9, 0xA6, 0xD9, 0xA6, 0xD9, 0xA6, 0xD9,
    0xA6, 0xD9, 0xA6, 0xD9, 0xA6, 0xD9, 0xA6, 0xD9, 0xA6, 0xD9, 0xA6, 0xD9, 0xA6, 0xD9, 0xA6, 0xD9, 0xA6, 0xD9, 0xA6,
    0xD9, 0xA6, 0xD9, 0xA6, 0xD9, 0xA6, 0xD9, 0xA6, 0xD9, 0xA6, 0xD9, 0xA6, 0xD9, 0xA6, 0xD9, 0xA6, 0xD9, 0xA6, 0xD9,
    0xA6, 0xD9, 0xA6, 0xD9, 0xA6, 0xD9, 0xA6, 0xD9, 0xA6, 0xD9, 0xA6, 0xD9, 0xA6, 0xD9, 0xA6, 0xD9, 0xA6, 0xD9, 0xA6,
    0xD9, 0xA6, 0xD9, 0xA6, 0xD9, 0xA6, 0xD9, 0xA6, 0xD9, 0xA6, 0xD9, 0xA6, 0xD9, 0xC6, 0xD9, 0x24, 0xD1, 0x2C, 0xE3,
    0xFF, 0xFF, 0xFF, 0xFF, 0xFF, 0xFF, 0xFF, 0xFF, 0xFF, 0xFF, 0xFF, 0xFF, 0xFF, 0xFF, 0xFF, 0xFF, 0xFF, 0xFF, 0xFF,
    0xFF, 0xB2, 0xEC, 0x24, 0xD1, 0xA6, 0xD9, 0xA6, 0xD9, 0xA6, 0xD9, 0xA6, 0xD9, 0xA6, 0xD9, 0xA6, 0xD9, 0xA6, 0xD9,
    0xA6, 0xD9, 0xA6, 0xD9, 0xA6, 0xD9, 0xA6, 0xD9, 0xA6, 0xD9, 0xA6, 0xD9, 0xA6, 0xD9, 0xA6, 0xD9, 0xA6, 0xD9, 0xA6,
    0xD9, 0xA6, 0xD9, 0xA6, 0xD9, 0xA6, 0xD9, 0xA6, 0xD9, 0xA6, 0xD9, 0xA6, 0xD9, 0xA6, 0xD9, 0xA6, 0xD9, 0xA6, 0xD9,
    0xA6, 0xD9, 0xA6, 0xD9, 0xA6, 0xD9, 0xA6, 0xD9, 0xA6, 0xD9, 0xA6, 0xD9, 0xA6, 0xD9, 0xA6, 0xD9, 0xA6, 0xD9, 0xA6,
    0xD9, 0xA6, 0xD9, 0xA6, 0xD9, 0xA6, 0xD9, 0xA6, 0xD9, 0xA6, 0xD9, 0xA6, 0xD9, 0xA6, 0xD9, 0xA6, 0xD9, 0xA6, 0xD9,
    0xA6, 0xD9, 0xA6, 0xD9, 0xA6, 0xD9, 0xA6, 0xD9, 0xA6, 0xD9, 0xA6, 0xD9, 0xA6, 0xD9, 0xA6, 0xD9, 0xA6, 0xD9, 0xA6,
    0xD9, 0xA6, 0xD9, 0xA6, 0xD9, 0xA6, 0xD9, 0xA6, 0xD9, 0xA6, 0xD9, 0xA6, 0xD9, 0xA6, 0xD9, 0xA6, 0xD9, 0xA6, 0xD9,
    0xA6, 0xD9, 0xA6, 0xD9, 0xA6, 0xD9, 0xA6, 0xD9, 0xA6, 0xD9, 0xA6, 0xD1, 0xA6, 0xE1, 0x45, 0xA9, 0xA2, 0x50, 0xA2,
    0x50, 0xA2, 0x48, 0x82, 0x48, 0x81, 0x40, 0x81, 0x38, 0x61, 0x30, 0x61, 0x28, 0x41, 0x28, 0x41, 0x20, 0x40, 0x20,
    0x20, 0x18, 0x20, 0x18, 0x20, 0x10, 0x20, 0x10, 0x20, 0x08, 0x00, 0x08, 0x00, 0x08, 0x00, 0x08, 0x00, 0x00, 0x00,
    0x00, 0x00, 0x00, 0x00, 0x00, 0x00, 0x00, 0x00, 0x00, 0x00, 0x00, 0x00, 0x00, 0x00, 0x00, 0x00, 0x00, 0x00, 0x00,
    0x00, 0x00, 0x00, 0x00, 0x00, 0x08, 0x00, 0x08, 0x20, 0x08, 0x20, 0x10, 0x20, 0x10, 0x20, 0x10, 0x20, 0x18, 0x40,
    0x18, 0x41, 0x20, 0x41, 0x28, 0x61, 0x28, 0x61, 0x30, 0x81, 0x38, 0x81, 0x38, 0x82, 0x40, 0xA2, 0x48, 0xA2, 0x50,
    0xA2, 0x50, 0x24, 0x89, 0xA6, 0xE1, 0xA6, 0xD1, 0xA6, 0xD9, 0xA6, 0xD9, 0xA6, 0xD9, 0xA6, 0xD9, 0xA6, 0xD9, 0xA6,
    0xD9, 0xA6, 0xD9, 0xA6, 0xD9, 0xA6, 0xD9, 0xA6, 0xD9, 0xA6, 0xD9, 0xA6, 0xD9, 0xA6, 0xD9, 0xA6, 0xD9, 0xA6, 0xD9,
    0xA6, 0xD9, 0xA6, 0xD9, 0xA6, 0xD9, 0xA6, 0xD9, 0xA6, 0xD9, 0xA6, 0xD9, 0xA6, 0xD9, 0xA6, 0xD9, 0xA6, 0xD9, 0xA6,
    0xD9, 0xA6, 0xD9, 0xA6, 0xD9, 0xA6, 0xD9, 0xA6, 0xD9, 0xA6, 0xD9, 0xA6, 0xD9, 0xA6, 0xD9, 0xA6, 0xD9, 0xA6, 0xD9,
    0xA6, 0xD9, 0xA6, 0xD9, 0xA6, 0xD9, 0xA6, 0xD9, 0xA6, 0xD9, 0xA6, 0xD9, 0xA6, 0xD9, 0xA6, 0xD9, 0xA6, 0xD9, 0xA6,
    0xD9, 0xA6, 0xD9, 0xA6, 0xD9, 0xA6, 0xD9, 0xA6, 0xD9, 0xA6, 0xD9, 0xA6, 0xD9, 0xA6, 0xD9, 0xA6, 0xD9, 0xA6, 0xD9,
    0xA6, 0xD9, 0xA6, 0xD9, 0xA6, 0xD9, 0xA6, 0xD9, 0xA6, 0xD9, 0xA6, 0xD9, 0xA6, 0xD9, 0xA6, 0xD9, 0xC6, 0xD9, 0x24,
    0xD1, 0xEF, 0xE3, 0xBE, 0xFF, 0xFF, 0xFF, 0xFF, 0xFF, 0xFF, 0xFF, 0xFF, 0xFF, 0xFF, 0xFF, 0xFF, 0xFF, 0xFF, 0xFF,
    0x1C, 0xFF, 0x86, 0xD9, 0x86, 0xD9, 0xA6, 0xD9, 0xA6, 0xD9, 0xA6, 0xD9, 0xA6, 0xD9, 0xA6, 0xD9, 0xA6, 0xD9, 0xA6,
    0xD9, 0xA6, 0xD9, 0xA6, 0xD9, 0xA6, 0xD9, 0xA6, 0xD9, 0xA6, 0xD9, 0xA6, 0xD9, 0xA6, 0xD9, 0xA6, 0xD9, 0xA6, 0xD9,
    0xA6, 0xD9, 0xA6, 0xD9, 0xA6, 0xD9, 0xA6, 0xD9, 0xA6, 0xD9, 0xA6, 0xD9, 0xA6, 0xD9, 0xA6, 0xD9, 0xA6, 0xD9, 0xA6,
    0xD9, 0xA6, 0xD9, 0xA6, 0xD9, 0xA6, 0xD9, 0xA6, 0xD9, 0xA6, 0xD9, 0xA6, 0xD9, 0xA6, 0xD9, 0xA6, 0xD9, 0xA6, 0xD9,
    0xA6, 0xD9, 0xA6, 0xD9, 0xA6, 0xD9, 0xA6, 0xD9, 0xA6, 0xD9, 0xA6, 0xD9, 0xA6, 0xD9, 0xA6, 0xD9, 0xA6, 0xD9, 0xA6,
    0xD9, 0xA6, 0xD9, 0xA6, 0xD9, 0xA6, 0xD9, 0xA6, 0xD9, 0xA6, 0xD9, 0xA6, 0xD9, 0xA6, 0xD9, 0xA6, 0xD9, 0xA6, 0xD9,
    0xA6, 0xD9, 0xA6, 0xD9, 0xA6, 0xD9, 0xA6, 0xD9, 0xA6, 0xD9, 0xA6, 0xD9, 0xA6, 0xD9, 0xA6, 0xD9, 0xA6, 0xD9, 0xA6,
    0xD9, 0xA6, 0xD9, 0xA6, 0xD9, 0xA6, 0xD9, 0xA6, 0xD9, 0xA6, 0xD9, 0xA6, 0xD1, 0xA6, 0xE1, 0x24, 0x89, 0xA2, 0x50,
    0xA2, 0x50, 0xA2, 0x48, 0x82, 0x40, 0x81, 0x38, 0x81, 0x38, 0x61, 0x30, 0x61, 0x28, 0x41, 0x28, 0x41, 0x20, 0x40,
    0x18, 0x20, 0x18, 0x20, 0x10, 0x20, 0x10, 0x20, 0x10, 0x20, 0x08, 0x00, 0x08, 0x00, 0x08, 0x00, 0x00, 0x00, 0x00,
    0x00, 0x00, 0x00, 0x00, 0x00, 0x00, 0x00, 0x00, 0x00, 0x00, 0x00, 0x00, 0x00, 0x00, 0x00, 0x00, 0x00, 0x00, 0x00,
    0x00, 0x00, 0x00, 0x00, 0x00, 0x00, 0x08, 0x00, 0x08, 0x00, 0x08, 0x20, 0x10, 0x20, 0x10, 0x20, 0x10, 0x20, 0x18,
    0x40, 0x18, 0x41, 0x20, 0x41, 0x20, 0x61, 0x28, 0x61, 0x30, 0x61, 0x30, 0x81, 0x38, 0x82, 0x40, 0xA2, 0x48, 0xA2,
    0x50, 0xA2, 0x50, 0xE3, 0x68, 0x86, 0xD1, 0xA6, 0xD9, 0xA6, 0xD1, 0xA6, 0xD9, 0xA6, 0xD9, 0xA6, 0xD9, 0xA6, 0xD9,
    0xA6, 0xD9, 0xA6, 0xD9, 0xA6, 0xD9, 0xA6, 0xD9, 0xA6, 0xD9, 0xA6, 0xD9, 0xA6, 0xD9, 0xA6, 0xD9, 0xA6, 0xD9, 0xA6,
    0xD9, 0xA6, 0xD9, 0xA6, 0xD9, 0xA6, 0xD9, 0xA6, 0xD9, 0xA6, 0xD9, 0xA6, 0xD9, 0xA6, 0xD9, 0xA6, 0xD9, 0xA6, 0xD9,
    0xA6, 0xD9, 0xA6, 0xD9, 0xA6, 0xD9, 0xA6, 0xD9, 0xA6, 0xD9, 0xA6, 0xD9, 0xA6, 0xD9, 0xA6, 0xD9, 0xA6, 0xD9, 0xA6,
    0xD9, 0xA6, 0xD9, 0xA6, 0xD9, 0xA6, 0xD9, 0xA6, 0xD9, 0xA6, 0xD9, 0xA6, 0xD9, 0xA6, 0xD9, 0xA6, 0xD9, 0xA6, 0xD9,
    0xA6, 0xD9, 0xA6, 0xD9, 0xA6, 0xD9, 0xA6, 0xD9, 0xA6, 0xD9, 0xA6, 0xD9, 0xA6, 0xD9, 0xA6, 0xD9, 0xA6, 0xD9, 0xA6,
    0xD9, 0xA6, 0xD9, 0xA6, 0xD9, 0xA6, 0xD9, 0xA6, 0xD9, 0xA6, 0xD9, 0xA6, 0xD9, 0xA6, 0xD9, 0xA6, 0xD9, 0xA6, 0xD9,
    0xA6, 0xD9, 0x24, 0xD1, 0xEB, 0xE2, 0xBE, 0xFF, 0xFF, 0xFF, 0xFF, 0xFF, 0xFF, 0xFF, 0xFF, 0xFF, 0xFF, 0xFF, 0xFF,
    0xFF, 0x10, 0xE4, 0x24, 0xD1, 0xA6, 0xD9, 0xA6, 0xD9, 0xA6, 0xD9, 0xA6, 0xD9, 0xA6, 0xD9, 0xA6, 0xD9, 0xA6, 0xD9,
    0xA6, 0xD9, 0xA6, 0xD9, 0xA6, 0xD9, 0xA6, 0xD9, 0xA6, 0xD9, 0xA6, 0xD9, 0xA6, 0xD9, 0xA6, 0xD9, 0xA6, 0xD9, 0xA6,
    0xD9, 0xA6, 0xD9, 0xA6, 0xD9, 0xA6, 0xD9, 0xA6, 0xD9, 0xA6, 0xD9, 0xA6, 0xD9, 0xA6, 0xD9, 0xA6, 0xD9, 0xA6, 0xD9,
    0xA6, 0xD9, 0xA6, 0xD9, 0xA6, 0xD9, 0xA6, 0xD9, 0xA6, 0xD9, 0xA6, 0xD9, 0xA6, 0xD9, 0xA6, 0xD9, 0xA6, 0xD9, 0xA6,
    0xD9, 0xA6, 0xD9, 0xA6, 0xD9, 0xA6, 0xD9, 0xA6, 0xD9, 0xA6, 0xD9, 0xA6, 0xD9, 0xA6, 0xD9, 0xA6, 0xD9, 0xA6, 0xD9,
    0xA6, 0xD9, 0xA6, 0xD9, 0xA6, 0xD9, 0xA6, 0xD9, 0xA6, 0xD9, 0xA6, 0xD9, 0xA6, 0xD9, 0xA6, 0xD9, 0xA6, 0xD9, 0xA6,
    0xD9, 0xA6, 0xD9, 0xA6, 0xD9, 0xA6, 0xD9, 0xA6, 0xD9, 0xA6, 0xD9, 0xA6, 0xD9, 0xA6, 0xD9, 0xA6, 0xD9, 0xA6, 0xD9,
    0xA6, 0xD9, 0xA6, 0xD9, 0xA6, 0xD9, 0xA6, 0xD9, 0xA6, 0xD9, 0xA6, 0xD1, 0xA6, 0xD9, 0x86, 0xD1, 0xE3, 0x68, 0xA2,
    0x50, 0xA2, 0x50, 0xA2, 0x48, 0x82, 0x40, 0x81, 0x38, 0x61, 0x30, 0x61, 0x30, 0x61, 0x28, 0x41, 0x20, 0x41, 0x20,
    0x40, 0x18, 0x20, 0x18, 0x20, 0x10, 0x20, 0x10, 0x20, 0x10, 0x00, 0x08, 0x00, 0x08, 0x00, 0x08, 0x00, 0x00, 0x00,
    0x00, 0x00, 0x00, 0x00, 0x00, 0x00, 0x00, 0x00, 0x00, 0x00, 0x00, 0x00, 0x00, 0x00, 0x00, 0x00, 0x00, 0x00, 0x00,
    0x00, 0x00, 0x00, 0x00, 0x00, 0x00, 0x00, 0x08, 0x00, 0x08, 0x00, 0x08, 0x20, 0x10, 0x20, 0x10, 0x20, 0x10, 0x20,
    0x18, 0x40, 0x18, 0x40, 0x20, 0x41, 0x20, 0x41, 0x28, 0x61, 0x30, 0x61, 0x30, 0x81, 0x38, 0x82, 0x40, 0xA2, 0x48,
    0xA2, 0x48, 0xA2, 0x50, 0xC2, 0x50, 0x65, 0xB9, 0xA6, 0xD9, 0x86, 0xD1, 0x86, 0xD9, 0x86, 0xD9, 0x86, 0xD9, 0x86,
    0xD9, 0x86, 0xD9, 0x86, 0xD9, 0x86, 0xD9, 0x86, 0xD9, 0x86, 0xD9, 0x86, 0xD9, 0x86, 0xD9, 0x86, 0xD9, 0x86, 0xD9,
    0x86, 0xD9, 0x86, 0xD9, 0x86, 0xD9, 0x86, 0xD9, 0x86, 0xD9, 0x86, 0xD9, 0x86, 0xD9, 0x86, 0xD9, 0x86, 0xD9, 0x86,
    0xD9, 0x86, 0xD9, 0x86, 0xD9, 0x86, 0xD9, 0x86, 0xD9, 0x86, 0xD9, 0x86, 0xD9, 0x86, 0xD9, 0x86, 0xD9, 0x86, 0xD9,
    0x86, 0xD9, 0x86, 0xD9, 0x86, 0xD9, 0x86, 0xD9, 0x86, 0xD9, 0x86, 0xD9, 0x86, 0xD9, 0x86, 0xD9, 0x86, 0xD9, 0x86,
    0xD9, 0x86, 0xD9, 0x86, 0xD9, 0x86, 0xD9, 0x86, 0xD9, 0x86, 0xD9, 0x86, 0xD9, 0x86, 0xD9, 0x86, 0xD9, 0x86, 0xD9,
    0x86, 0xD9, 0x86, 0xD9, 0x86, 0xD9, 0x86, 0xD9, 0x86, 0xD9, 0x86, 0xD9, 0x86, 0xD9, 0x86, 0xD9, 0x86, 0xD9, 0x86,
    0xD9, 0x86, 0xD9, 0xC7, 0xD9, 0x04, 0xD1, 0xEF, 0xE3, 0xFF, 0xFF, 0xFF, 0xFF, 0xFF, 0xFF, 0xDF, 0xFF, 0xFF, 0xFF,
    0xDB, 0xFE, 0x86, 0xD9, 0x86, 0xD9, 0x86, 0xD9, 0x86, 0xD9, 0x86, 0xD9, 0x86, 0xD9, 0x86, 0xD9, 0x86, 0xD9, 0x86,
    0xD9, 0x86, 0xD9, 0x86, 0xD9, 0x86, 0xD9, 0x86, 0xD9, 0x86, 0xD9, 0x86, 0xD9, 0x86, 0xD9, 0x86, 0xD9, 0x86, 0xD9,
    0x86, 0xD9, 0x86, 0xD9, 0x86, 0xD9, 0x86, 0xD9, 0x86, 0xD9, 0x86, 0xD9, 0x86, 0xD9, 0x86, 0xD9, 0x86, 0xD9, 0x86,
    0xD9, 0x86, 0xD9, 0x86, 0xD9, 0x86, 0xD9, 0x86, 0xD9, 0x86, 0xD9, 0x86, 0xD9, 0x86, 0xD9, 0x86, 0xD9, 0x86, 0xD9,
    0x86, 0xD9, 0x86, 0xD9, 0x86, 0xD9, 0x86, 0xD9, 0x86, 0xD9, 0x86, 0xD9, 0x86, 0xD9, 0x86, 0xD9, 0x86, 0xD9, 0x86,
    0xD9, 0x86, 0xD9, 0x86, 0xD9, 0x86, 0xD9, 0x86, 0xD9, 0x86, 0xD9, 0x86, 0xD9, 0x86, 0xD9, 0x86, 0xD9, 0x86, 0xD9,
    0x86, 0xD9, 0x86, 0xD9, 0x86, 0xD9, 0x86, 0xD9, 0x86, 0xD9, 0x86, 0xD9, 0x86, 0xD9, 0x86, 0xD9, 0x86, 0xD9, 0x86,
    0xD9, 0x86, 0xD9, 0x86, 0xD9, 0x86, 0xD9, 0x86, 0xD9, 0x86, 0xD9, 0x86, 0xD1, 0xA6, 0xD9, 0x65, 0xB9, 0xC2, 0x50,
    0xA2, 0x50, 0xA2, 0x48, 0xA2, 0x48, 0x82, 0x40, 0x81, 0x38, 0x61, 0x30, 0x61, 0x30, 0x41, 0x28, 0x41, 0x20, 0x40,
    0x20, 0x40, 0x18, 0x20, 0x18, 0x20, 0x10, 0x20, 0x10, 0x20, 0x10, 0x00, 0x08, 0x00, 0x08, 0x00, 0x08, 0x00, 0x00,
    0x00, 0x00, 0x00, 0x00, 0x00, 0x00, 0x00, 0x00, 0x00, 0x00, 0x00, 0x00, 0x00, 0x00, 0x00, 0x00, 0x00, 0x00, 0x00,
    0x00, 0x00, 0x00, 0x00, 0x00, 0x00, 0x00, 0x00, 0x08, 0x00, 0x08, 0x00, 0x08, 0x20, 0x08, 0x20, 0x10, 0x20, 0x10,
    0x20, 0x18, 0x20, 0x18, 0x40, 0x20, 0x41, 0x20, 0x41, 0x28, 0x61, 0x28, 0x61, 0x30, 0x81, 0x38, 0x81, 0x40, 0x82,
    0x40, 0xA2, 0x48, 0xA2, 0x50, 0xA2, 0x50, 0x24, 0x91, 0xA6, 0xD9, 0x86, 0xD1, 0x86, 0xD1, 0x86, 0xD1, 0x86, 0xD1,
    0x86, 0xD1, 0x86, 0xD1, 0x86, 0xD1, 0x86, 0xD1, 0x86, 0xD1, 0x86, 0xD1, 0x86, 0xD1, 0x86, 0xD1, 0x86, 0xD1, 0x86,
    0xD1, 0x86, 0xD1, 0x86, 0xD1, 0x86, 0xD1, 0x86, 0xD1, 0x86, 0xD1, 0x86, 0xD1, 0x86, 0xD1, 0x86, 0xD1, 0x86, 0xD1,
    0x86, 0xD1, 0x86, 0xD1, 0x86, 0xD1, 0x86, 0xD1, 0x86, 0xD1, 0x86, 0xD1, 0x86, 0xD1, 0x86, 0xD1, 0x86, 0xD1, 0x86,
    0xD1, 0x86, 0xD1, 0x86, 0xD1, 0x86, 0xD1, 0x86, 0xD1, 0x86, 0xD1, 0x86, 0xD1, 0x86, 0xD1, 0x86, 0xD1, 0x86, 0xD1,
    0x86, 0xD1, 0x86, 0xD1, 0x86, 0xD1, 0x86, 0xD1, 0x86, 0xD1, 0x86, 0xD1, 0x86, 0xD1, 0x86, 0xD1, 0x86, 0xD1, 0x86,
    0xD1, 0x86, 0xD1, 0x86, 0xD1, 0x86, 0xD1, 0x86, 0xD1, 0x86, 0xD1, 0x86, 0xD1, 0x86, 0xD1, 0x86, 0xD1, 0x86, 0xD1,
    0x86, 0xD1, 0x86, 0xD1, 0x86, 0xD1, 0xA6, 0xD9, 0x24, 0xD1, 0xD3, 0xEC, 0xFF, 0xFF, 0xFF, 0xFF, 0xFF, 0xFF, 0x9E,
    0xFF, 0xAA, 0xDA, 0x45, 0xD1, 0xA6, 0xD1, 0x86, 0xD1, 0x86, 0xD1, 0x86, 0xD1, 0x86, 0xD1, 0x86, 0xD1, 0x86, 0xD1,
    0x86, 0xD1, 0x86, 0xD1, 0x86, 0xD1, 0x86, 0xD1, 0x86, 0xD1, 0x86, 0xD1, 0x86, 0xD1, 0x86, 0xD1, 0x86, 0xD1, 0x86,
    0xD1, 0x86, 0xD1, 0x86, 0xD1, 0x86, 0xD1, 0x86, 0xD1, 0x86, 0xD1, 0x86, 0xD1, 0x86, 0xD1, 0x86, 0xD1, 0x86, 0xD1,
    0x86, 0xD1, 0x86, 0xD1, 0x86, 0xD1, 0x86, 0xD1, 0x86, 0xD1, 0x86, 0xD1, 0x86, 0xD1, 0x86, 0xD1, 0x86, 0xD1, 0x86,
    0xD1, 0x86, 0xD1, 0x86, 0xD1, 0x86, 0xD1, 0x86, 0xD1, 0x86, 0xD1, 0x86, 0xD1, 0x86, 0xD1, 0x86, 0xD1, 0x86, 0xD1,
    0x86, 0xD1, 0x86, 0xD1, 0x86, 0xD1, 0x86, 0xD1, 0x86, 0xD1, 0x86, 0xD1, 0x86, 0xD1, 0x86, 0xD1, 0x86, 0xD1, 0x86,
    0xD1, 0x86, 0xD1, 0x86, 0xD1, 0x86, 0xD1, 0x86, 0xD1, 0x86, 0xD1, 0x86, 0xD1, 0x86, 0xD1, 0x86, 0xD1, 0x86, 0xD1,
    0x86, 0xD1, 0x86, 0xD1, 0x86, 0xD1, 0x86, 0xD1, 0x86, 0xD1, 0x86, 0xD1, 0x86, 0xD1, 0xA6, 0xD9, 0x24, 0x91, 0xA2,
    0x50, 0xA2, 0x50, 0xA2, 0x48, 0x82, 0x40, 0x81, 0x40, 0x81, 0x38, 0x61, 0x30, 0x61, 0x28, 0x41, 0x28, 0x41, 0x20,
    0x40, 0x20, 0x20, 0x18, 0x20, 0x18, 0x20, 0x10, 0x20, 0x10, 0x20, 0x08, 0x00, 0x08, 0x00, 0x08, 0x00, 0x08, 0x00,
    0x00, 0x00, 0x00, 0x00, 0x00, 0x00, 0x00, 0x00, 0x00, 0x00, 0x00, 0x00, 0x00, 0x00, 0x00, 0x00, 0x00, 0x00, 0x00,
    0x00, 0x00, 0x00, 0x00, 0x00, 0x00, 0x00, 0x00, 0x00, 0x00, 0x00, 0x08, 0x00, 0x08, 0x20, 0x08, 0x20, 0x10, 0x20,
    0x10, 0x20, 0x10, 0x20, 0x18, 0x40, 0x18, 0x41, 0x20, 0x41, 0x28, 0x61, 0x28, 0x61, 0x30, 0x61, 0x38, 0x81, 0x38,
    0x82, 0x40, 0xA2, 0x48, 0xA2, 0x50, 0xA2, 0x50, 0xE3, 0x68, 0x86, 0xD1, 0x86, 0xD9, 0x86, 0xD1, 0x86, 0xD1, 0x86,
    0xD1, 0x86, 0xD1, 0x86, 0xD1, 0x86, 0xD1, 0x86, 0xD1, 0x86, 0xD1, 0x86, 0xD1, 0x86, 0xD1, 0x86, 0xD1, 0x86, 0xD1,
    0x86, 0xD1, 0x86, 0xD1, 0x86, 0xD1, 0x86, 0xD1, 0x86, 0xD1, 0x86, 0xD1, 0x86, 0xD1, 0x86, 0xD1, 0x86, 0xD1, 0x86,
    0xD1, 0x86, 0xD1, 0x86, 0xD1, 0x86, 0xD1, 0x86, 0xD1, 0x86, 0xD1, 0x86, 0xD1, 0x86, 0xD1, 0x86, 0xD1, 0x86, 0xD1,
    0x86, 0xD1, 0x86, 0xD1, 0x86, 0xD1, 0x86, 0xD1, 0x86, 0xD1, 0x86, 0xD1, 0x86, 0xD1, 0x86, 0xD1, 0x86, 0xD1, 0x86,
    0xD1, 0x86, 0xD1, 0x86, 0xD1, 0x86, 0xD1, 0x86, 0xD1, 0x86, 0xD1, 0x86, 0xD1, 0x86, 0xD1, 0x86, 0xD1, 0x86, 0xD1,
    0x86, 0xD1, 0x86, 0xD1, 0x86, 0xD1, 0x86, 0xD1, 0x86, 0xD1, 0x86, 0xD1, 0x86, 0xD1, 0x86, 0xD1, 0x86, 0xD1, 0x86,
    0xD1, 0x86, 0xD1, 0x86, 0xD1, 0x86, 0xD1, 0x86, 0xD1, 0xA6, 0xD1, 0x24, 0xD1, 0x8E, 0xE3, 0x18, 0xF6, 0x18, 0xF6,
    0xAA, 0xDA, 0x25, 0xD1, 0xA6, 0xD1, 0x86, 0xD1, 0x86, 0xD1, 0x86, 0xD1, 0x86, 0xD1, 0x86, 0xD1, 0x86, 0xD1, 0x86,
    0xD1, 0x86, 0xD1, 0x86, 0xD1, 0x86, 0xD1, 0x86, 0xD1, 0x86, 0xD1, 0x86, 0xD1, 0x86, 0xD1, 0x86, 0xD1, 0x86, 0xD1,
    0x86, 0xD1, 0x86, 0xD1, 0x86, 0xD1, 0x86, 0xD1, 0x86, 0xD1, 0x86, 0xD1, 0x86, 0xD1, 0x86, 0xD1, 0x86, 0xD1, 0x86,
    0xD1, 0x86, 0xD1, 0x86, 0xD1, 0x86, 0xD1, 0x86, 0xD1, 0x86, 0xD1, 0x86, 0xD1, 0x86, 0xD1, 0x86, 0xD1, 0x86, 0xD1,
    0x86, 0xD1, 0x86, 0xD1, 0x86, 0xD1, 0x86, 0xD1, 0x86, 0xD1, 0x86, 0xD1, 0x86, 0xD1, 0x86, 0xD1, 0x86, 0xD1, 0x86,
    0xD1, 0x86, 0xD1, 0x86, 0xD1, 0x86, 0xD1, 0x86, 0xD1, 0x86, 0xD1, 0x86, 0xD1, 0x86, 0xD1, 0x86, 0xD1, 0x86, 0xD1,
    0x86, 0xD1, 0x86, 0xD1, 0x86, 0xD1, 0x86, 0xD1, 0x86, 0xD1, 0x86, 0xD1, 0x86, 0xD1, 0x86, 0xD1, 0x86, 0xD1, 0x86,
    0xD1, 0x86, 0xD1, 0x86, 0xD1, 0x86, 0xD1, 0x86, 0xD1, 0x86, 0xD1, 0x86, 0xD1, 0x86, 0xD9, 0x86, 0xD1, 0xE3, 0x68,
    0xA2, 0x50, 0xA2, 0x50, 0xA2, 0x48, 0x82, 0x40, 0x81, 0x38, 0x61, 0x38, 0x61, 0x30, 0x61, 0x28, 0x41, 0x28, 0x41,
    0x20, 0x40, 0x18, 0x20, 0x18, 0x20, 0x10, 0x20, 0x10, 0x20, 0x10, 0x20, 0x08, 0x00, 0x08, 0x00, 0x08, 0x00, 0x00,
    0x00, 0x00, 0x00, 0x00, 0x00, 0x00, 0x00, 0x00, 0x00, 0x00, 0x00, 0x00, 0x00, 0x00, 0x00, 0x00, 0x00, 0x00, 0x00,
    0x00, 0x00, 0x00, 0x00, 0x00, 0x00, 0x00, 0x00, 0x00, 0x00, 0x00, 0x00, 0x08, 0x00, 0x08, 0x00, 0x08, 0x20, 0x10,
    0x20, 0x10, 0x20, 0x10, 0x20, 0x18, 0x40, 0x18, 0x40, 0x20, 0x41, 0x20, 0x41, 0x28, 0x61, 0x30, 0x61, 0x30, 0x81,
    0x38, 0x81, 0x40, 0xA2, 0x48, 0xA2, 0x48, 0xA2, 0x50, 0xA2, 0x50, 0x45, 0xA9, 0xA6, 0xD9, 0x86, 0xD1, 0x86, 0xD1,
    0x86, 0xD1, 0x86, 0xD1, 0x86, 0xD1, 0x86, 0xD1, 0x86, 0xD1, 0x86, 0xD1, 0x86, 0xD1, 0x86, 0xD1, 0x86, 0xD1, 0x86,
    0xD1, 0x86, 0xD1, 0x86, 0xD1, 0x86, 0xD1, 0x86, 0xD1, 0x86, 0xD1, 0x86, 0xD1, 0x86, 0xD1, 0x86, 0xD1, 0x86, 0xD1,
    0x86, 0xD1, 0x86, 0xD1, 0x86, 0xD1, 0x86, 0xD1, 0x86, 0xD1, 0x86, 0xD1, 0x86, 0xD1, 0x86, 0xD1, 0x86, 0xD1, 0x86,
    0xD1, 0x86, 0xD1, 0x86, 0xD1, 0x86, 0xD1, 0x86, 0xD1, 0x86, 0xD1, 0x86, 0xD1, 0x86, 0xD1, 0x86, 0xD1, 0x86, 0xD1,
    0x86, 0xD1, 0x86, 0xD1, 0x86, 0xD1, 0x86, 0xD1, 0x86, 0xD1, 0x86, 0xD1, 0x86, 0xD1, 0x86, 0xD1, 0x86, 0xD1, 0x86,
    0xD1, 0x86, 0xD1, 0x86, 0xD1, 0x86, 0xD1, 0x86, 0xD1, 0x86, 0xD1, 0x86, 0xD1, 0x86, 0xD1, 0x86, 0xD1, 0x86, 0xD1,
    0x86, 0xD1, 0x86, 0xD1, 0x86, 0xD1, 0x86, 0xD1, 0x86, 0xD1, 0x86, 0xD1, 0xA6, 0xD1, 0x24, 0xD1, 0x45, 0xD1, 0x44,
    0xD1, 0x45, 0xD1, 0xA6, 0xD1, 0x86, 0xD1, 0x86, 0xD1, 0x86, 0xD1, 0x86, 0xD1, 0x86, 0xD1, 0x86, 0xD1, 0x86, 0xD1,
    0x86, 0xD1, 0x86, 0xD1, 0x86, 0xD1, 0x86, 0xD1, 0x86, 0xD1, 0x86, 0xD1, 0x86, 0xD1, 0x86, 0xD1, 0x86, 0xD1, 0x86,
    0xD1, 0x86, 0xD1, 0x86, 0xD1, 0x86, 0xD1, 0x86, 0xD1, 0x86, 0xD1, 0x86, 0xD1, 0x86, 0xD1, 0x86, 0xD1, 0x86, 0xD1,
    0x86, 0xD1, 0x86, 0xD1, 0x86, 0xD1, 0x86, 0xD1, 0x86, 0xD1, 0x86, 0xD1, 0x86, 0xD1, 0x86, 0xD1, 0x86, 0xD1, 0x86,
    0xD1, 0x86, 0xD1, 0x86, 0xD1, 0x86, 0xD1, 0x86, 0xD1, 0x86, 0xD1, 0x86, 0xD1, 0x86, 0xD1, 0x86, 0xD1, 0x86, 0xD1,
    0x86, 0xD1, 0x86, 0xD1, 0x86, 0xD1, 0x86, 0xD1, 0x86, 0xD1, 0x86, 0xD1, 0x86, 0xD1, 0x86, 0xD1, 0x86, 0xD1, 0x86,
    0xD1, 0x86, 0xD1, 0x86, 0xD1, 0x86, 0xD1, 0x86, 0xD1, 0x86, 0xD1, 0x86, 0xD1, 0x86, 0xD1, 0x86, 0xD1, 0x86, 0xD1,
    0x86, 0xD1, 0x86, 0xD1, 0x86, 0xD1, 0x86, 0xD1, 0x86, 0xD1, 0x86, 0xD1, 0x86, 0xD1, 0xA6, 0xD9, 0x45, 0xA9, 0xA2,
    0x50, 0xA2, 0x50, 0xA2, 0x48, 0xA2, 0x48, 0x81, 0x40, 0x81, 0x38, 0x61, 0x30, 0x61, 0x30, 0x41, 0x28, 0x41, 0x20,
    0x40, 0x20, 0x40, 0x18, 0x20, 0x18, 0x20, 0x10, 0x20, 0x10, 0x20, 0x10, 0x00, 0x08, 0x00, 0x08, 0x00, 0x08, 0x00,
    0x00, 0x00, 0x00, 0x00, 0x00, 0x00, 0x00, 0x00, 0x00, 0x00, 0x00, 0x00, 0x00, 0x00, 0x00, 0x00, 0x00, 0x00, 0x00,
    0x00, 0x00, 0x00, 0x00, 0x00, 0x00, 0x00, 0x00, 0x00, 0x00, 0x00, 0x00, 0x00, 0x08, 0x00, 0x08, 0x00, 0x08, 0x20,
    0x08, 0x20, 0x10, 0x20, 0x10, 0x20, 0x18, 0x20, 0x18, 0x40, 0x20, 0x41, 0x20, 0x41, 0x28, 0x61, 0x28, 0x61, 0x30,
    0x81, 0x38, 0x81, 0x38, 0x82, 0x40, 0xA2, 0x48, 0xA2, 0x50, 0xA2, 0x50, 0x03, 0x79, 0x86, 0xD9, 0x86, 0xD1, 0x86,
    0xD1, 0x86, 0xD1, 0x86, 0xD1, 0x86, 0xD1, 0x86, 0xD1, 0x86, 0xD1, 0x86, 0xD1, 0x86, 0xD1, 0x86, 0xD1, 0x86, 0xD1,
    0x86, 0xD1, 0x86, 0xD1, 0x86, 0xD1, 0x86, 0xD1, 0x86, 0xD1, 0x86, 0xD1, 0x86, 0xD1, 0x86, 0xD1, 0x86, 0xD1, 0x86,
    0xD1, 0x86, 0xD1, 0x86, 0xD1, 0x86, 0xD1, 0x86, 0xD1, 0x86, 0xD1, 0x86, 0xD1, 0x86, 0xD1, 0x86, 0xD1, 0x86, 0xD1,
    0x86, 0xD1, 0x86, 0xD1, 0x86, 0xD1, 0x86, 0xD1, 0x86, 0xD1, 0x86, 0xD1, 0x86, 0xD1, 0x86, 0xD1, 0x86, 0xD1, 0x86,
    0xD1, 0x86, 0xD1, 0x86, 0xD1, 0x86, 0xD1, 0x86, 0xD1, 0x86, 0xD1, 0x86, 0xD1, 0x86, 0xD1, 0x86, 0xD1, 0x86, 0xD1,
    0x86, 0xD1, 0x86, 0xD1, 0x86, 0xD1, 0x86, 0xD1, 0x86, 0xD1, 0x86, 0xD1, 0x86, 0xD1, 0x86, 0xD1, 0x86, 0xD1, 0x86,
    0xD1, 0x86, 0xD1, 0x86, 0xD1, 0x86, 0xD1, 0x86, 0xD1, 0x86, 0xD1, 0x86, 0xD1, 0x86, 0xD1, 0xA6, 0xD1, 0x86, 0xD1,
    0x86, 0xD1, 0x86, 0xD1, 0x86, 0xD1, 0x86, 0xD1, 0x86, 0xD1, 0x86, 0xD1, 0x86, 0xD1, 0x86, 0xD1, 0x86, 0xD1, 0x86,
    0xD1, 0x86, 0xD1, 0x86, 0xD1, 0x86, 0xD1, 0x86, 0xD1, 0x86, 0xD1, 0x86, 0xD1, 0x86, 0xD1, 0x86, 0xD1, 0x86, 0xD1,
    0x86, 0xD1, 0x86, 0xD1, 0x86, 0xD1, 0x86, 0xD1, 0x86, 0xD1, 0x86, 0xD1, 0x86, 0xD1, 0x86, 0xD1, 0x86, 0xD1, 0x86,
    0xD1, 0x86, 0xD1, 0x86, 0xD1, 0x86, 0xD1, 0x86, 0xD1, 0x86, 0xD1, 0x86, 0xD1, 0x86, 0xD1, 0x86, 0xD1, 0x86, 0xD1,
    0x86, 0xD1, 0x86, 0xD1, 0x86, 0xD1, 0x86, 0xD1, 0x86, 0xD1, 0x86, 0xD1, 0x86, 0xD1, 0x86, 0xD1, 0x86, 0xD1, 0x86,
    0xD1, 0x86, 0xD1, 0x86, 0xD1, 0x86, 0xD1, 0x86, 0xD1, 0x86, 0xD1, 0x86, 0xD1, 0x86, 0xD1, 0x86, 0xD1, 0x86, 0xD1,
    0x86, 0xD1, 0x86, 0xD1, 0x86, 0xD1, 0x86, 0xD1, 0x86, 0xD1, 0x86, 0xD1, 0x86, 0xD1, 0x86, 0xD1, 0x86, 0xD1, 0x86,
    0xD1, 0x86, 0xD1, 0x86, 0xD1, 0x86, 0xD1, 0x86, 0xD1, 0x86, 0xD1, 0x86, 0xD1, 0x86, 0xD1, 0x86, 0xD9, 0x03, 0x79,
    0xA2, 0x50, 0xA2, 0x50, 0xA2, 0x48, 0x82, 0x40, 0x81, 0x38, 0x81, 0x38, 0x61, 0x30, 0x61, 0x28, 0x41, 0x28, 0x41,
    0x20, 0x40, 0x20, 0x20, 0x18, 0x20, 0x18, 0x20, 0x10, 0x20, 0x10, 0x20, 0x08, 0x00, 0x08, 0x00, 0x08, 0x00, 0x08,
    0x00, 0x00, 0x00, 0x00, 0x00, 0x00, 0x00, 0x00, 0x00, 0x00, 0x00, 0x00, 0x00, 0x00, 0x00, 0x00, 0x00, 0x00, 0x00,
    0x00, 0x00, 0x00, 0x00, 0x00, 0x00, 0x00, 0x00, 0x00, 0x00, 0x00, 0x00, 0x00, 0x00, 0x00, 0x00, 0x08, 0x00, 0x08,
    0x20, 0x08, 0x20, 0x10, 0x20, 0x10, 0x20, 0x10, 0x20, 0x18, 0x40, 0x18, 0x41, 0x20, 0x41, 0x28, 0x61, 0x28, 0x61,
    0x30, 0x61, 0x30, 0x81, 0x38, 0x82, 0x40, 0xA2, 0x48, 0xA2, 0x50, 0xA2, 0x50, 0xC2, 0x58, 0x45, 0xB9, 0x86, 0xD9,
    0x86, 0xD1, 0x86, 0xD1, 0x86, 0xD1, 0x86, 0xD1, 0x86, 0xD1, 0x86, 0xD1, 0x86, 0xD1, 0x86, 0xD1, 0x86, 0xD1, 0x86,
    0xD1, 0x86, 0xD1, 0x86, 0xD1, 0x86, 0xD1, 0x86, 0xD1, 0x86, 0xD1, 0x86, 0xD1, 0x86, 0xD1, 0x86, 0xD1, 0x86, 0xD1,
    0x86, 0xD1, 0x86, 0xD1, 0x86, 0xD1, 0x86, 0xD1, 0x86, 0xD1, 0x86, 0xD1, 0x86, 0xD1, 0x86, 0xD1, 0x86, 0xD1, 0x86,
    0xD1, 0x86, 0xD1, 0x86, 0xD1, 0x86, 0xD1, 0x86, 0xD1, 0x86, 0xD1, 0x86, 0xD1, 0x86, 0xD1, 0x86, 0xD1, 0x86, 0xD1,
    0x86, 0xD1, 0x86, 0xD1, 0x86, 0xD1, 0x86, 0xD1, 0x86, 0xD1, 0x86, 0xD1, 0x86, 0xD1, 0x86, 0xD1, 0x86, 0xD1, 0x86,
    0xD1, 0x86, 0xD1, 0x86, 0xD1, 0x86, 0xD1, 0x86, 0xD1, 0x86, 0xD1, 0x86, 0xD1, 0x86, 0xD1, 0x86, 0xD1, 0x86, 0xD1,
    0x86, 0xD1, 0x86, 0xD1, 0x86, 0xD1, 0x86, 0xD1, 0x86, 0xD1, 0x86, 0xD1, 0x86, 0xD1, 0x86, 0xD1, 0x86, 0xD1, 0x86,
    0xD1, 0x86, 0xD1, 0x86, 0xD1, 0x86, 0xD1, 0x86, 0xD1, 0x86, 0xD1, 0x86, 0xD1, 0x86, 0xD1, 0x86, 0xD1, 0x86, 0xD1,
    0x86, 0xD1, 0x86, 0xD1, 0x86, 0xD1, 0x86, 0xD1, 0x86, 0xD1, 0x86, 0xD1, 0x86, 0xD1, 0x86, 0xD1, 0x86, 0xD1, 0x86,
    0xD1, 0x86, 0xD1, 0x86, 0xD1, 0x86, 0xD1, 0x86, 0xD1, 0x86, 0xD1, 0x86, 0xD1, 0x86, 0xD1, 0x86, 0xD1, 0x86, 0xD1,
    0x86, 0xD1, 0x86, 0xD1, 0x86, 0xD1, 0x86, 0xD1, 0x86, 0xD1, 0x86, 0xD1, 0x86, 0xD1, 0x86, 0xD1, 0x86, 0xD1, 0x86,
    0xD1, 0x86, 0xD1, 0x86, 0xD1, 0x86, 0xD1, 0x86, 0xD1, 0x86, 0xD1, 0x86, 0xD1, 0x86, 0xD1, 0x86, 0xD1, 0x86, 0xD1,
    0x86, 0xD1, 0x86, 0xD1, 0x86, 0xD1, 0x86, 0xD1, 0x86, 0xD1, 0x86, 0xD1, 0x86, 0xD1, 0x86, 0xD1, 0x86, 0xD1, 0x86,
    0xD1, 0x86, 0xD1, 0x86, 0xD1, 0x86, 0xD1, 0x86, 0xD1, 0x86, 0xD1, 0x86, 0xD1, 0x86, 0xD1, 0x86, 0xD1, 0x86, 0xD1,
    0x86, 0xD1, 0x86, 0xD1, 0x86, 0xD1, 0x86, 0xD1, 0x86, 0xD1, 0x86, 0xD1, 0x86, 0xD1, 0x86, 0xD9, 0x45, 0xB9, 0xC2,
    0x58, 0xA2, 0x50, 0xA2, 0x50, 0xA2, 0x48, 0x82, 0x40, 0x81, 0x38, 0x61, 0x30, 0x61, 0x30, 0x61, 0x28, 0x41, 0x28,
    0x41, 0x20, 0x40, 0x18, 0x20, 0x18, 0x20, 0x10, 0x20, 0x10, 0x20, 0x10, 0x20, 0x08, 0x00, 0x08, 0x00, 0x08, 0x00,
    0x00, 0x00, 0x00, 0x00, 0x00, 0x00, 0x00, 0x00, 0x00, 0x00, 0x00, 0x00, 0x00, 0x00, 0x00, 0x00, 0x00, 0x00, 0x00,
    0x00, 0x00, 0x00, 0x00, 0x00, 0x00, 0x00, 0x00, 0x00, 0x00, 0x00, 0x00, 0x00, 0x00, 0x00, 0x00, 0x00, 0x08, 0x00,
    0x08, 0x00, 0x08, 0x20, 0x10, 0x20, 0x10, 0x20, 0x10, 0x20, 0x18, 0x20, 0x18, 0x40, 0x20, 0x41, 0x20, 0x41, 0x28,
    0x61, 0x30, 0x61, 0x30, 0x81, 0x38, 0x81, 0x40, 0x82, 0x40, 0xA2, 0x48, 0xA2, 0x50, 0xA2, 0x50, 0x03, 0x79, 0x86,
    0xD9, 0x86, 0xD1, 0x86, 0xD1, 0x86, 0xD1, 0x86, 0xD1, 0x86, 0xD1, 0x86, 0xD1, 0x86, 0xD1, 0x86, 0xD1, 0x86, 0xD1,
    0x86, 0xD1, 0x86, 0xD1, 0x86, 0xD1, 0x86, 0xD1, 0x86, 0xD1, 0x86, 0xD1, 0x86, 0xD1, 0x86, 0xD1, 0x86, 0xD1, 0x86,
    0xD1, 0x86, 0xD1, 0x86, 0xD1, 0x86, 0xD1, 0x86, 0xD1, 0x86, 0xD1, 0x86, 0xD1, 0x86, 0xD1, 0x86, 0xD1, 0x86, 0xD1,
    0x86, 0xD1, 0x86, 0xD1, 0x86, 0xD1, 0x86, 0xD1, 0x86, 0xD1, 0x86, 0xD1, 0x86, 0xD1, 0x86, 0xD1, 0x86, 0xD1, 0x86,
    0xD1, 0x86, 0xD1, 0x86, 0xD1, 0x86, 0xD1, 0x86, 0xD1, 0x86, 0xD1, 0x86, 0xD1, 0x86, 0xD1, 0x86, 0xD1, 0x86, 0xD1,
    0x86, 0xD1, 0x86, 0xD1, 0x86, 0xD1, 0x86, 0xD1, 0x86, 0xD1, 0x86, 0xD1, 0x86, 0xD1, 0x86, 0xD1, 0x86, 0xD1, 0x86,
    0xD1, 0x86, 0xD1, 0x86, 0xD1, 0x86, 0xD1, 0x86, 0xD1, 0x86, 0xD1, 0x86, 0xD1, 0x86, 0xD1, 0x86, 0xD1, 0x86, 0xD1,
    0x86, 0xD1, 0x86, 0xD1, 0x86, 0xD1, 0x86, 0xD1, 0x86, 0xD1, 0x86, 0xD1, 0x86, 0xD1, 0x86, 0xD1, 0x86, 0xD1, 0x86,
    0xD1, 0x86, 0xD1, 0x86, 0xD1, 0x86, 0xD1, 0x86, 0xD1, 0x86, 0xD1, 0x86, 0xD1, 0x86, 0xD1, 0x86, 0xD1, 0x86, 0xD1,
    0x86, 0xD1, 0x86, 0xD1, 0x86, 0xD1, 0x86, 0xD1, 0x86, 0xD1, 0x86, 0xD1, 0x86, 0xD1, 0x86, 0xD1, 0x86, 0xD1, 0x86,
    0xD1, 0x86, 0xD1, 0x86, 0xD1, 0x86, 0xD1, 0x86, 0xD1, 0x86, 0xD1, 0x86, 0xD1, 0x86, 0xD1, 0x86, 0xD1, 0x86, 0xD1,
    0x86, 0xD1, 0x86, 0xD1, 0x86, 0xD1, 0x86, 0xD1, 0x86, 0xD1, 0x86, 0xD1, 0x86, 0xD1, 0x86, 0xD1, 0x86, 0xD1, 0x86,
    0xD1, 0x86, 0xD1, 0x86, 0xD1, 0x86, 0xD1, 0x86, 0xD1, 0x86, 0xD1, 0x86, 0xD1, 0x86, 0xD1, 0x86, 0xD1, 0x86, 0xD1,
    0x86, 0xD1, 0x86, 0xD1, 0x86, 0xD1, 0x86, 0xD1, 0x86, 0xD1, 0x86, 0xD1, 0x86, 0xD1, 0x86, 0xD1, 0x86, 0xD1, 0x86,
    0xD1, 0x86, 0xD1, 0x86, 0xD1, 0x86, 0xD1, 0x86, 0xD1, 0x86, 0xD1, 0x86, 0xD1, 0x86, 0xD1, 0x86, 0xD9, 0x03, 0x79,
    0xA2, 0x50, 0xA2, 0x50, 0xA2, 0x48, 0x82, 0x40, 0x81, 0x40, 0x81, 0x38, 0x61, 0x30, 0x61, 0x30, 0x41, 0x28, 0x41,
    0x20, 0x40, 0x20, 0x20, 0x18, 0x20, 0x18, 0x20, 0x10, 0x20, 0x10, 0x20, 0x10, 0x00, 0x08, 0x00, 0x08, 0x00, 0x08,
    0x00, 0x00, 0x00, 0x00, 0x00, 0x00, 0x00, 0x00, 0x00, 0x00, 0x00, 0x00, 0x00, 0x00, 0x00, 0x00, 0x00, 0x00, 0x00,
    0x00, 0x00, 0x00, 0x00, 0x00, 0x00, 0x00, 0x00, 0x00, 0x00, 0x00, 0x00, 0x00, 0x00, 0x00, 0x00, 0x00, 0x00, 0x08,
    0x00, 0x08, 0x00, 0x08, 0x20, 0x08, 0x20, 0x10, 0x20, 0x10, 0x20, 0x18, 0x20, 0x18, 0x40, 0x18, 0x41, 0x20, 0x41,
    0x28, 0x61, 0x28, 0x61, 0x30, 0x61, 0x38, 0x81, 0x38, 0x82, 0x40, 0xA2, 0x48, 0xA2, 0x50, 0xA2, 0x50, 0xC2, 0x58,
    0x45, 0xB1, 0x86, 0xD9, 0x86, 0xD1, 0x86, 0xD1, 0x86, 0xD1, 0x86, 0xD1, 0x86, 0xD1, 0x86, 0xD1, 0x86, 0xD1, 0x86,
    0xD1, 0x86, 0xD1, 0x86, 0xD1, 0x86, 0xD1, 0x86, 0xD1, 0x86, 0xD1, 0x86, 0xD1, 0x86, 0xD1, 0x86, 0xD1, 0x86, 0xD1,
    0x86, 0xD1, 0x86, 0xD1, 0x86, 0xD1, 0x86, 0xD1, 0x86, 0xD1, 0x86, 0xD1, 0x86, 0xD1, 0x86, 0xD1, 0x86, 0xD1, 0x86,
    0xD1, 0x86, 0xD1, 0x86, 0xD1, 0x86, 0xD1, 0x86, 0xD1, 0x86, 0xD1, 0x86, 0xD1, 0x86, 0xD1, 0x86, 0xD1, 0x86, 0xD1,
    0x86, 0xD1, 0x86, 0xD1, 0x86, 0xD1, 0x86, 0xD1, 0x86, 0xD1, 0x86, 0xD1, 0x86, 0xD1, 0x86, 0xD1, 0x86, 0xD1, 0x86,
    0xD1, 0x86, 0xD1, 0x86, 0xD1, 0x86, 0xD1, 0x86, 0xD1, 0x86, 0xD1, 0x86, 0xD1, 0x86, 0xD1, 0x86, 0xD1, 0x86, 0xD1,
    0x86, 0xD1, 0x86, 0xD1, 0x86, 0xD1, 0x86, 0xD1, 0x86, 0xD1, 0x86, 0xD1, 0x86, 0xD1, 0x86, 0xD1, 0x86, 0xD1, 0x86,
    0xD1, 0x86, 0xD1, 0x86, 0xD1, 0x86, 0xD1, 0x86, 0xD1, 0x86, 0xD1, 0x86, 0xD1, 0x86, 0xD1, 0x86, 0xD1, 0x86, 0xD1,
    0x86, 0xD1, 0x86, 0xD1, 0x86, 0xD1, 0x86, 0xD1, 0x86, 0xD1, 0x86, 0xD1, 0x86, 0xD1, 0x86, 0xD1, 0x86, 0xD1, 0x86,
    0xD1, 0x86, 0xD1, 0x86, 0xD1, 0x86, 0xD1, 0x86, 0xD1, 0x86, 0xD1, 0x86, 0xD1, 0x86, 0xD1, 0x86, 0xD1, 0x86, 0xD1,
    0x86, 0xD1, 0x86, 0xD1, 0x86, 0xD1, 0x86, 0xD1, 0x86, 0xD1, 0x86, 0xD1, 0x86, 0xD1, 0x86, 0xD1, 0x86, 0xD1, 0x86,
    0xD1, 0x86, 0xD1, 0x86, 0xD1, 0x86, 0xD1, 0x86, 0xD1, 0x86, 0xD1, 0x86, 0xD1, 0x86, 0xD1, 0x86, 0xD1, 0x86, 0xD1,
    0x86, 0xD1, 0x86, 0xD1, 0x86, 0xD1, 0x86, 0xD1, 0x86, 0xD1, 0x86, 0xD1, 0x86, 0xD1, 0x86, 0xD1, 0x86, 0xD1, 0x86,
    0xD1, 0x86, 0xD1, 0x86, 0xD1, 0x86, 0xD1, 0x86, 0xD1, 0x86, 0xD1, 0x86, 0xD1, 0x86, 0xD1, 0x86, 0xD1, 0x86, 0xD1,
    0x86, 0xD1, 0x86, 0xD1, 0x86, 0xD1, 0x86, 0xD1, 0x86, 0xD1, 0x86, 0xD1, 0x86, 0xD1, 0x86, 0xD9, 0x45, 0xB1, 0xC2,
    0x58, 0xA2, 0x50, 0xA2, 0x50, 0xA2, 0x48, 0x82, 0x40, 0x81, 0x38, 0x61, 0x38, 0x61, 0x30, 0x61, 0x28, 0x41, 0x28,
    0x41, 0x20, 0x40, 0x18, 0x20, 0x18, 0x20, 0x18, 0x20, 0x10, 0x20, 0x10, 0x20, 0x08, 0x00, 0x08, 0x00, 0x08, 0x00,
    0x08, 0x00, 0x00, 0x00, 0x00, 0x00, 0x00, 0x00, 0x00, 0x00, 0x00, 0x00, 0x00, 0x00, 0x00, 0x00, 0x00, 0x00, 0x00,
    0x00, 0x00, 0x00, 0x00, 0x00, 0x00, 0x00, 0x00, 0x00, 0x00, 0x00, 0x00, 0x00, 0x00, 0x00, 0x00, 0x00, 0x00, 0x00,
    0x00, 0x00, 0x08, 0x00, 0x08, 0x20, 0x08, 0x20, 0x10, 0x20, 0x10, 0x20, 0x10, 0x20, 0x18, 0x40, 0x18, 0x40, 0x20,
    0x41, 0x20, 0x41, 0x28, 0x61, 0x30, 0x61, 0x30, 0x81, 0x38, 0x81, 0x40, 0x82, 0x40, 0xA2, 0x48, 0xA2, 0x50, 0xA2,
    0x50, 0xE3, 0x78, 0x86, 0xD9, 0x86, 0xD1, 0x86, 0xD1, 0x86, 0xD1, 0x86, 0xD1, 0x86, 0xD1, 0x86, 0xD1, 0x86, 0xD1,
    0x86, 0xD1, 0x86, 0xD1, 0x86, 0xD1, 0x86, 0xD1, 0x86, 0xD1, 0x86, 0xD1, 0x86, 0xD1, 0x86, 0xD1, 0x86, 0xD1, 0x86,
    0xD1, 0x86, 0xD1, 0x86, 0xD1, 0x86, 0xD1, 0x86, 0xD1, 0x86, 0xD1, 0x86, 0xD1, 0x86, 0xD1, 0x86, 0xD1, 0x86, 0xD1,
    0x86, 0xD1, 0x86, 0xD1, 0x86, 0xD1, 0x86, 0xD1, 0x86, 0xD1, 0x86, 0xD1, 0x86, 0xD1, 0x86, 0xD1, 0x86, 0xD1, 0x86,
    0xD1, 0x86, 0xD1, 0x86, 0xD1, 0x86, 0xD1, 0x86, 0xD1, 0x86, 0xD1, 0x86, 0xD1, 0x86, 0xD1, 0x86, 0xD1, 0x86, 0xD1,
    0x86, 0xD1, 0x86, 0xD1, 0x86, 0xD1, 0x86, 0xD1, 0x86, 0xD1, 0x86, 0xD1, 0x86, 0xD1, 0x86, 0xD1, 0x86, 0xD1, 0x86,
    0xD1, 0x86, 0xD1, 0x86, 0xD1, 0x86, 0xD1, 0x86, 0xD1, 0x86, 0xD1, 0x86, 0xD1, 0x86, 0xD1, 0x86, 0xD1, 0x86, 0xD1,
    0x86, 0xD1, 0x86, 0xD1, 0x86, 0xD1, 0x86, 0xD1, 0x86, 0xD1, 0x86, 0xD1, 0x86, 0xD1, 0x86, 0xD1, 0x86, 0xD1, 0x86,
    0xD1, 0x86, 0xD1, 0x86, 0xD1, 0x86, 0xD1, 0x86, 0xD1, 0x86, 0xD1, 0x86, 0xD1, 0x86, 0xD1, 0x86, 0xD1, 0x86, 0xD1,
    0x86, 0xD1, 0x86, 0xD1, 0x86, 0xD1, 0x86, 0xD1, 0x86, 0xD1, 0x86, 0xD1, 0x86, 0xD1, 0x86, 0xD1, 0x86, 0xD1, 0x86,
    0xD1, 0x86, 0xD1, 0x86, 0xD1, 0x86, 0xD1, 0x86, 0xD1, 0x86, 0xD1, 0x86, 0xD1, 0x86, 0xD1, 0x86, 0xD1, 0x86, 0xD1,
    0x86, 0xD1, 0x86, 0xD1, 0x86, 0xD1, 0x86, 0xD1, 0x86, 0xD1, 0x86, 0xD1, 0x86, 0xD1, 0x86, 0xD1, 0x86, 0xD1, 0x86,
    0xD1, 0x86, 0xD1, 0x86, 0xD1, 0x86, 0xD1, 0x86, 0xD1, 0x86, 0xD1, 0x86, 0xD1, 0x86, 0xD1, 0x86, 0xD1, 0x86, 0xD1,
    0x86, 0xD1, 0x86, 0xD1, 0x86, 0xD1, 0x86, 0xD1, 0x86, 0xD1, 0x86, 0xD1, 0x86, 0xD1, 0x86, 0xD1, 0x86, 0xD1, 0x86,
    0xD1, 0x86, 0xD1, 0x86, 0xD1, 0x86, 0xD1, 0x86, 0xD1, 0x86, 0xD1, 0x86, 0xD1, 0x86, 0xD1, 0x86, 0xD9, 0xE3, 0x78,
    0xA2, 0x50, 0xA2, 0x50, 0xA2, 0x48, 0x82, 0x40, 0x81, 0x40, 0x81, 0x38, 0x61, 0x30, 0x61, 0x30, 0x41, 0x28, 0x41,
    0x20, 0x40, 0x20, 0x40, 0x18, 0x20, 0x18, 0x20, 0x10, 0x20, 0x10, 0x20, 0x10, 0x20, 0x08, 0x00, 0x08, 0x00, 0x08,
    0x00, 0x00, 0x00, 0x00, 0x00, 0x00, 0x00, 0x00, 0x00, 0x00, 0x00, 0x00, 0x00, 0x00, 0x00, 0x00, 0x00, 0x00, 0x00,
    0x00, 0x00, 0x00, 0x00, 0x00, 0x00, 0x00, 0x00, 0x00, 0x00, 0x00, 0x00, 0x00, 0x00, 0x00, 0x00, 0x00, 0x00, 0x00,
    0x00, 0x00, 0x00, 0x08, 0x00, 0x08, 0x00, 0x08, 0x20, 0x10, 0x20, 0x10, 0x20, 0x10, 0x20, 0x18, 0x20, 0x18, 0x40,
    0x20, 0x41, 0x20, 0x41, 0x28, 0x61, 0x28, 0x61, 0x30, 0x61, 0x38, 0x81, 0x38, 0x82, 0x40, 0xA2, 0x48, 0xA2, 0x48,
    0xA2, 0x50, 0xC2, 0x50, 0x45, 0xA9, 0x86, 0xD9, 0x66, 0xD1, 0x66, 0xD1, 0x66, 0xD1, 0x66, 0xD1, 0x66, 0xD1, 0x66,
    0xD1, 0x66, 0xD1, 0x66, 0xD1, 0x66, 0xD1, 0x66, 0xD1, 0x66, 0xD1, 0x66, 0xD1, 0x66, 0xD1, 0x66, 0xD1, 0x66, 0xD1,
    0x66, 0xD1, 0x66, 0xD1, 0x66, 0xD1, 0x66, 0xD1, 0x66, 0xD1, 0x66, 0xD1, 0x66, 0xD1, 0x66, 0xD1, 0x66, 0xD1, 0x66,
    0xD1, 0x66, 0xD1, 0x66, 0xD1, 0x66, 0xD1, 0x66, 0xD1, 0x66, 0xD1, 0x66, 0xD1, 0x66, 0xD1, 0x66, 0xD1, 0x66, 0xD1,
    0x66, 0xD1, 0x66, 0xD1, 0x66, 0xD1, 0x66, 0xD1, 0x66, 0xD1, 0x66, 0xD1, 0x66, 0xD1, 0x66, 0xD1, 0x66, 0xD1, 0x66,
    0xD1, 0x66, 0xD1, 0x66, 0xD1, 0x66, 0xD1, 0x66, 0xD1, 0x66, 0xD1, 0x66, 0xD1, 0x66, 0xD1, 0x66, 0xD1, 0x66, 0xD1,
    0x66, 0xD1, 0x66, 0xD1, 0x66, 0xD1, 0x66, 0xD1, 0x66, 0xD1, 0x66, 0xD1, 0x66, 0xD1, 0x66, 0xD1, 0x66, 0xD1, 0x66,
    0xD1, 0x66, 0xD1, 0x66, 0xD1, 0x66, 0xD1, 0x66, 0xD1, 0x66, 0xD1, 0x66, 0xD1, 0x66, 0xD1, 0x66, 0xD1, 0x66, 0xD1,
    0x66, 0xD1, 0x66, 0xD1, 0x66, 0xD1, 0x66, 0xD1, 0x66, 0xD1, 0x66, 0xD1, 0x66, 0xD1, 0x66, 0xD1, 0x66, 0xD1, 0x66,
    0xD1, 0x66, 0xD1, 0x66, 0xD1, 0x66, 0xD1, 0x66, 0xD1, 0x66, 0xD1, 0x66, 0xD1, 0x66, 0xD1, 0x66, 0xD1, 0x66, 0xD1,
    0x66, 0xD1, 0x66, 0xD1, 0x66, 0xD1, 0x66, 0xD1, 0x66, 0xD1, 0x66, 0xD1, 0x66, 0xD1, 0x66, 0xD1, 0x66, 0xD1, 0x66,
    0xD1, 0x66, 0xD1, 0x66, 0xD1, 0x66, 0xD1, 0x66, 0xD1, 0x66, 0xD1, 0x66, 0xD1, 0x66, 0xD1, 0x66, 0xD1, 0x66, 0xD1,
    0x66, 0xD1, 0x66, 0xD1, 0x66, 0xD1, 0x66, 0xD1, 0x66, 0xD1, 0x66, 0xD1, 0x66, 0xD1, 0x66, 0xD1, 0x66, 0xD1, 0x66,
    0xD1, 0x66, 0xD1, 0x66, 0xD1, 0x66, 0xD1, 0x66, 0xD1, 0x66, 0xD1, 0x66, 0xD1, 0x66, 0xD1, 0x66, 0xD1, 0x66, 0xD1,
    0x66, 0xD1, 0x66, 0xD1, 0x66, 0xD1, 0x66, 0xD1, 0x66, 0xD1, 0x66, 0xD1, 0x66, 0xD1, 0x86, 0xD9, 0x45, 0xA9, 0xC2,
    0x50, 0xA2, 0x50, 0xA2, 0x48, 0xA2, 0x48, 0x82, 0x40, 0x81, 0x38, 0x61, 0x38, 0x61, 0x30, 0x61, 0x28, 0x41, 0x28,
    0x41, 0x20, 0x40, 0x20, 0x20, 0x18, 0x20, 0x18, 0x20, 0x10, 0x20, 0x10, 0x20, 0x10, 0x00, 0x08, 0x00, 0x08, 0x00,
    0x08, 0x00, 0x00, 0x00, 0x00, 0x00, 0x00, 0x00, 0x00, 0x00, 0x00, 0x00, 0x00, 0x00, 0x00, 0x00, 0x00, 0x00, 0x00,
    0x00, 0x00, 0x00, 0x00, 0x00, 0x00, 0x00, 0x00, 0x00, 0x00, 0x00, 0x00, 0x00, 0x00, 0x00, 0x00, 0x00, 0x00, 0x00,
    0x00, 0x00, 0x00, 0x00, 0x08, 0x00, 0x08, 0x00, 0x08, 0x20, 0x08, 0x20, 0x10, 0x20, 0x10, 0x20, 0x10, 0x20, 0x18,
    0x40, 0x18, 0x40, 0x20, 0x41, 0x20, 0x41, 0x28, 0x61, 0x30, 0x61, 0x30, 0x81, 0x38, 0x81, 0x40, 0x82, 0x40, 0xA2,
    0x48, 0xA2, 0x50, 0xA2, 0x50, 0xE3, 0x68, 0x66, 0xD1, 0x66, 0xD1, 0x66, 0xD1, 0x66, 0xD1, 0x66, 0xD1, 0x66, 0xD1,
    0x66, 0xD1, 0x66, 0xD1, 0x66, 0xD1, 0x66, 0xD1, 0x66, 0xD1, 0x66, 0xD1, 0x66, 0xD1, 0x66, 0xD1, 0x66, 0xD1, 0x66,
    0xD1, 0x66, 0xD1, 0x66, 0xD1, 0x66, 0xD1, 0x66, 0xD1, 0x66, 0xD1, 0x66, 0xD1, 0x66, 0xD1, 0x66, 0xD1, 0x66, 0xD1,
    0x66, 0xD1, 0x66, 0xD1, 0x66, 0xD1, 0x66, 0xD1, 0x66, 0xD1, 0x66, 0xD1, 0x66, 0xD1, 0x66, 0xD1, 0x66, 0xD1, 0x66,
    0xD1, 0x66, 0xD1, 0x66, 0xD1, 0x66, 0xD1, 0x66, 0xD1, 0x66, 0xD1, 0x66, 0xD1, 0x66, 0xD1, 0x66, 0xD1, 0x66, 0xD1,
    0x66, 0xD1, 0x66, 0xD1, 0x66, 0xD1, 0x66, 0xD1, 0x66, 0xD1, 0x66, 0xD1, 0x66, 0xD1, 0x66, 0xD1, 0x66, 0xD1, 0x66,
    0xD1, 0x66, 0xD1, 0x66, 0xD1, 0x66, 0xD1, 0x66, 0xD1, 0x66, 0xD1, 0x66, 0xD1, 0x66, 0xD1, 0x66, 0xD1, 0x66, 0xD1,
    0x66, 0xD1, 0x66, 0xD1, 0x66, 0xD1, 0x66, 0xD1, 0x66, 0xD1, 0x66, 0xD1, 0x66, 0xD1, 0x66, 0xD1, 0x66, 0xD1, 0x66,
    0xD1, 0x66, 0xD1, 0x66, 0xD1, 0x66, 0xD1, 0x66, 0xD1, 0x66, 0xD1, 0x66, 0xD1, 0x66, 0xD1, 0x66, 0xD1, 0x66, 0xD1,
    0x66, 0xD1, 0x66, 0xD1, 0x66, 0xD1, 0x66, 0xD1, 0x66, 0xD1, 0x66, 0xD1, 0x66, 0xD1, 0x66, 0xD1, 0x66, 0xD1, 0x66,
    0xD1, 0x66, 0xD1, 0x66, 0xD1, 0x66, 0xD1, 0x66, 0xD1, 0x66, 0xD1, 0x66, 0xD1, 0x66, 0xD1, 0x66, 0xD1, 0x66, 0xD1,
    0x66, 0xD1, 0x66, 0xD1, 0x66, 0xD1, 0x66, 0xD1, 0x66, 0xD1, 0x66, 0xD1, 0x66, 0xD1, 0x66, 0xD1, 0x66, 0xD1, 0x66,
    0xD1, 0x66, 0xD1, 0x66, 0xD1, 0x66, 0xD1, 0x66, 0xD1, 0x66, 0xD1, 0x66, 0xD1, 0x66, 0xD1, 0x66, 0xD1, 0x66, 0xD1,
    0x66, 0xD1, 0x66, 0xD1, 0x66, 0xD1, 0x66, 0xD1, 0x66, 0xD1, 0x66, 0xD1, 0x66, 0xD1, 0x66, 0xD1, 0x66, 0xD1, 0x66,
    0xD1, 0x66, 0xD1, 0x66, 0xD1, 0x66, 0xD1, 0x66, 0xD1, 0x66, 0xD1, 0x66, 0xD1, 0x66, 0xD1, 0x66, 0xD1, 0xE3, 0x68,
    0xA2, 0x50, 0xA2, 0x50, 0xA2, 0x48, 0x82, 0x40, 0x81, 0x40, 0x81, 0x38, 0x61, 0x30, 0x61, 0x30, 0x41, 0x28, 0x41,
    0x20, 0x40, 0x20, 0x40, 0x18, 0x20, 0x18, 0x20, 0x10, 0x20, 0x10, 0x20, 0x10, 0x20, 0x08, 0x00, 0x08, 0x00, 0x08,
    0x00, 0x08, 0x00, 0x00, 0x00, 0x00, 0x00, 0x00, 0x00, 0x00, 0x00, 0x00, 0x00, 0x00, 0x00, 0x00, 0x00, 0x00, 0x00,
    0x00, 0x00, 0x00, 0x00, 0x00, 0x00, 0x00, 0x00, 0x00, 0x00, 0x00, 0x00, 0x00, 0x00, 0x00, 0x00, 0x00, 0x00, 0x00,
    0x00, 0x00, 0x00, 0x00, 0x00, 0x00, 0x00, 0x08, 0x00, 0x08, 0x00, 0x08, 0x20, 0x10, 0x20, 0x10, 0x20, 0x10, 0x20,
    0x18, 0x20, 0x18, 0x40, 0x20, 0x41, 0x20, 0x41, 0x28, 0x61, 0x28, 0x61, 0x30, 0x61, 0x30, 0x81, 0x38, 0x81, 0x40,
    0xA2, 0x48, 0xA2, 0x48, 0xA2, 0x50, 0xA2, 0x50, 0x04, 0x91, 0x86, 0xD9, 0x66, 0xD1, 0x66, 0xD1, 0x66, 0xD1, 0x66,
    0xD1, 0x66, 0xD1, 0x66, 0xD1, 0x66, 0xD1, 0x66, 0xD1, 0x66, 0xD1, 0x66, 0xD1, 0x66, 0xD1, 0x66, 0xD1, 0x66, 0xD1,
    0x66, 0xD1, 0x66, 0xD1, 0x66, 0xD1, 0x66, 0xD1, 0x66, 0xD1, 0x66, 0xD1, 0x66, 0xD1, 0x66, 0xD1, 0x66, 0xD1, 0x66,
    0xD1, 0x66, 0xD1, 0x66, 0xD1, 0x66, 0xD1, 0x66, 0xD1, 0x66, 0xD1, 0x66, 0xD1, 0x66, 0xD1, 0x66, 0xD1, 0x66, 0xD1,
    0x66, 0xD1, 0x66, 0xD1, 0x66, 0xD1, 0x66, 0xD1, 0x66, 0xD1, 0x66, 0xD1, 0x66, 0xD1, 0x66, 0xD1, 0x66, 0xD1, 0x66,
    0xD1, 0x66, 0xD1, 0x66, 0xD1, 0x66, 0xD1, 0x66, 0xD1, 0x66, 0xD1, 0x66, 0xD1, 0x66, 0xD1, 0x66, 0xD1, 0x66, 0xD1,
    0x66, 0xD1, 0x66, 0xD1, 0x66, 0xD1, 0x66, 0xD1, 0x66, 0xD1, 0x66, 0xD1, 0x66, 0xD1, 0x66, 0xD1, 0x66, 0xD1, 0x66,
    0xD1, 0x66, 0xD1, 0x66, 0xD1, 0x66, 0xD1, 0x66, 0xD1, 0x66, 0xD1, 0x66, 0xD1, 0x66, 0xD1, 0x66, 0xD1, 0x66, 0xD1,
    0x66, 0xD1, 0x66, 0xD1, 0x66, 0xD1, 0x66, 0xD1, 0x66, 0xD1, 0x66, 0xD1, 0x66, 0xD1, 0x66, 0xD1, 0x66, 0xD1, 0x66,
    0xD1, 0x66, 0xD1, 0x66, 0xD1, 0x66, 0xD1, 0x66, 0xD1, 0x66, 0xD1, 0x66, 0xD1, 0x66, 0xD1, 0x66, 0xD1, 0x66, 0xD1,
    0x66, 0xD1, 0x66, 0xD1, 0x66, 0xD1, 0x66, 0xD1, 0x66, 0xD1, 0x66, 0xD1, 0x66, 0xD1, 0x66, 0xD1, 0x66, 0xD1, 0x66,
    0xD1, 0x66, 0xD1, 0x66, 0xD1, 0x66, 0xD1, 0x66, 0xD1, 0x66, 0xD1, 0x66, 0xD1, 0x66, 0xD1, 0x66, 0xD1, 0x66, 0xD1,
    0x66, 0xD1, 0x66, 0xD1, 0x66, 0xD1, 0x66, 0xD1, 0x66, 0xD1, 0x66, 0xD1, 0x66, 0xD1, 0x66, 0xD1, 0x66, 0xD1, 0x66,
    0xD1, 0x66, 0xD1, 0x66, 0xD1, 0x66, 0xD1, 0x66, 0xD1, 0x66, 0xD1, 0x66, 0xD1, 0x66, 0xD1, 0x66, 0xD1, 0x66, 0xD1,
    0x66, 0xD1, 0x66, 0xD1, 0x66, 0xD1, 0x66, 0xD1, 0x66, 0xD1, 0x66, 0xD1, 0x66, 0xD1, 0x86, 0xD9, 0x04, 0x91, 0xA2,
    0x50, 0xA2, 0x50, 0xA2, 0x48, 0xA2, 0x48, 0x81, 0x40, 0x81, 0x38, 0x61, 0x30, 0x61, 0x30, 0x61, 0x28, 0x41, 0x28,
    0x41, 0x20, 0x40, 0x20, 0x20, 0x18, 0x20, 0x18, 0x20, 0x10, 0x20, 0x10, 0x20, 0x10, 0x00, 0x08, 0x00, 0x08, 0x00,
    0x08, 0x00, 0x00, 0x00, 0x00, 0x00, 0x00, 0x00, 0x00, 0x00, 0x00, 0x00, 0x00, 0x00, 0x00, 0x00, 0x00, 0x00, 0x00,
    0x00, 0x00, 0x00, 0x00, 0x00, 0x00, 0x00, 0x00, 0x00, 0x00, 0x00, 0x00, 0x00, 0x00, 0x00, 0x00, 0x00, 0x00, 0x00,
    0x00, 0x00, 0x00, 0x00, 0x00, 0x00, 0x00, 0x00, 0x08, 0x00, 0x08, 0x00, 0x08, 0x20, 0x08, 0x20, 0x10, 0x20, 0x10,
    0x20, 0x10, 0x20, 0x18, 0x40, 0x18, 0x41, 0x20, 0x41, 0x20, 0x41, 0x28, 0x61, 0x28, 0x61, 0x30, 0x81, 0x38, 0x81,
    0x38, 0x82, 0x40, 0xA2, 0x48, 0xA2, 0x50, 0xA2, 0x50, 0xC2, 0x58, 0x45, 0xB1, 0x66, 0xD9, 0x66, 0xD1, 0x66, 0xD1,
    0x66, 0xD1, 0x66, 0xD1, 0x66, 0xD1, 0x66, 0xD1, 0x66, 0xD1, 0x66, 0xD1, 0x66, 0xD1, 0x66, 0xD1, 0x66, 0xD1, 0x66,
    0xD1, 0x66, 0xD1, 0x66, 0xD1, 0x66, 0xD1, 0x66, 0xD1, 0x66, 0xD1, 0x66, 0xD1, 0x66, 0xD1, 0x66, 0xD1, 0x66, 0xD1,
    0x66, 0xD1, 0x66, 0xD1, 0x66, 0xD1, 0x66, 0xD1, 0x66, 0xD1, 0x66, 0xD1, 0x66, 0xD1, 0x66, 0xD1, 0x66, 0xD1, 0x66,
    0xD1, 0x66, 0xD1, 0x66, 0xD1, 0x66, 0xD1, 0x66, 0xD1, 0x66, 0xD1, 0x66, 0xD1, 0x66, 0xD1, 0x66, 0xD1, 0x66, 0xD1,
    0x66, 0xD1, 0x66, 0xD1, 0x66, 0xD1, 0x66, 0xD1, 0x66, 0xD1, 0x66, 0xD1, 0x66, 0xD1, 0x66, 0xD1, 0x66, 0xD1, 0x66,
    0xD1, 0x66, 0xD1, 0x66, 0xD1, 0x66, 0xD1, 0x66, 0xD1, 0x66, 0xD1, 0x66, 0xD1, 0x66, 0xD1, 0x66, 0xD1, 0x66, 0xD1,
    0x66, 0xD1, 0x66, 0xD1, 0x66, 0xD1, 0x66, 0xD1, 0x66, 0xD1, 0x66, 0xD1, 0x66, 0xD1, 0x66, 0xD1, 0x66, 0xD1, 0x66,
    0xD1, 0x66, 0xD1, 0x66, 0xD1, 0x66, 0xD1, 0x66, 0xD1, 0x66, 0xD1, 0x66, 0xD1, 0x66, 0xD1, 0x66, 0xD1, 0x66, 0xD1,
    0x66, 0xD1, 0x66, 0xD1, 0x66, 0xD1, 0x66, 0xD1, 0x66, 0xD1, 0x66, 0xD1, 0x66, 0xD1, 0x66, 0xD1, 0x66, 0xD1, 0x66,
    0xD1, 0x66, 0xD1, 0x66, 0xD1, 0x66, 0xD1, 0x66, 0xD1, 0x66, 0xD1, 0x66, 0xD1, 0x66, 0xD1, 0x66, 0xD1, 0x66, 0xD1,
    0x66, 0xD1, 0x66, 0xD1, 0x66, 0xD1, 0x66, 0xD1, 0x66, 0xD1, 0x66, 0xD1, 0x66, 0xD1, 0x66, 0xD1, 0x66, 0xD1, 0x66,
    0xD1, 0x66, 0xD1, 0x66, 0xD1, 0x66, 0xD1, 0x66, 0xD1, 0x66, 0xD1, 0x66, 0xD1, 0x66, 0xD1, 0x66, 0xD1, 0x66, 0xD1,
    0x66, 0xD1, 0x66, 0xD1, 0x66, 0xD1, 0x66, 0xD1, 0x66, 0xD1, 0x66, 0xD1, 0x66, 0xD1, 0x66, 0xD1, 0x66, 0xD1, 0x66,
    0xD1, 0x66, 0xD1, 0x66, 0xD1, 0x66, 0xD1, 0x66, 0xD1, 0x66, 0xD1, 0x66, 0xD1, 0x66, 0xD9, 0x45, 0xB1, 0xC2, 0x58,
    0xA2, 0x50, 0xA2, 0x50, 0xA2, 0x48, 0x82, 0x40, 0x81, 0x38, 0x81, 0x38, 0x61, 0x30, 0x61, 0x28, 0x41, 0x28, 0x41,
    0x20, 0x41, 0x20, 0x40, 0x18, 0x20, 0x18, 0x20, 0x10, 0x20, 0x10, 0x20, 0x10, 0x20, 0x08, 0x00, 0x08, 0x00, 0x08,
    0x00, 0x08, 0x00, 0x00, 0x00, 0x00, 0x00, 0x00, 0x00, 0x00, 0x00, 0x00, 0x00, 0x00, 0x00, 0x00, 0x00, 0x00, 0x00,
    0x00, 0x00, 0x00, 0x00, 0x00, 0x00, 0x00, 0x00, 0x00, 0x00, 0x00, 0x00, 0x00, 0x00, 0x00, 0x00, 0x00, 0x00, 0x00,
    0x00, 0x00, 0x00, 0x00, 0x00, 0x00, 0x00, 0x00, 0x00, 0x08, 0x00, 0x08, 0x00, 0x08, 0x00, 0x08, 0x20, 0x10, 0x20,
    0x10, 0x20, 0x10, 0x20, 0x18, 0x20, 0x18, 0x40, 0x18, 0x41, 0x20, 0x41, 0x28, 0x41, 0x28, 0x61, 0x30, 0x61, 0x30,
    0x81, 0x38, 0x81, 0x40, 0x82, 0x40, 0xA2, 0x48, 0xA2, 0x50, 0xA2, 0x50, 0xC3, 0x60, 0x65, 0xC9, 0x66, 0xD1, 0x66,
    0xD1, 0x66, 0xD1, 0x66, 0xD1, 0x66, 0xD1, 0x66, 0xD1, 0x66, 0xD1, 0x66, 0xD1, 0x66, 0xD1, 0x66, 0xD1, 0x66, 0xD1,
    0x66, 0xD1, 0x66, 0xD1, 0x66, 0xD1, 0x66, 0xD1, 0x66, 0xD1, 0x66, 0xD1, 0x66, 0xD1, 0x66, 0xD1, 0x66, 0xD1, 0x66,
    0xD1, 0x66, 0xD1, 0x66, 0xD1, 0x66, 0xD1, 0x66, 0xD1, 0x66, 0xD1, 0x66, 0xD1, 0x66, 0xD1, 0x66, 0xD1, 0x66, 0xD1,
    0x66, 0xD1, 0x66, 0xD1, 0x66, 0xD1, 0x66, 0xD1, 0x66, 0xD1, 0x66, 0xD1, 0x66, 0xD1, 0x66, 0xD1, 0x66, 0xD1, 0x66,
    0xD1, 0x66, 0xD1, 0x66, 0xD1, 0x66, 0xD1, 0x66, 0xD1, 0x66, 0xD1, 0x66, 0xD1, 0x66, 0xD1, 0x66, 0xD1, 0x66, 0xD1,
    0x66, 0xD1, 0x66, 0xD1, 0x66, 0xD1, 0x66, 0xD1, 0x66, 0xD1, 0x66, 0xD1, 0x66, 0xD1, 0x66, 0xD1, 0x66, 0xD1, 0x66,
    0xD1, 0x66, 0xD1, 0x66, 0xD1, 0x66, 0xD1, 0x66, 0xD1, 0x66, 0xD1, 0x66, 0xD1, 0x66, 0xD1, 0x66, 0xD1, 0x66, 0xD1,
    0x66, 0xD1, 0x66, 0xD1, 0x66, 0xD1, 0x66, 0xD1, 0x66, 0xD1, 0x66, 0xD1, 0x66, 0xD1, 0x66, 0xD1, 0x66, 0xD1, 0x66,
    0xD1, 0x66, 0xD1, 0x66, 0xD1, 0x66, 0xD1, 0x66, 0xD1, 0x66, 0xD1, 0x66, 0xD1, 0x66, 0xD1, 0x66, 0xD1, 0x66, 0xD1,
    0x66, 0xD1, 0x66, 0xD1, 0x66, 0xD1, 0x66, 0xD1, 0x66, 0xD1, 0x66, 0xD1, 0x66, 0xD1, 0x66, 0xD1, 0x66, 0xD1, 0x66,
    0xD1, 0x66, 0xD1, 0x66, 0xD1, 0x66, 0xD1, 0x66, 0xD1, 0x66, 0xD1, 0x66, 0xD1, 0x66, 0xD1, 0x66, 0xD1, 0x66, 0xD1,
    0x66, 0xD1, 0x66, 0xD1, 0x66, 0xD1, 0x66, 0xD1, 0x66, 0xD1, 0x66, 0xD1, 0x66, 0xD1, 0x66, 0xD1, 0x66, 0xD1, 0x66,
    0xD1, 0x66, 0xD1, 0x66, 0xD1, 0x66, 0xD1, 0x66, 0xD1, 0x66, 0xD1, 0x66, 0xD1, 0x66, 0xD1, 0x66, 0xD1, 0x66, 0xD1,
    0x66, 0xD1, 0x66, 0xD1, 0x66, 0xD1, 0x66, 0xD1, 0x66, 0xD1, 0x66, 0xD1, 0x66, 0xD1, 0x65, 0xC9, 0xC3, 0x60, 0xA2,
    0x50, 0xA2, 0x50, 0xA2, 0x48, 0x82, 0x40, 0x81, 0x40, 0x81, 0x38, 0x61, 0x30, 0x61, 0x30, 0x41, 0x28, 0x41, 0x28,
    0x41, 0x20, 0x40, 0x18, 0x20, 0x18, 0x20, 0x18, 0x20, 0x10, 0x20, 0x10, 0x20, 0x10, 0x00, 0x08, 0x00, 0x08, 0x00,
    0x08, 0x00, 0x08, 0x00, 0x00, 0x00, 0x00, 0x00, 0x00, 0x00, 0x00, 0x00, 0x00, 0x00, 0x00, 0x00, 0x00, 0x00, 0x00,
    0x00, 0x00, 0x00, 0x00, 0x00, 0x00, 0x00, 0x00, 0x00, 0x00, 0x00, 0x00, 0x00, 0x00, 0x00, 0x00, 0x00, 0x00, 0x00,
    0x00, 0x00, 0x00, 0x00, 0x00, 0x00, 0x00, 0x00, 0x00, 0x00, 0x00, 0x00, 0x08, 0x00, 0x08, 0x00, 0x08, 0x20, 0x08,
    0x20, 0x10, 0x20, 0x10, 0x20, 0x10, 0x20, 0x18, 0x40, 0x18, 0x41, 0x20, 0x41, 0x20, 0x41, 0x28, 0x61, 0x28, 0x61,
    0x30, 0x61, 0x38, 0x81, 0x38, 0x82, 0x40, 0xA2, 0x48, 0xA2, 0x48, 0xA2, 0x50, 0xA2, 0x50, 0xE3, 0x78, 0x66, 0xD9,
    0x66, 0xD1, 0x66, 0xD1, 0x66, 0xD1, 0x66, 0xD1, 0x66, 0xD1, 0x66, 0xD1, 0x66, 0xD1, 0x66, 0xD1, 0x66, 0xD1, 0x66,
    0xD1, 0x66, 0xD1, 0x66, 0xD1, 0x66, 0xD1, 0x66, 0xD1, 0x66, 0xD1, 0x66, 0xD1, 0x66, 0xD1, 0x66, 0xD1, 0x66, 0xD1,
    0x66, 0xD1, 0x66, 0xD1, 0x66, 0xD1, 0x66, 0xD1, 0x66, 0xD1, 0x66, 0xD1, 0x66, 0xD1, 0x66, 0xD1, 0x66, 0xD1, 0x66,
    0xD1, 0x66, 0xD1, 0x66, 0xD1, 0x66, 0xD1, 0x66, 0xD1, 0x66, 0xD1, 0x66, 0xD1, 0x66, 0xD1, 0x66, 0xD1, 0x66, 0xD1,
    0x66, 0xD1, 0x66, 0xD1, 0x66, 0xD1, 0x66, 0xD1, 0x66, 0xD1, 0x66, 0xD1, 0x66, 0xD1, 0x66, 0xD1, 0x66, 0xD1, 0x66,
    0xD1, 0x66, 0xD1, 0x66, 0xD1, 0x66, 0xD1, 0x66, 0xD1, 0x66, 0xD1, 0x66, 0xD1, 0x66, 0xD1, 0x66, 0xD1, 0x66, 0xD1,
    0x66, 0xD1, 0x66, 0xD1, 0x66, 0xD1, 0x66, 0xD1, 0x66, 0xD1, 0x66, 0xD1, 0x66, 0xD1, 0x66, 0xD1, 0x66, 0xD1, 0x66,
    0xD1, 0x66, 0xD1, 0x66, 0xD1, 0x66, 0xD1, 0x66, 0xD1, 0x66, 0xD1, 0x66, 0xD1, 0x66, 0xD1, 0x66, 0xD1, 0x66, 0xD1,
    0x66, 0xD1, 0x66, 0xD1, 0x66, 0xD1, 0x66, 0xD1, 0x66, 0xD1, 0x66, 0xD1, 0x66, 0xD1, 0x66, 0xD1, 0x66, 0xD1, 0x66,
    0xD1, 0x66, 0xD1, 0x66, 0xD1, 0x66, 0xD1, 0x66, 0xD1, 0x66, 0xD1, 0x66, 0xD1, 0x66, 0xD1, 0x66, 0xD1, 0x66, 0xD1,
    0x66, 0xD1, 0x66, 0xD1, 0x66, 0xD1, 0x66, 0xD1, 0x66, 0xD1, 0x66, 0xD1, 0x66, 0xD1, 0x66, 0xD1, 0x66, 0xD1, 0x66,
    0xD1, 0x66, 0xD1, 0x66, 0xD1, 0x66, 0xD1, 0x66, 0xD1, 0x66, 0xD1, 0x66, 0xD1, 0x66, 0xD1, 0x66, 0xD1, 0x66, 0xD1,
    0x66, 0xD1, 0x66, 0xD1, 0x66, 0xD1, 0x66, 0xD1, 0x66, 0xD1, 0x66, 0xD1, 0x66, 0xD1, 0x66, 0xD1, 0x66, 0xD1, 0x66,
    0xD1, 0x66, 0xD1, 0x66, 0xD1, 0x66, 0xD1, 0x66, 0xD1, 0x66, 0xD1, 0x66, 0xD1, 0x66, 0xD9, 0xE3, 0x78, 0xA2, 0x50,
    0xA2, 0x50, 0xA2, 0x48, 0xA2, 0x48, 0x82, 0x40, 0x81, 0x38, 0x61, 0x38, 0x61, 0x30, 0x61, 0x28, 0x41, 0x28, 0x41,
    0x20, 0x41, 0x20, 0x40, 0x18, 0x20, 0x18, 0x20, 0x10, 0x20, 0x10, 0x20, 0x10, 0x20, 0x08, 0x00, 0x08, 0x00, 0x08,
    0x00, 0x08, 0x00, 0x00, 0x00, 0x00, 0x00, 0x00, 0x00, 0x00, 0x00, 0x00, 0x00, 0x00, 0x00, 0x00, 0x00, 0x00, 0x00,
    0x00, 0x00, 0x00, 0x00, 0x00, 0x00, 0x00, 0x00, 0x00, 0x00, 0x00, 0x00, 0x00, 0x00, 0x00, 0x00, 0x00, 0x00, 0x00,
    0x00, 0x00, 0x00, 0x00, 0x00, 0x00, 0x00, 0x00, 0x00, 0x00, 0x00, 0x00, 0x00, 0x08, 0x00, 0x08, 0x00, 0x08, 0x00,
    0x08, 0x20, 0x10, 0x20, 0x10, 0x20, 0x10, 0x20, 0x18, 0x20, 0x18, 0x40, 0x18, 0x41, 0x20, 0x41, 0x20, 0x41, 0x28,
    0x61, 0x30, 0x61, 0x30, 0x81, 0x38, 0x81, 0x38, 0x82, 0x40, 0xA2, 0x48, 0xA2, 0x50, 0xA2, 0x50, 0xA2, 0x50, 0x04,
    0x91, 0x66, 0xD9, 0x66, 0xD1, 0x66, 0xD1, 0x66, 0xD1, 0x66, 0xD1, 0x66, 0xD1, 0x66, 0xD1, 0x66, 0xD1, 0x66, 0xD1,
    0x66, 0xD1, 0x66, 0xD1, 0x66, 0xD1, 0x66, 0xD1, 0x66, 0xD1, 0x66, 0xD1, 0x66, 0xD1, 0x66, 0xD1, 0x66, 0xD1, 0x66,
    0xD1, 0x66, 0xD1, 0x66, 0xD1, 0x66, 0xD1, 0x66, 0xD1, 0x66, 0xD1, 0x66, 0xD1, 0x66, 0xD1, 0x66, 0xD1, 0x66, 0xD1,
    0x66, 0xD1, 0x66, 0xD1, 0x66, 0xD1, 0x66, 0xD1, 0x66, 0xD1, 0x66, 0xD1, 0x66, 0xD1, 0x66, 0xD1, 0x66, 0xD1, 0x66,
    0xD1, 0x66, 0xD1, 0x66, 0xD1, 0x66, 0xD1, 0x66, 0xD1, 0x66, 0xD1, 0x66, 0xD1, 0x66, 0xD1, 0x66, 0xD1, 0x66, 0xD1,
    0x66, 0xD1, 0x66, 0xD1, 0x66, 0xD1, 0x66, 0xD1, 0x66, 0xD1, 0x66, 0xD1, 0x66, 0xD1, 0x66, 0xD1, 0x66, 0xD1, 0x66,
    0xD1, 0x66, 0xD1, 0x66, 0xD1, 0x66, 0xD1, 0x66, 0xD1, 0x66, 0xD1, 0x66, 0xD1, 0x66, 0xD1, 0x66, 0xD1, 0x66, 0xD1,
    0x66, 0xD1, 0x66, 0xD1, 0x66, 0xD1, 0x66, 0xD1, 0x66, 0xD1, 0x66, 0xD1, 0x66, 0xD1, 0x66, 0xD1, 0x66, 0xD1, 0x66,
    0xD1, 0x66, 0xD1, 0x66, 0xD1, 0x66, 0xD1, 0x66, 0xD1, 0x66, 0xD1, 0x66, 0xD1, 0x66, 0xD1, 0x66, 0xD1, 0x66, 0xD1,
    0x66, 0xD1, 0x66, 0xD1, 0x66, 0xD1, 0x66, 0xD1, 0x66, 0xD1, 0x66, 0xD1, 0x66, 0xD1, 0x66, 0xD1, 0x66, 0xD1, 0x66,
    0xD1, 0x66, 0xD1, 0x66, 0xD1, 0x66, 0xD1, 0x66, 0xD1, 0x66, 0xD1, 0x66, 0xD1, 0x66, 0xD1, 0x66, 0xD1, 0x66, 0xD1,
    0x66, 0xD1, 0x66, 0xD1, 0x66, 0xD1, 0x66, 0xD1, 0x66, 0xD1, 0x66, 0xD1, 0x66, 0xD1, 0x66, 0xD1, 0x66, 0xD1, 0x66,
    0xD1, 0x66, 0xD1, 0x66, 0xD1, 0x66, 0xD1, 0x66, 0xD1, 0x66, 0xD1, 0x66, 0xD1, 0x66, 0xD1, 0x66, 0xD1, 0x66, 0xD1,
    0x66, 0xD1, 0x66, 0xD1, 0x66, 0xD1, 0x66, 0xD1, 0x66, 0xD1, 0x66, 0xD1, 0x66, 0xD9, 0x04, 0x91, 0xA2, 0x50, 0xA2,
    0x50, 0xA2, 0x50, 0xA2, 0x48, 0x82, 0x40, 0x81, 0x38, 0x81, 0x38, 0x61, 0x30, 0x61, 0x30, 0x41, 0x28, 0x41, 0x20,
    0x41, 0x20, 0x40, 0x18, 0x20, 0x18, 0x20, 0x18, 0x20, 0x10, 0x20, 0x10, 0x20, 0x10, 0x00, 0x08, 0x00, 0x08, 0x00,
    0x08, 0x00, 0x08, 0x00, 0x00, 0x00, 0x00, 0x00, 0x00, 0x00, 0x00, 0x00, 0x00, 0x00, 0x00, 0x00, 0x00, 0x00, 0x00,
    0x00, 0x00, 0x00, 0x00, 0x00, 0x00, 0x00, 0x00, 0x00, 0x00, 0x00, 0x00, 0x00, 0x00, 0x00, 0x00, 0x00, 0x00, 0x00,
    0x00, 0x00, 0x00, 0x00, 0x00, 0x00, 0x00, 0x00, 0x00, 0x00, 0x00, 0x00, 0x00, 0x00, 0x00, 0x00, 0x08, 0x00, 0x08,
    0x00, 0x08, 0x20, 0x08, 0x20, 0x10, 0x20, 0x10, 0x20, 0x10, 0x20, 0x18, 0x40, 0x18, 0x40, 0x20, 0x41, 0x20, 0x41,
    0x28, 0x41, 0x28, 0x61, 0x30, 0x61, 0x30, 0x81, 0x38, 0x81, 0x40, 0x82, 0x40, 0xA2, 0x48, 0xA2, 0x50, 0xA2, 0x50,
    0xC2, 0x50, 0x24, 0xA1, 0x66, 0xD9, 0x66, 0xD1, 0x66, 0xD1, 0x66, 0xD1, 0x66, 0xD1, 0x66, 0xD1, 0x66, 0xD1, 0x66,
    0xD1, 0x66, 0xD1, 0x66, 0xD1, 0x66, 0xD1, 0x66, 0xD1, 0x66, 0xD1, 0x66, 0xD1, 0x66, 0xD1, 0x66, 0xD1, 0x66, 0xD1,
    0x66, 0xD1, 0x66, 0xD1, 0x66, 0xD1, 0x66, 0xD1, 0x66, 0xD1, 0x66, 0xD1, 0x66, 0xD1, 0x66, 0xD1, 0x66, 0xD1, 0x66,
    0xD1, 0x66, 0xD1, 0x66, 0xD1, 0x66, 0xD1, 0x66, 0xD1, 0x66, 0xD1, 0x66, 0xD1, 0x66, 0xD1, 0x66, 0xD1, 0x66, 0xD1,
    0x66, 0xD1, 0x66, 0xD1, 0x66, 0xD1, 0x66, 0xD1, 0x66, 0xD1, 0x66, 0xD1, 0x66, 0xD1, 0x66, 0xD1, 0x66, 0xD1, 0x66,
    0xD1, 0x66, 0xD1, 0x66, 0xD1, 0x66, 0xD1, 0x66, 0xD1, 0x66, 0xD1, 0x66, 0xD1, 0x66, 0xD1, 0x66, 0xD1, 0x66, 0xD1,
    0x66, 0xD1, 0x66, 0xD1, 0x66, 0xD1, 0x66, 0xD1, 0x66, 0xD1, 0x66, 0xD1, 0x66, 0xD1, 0x66, 0xD1, 0x66, 0xD1, 0x66,
    0xD1, 0x66, 0xD1, 0x66, 0xD1, 0x66, 0xD1, 0x66, 0xD1, 0x66, 0xD1, 0x66, 0xD1, 0x66, 0xD1, 0x66, 0xD1, 0x66, 0xD1,
    0x66, 0xD1, 0x66, 0xD1, 0x66, 0xD1, 0x66, 0xD1, 0x66, 0xD1, 0x66, 0xD1, 0x66, 0xD1, 0x66, 0xD1, 0x66, 0xD1, 0x66,
    0xD1, 0x66, 0xD1, 0x66, 0xD1, 0x66, 0xD1, 0x66, 0xD1, 0x66, 0xD1, 0x66, 0xD1, 0x66, 0xD1, 0x66, 0xD1, 0x66, 0xD1,
    0x66, 0xD1, 0x66, 0xD1, 0x66, 0xD1, 0x66, 0xD1, 0x66, 0xD1, 0x66, 0xD1, 0x66, 0xD1, 0x66, 0xD1, 0x66, 0xD1, 0x66,
    0xD1, 0x66, 0xD1, 0x66, 0xD1, 0x66, 0xD1, 0x66, 0xD1, 0x66, 0xD1, 0x66, 0xD1, 0x66, 0xD1, 0x66, 0xD1, 0x66, 0xD1,
    0x66, 0xD1, 0x66, 0xD1, 0x66, 0xD1, 0x66, 0xD1, 0x66, 0xD1, 0x66, 0xD1, 0x66, 0xD1, 0x66, 0xD1, 0x66, 0xD1, 0x66,
    0xD1, 0x66, 0xD1, 0x66, 0xD1, 0x66, 0xD1, 0x66, 0xD1, 0x66, 0xD1, 0x66, 0xD9, 0x24, 0xA1, 0xC2, 0x50, 0xA2, 0x50,
    0xA2, 0x50, 0xA2, 0x48, 0x82, 0x40, 0x81, 0x40, 0x81, 0x38, 0x61, 0x30, 0x61, 0x30, 0x41, 0x28, 0x41, 0x28, 0x41,
    0x20, 0x40, 0x20, 0x40, 0x18, 0x20, 0x18, 0x20, 0x10, 0x20, 0x10, 0x20, 0x10, 0x20, 0x08, 0x00, 0x08, 0x00, 0x08,
    0x00, 0x08, 0x00, 0x00, 0x00, 0x00, 0x00, 0x00, 0x00, 0x00, 0x00, 0x00, 0x00, 0x00, 0x00, 0x00, 0x00, 0x00, 0x00,
    0x00, 0x00, 0x00, 0x00, 0x00, 0x00, 0x00, 0x00, 0x00, 0x00, 0x00, 0x00, 0x00, 0x00, 0x00, 0x00, 0x00, 0x00, 0x00,
    0x00, 0x00, 0x00, 0x00, 0x00, 0x00, 0x00, 0x00, 0x00, 0x00, 0x00, 0x00, 0x00, 0x00, 0x00, 0x00, 0x00, 0x08, 0x00,
    0x08, 0x00, 0x08, 0x00, 0x08, 0x20, 0x10, 0x20, 0x10, 0x20, 0x10, 0x20, 0x10, 0x20, 0x18, 0x40, 0x18, 0x41, 0x20,
    0x41, 0x20, 0x41, 0x28, 0x61, 0x28, 0x61, 0x30, 0x61, 0x38, 0x81, 0x38, 0x81, 0x40, 0x82, 0x40, 0xA2, 0x48, 0xA2,
    0x50, 0xA2, 0x50, 0xC2, 0x50, 0x24, 0xA1, 0x66, 0xD9, 0x66, 0xD1, 0x66, 0xD1, 0x66, 0xD1, 0x66, 0xD1, 0x66, 0xD1,
    0x66, 0xD1, 0x66, 0xD1, 0x66, 0xD1, 0x66, 0xD1, 0x66, 0xD1, 0x66, 0xD1, 0x66, 0xD1, 0x66, 0xD1, 0x66, 0xD1, 0x66,
    0xD1, 0x66, 0xD1, 0x66, 0xD1, 0x66, 0xD1, 0x66, 0xD1, 0x66, 0xD1, 0x66, 0xD1, 0x66, 0xD1, 0x66, 0xD1, 0x66, 0xD1,
    0x66, 0xD1, 0x66, 0xD1, 0x66, 0xD1, 0x66, 0xD1, 0x66, 0xD1, 0x66, 0xD1, 0x66, 0xD1, 0x66, 0xD1, 0x66, 0xD1, 0x66,
    0xD1, 0x66, 0xD1, 0x66, 0xD1, 0x66, 0xD1, 0x66, 0xD1, 0x66, 0xD1, 0x66, 0xD1, 0x66, 0xD1, 0x66, 0xD1, 0x66, 0xD1,
    0x66, 0xD1, 0x66, 0xD1, 0x66, 0xD1, 0x66, 0xD1, 0x66, 0xD1, 0x66, 0xD1, 0x66, 0xD1, 0x66, 0xD1, 0x66, 0xD1, 0x66,
    0xD1, 0x66, 0xD1, 0x66, 0xD1, 0x66, 0xD1, 0x66, 0xD1, 0x66, 0xD1, 0x66, 0xD1, 0x66, 0xD1, 0x66, 0xD1, 0x66, 0xD1,
    0x66, 0xD1, 0x66, 0xD1, 0x66, 0xD1, 0x66, 0xD1, 0x66, 0xD1, 0x66, 0xD1, 0x66, 0xD1, 0x66, 0xD1, 0x66, 0xD1, 0x66,
    0xD1, 0x66, 0xD1, 0x66, 0xD1, 0x66, 0xD1, 0x66, 0xD1, 0x66, 0xD1, 0x66, 0xD1, 0x66, 0xD1, 0x66, 0xD1, 0x66, 0xD1,
    0x66, 0xD1, 0x66, 0xD1, 0x66, 0xD1, 0x66, 0xD1, 0x66, 0xD1, 0x66, 0xD1, 0x66, 0xD1, 0x66, 0xD1, 0x66, 0xD1, 0x66,
    0xD1, 0x66, 0xD1, 0x66, 0xD1, 0x66, 0xD1, 0x66, 0xD1, 0x66, 0xD1, 0x66, 0xD1, 0x66, 0xD1, 0x66, 0xD1, 0x66, 0xD1,
    0x66, 0xD1, 0x66, 0xD1, 0x66, 0xD1, 0x66, 0xD1, 0x66, 0xD1, 0x66, 0xD1, 0x66, 0xD1, 0x66, 0xD1, 0x66, 0xD1, 0x66,
    0xD1, 0x66, 0xD1, 0x66, 0xD1, 0x66, 0xD1, 0x66, 0xD1, 0x66, 0xD1, 0x66, 0xD1, 0x66, 0xD1, 0x66, 0xD1, 0x66, 0xD1,
    0x66, 0xD1, 0x66, 0xD1, 0x66, 0xD1, 0x66, 0xD1, 0x66, 0xD1, 0x66, 0xD9, 0x24, 0xA1, 0xC2, 0x50, 0xA2, 0x50, 0xA2,
    0x50, 0xA2, 0x48, 0x82, 0x40, 0x81, 0x40, 0x81, 0x38, 0x61, 0x38, 0x61, 0x30, 0x61, 0x28, 0x41, 0x28, 0x41, 0x20,
    0x41, 0x20, 0x40, 0x18, 0x20, 0x18, 0x20, 0x10, 0x20, 0x10, 0x20, 0x10, 0x20, 0x10, 0x00, 0x08, 0x00, 0x08, 0x00,
    0x08, 0x00, 0x08, 0x00, 0x00, 0x00, 0x00, 0x00, 0x00, 0x00, 0x00, 0x00, 0x00, 0x00, 0x00, 0x00, 0x00, 0x00, 0x00,
    0x00, 0x00, 0x00, 0x00, 0x00, 0x00, 0x00, 0x00, 0x00, 0x00, 0x00, 0x00, 0x00, 0x00, 0x00, 0x00, 0x00, 0x00, 0x00,
    0x00, 0x00, 0x00, 0x00, 0x00, 0x00, 0x00, 0x00, 0x00, 0x00, 0x00, 0x00, 0x00, 0x00, 0x00, 0x00, 0x00, 0x00, 0x00,
    0x00, 0x08, 0x00, 0x08, 0x00, 0x08, 0x20, 0x08, 0x20, 0x10, 0x20, 0x10, 0x20, 0x10, 0x20, 0x18, 0x20, 0x18, 0x40,
    0x18, 0x41, 0x20, 0x41, 0x20, 0x41, 0x28, 0x61, 0x28, 0x61, 0x30, 0x61, 0x38, 0x81, 0x38, 0x82, 0x40, 0x82, 0x48,
    0xA2, 0x48, 0xA2, 0x50, 0xA2, 0x58, 0xC2, 0x50, 0x24, 0xA1, 0x66, 0xD9, 0x46, 0xD1, 0x46, 0xD1, 0x46, 0xD1, 0x46,
    0xD1, 0x46, 0xD1, 0x46, 0xD1, 0x46, 0xD1, 0x46, 0xD1, 0x46, 0xD1, 0x46, 0xD1, 0x46, 0xD1, 0x46, 0xD1, 0x46, 0xD1,
    0x46, 0xD1, 0x46, 0xD1, 0x46, 0xD1, 0x46, 0xD1, 0x46, 0xD1, 0x46, 0xD1, 0x46, 0xD1, 0x46, 0xD1, 0x46, 0xD1, 0x46,
    0xD1, 0x46, 0xD1, 0x46, 0xD1, 0x46, 0xD1, 0x46, 0xD1, 0x46, 0xD1, 0x46, 0xD1, 0x46, 0xD1, 0x46, 0xD1, 0x46, 0xD1,
    0x46, 0xD1, 0x46, 0xD1, 0x46, 0xD1, 0x46, 0xD1, 0x46, 0xD1, 0x46, 0xD1, 0x46, 0xD1, 0x46, 0xD1, 0x46, 0xD1, 0x46,
    0xD1, 0x46, 0xD1, 0x46, 0xD1, 0x46, 0xD1, 0x46, 0xD1, 0x46, 0xD1, 0x46, 0xD1, 0x46, 0xD1, 0x46, 0xD1, 0x46, 0xD1,
    0x46, 0xD1, 0x46, 0xD1, 0x46, 0xD1, 0x46, 0xD1, 0x46, 0xD1, 0x46, 0xD1, 0x46, 0xD1, 0x46, 0xD1, 0x46, 0xD1, 0x46,
    0xD1, 0x46, 0xD1, 0x46, 0xD1, 0x46, 0xD1, 0x46, 0xD1, 0x46, 0xD1, 0x46, 0xD1, 0x46, 0xD1, 0x46, 0xD1, 0x46, 0xD1,
    0x46, 0xD1, 0x46, 0xD1, 0x46, 0xD1, 0x46, 0xD1, 0x46, 0xD1, 0x46, 0xD1, 0x46, 0xD1, 0x46, 0xD1, 0x46, 0xD1, 0x46,
    0xD1, 0x46, 0xD1, 0x46, 0xD1, 0x46, 0xD1, 0x46, 0xD1, 0x46, 0xD1, 0x46, 0xD1, 0x46, 0xD1, 0x46, 0xD1, 0x46, 0xD1,
    0x46, 0xD1, 0x46, 0xD1, 0x46, 0xD1, 0x46, 0xD1, 0x46, 0xD1, 0x46, 0xD1, 0x46, 0xD1, 0x46, 0xD1, 0x46, 0xD1, 0x46,
    0xD1, 0x46, 0xD1, 0x46, 0xD1, 0x46, 0xD1, 0x46, 0xD1, 0x46, 0xD1, 0x46, 0xD1, 0x46, 0xD1, 0x46, 0xD1, 0x46, 0xD1,
    0x46, 0xD1, 0x46, 0xD1, 0x46, 0xD1, 0x46, 0xD1, 0x46, 0xD1, 0x46, 0xD1, 0x46, 0xD1, 0x46, 0xD1, 0x46, 0xD1, 0x46,
    0xD1, 0x46, 0xD1, 0x46, 0xD1, 0x46, 0xD1, 0x46, 0xD1, 0x66, 0xD9, 0x24, 0xA1, 0xC2, 0x50, 0xA2, 0x58, 0xA2, 0x50,
    0xA2, 0x48, 0x82, 0x48, 0x82, 0x40, 0x81, 0x38, 0x61, 0x38, 0x61, 0x30, 0x61, 0x28, 0x41, 0x28, 0x41, 0x20, 0x41,
    0x20, 0x40, 0x18, 0x20, 0x18, 0x20, 0x18, 0x20, 0x10, 0x20, 0x10, 0x20, 0x10, 0x20, 0x08, 0x00, 0x08, 0x00, 0x08,
    0x00, 0x08, 0x00, 0x00, 0x00, 0x00, 0x00, 0x00, 0x00, 0x00, 0x00, 0x00, 0x00, 0x00, 0x00, 0x00, 0x00, 0x00, 0x00,
    0x00, 0x00, 0x00, 0x00, 0x00, 0x00, 0x00, 0x00, 0x00, 0x00, 0x00, 0x00, 0x00, 0x00, 0x00, 0x00, 0x00, 0x00, 0x00,
    0x00, 0x00, 0x00, 0x00, 0x00, 0x00, 0x00, 0x00, 0x00, 0x00, 0x00, 0x00, 0x00, 0x00, 0x00, 0x00, 0x00, 0x00, 0x00,
    0x00, 0x00, 0x00, 0x00, 0x08, 0x00, 0x08, 0x00, 0x08, 0x20, 0x08, 0x20, 0x10, 0x20, 0x10, 0x20, 0x10, 0x20, 0x18,
    0x20, 0x18, 0x40, 0x20, 0x41, 0x20, 0x41, 0x28, 0x41, 0x28, 0x61, 0x30, 0x61, 0x30, 0x81, 0x38, 0x81, 0x38, 0x82,
    0x40, 0xA2, 0x48, 0xA2, 0x48, 0xA2, 0x50, 0xA2, 0x58, 0xC2, 0x50, 0x24, 0xA1, 0x66, 0xD9, 0x46, 0xC9, 0x46, 0xD1,
    0x46, 0xD1, 0x46, 0xD1, 0x46, 0xD1, 0x46, 0xD1, 0x46, 0xD1, 0x46, 0xD1, 0x46, 0xD1, 0x46, 0xD1, 0x46, 0xD1, 0x46,
    0xD1, 0x46, 0xD1, 0x46, 0xD1, 0x46, 0xD1, 0x46, 0xD1, 0x46, 0xD1, 0x46, 0xD1, 0x46, 0xD1, 0x46, 0xD1, 0x46, 0xD1,
    0x46, 0xD1, 0x46, 0xD1, 0x46, 0xD1, 0x46, 0xD1, 0x46, 0xD1, 0x46, 0xD1, 0x46, 0xD1, 0x46, 0xD1, 0x46, 0xD1, 0x46,
    0xD1, 0x46, 0xD1, 0x46, 0xD1, 0x46, 0xD1, 0x46, 0xD1, 0x46, 0xD1, 0x46, 0xD1, 0x46, 0xD1, 0x46, 0xD1, 0x46, 0xD1,
    0x46, 0xD1, 0x46, 0xD1, 0x46, 0xD1, 0x46, 0xD1, 0x46, 0xD1, 0x46, 0xD1, 0x46, 0xD1, 0x46, 0xD1, 0x46, 0xD1, 0x46,
    0xD1, 0x46, 0xD1, 0x46, 0xD1, 0x46, 0xD1, 0x46, 0xD1, 0x46, 0xD1, 0x46, 0xD1, 0x46, 0xD1, 0x46, 0xD1, 0x46, 0xD1,
    0x46, 0xD1, 0x46, 0xD1, 0x46, 0xD1, 0x46, 0xD1, 0x46, 0xD1, 0x46, 0xD1, 0x46, 0xD1, 0x46, 0xD1, 0x46, 0xD1, 0x46,
    0xD1, 0x46, 0xD1, 0x46, 0xD1, 0x46, 0xD1, 0x46, 0xD1, 0x46, 0xD1, 0x46, 0xD1, 0x46, 0xD1, 0x46, 0xD1, 0x46, 0xD1,
    0x46, 0xD1, 0x46, 0xD1, 0x46, 0xD1, 0x46, 0xD1, 0x46, 0xD1, 0x46, 0xD1, 0x46, 0xD1, 0x46, 0xD1, 0x46, 0xD1, 0x46,
    0xD1, 0x46, 0xD1, 0x46, 0xD1, 0x46, 0xD1, 0x46, 0xD1, 0x46, 0xD1, 0x46, 0xD1, 0x46, 0xD1, 0x46, 0xD1, 0x46, 0xD1,
    0x46, 0xD1, 0x46, 0xD1, 0x46, 0xD1, 0x46, 0xD1, 0x46, 0xD1, 0x46, 0xD1, 0x46, 0xD1, 0x46, 0xD1, 0x46, 0xD1, 0x46,
    0xD1, 0x46, 0xD1, 0x46, 0xD1, 0x46, 0xD1, 0x46, 0xD1, 0x46, 0xD1, 0x46, 0xD1, 0x46, 0xD1, 0x46, 0xD1, 0x46, 0xD1,
    0x46, 0xD1, 0x46, 0xD1, 0x46, 0xD1, 0x46, 0xC9, 0x66, 0xD9, 0x24, 0xA1, 0xC2, 0x50, 0xA2, 0x58, 0xA2, 0x50, 0xA2,
    0x48, 0xA2, 0x48, 0x82, 0x40, 0x81, 0x38, 0x81, 0x38, 0x61, 0x30, 0x61, 0x30, 0x41, 0x28, 0x41, 0x28, 0x41, 0x20,
    0x40, 0x20, 0x20, 0x18, 0x20, 0x18, 0x20, 0x10, 0x20, 0x10, 0x20, 0x10, 0x20, 0x08, 0x00, 0x08, 0x00, 0x08, 0x00,
    0x08, 0x00, 0x00, 0x00, 0x00, 0x00, 0x00, 0x00, 0x00, 0x00, 0x00, 0x00, 0x00, 0x00, 0x00, 0x00, 0x00, 0x00, 0x00,
    0x00, 0x00, 0x00, 0x00, 0x00, 0x00, 0x00, 0x00, 0x00, 0x00, 0x00, 0x00, 0x00, 0x00, 0x00, 0x00, 0x00, 0x00, 0x00,
    0x00, 0x00, 0x00, 0x00, 0x00, 0x00, 0x00, 0x00, 0x00, 0x00, 0x00, 0x00, 0x00, 0x00, 0x00, 0x00, 0x00, 0x00, 0x00,
    0x00, 0x00, 0x00, 0x00, 0x00, 0x08, 0x00, 0x08, 0x00, 0x08, 0x00, 0x08, 0x20, 0x10, 0x20, 0x10, 0x20, 0x10, 0x20,
    0x10, 0x20, 0x18, 0x40, 0x18, 0x40, 0x20, 0x41, 0x20, 0x41, 0x28, 0x41, 0x28, 0x61, 0x30, 0x61, 0x30, 0x81, 0x38,
    0x81, 0x38, 0x82, 0x40, 0xA2, 0x48, 0xA2, 0x48, 0xA2, 0x50, 0xA2, 0x58, 0xC2, 0x50, 0x24, 0xA1, 0x66, 0xD9, 0x45,
    0xD1, 0x45, 0xD1, 0x45, 0xD1, 0x45, 0xD1, 0x45, 0xD1, 0x45, 0xD1, 0x45, 0xD1, 0x45, 0xD1, 0x45, 0xD1, 0x45, 0xD1,
    0x45, 0xD1, 0x45, 0xD1, 0x45, 0xD1, 0x45, 0xD1, 0x45, 0xD1, 0x45, 0xD1, 0x45, 0xD1, 0x45, 0xD1, 0x45, 0xD1, 0x45,
    0xD1, 0x45, 0xD1, 0x45, 0xD1, 0x45, 0xD1, 0x45, 0xD1, 0x45, 0xD1, 0x45, 0xD1, 0x45, 0xD1, 0x45, 0xD1, 0x45, 0xD1,
    0x45, 0xD1, 0x45, 0xD1, 0x45, 0xD1, 0x45, 0xD1, 0x45, 0xD1, 0x45, 0xD1, 0x45, 0xD1, 0x45, 0xD1, 0x45, 0xD1, 0x45,
    0xD1, 0x45, 0xD1, 0x45, 0xD1, 0x45, 0xD1, 0x45, 0xD1, 0x45, 0xD1, 0x45, 0xD1, 0x45, 0xD1, 0x45, 0xD1, 0x45, 0xD1,
    0x45, 0xD1, 0x45, 0xD1, 0x45, 0xD1, 0x45, 0xD1, 0x45, 0xD1, 0x45, 0xD1, 0x45, 0xD1, 0x45, 0xD1, 0x45, 0xD1, 0x45,
    0xD1, 0x45, 0xD1, 0x45, 0xD1, 0x45, 0xD1, 0x45, 0xD1, 0x45, 0xD1, 0x45, 0xD1, 0x45, 0xD1, 0x45, 0xD1, 0x45, 0xD1,
    0x45, 0xD1, 0x45, 0xD1, 0x45, 0xD1, 0x45, 0xD1, 0x45, 0xD1, 0x45, 0xD1, 0x45, 0xD1, 0x45, 0xD1, 0x45, 0xD1, 0x45,
    0xD1, 0x45, 0xD1, 0x45, 0xD1, 0x45, 0xD1, 0x45, 0xD1, 0x45, 0xD1, 0x45, 0xD1, 0x45, 0xD1, 0x45, 0xD1, 0x45, 0xD1,
    0x45, 0xD1, 0x45, 0xD1, 0x45, 0xD1, 0x45, 0xD1, 0x45, 0xD1, 0x45, 0xD1, 0x45, 0xD1, 0x45, 0xD1, 0x45, 0xD1, 0x45,
    0xD1, 0x45, 0xD1, 0x45, 0xD1, 0x45, 0xD1, 0x45, 0xD1, 0x45, 0xD1, 0x45, 0xD1, 0x45, 0xD1, 0x45, 0xD1, 0x45, 0xD1,
    0x45, 0xD1, 0x45, 0xD1, 0x45, 0xD1, 0x45, 0xD1, 0x45, 0xD1, 0x45, 0xD1, 0x45, 0xD1, 0x45, 0xD1, 0x45, 0xD1, 0x45,
    0xD1, 0x45, 0xD1, 0x45, 0xD1, 0x45, 0xD1, 0x66, 0xD9, 0x24, 0xA1, 0xC2, 0x50, 0xA2, 0x58, 0xA2, 0x50, 0xA2, 0x48,
    0xA2, 0x48, 0x82, 0x40, 0x81, 0x38, 0x81, 0x38, 0x61, 0x30, 0x61, 0x30, 0x41, 0x28, 0x41, 0x28, 0x41, 0x20, 0x40,
    0x20, 0x40, 0x18, 0x20, 0x18, 0x20, 0x10, 0x20, 0x10, 0x20, 0x10, 0x20, 0x10, 0x00, 0x08, 0x00, 0x08, 0x00, 0x08,
    0x00, 0x08, 0x00, 0x00, 0x00, 0x00, 0x00, 0x00, 0x00, 0x00, 0x00, 0x00, 0x00, 0x00, 0x00, 0x00, 0x00, 0x00, 0x00,
    0x00, 0x00, 0x00, 0x00, 0x00, 0x00, 0x00, 0x00, 0x00, 0x00, 0x00, 0x00, 0x00, 0x00, 0x00, 0x00, 0x00, 0x00, 0x00,
    0x00, 0x00, 0x00, 0x00, 0x00, 0x00, 0x00, 0x00, 0x00, 0x00, 0x00, 0x00, 0x00, 0x00, 0x00, 0x00, 0x00, 0x00, 0x00,
    0x00, 0x00, 0x00, 0x00, 0x00, 0x00, 0x00, 0x00, 0x08, 0x00, 0x08, 0x00, 0x08, 0x20, 0x08, 0x20, 0x10, 0x20, 0x10,
    0x20, 0x10, 0x20, 0x18, 0x20, 0x18, 0x40, 0x18, 0x41, 0x20, 0x41, 0x20, 0x41, 0x28, 0x41, 0x28, 0x61, 0x30, 0x61,
    0x30, 0x81, 0x38, 0x81, 0x38, 0x82, 0x40, 0xA2, 0x48, 0xA2, 0x48, 0xA2, 0x50, 0xA2, 0x50, 0xC2, 0x50, 0x04, 0x91,
    0x46, 0xD1, 0x46, 0xD1, 0x45, 0xC9, 0x45, 0xD1, 0x45, 0xD1, 0x45, 0xD1, 0x45, 0xD1, 0x45, 0xD1, 0x45, 0xD1, 0x45,
    0xD1, 0x45, 0xD1, 0x45, 0xD1, 0x45, 0xD1, 0x45, 0xD1, 0x45, 0xD1, 0x45, 0xD1, 0x45, 0xD1, 0x45, 0xD1, 0x45, 0xD1,
    0x45, 0xD1, 0x45, 0xD1, 0x45, 0xD1, 0x45, 0xD1, 0x45, 0xD1, 0x45, 0xD1, 0x45, 0xD1, 0x45, 0xD1, 0x45, 0xD1, 0x45,
    0xD1, 0x45, 0xD1, 0x45, 0xD1, 0x45, 0xD1, 0x45, 0xD1, 0x45, 0xD1, 0x45, 0xD1, 0x45, 0xD1, 0x45, 0xD1, 0x45, 0xD1,
    0x45, 0xD1, 0x45, 0xD1, 0x45, 0xD1, 0x45, 0xD1, 0x45, 0xD1, 0x45, 0xD1, 0x45, 0xD1, 0x45, 0xD1, 0x45, 0xD1, 0x45,
    0xD1, 0x45, 0xD1, 0x45, 0xD1, 0x45, 0xD1, 0x45, 0xD1, 0x45, 0xD1, 0x45, 0xD1, 0x45, 0xD1, 0x45, 0xD1, 0x45, 0xD1,
    0x45, 0xD1, 0x45, 0xD1, 0x45, 0xD1, 0x45, 0xD1, 0x45, 0xD1, 0x45, 0xD1, 0x45, 0xD1, 0x45, 0xD1, 0x45, 0xD1, 0x45,
    0xD1, 0x45, 0xD1, 0x45, 0xD1, 0x45, 0xD1, 0x45, 0xD1, 0x45, 0xD1, 0x45, 0xD1, 0x45, 0xD1, 0x45, 0xD1, 0x45, 0xD1,
    0x45, 0xD1, 0x45, 0xD1, 0x45, 0xD1, 0x45, 0xD1, 0x45, 0xD1, 0x45, 0xD1, 0x45, 0xD1, 0x45, 0xD1, 0x45, 0xD1, 0x45,
    0xD1, 0x45, 0xD1, 0x45, 0xD1, 0x45, 0xD1, 0x45, 0xD1, 0x45, 0xD1, 0x45, 0xD1, 0x45, 0xD1, 0x45, 0xD1, 0x45, 0xD1,
    0x45, 0xD1, 0x45, 0xD1, 0x45, 0xD1, 0x45, 0xD1, 0x45, 0xD1, 0x45, 0xD1, 0x45, 0xD1, 0x45, 0xD1, 0x45, 0xD1, 0x45,
    0xD1, 0x45, 0xD1, 0x45, 0xD1, 0x45, 0xD1, 0x45, 0xD1, 0x45, 0xD1, 0x45, 0xD1, 0x45, 0xD1, 0x45, 0xD1, 0x45, 0xD1,
    0x45, 0xD1, 0x45, 0xC9, 0x46, 0xD1, 0x46, 0xD1, 0x04, 0x91, 0xC2, 0x50, 0xA2, 0x50, 0xA2, 0x50, 0xA2, 0x48, 0xA2,
    0x48, 0x82, 0x40, 0x81, 0x38, 0x81, 0x38, 0x61, 0x30, 0x61, 0x30, 0x41, 0x28, 0x41, 0x28, 0x41, 0x20, 0x41, 0x20,
    0x40, 0x18, 0x20, 0x18, 0x20, 0x18, 0x20, 0x10, 0x20, 0x10, 0x20, 0x10, 0x20, 0x08, 0x00, 0x08, 0x00, 0x08, 0x00,
    0x08, 0x00, 0x00, 0x00, 0x00, 0x00, 0x00, 0x00, 0x00, 0x00, 0x00, 0x00, 0x00, 0x00, 0x00, 0x00, 0x00, 0x00, 0x00,
    0x00, 0x00, 0x00, 0x00, 0x00, 0x00, 0x00, 0x00, 0x00, 0x00, 0x00, 0x00, 0x00, 0x00, 0x00, 0x00, 0x00, 0x00, 0x00,
    0x00, 0x00, 0x00, 0x00, 0x00, 0x00, 0x00, 0x00, 0x00, 0x00, 0x00, 0x00, 0x00, 0x00, 0x00, 0x00, 0x00, 0x00, 0x00,
    0x00, 0x00, 0x00, 0x00, 0x00, 0x00, 0x00, 0x00, 0x00, 0x00, 0x00, 0x08, 0x00, 0x08, 0x00, 0x08, 0x20, 0x08, 0x20,
    0x10, 0x20, 0x10, 0x20, 0x10, 0x20, 0x18, 0x20, 0x18, 0x40, 0x18, 0x41, 0x20, 0x41, 0x20, 0x41, 0x28, 0x61, 0x28,
    0x61, 0x30, 0x61, 0x30, 0x81, 0x38, 0x81, 0x38, 0x82, 0x40, 0xA2, 0x48, 0xA2, 0x48, 0xA2, 0x50, 0xA2, 0x50, 0xC2,
    0x50, 0xE3, 0x78, 0x45, 0xC9, 0x46, 0xD1, 0x45, 0xC9, 0x45, 0xD1, 0x45, 0xD1, 0x45, 0xD1, 0x45, 0xD1, 0x45, 0xD1,
    0x45, 0xD1, 0x45, 0xD1, 0x45, 0xD1, 0x45, 0xD1, 0x45, 0xD1, 0x45, 0xD1, 0x45, 0xD1, 0x45, 0xD1, 0x45, 0xD1, 0x45,
    0xD1, 0x45, 0xD1, 0x45, 0xD1, 0x45, 0xD1, 0x45, 0xD1, 0x45, 0xD1, 0x45, 0xD1, 0x45, 0xD1, 0x45, 0xD1, 0x45, 0xD1,
    0x45, 0xD1, 0x45, 0xD1, 0x45, 0xD1, 0x45, 0xD1, 0x45, 0xD1, 0x45, 0xD1, 0x45, 0xD1, 0x45, 0xD1, 0x45, 0xD1, 0x45,
    0xD1, 0x45, 0xD1, 0x45, 0xD1, 0x45, 0xD1, 0x45, 0xD1, 0x45, 0xD1, 0x45, 0xD1, 0x45, 0xD1, 0x45, 0xD1, 0x45, 0xD1,
    0x45, 0xD1, 0x45, 0xD1, 0x45, 0xD1, 0x45, 0xD1, 0x45, 0xD1, 0x45, 0xD1, 0x45, 0xD1, 0x45, 0xD1, 0x45, 0xD1, 0x45,
    0xD1, 0x45, 0xD1, 0x45, 0xD1, 0x45, 0xD1, 0x45, 0xD1, 0x45, 0xD1, 0x45, 0xD1, 0x45, 0xD1, 0x45, 0xD1, 0x45, 0xD1,
    0x45, 0xD1, 0x45, 0xD1, 0x45, 0xD1, 0x45, 0xD1, 0x45, 0xD1, 0x45, 0xD1, 0x45, 0xD1, 0x45, 0xD1, 0x45, 0xD1, 0x45,
    0xD1, 0x45, 0xD1, 0x45, 0xD1, 0x45, 0xD1, 0x45, 0xD1, 0x45, 0xD1, 0x45, 0xD1, 0x45, 0xD1, 0x45, 0xD1, 0x45, 0xD1,
    0x45, 0xD1, 0x45, 0xD1, 0x45, 0xD1, 0x45, 0xD1, 0x45, 0xD1, 0x45, 0xD1, 0x45, 0xD1, 0x45, 0xD1, 0x45, 0xD1, 0x45,
    0xD1, 0x45, 0xD1, 0x45, 0xD1, 0x45, 0xD1, 0x45, 0xD1, 0x45, 0xD1, 0x45, 0xD1, 0x45, 0xD1, 0x45, 0xD1, 0x45, 0xD1,
    0x45, 0xD1, 0x45, 0xD1, 0x45, 0xD1, 0x45, 0xD1, 0x45, 0xD1, 0x45, 0xD1, 0x45, 0xD1, 0x45, 0xD1, 0x45, 0xD1, 0x45,
    0xD1, 0x45, 0xC9, 0x46, 0xD1, 0x45, 0xC9, 0xE3, 0x78, 0xC2, 0x50, 0xA2, 0x50, 0xA2, 0x50, 0xA2, 0x48, 0xA2, 0x48,
    0x82, 0x40, 0x81, 0x38, 0x81, 0x38, 0x61, 0x30, 0x61, 0x30, 0x61, 0x28, 0x41, 0x28, 0x41, 0x20, 0x41, 0x20, 0x40,
    0x18, 0x20, 0x18, 0x20, 0x18, 0x20, 0x10, 0x20, 0x10, 0x20, 0x10, 0x20, 0x08, 0x00, 0x08, 0x00, 0x08, 0x00, 0x08,
    0x00, 0x00, 0x00, 0x00, 0x00, 0x00, 0x00, 0x00, 0x00, 0x00, 0x00, 0x00, 0x00, 0x00, 0x00, 0x00, 0x00, 0x00, 0x00,
    0x00, 0x00, 0x00, 0x00, 0x00, 0x00, 0x00, 0x00, 0x00, 0x00, 0x00, 0x00, 0x00, 0x00, 0x00, 0x00, 0x00, 0x00, 0x00,
    0x00, 0x00, 0x00, 0x00, 0x00, 0x00, 0x00, 0x00, 0x00, 0x00, 0x00, 0x00, 0x00, 0x00, 0x00, 0x00, 0x00, 0x00, 0x00,
    0x00, 0x00, 0x00, 0x00, 0x00, 0x00, 0x00, 0x00, 0x00, 0x00, 0x00, 0x00, 0x08, 0x00, 0x08, 0x00, 0x08, 0x00, 0x08,
    0x20, 0x08, 0x20, 0x10, 0x20, 0x10, 0x20, 0x10, 0x20, 0x18, 0x40, 0x18, 0x40, 0x18, 0x41, 0x20, 0x41, 0x20, 0x41,
    0x28, 0x61, 0x28, 0x61, 0x30, 0x61, 0x30, 0x81, 0x38, 0x81, 0x38, 0x82, 0x40, 0x82, 0x48, 0xA2, 0x48, 0xA2, 0x50,
    0xA2, 0x50, 0xA2, 0x50, 0xC3, 0x60, 0x25, 0xB1, 0x46, 0xD9, 0x45, 0xD1, 0x45, 0xC9, 0x45, 0xD1, 0x45, 0xD1, 0x45,
    0xD1, 0x45, 0xD1, 0x45, 0xD1, 0x45, 0xD1, 0x45, 0xD1, 0x45, 0xD1, 0x45, 0xD1, 0x45, 0xD1, 0x45, 0xD1, 0x45, 0xD1,
    0x45, 0xD1, 0x45, 0xD1, 0x45, 0xD1, 0x45, 0xD1, 0x45, 0xD1, 0x45, 0xD1, 0x45, 0xD1, 0x45, 0xD1, 0x45, 0xD1, 0x45,
    0xD1, 0x45, 0xD1, 0x45, 0xD1, 0x45, 0xD1, 0x45, 0xD1, 0x45, 0xD1, 0x45, 0xD1, 0x45, 0xD1, 0x45, 0xD1, 0x45, 0xD1,
    0x45, 0xD1, 0x45, 0xD1, 0x45, 0xD1, 0x45, 0xD1, 0x45, 0xD1, 0x45, 0xD1, 0x45, 0xD1, 0x45, 0xD1, 0x45, 0xD1, 0x45,
    0xD1, 0x45, 0xD1, 0x45, 0xD1, 0x45, 0xD1, 0x45, 0xD1, 0x45, 0xD1, 0x45, 0xD1, 0x45, 0xD1, 0x45, 0xD1, 0x45, 0xD1,
    0x45, 0xD1, 0x45, 0xD1, 0x45, 0xD1, 0x45, 0xD1, 0x45, 0xD1, 0x45, 0xD1, 0x45, 0xD1, 0x45, 0xD1, 0x45, 0xD1, 0x45,
    0xD1, 0x45, 0xD1, 0x45, 0xD1, 0x45, 0xD1, 0x45, 0xD1, 0x45, 0xD1, 0x45, 0xD1, 0x45, 0xD1, 0x45, 0xD1, 0x45, 0xD1,
    0x45, 0xD1, 0x45, 0xD1, 0x45, 0xD1, 0x45, 0xD1, 0x45, 0xD1, 0x45, 0xD1, 0x45, 0xD1, 0x45, 0xD1, 0x45, 0xD1, 0x45,
    0xD1, 0x45, 0xD1, 0x45, 0xD1, 0x45, 0xD1, 0x45, 0xD1, 0x45, 0xD1, 0x45, 0xD1, 0x45, 0xD1, 0x45, 0xD1, 0x45, 0xD1,
    0x45, 0xD1, 0x45, 0xD1, 0x45, 0xD1, 0x45, 0xD1, 0x45, 0xD1, 0x45, 0xD1, 0x45, 0xD1, 0x45, 0xD1, 0x45, 0xD1, 0x45,
    0xD1, 0x45, 0xD1, 0x45, 0xD1, 0x45, 0xD1, 0x45, 0xD1, 0x45, 0xD1, 0x45, 0xD1, 0x45, 0xD1, 0x45, 0xD1, 0x45, 0xC9,
    0x45, 0xD1, 0x46, 0xD9, 0x25, 0xB1, 0xC3, 0x60, 0xA2, 0x50, 0xA2, 0x50, 0xA2, 0x50, 0xA2, 0x48, 0x82, 0x48, 0x82,
    0x40, 0x81, 0x38, 0x81, 0x38, 0x61, 0x30, 0x61, 0x30, 0x61, 0x28, 0x41, 0x28, 0x41, 0x20, 0x41, 0x20, 0x40, 0x18,
    0x40, 0x18, 0x20, 0x18, 0x20, 0x10, 0x20, 0x10, 0x20, 0x10, 0x20, 0x08, 0x00, 0x08, 0x00, 0x08, 0x00, 0x08, 0x00,
    0x08, 0x00, 0x00, 0x00, 0x00, 0x00, 0x00, 0x00, 0x00, 0x00, 0x00, 0x00, 0x00, 0x00, 0x00, 0x00, 0x00, 0x00, 0x00,
    0x00, 0x00, 0x00, 0x00, 0x00, 0x00, 0x00, 0x00, 0x00, 0x00, 0x00, 0x00, 0x00, 0x00, 0x00, 0x00, 0x00, 0x00, 0x00,
    0x00, 0x00, 0x00, 0x00, 0x00, 0x00, 0x00, 0x00, 0x00, 0x00, 0x00, 0x00, 0x00, 0x00, 0x00, 0x00, 0x00, 0x00, 0x00,
    0x00, 0x00, 0x00, 0x00, 0x00, 0x00, 0x00, 0x00, 0x00, 0x00, 0x00, 0x00, 0x00, 0x00, 0x00, 0x08, 0x00, 0x08, 0x00,
    0x08, 0x00, 0x08, 0x20, 0x10, 0x20, 0x10, 0x20, 0x10, 0x20, 0x10, 0x20, 0x18, 0x20, 0x18, 0x40, 0x20, 0x41, 0x20,
    0x41, 0x20, 0x41, 0x28, 0x61, 0x28, 0x61, 0x30, 0x61, 0x30, 0x81, 0x38, 0x81, 0x38, 0x82, 0x40, 0x82, 0x40, 0xA2,
    0x48, 0xA2, 0x48, 0xA2, 0x50, 0xA2, 0x50, 0xC2, 0x58, 0x04, 0x89, 0x45, 0xC9, 0x46, 0xD1, 0x45, 0xC9, 0x45, 0xC9,
    0x45, 0xD1, 0x45, 0xD1, 0x45, 0xD1, 0x45, 0xD1, 0x45, 0xD1, 0x45, 0xD1, 0x45, 0xD1, 0x45, 0xD1, 0x45, 0xD1, 0x45,
    0xD1, 0x45, 0xD1, 0x45, 0xD1, 0x45, 0xD1, 0x45, 0xD1, 0x45, 0xD1, 0x45, 0xD1, 0x45, 0xD1, 0x45, 0xD1, 0x45, 0xD1,
    0x45, 0xD1, 0x45, 0xD1, 0x45, 0xD1, 0x45, 0xD1, 0x45, 0xD1, 0x45, 0xD1, 0x45, 0xD1, 0x45, 0xD1, 0x45, 0xD1, 0x45,
    0xD1, 0x45, 0xD1, 0x45, 0xD1, 0x45, 0xD1, 0x45, 0xD1, 0x45, 0xD1, 0x45, 0xD1, 0x45, 0xD1, 0x45, 0xD1, 0x45, 0xD1,
    0x45, 0xD1, 0x45, 0xD1, 0x45, 0xD1, 0x45, 0xD1, 0x45, 0xD1, 0x45, 0xD1, 0x45, 0xD1, 0x45, 0xD1, 0x45, 0xD1, 0x45,
    0xD1, 0x45, 0xD1, 0x45, 0xD1, 0x45, 0xD1, 0x45, 0xD1, 0x45, 0xD1, 0x45, 0xD1, 0x45, 0xD1, 0x45, 0xD1, 0x45, 0xD1,
    0x45, 0xD1, 0x45, 0xD1, 0x45, 0xD1, 0x45, 0xD1, 0x45, 0xD1, 0x45, 0xD1, 0x45, 0xD1, 0x45, 0xD1, 0x45, 0xD1, 0x45,
    0xD1, 0x45, 0xD1, 0x45, 0xD1, 0x45, 0xD1, 0x45, 0xD1, 0x45, 0xD1, 0x45, 0xD1, 0x45, 0xD1, 0x45, 0xD1, 0x45, 0xD1,
    0x45, 0xD1, 0x45, 0xD1, 0x45, 0xD1, 0x45, 0xD1, 0x45, 0xD1, 0x45, 0xD1, 0x45, 0xD1, 0x45, 0xD1, 0x45, 0xD1, 0x45,
    0xD1, 0x45, 0xD1, 0x45, 0xD1, 0x45, 0xD1, 0x45, 0xD1, 0x45, 0xD1, 0x45, 0xD1, 0x45, 0xD1, 0x45, 0xD1, 0x45, 0xD1,
    0x45, 0xD1, 0x45, 0xD1, 0x45, 0xD1, 0x45, 0xD1, 0x45, 0xD1, 0x45, 0xD1, 0x45, 0xD1, 0x45, 0xC9, 0x45, 0xC9, 0x46,
    0xD1, 0x45, 0xC9, 0x04, 0x89, 0xC2, 0x58, 0xA2, 0x50, 0xA2, 0x50, 0xA2, 0x48, 0xA2, 0x48, 0x82, 0x40, 0x82, 0x40,
    0x81, 0x38, 0x81, 0x38, 0x61, 0x30, 0x61, 0x30, 0x61, 0x28, 0x41, 0x28, 0x41, 0x20, 0x41, 0x20, 0x40, 0x20, 0x20,
    0x18, 0x20, 0x18, 0x20, 0x10, 0x20, 0x10, 0x20, 0x10, 0x20, 0x10, 0x00, 0x08, 0x00, 0x08, 0x00, 0x08, 0x00, 0x08,
    0x00, 0x00, 0x00, 0x00, 0x00, 0x00, 0x00, 0x00, 0x00, 0x00, 0x00, 0x00, 0x00, 0x00, 0x00, 0x00, 0x00, 0x00, 0x00,
    0x00, 0x00, 0x00, 0x00, 0x00, 0x00, 0x00, 0x00, 0x00, 0x00, 0x00, 0x00, 0x00, 0x00, 0x00, 0x00, 0x00, 0x00, 0x00,
    0x00, 0x00, 0x00, 0x00, 0x00, 0x00, 0x00, 0x00, 0x00, 0x00, 0x00, 0x00, 0x00, 0x00, 0x00, 0x00, 0x00, 0x00, 0x00,
    0x00, 0x00, 0x00, 0x00, 0x00, 0x00, 0x00, 0x00, 0x00, 0x00, 0x00, 0x00, 0x00, 0x00, 0x00, 0x00, 0x00, 0x00, 0x08,
    0x00, 0x08, 0x00, 0x08, 0x20, 0x08, 0x20, 0x10, 0x20, 0x10, 0x20, 0x10, 0x20, 0x10, 0x20, 0x18, 0x20, 0x18, 0x40,
    0x20, 0x41, 0x20, 0x41, 0x20, 0x41, 0x28, 0x61, 0x28, 0x61, 0x30, 0x61, 0x30, 0x81, 0x38, 0x81, 0x38, 0x81, 0x40,
    0x82, 0x40, 0xA2, 0x48, 0xA2, 0x48, 0xA2, 0x50, 0xA2, 0x50, 0xA2, 0x50, 0xC3, 0x68, 0x24, 0xA9, 0x46, 0xD1, 0x46,
    0xD1, 0x45, 0xC9, 0x45, 0xC9, 0x45, 0xD1, 0x45, 0xD1, 0x45, 0xD1, 0x45, 0xD1, 0x45, 0xD1, 0x45, 0xD1, 0x45, 0xD1,
    0x45, 0xD1, 0x45, 0xD1, 0x45, 0xD1, 0x45, 0xD1, 0x45, 0xD1, 0x45, 0xD1, 0x45, 0xD1, 0x45, 0xD1, 0x45, 0xD1, 0x45,
    0xD1, 0x45, 0xD1, 0x45, 0xD1, 0x45, 0xD1, 0x45, 0xD1, 0x45, 0xD1, 0x45, 0xD1, 0x45, 0xD1, 0x45, 0xD1, 0x45, 0xD1,
    0x45, 0xD1, 0x45, 0xD1, 0x45, 0xD1, 0x45, 0xD1, 0x45, 0xD1, 0x45, 0xD1, 0x45, 0xD1, 0x45, 0xD1, 0x45, 0xD1, 0x45,
    0xD1, 0x45, 0xD1, 0x45, 0xD1, 0x45, 0xD1, 0x45, 0xD1, 0x45, 0xD1, 0x45, 0xD1, 0x45, 0xD1, 0x45, 0xD1, 0x45, 0xD1,
    0x45, 0xD1, 0x45, 0xD1, 0x45, 0xD1, 0x45, 0xD1, 0x45, 0xD1, 0x45, 0xD1, 0x45, 0xD1, 0x45, 0xD1, 0x45, 0xD1, 0x45,
    0xD1, 0x45, 0xD1, 0x45, 0xD1, 0x45, 0xD1, 0x45, 0xD1, 0x45, 0xD1, 0x45, 0xD1, 0x45, 0xD1, 0x45, 0xD1, 0x45, 0xD1,
    0x45, 0xD1, 0x45, 0xD1, 0x45, 0xD1, 0x45, 0xD1, 0x45, 0xD1, 0x45, 0xD1, 0x45, 0xD1, 0x45, 0xD1, 0x45, 0xD1, 0x45,
    0xD1, 0x45, 0xD1, 0x45, 0xD1, 0x45, 0xD1, 0x45, 0xD1, 0x45, 0xD1, 0x45, 0xD1, 0x45, 0xD1, 0x45, 0xD1, 0x45, 0xD1,
    0x45, 0xD1, 0x45, 0xD1, 0x45, 0xD1, 0x45, 0xD1, 0x45, 0xD1, 0x45, 0xD1, 0x45, 0xD1, 0x45, 0xD1, 0x45, 0xD1, 0x45,
    0xD1, 0x45, 0xD1, 0x45, 0xD1, 0x45, 0xD1, 0x45, 0xD1, 0x45, 0xD1, 0x45, 0xC9, 0x45, 0xC9, 0x46, 0xD1, 0x46, 0xD1,
    0x24, 0xA9, 0xC3, 0x68, 0xA2, 0x50, 0xA2, 0x50, 0xA2, 0x50, 0xA2, 0x48, 0xA2, 0x48, 0x82, 0x40, 0x81, 0x40, 0x81,
    0x38, 0x81, 0x38, 0x61, 0x30, 0x61, 0x30, 0x61, 0x28, 0x41, 0x28, 0x41, 0x20, 0x41, 0x20, 0x40, 0x20, 0x20, 0x18,
    0x20, 0x18, 0x20, 0x10, 0x20, 0x10, 0x20, 0x10, 0x20, 0x10, 0x20, 0x08, 0x00, 0x08, 0x00, 0x08, 0x00, 0x08, 0x00,
    0x00, 0x00, 0x00, 0x00, 0x00, 0x00, 0x00, 0x00, 0x00, 0x00, 0x00, 0x00, 0x00, 0x00, 0x00, 0x00, 0x00, 0x00, 0x00,
    0x00, 0x00, 0x00, 0x00, 0x00, 0x00, 0x00, 0x00, 0x00, 0x00, 0x00, 0x00, 0x00, 0x00, 0x00, 0x00, 0x00, 0x00, 0x00,
    0x00, 0x00, 0x00, 0x00, 0x00, 0x00, 0x00, 0x00, 0x00, 0x00, 0x00, 0x00, 0x00, 0x00, 0x00, 0x00, 0x00, 0x00, 0x00,
    0x00, 0x00, 0x00, 0x00, 0x00, 0x00, 0x00, 0x00, 0x00, 0x00, 0x00, 0x00, 0x00, 0x00, 0x00, 0x00, 0x00, 0x00, 0x00,
    0x00, 0x00, 0x08, 0x00, 0x08, 0x00, 0x08, 0x20, 0x08, 0x20, 0x10, 0x20, 0x10, 0x20, 0x10, 0x20, 0x10, 0x20, 0x18,
    0x20, 0x18, 0x40, 0x20, 0x41, 0x20, 0x41, 0x20, 0x41, 0x28, 0x61, 0x28, 0x61, 0x30, 0x61, 0x30, 0x81, 0x38, 0x81,
    0x38, 0x81, 0x40, 0x82, 0x40, 0xA2, 0x48, 0xA2, 0x48, 0xA2, 0x50, 0xA2, 0x50, 0xA2, 0x50, 0xC2, 0x50, 0xE3, 0x78,
    0x25, 0xB1, 0x45, 0xD1, 0x45, 0xD1, 0x45, 0xC9, 0x45, 0xC9, 0x45, 0xC9, 0x45, 0xC9, 0x45, 0xC9, 0x45, 0xC9, 0x45,
    0xC9, 0x45, 0xC9, 0x45, 0xC9, 0x45, 0xC9, 0x45, 0xC9, 0x45, 0xC9, 0x45, 0xC9, 0x45, 0xC9, 0x45, 0xC9, 0x45, 0xC9,
    0x45, 0xC9, 0x45, 0xC9, 0x45, 0xC9, 0x45, 0xC9, 0x45, 0xC9, 0x45, 0xC9, 0x45, 0xC9, 0x45, 0xC9, 0x45, 0xC9, 0x45,
    0xC9, 0x45, 0xC9, 0x45, 0xC9, 0x45, 0xC9, 0x45, 0xC9, 0x45, 0xC9, 0x45, 0xC9, 0x45, 0xC9, 0x45, 0xC9, 0x45, 0xC9,
    0x45, 0xC9, 0x45, 0xC9, 0x45, 0xC9, 0x45, 0xC9, 0x45, 0xC9, 0x45, 0xC9, 0x45, 0xC9, 0x45, 0xC9, 0x45, 0xC9, 0x45,
    0xC9, 0x45, 0xC9, 0x45, 0xC9, 0x45, 0xC9, 0x45, 0xC9, 0x45, 0xC9, 0x45, 0xC9, 0x45, 0xC9, 0x45, 0xC9, 0x45, 0xC9,
    0x45, 0xC9, 0x45, 0xC9, 0x45, 0xC9, 0x45, 0xC9, 0x45, 0xC9, 0x45, 0xC9, 0x45, 0xC9, 0x45, 0xC9, 0x45, 0xC9, 0x45,
    0xC9, 0x45, 0xC9, 0x45, 0xC9, 0x45, 0xC9, 0x45, 0xC9, 0x45, 0xC9, 0x45, 0xC9, 0x45, 0xC9, 0x45, 0xC9, 0x45, 0xC9,
    0x45, 0xC9, 0x45, 0xC9, 0x45, 0xC9, 0x45, 0xC9, 0x45, 0xC9, 0x45, 0xC9, 0x45, 0xC9, 0x45, 0xC9, 0x45, 0xC9, 0x45,
    0xC9, 0x45, 0xC9, 0x45, 0xC9, 0x45, 0xC9, 0x45, 0xC9, 0x45, 0xC9, 0x45, 0xC9, 0x45, 0xC9, 0x45, 0xC9, 0x45, 0xC9,
    0x45, 0xC9, 0x45, 0xC9, 0x45, 0xC9, 0x45, 0xC9, 0x45, 0xC9, 0x45, 0xC9, 0x45, 0xD1, 0x45, 0xD1, 0x25, 0xB1, 0xE3,
    0x78, 0xC2, 0x50, 0xA2, 0x50, 0xA2, 0x50, 0xA2, 0x50, 0xA2, 0x48, 0xA2, 0x48, 0x82, 0x40, 0x81, 0x40, 0x81, 0x38,
    0x81, 0x38, 0x61, 0x30, 0x61, 0x30, 0x61, 0x28, 0x41, 0x28, 0x41, 0x20, 0x41, 0x20, 0x40, 0x20, 0x20, 0x18, 0x20,
    0x18, 0x20, 0x10, 0x20, 0x10, 0x20, 0x10, 0x20, 0x10, 0x20, 0x08, 0x00, 0x08, 0x00, 0x08, 0x00, 0x08, 0x00, 0x00,
    0x00, 0x00, 0x00, 0x00, 0x00, 0x00, 0x00, 0x00, 0x00, 0x00, 0x00, 0x00, 0x00, 0x00, 0x00, 0x00, 0x00, 0x00, 0x00,
    0x00, 0x00, 0x00, 0x00, 0x00, 0x00, 0x00, 0x00, 0x00, 0x00, 0x00, 0x00, 0x00, 0x00, 0x00, 0x00, 0x00, 0x00, 0x00,
    0x00, 0x00, 0x00, 0x00, 0x00, 0x00, 0x00, 0x00, 0x00, 0x00, 0x00, 0x00, 0x00, 0x00, 0x00, 0x00, 0x00, 0x00, 0x00,
    0x00, 0x00, 0x00, 0x00, 0x00, 0x00, 0x00, 0x00, 0x00, 0x00, 0x00, 0x00, 0x00, 0x00, 0x00, 0x00, 0x00, 0x00, 0x00,
    0x00, 0x00, 0x00, 0x08, 0x00, 0x08, 0x00, 0x08, 0x00, 0x08, 0x20, 0x08, 0x20, 0x10, 0x20, 0x10, 0x20, 0x10, 0x20,
    0x10, 0x20, 0x18, 0x20, 0x18, 0x40, 0x20, 0x41, 0x20, 0x41, 0x20, 0x41, 0x28, 0x61, 0x28, 0x61, 0x30, 0x61, 0x30,
    0x61, 0x38, 0x81, 0x38, 0x81, 0x38, 0x82, 0x40, 0x82, 0x40, 0xA2, 0x48, 0xA2, 0x48, 0xA2, 0x50, 0xA2, 0x50, 0xA2,
    0x50, 0xC2, 0x58, 0xE3, 0x78, 0x25, 0xB1, 0x45, 0xD1, 0x46, 0xD1, 0x25, 0xD1, 0x25, 0xC9, 0x25, 0xC9, 0x25, 0xC9,
    0x25, 0xC9, 0x25, 0xC9, 0x25, 0xC9, 0x25, 0xC9, 0x25, 0xC9, 0x25, 0xC9, 0x25, 0xC9, 0x25, 0xC9, 0x25, 0xC9, 0x25,
    0xC9, 0x25, 0xC9, 0x25, 0xC9, 0x25, 0xC9, 0x25, 0xC9, 0x25, 0xC9, 0x25, 0xC9, 0x25, 0xC9, 0x25, 0xC9, 0x25, 0xC9,
    0x25, 0xC9, 0x25, 0xC9, 0x25, 0xC9, 0x25, 0xC9, 0x25, 0xC9, 0x25, 0xC9, 0x25, 0xC9, 0x25, 0xC9, 0x25, 0xC9, 0x25,
    0xC9, 0x25, 0xC9, 0x25, 0xC9, 0x25, 0xC9, 0x25, 0xC9, 0x25, 0xC9, 0x25, 0xC9, 0x25, 0xC9, 0x25, 0xC9, 0x25, 0xC9,
    0x25, 0xC9, 0x25, 0xC9, 0x25, 0xC9, 0x25, 0xC9, 0x25, 0xC9, 0x25, 0xC9, 0x25, 0xC9, 0x25, 0xC9, 0x25, 0xC9, 0x25,
    0xC9, 0x25, 0xC9, 0x25, 0xC9, 0x25, 0xC9, 0x25, 0xC9, 0x25, 0xC9, 0x25, 0xC9, 0x25, 0xC9, 0x25, 0xC9, 0x25, 0xC9,
    0x25, 0xC9, 0x25, 0xC9, 0x25, 0xC9, 0x25, 0xC9, 0x25, 0xC9, 0x25, 0xC9, 0x25, 0xC9, 0x25, 0xC9, 0x25, 0xC9, 0x25,
    0xC9, 0x25, 0xC9, 0x25, 0xC9, 0x25, 0xC9, 0x25, 0xC9, 0x25, 0xC9, 0x25, 0xC9, 0x25, 0xC9, 0x25, 0xC9, 0x25, 0xC9,
    0x25, 0xC9, 0x25, 0xC9, 0x25, 0xC9, 0x25, 0xC9, 0x25, 0xC9, 0x25, 0xC9, 0x25, 0xC9, 0x25, 0xC9, 0x25, 0xC9, 0x25,
    0xC9, 0x25, 0xC9, 0x25, 0xC9, 0x25, 0xC9, 0x25, 0xD1, 0x46, 0xD1, 0x45, 0xD1, 0x25, 0xB1, 0xE3, 0x78, 0xC2, 0x58,
    0xA2, 0x50, 0xA2, 0x50, 0xA2, 0x50, 0xA2, 0x48, 0xA2, 0x48, 0x82, 0x40, 0x82, 0x40, 0x81, 0x38, 0x81, 0x38, 0x61,
    0x38, 0x61, 0x30, 0x61, 0x30, 0x61, 0x28, 0x41, 0x28, 0x41, 0x20, 0x41, 0x20, 0x40, 0x20, 0x20, 0x18, 0x20, 0x18,
    0x20, 0x10, 0x20, 0x10, 0x20, 0x10, 0x20, 0x10, 0x20, 0x08, 0x00, 0x08, 0x00, 0x08, 0x00, 0x08, 0x00, 0x08, 0x00,
    0x00, 0x00, 0x00, 0x00, 0x00, 0x00, 0x00, 0x00, 0x00, 0x00, 0x00, 0x00, 0x00, 0x00, 0x00, 0x00, 0x00, 0x00, 0x00,
    0x00, 0x00, 0x00, 0x00, 0x00, 0x00, 0x00, 0x00, 0x00, 0x00, 0x00, 0x00, 0x00, 0x00, 0x00, 0x00, 0x00, 0x00, 0x00,
    0x00, 0x00, 0x00, 0x00, 0x00, 0x00, 0x00, 0x00, 0x00, 0x00, 0x00, 0x00, 0x00, 0x00, 0x00, 0x00, 0x00, 0x00, 0x00,
    0x00, 0x00, 0x00, 0x00, 0x00, 0x00, 0x00, 0x00, 0x00, 0x00, 0x00, 0x00, 0x00, 0x00, 0x00, 0x00, 0x00, 0x00, 0x00,
    0x00, 0x00, 0x00, 0x00, 0x00, 0x00, 0x08, 0x00, 0x08, 0x00, 0x08, 0x00, 0x08, 0x20, 0x08, 0x20, 0x10, 0x20, 0x10,
    0x20, 0x10, 0x20, 0x10, 0x20, 0x18, 0x40, 0x18, 0x40, 0x18, 0x41, 0x20, 0x41, 0x20, 0x41, 0x28, 0x41, 0x28, 0x61,
    0x28, 0x61, 0x30, 0x61, 0x30, 0x81, 0x38, 0x81, 0x38, 0x81, 0x40, 0x82, 0x40, 0xA2, 0x48, 0xA2, 0x48, 0xA2, 0x48,
    0xA2, 0x50, 0xA2, 0x50, 0xA2, 0x50, 0xC2, 0x58, 0xE3, 0x78, 0x04, 0xA9, 0x25, 0xC9, 0x45, 0xD1, 0x45, 0xD1, 0x25,
    0xD1, 0x25, 0xC9, 0x25, 0xC9, 0x25, 0xC9, 0x25, 0xC9, 0x25, 0xC9, 0x25, 0xC9, 0x25, 0xC9, 0x25, 0xC9, 0x25, 0xC9,
    0x25, 0xC9, 0x25, 0xC9, 0x25, 0xC9, 0x25, 0xC9, 0x25, 0xC9, 0x25, 0xC9, 0x25, 0xC9, 0x25, 0xC9, 0x25, 0xC9, 0x25,
    0xC9, 0x25, 0xC9, 0x25, 0xC9, 0x25, 0xC9, 0x25, 0xC9, 0x25, 0xC9, 0x25, 0xC9, 0x25, 0xC9, 0x25, 0xC9, 0x25, 0xC9,
    0x25, 0xC9, 0x25, 0xC9, 0x25, 0xC9, 0x25, 0xC9, 0x25, 0xC9, 0x25, 0xC9, 0x25, 0xC9, 0x25, 0xC9, 0x25, 0xC9, 0x25,
    0xC9, 0x25, 0xC9, 0x25, 0xC9, 0x25, 0xC9, 0x25, 0xC9, 0x25, 0xC9, 0x25, 0xC9, 0x25, 0xC9, 0x25, 0xC9, 0x25, 0xC9,
    0x25, 0xC9, 0x25, 0xC9, 0x25, 0xC9, 0x25, 0xC9, 0x25, 0xC9, 0x25, 0xC9, 0x25, 0xC9, 0x25, 0xC9, 0x25, 0xC9, 0x25,
    0xC9, 0x25, 0xC9, 0x25, 0xC9, 0x25, 0xC9, 0x25, 0xC9, 0x25, 0xC9, 0x25, 0xC9, 0x25, 0xC9, 0x25, 0xC9, 0x25, 0xC9,
    0x25, 0xC9, 0x25, 0xC9, 0x25, 0xC9, 0x25, 0xC9, 0x25, 0xC9, 0x25, 0xC9, 0x25, 0xC9, 0x25, 0xC9, 0x25, 0xC9, 0x25,
    0xC9, 0x25, 0xC9, 0x25, 0xC9, 0x25, 0xC9, 0x25, 0xC9, 0x25, 0xC9, 0x25, 0xC9, 0x25, 0xC9, 0x25, 0xC9, 0x25, 0xC9,
    0x25, 0xC9, 0x25, 0xD1, 0x45, 0xD1, 0x45, 0xD1, 0x25, 0xC9, 0x04, 0xA9, 0xE3, 0x78, 0xC2, 0x58, 0xA2, 0x50, 0xA2,
    0x50, 0xA2, 0x50, 0xA2, 0x48, 0xA2, 0x48, 0xA2, 0x48, 0x82, 0x40, 0x81, 0x40, 0x81, 0x38, 0x81, 0x38, 0x61, 0x30,
    0x61, 0x30, 0x61, 0x28, 0x41, 0x28, 0x41, 0x28, 0x41, 0x20, 0x41, 0x20, 0x40, 0x18, 0x40, 0x18, 0x20, 0x18, 0x20,
    0x10, 0x20, 0x10, 0x20, 0x10, 0x20, 0x10, 0x20, 0x08, 0x00, 0x08, 0x00, 0x08, 0x00, 0x08, 0x00, 0x08, 0x00, 0x00,
    0x00, 0x00, 0x00, 0x00, 0x00, 0x00, 0x00, 0x00, 0x00, 0x00, 0x00, 0x00, 0x00, 0x00, 0x00, 0x00, 0x00, 0x00, 0x00,
    0x00, 0x00, 0x00, 0x00, 0x00, 0x00, 0x00, 0x00, 0x00, 0x00, 0x00, 0x00, 0x00, 0x00, 0x00, 0x00, 0x00, 0x00, 0x00,
    0x00, 0x00, 0x00, 0x00, 0x00, 0x00, 0x00, 0x00, 0x00, 0x00, 0x00, 0x00, 0x00, 0x00, 0x00, 0x00, 0x00, 0x00, 0x00,
    0x00, 0x00, 0x00, 0x00, 0x00, 0x00, 0x00, 0x00, 0x00, 0x00, 0x00, 0x00, 0x00, 0x00, 0x00, 0x00, 0x00, 0x00, 0x00,
    0x00, 0x00, 0x00, 0x00, 0x00, 0x00, 0x00, 0x00, 0x00, 0x08, 0x00, 0x08, 0x00, 0x08, 0x00, 0x08, 0x20, 0x08, 0x20,
    0x10, 0x20, 0x10, 0x20, 0x10, 0x20, 0x10, 0x20, 0x18, 0x20, 0x18, 0x40, 0x18, 0x40, 0x20, 0x41, 0x20, 0x41, 0x28,
    0x41, 0x28, 0x61, 0x28, 0x61, 0x30, 0x61, 0x30, 0x81, 0x38, 0x81, 0x38, 0x81, 0x38, 0x82, 0x40, 0x82, 0x40, 0xA2,
    0x48, 0xA2, 0x48, 0xA2, 0x50, 0xA2, 0x50, 0xA2, 0x50, 0xA2, 0x50, 0xC2, 0x50, 0xC3, 0x68, 0x04, 0x89, 0x25, 0xB1,
    0x25, 0xC9, 0x26, 0xD1, 0x26, 0xD1, 0x25, 0xD1, 0x25, 0xC9, 0x25, 0xC9, 0x25, 0xC9, 0x25, 0xC9, 0x25, 0xC9, 0x25,
    0xC9, 0x25, 0xC9, 0x25, 0xC9, 0x25, 0xC9, 0x25, 0xC9, 0x25, 0xC9, 0x25, 0xC9, 0x25, 0xC9, 0x25, 0xC9, 0x25, 0xC9,
    0x25, 0xC9, 0x25, 0xC9, 0x25, 0xC9, 0x25, 0xC9, 0x25, 0xC9, 0x25, 0xC9, 0x25, 0xC9, 0x25, 0xC9, 0x25, 0xC9, 0x25,
    0xC9, 0x25, 0xC9, 0x25, 0xC9, 0x25, 0xC9, 0x25, 0xC9, 0x25, 0xC9, 0x25, 0xC9, 0x25, 0xC9, 0x25, 0xC9, 0x25, 0xC9,
    0x25, 0xC9, 0x25, 0xC9, 0x25, 0xC9, 0x25, 0xC9, 0x25, 0xC9, 0x25, 0xC9, 0x25, 0xC9, 0x25, 0xC9, 0x25, 0xC9, 0x25,
    0xC9, 0x25, 0xC9, 0x25, 0xC9, 0x25, 0xC9, 0x25, 0xC9, 0x25, 0xC9, 0x25, 0xC9, 0x25, 0xC9, 0x25, 0xC9, 0x25, 0xC9,
    0x25, 0xC9, 0x25, 0xC9, 0x25, 0xC9, 0x25, 0xC9, 0x25, 0xC9, 0x25, 0xC9, 0x25, 0xC9, 0x25, 0xC9, 0x25, 0xC9, 0x25,
    0xC9, 0x25, 0xC9, 0x25, 0xC9, 0x25, 0xC9, 0x25, 0xC9, 0x25, 0xC9, 0x25, 0xC9, 0x25, 0xC9, 0x25, 0xC9, 0x25, 0xC9,
    0x25, 0xC9, 0x25, 0xC9, 0x25, 0xC9, 0x25, 0xC9, 0x25, 0xC9, 0x25, 0xC9, 0x25, 0xC9, 0x25, 0xC9, 0x25, 0xD1, 0x26,
    0xD1, 0x26, 0xD1, 0x25, 0xC9, 0x25, 0xB1, 0x04, 0x89, 0xC3, 0x68, 0xC2, 0x50, 0xA2, 0x50, 0xA2, 0x50, 0xA2, 0x50,
    0xA2, 0x50, 0xA2, 0x48, 0xA2, 0x48, 0x82, 0x40, 0x82, 0x40, 0x81, 0x38, 0x81, 0x38, 0x81, 0x38, 0x61, 0x30, 0x61,
    0x30, 0x61, 0x28, 0x41, 0x28, 0x41, 0x28, 0x41, 0x20, 0x40, 0x20, 0x40, 0x18, 0x20, 0x18, 0x20, 0x18, 0x20, 0x10,
    0x20, 0x10, 0x20, 0x10, 0x20, 0x10, 0x20, 0x08, 0x00, 0x08, 0x00, 0x08, 0x00, 0x08, 0x00, 0x08, 0x00, 0x00, 0x00,
    0x00, 0x00, 0x00, 0x00, 0x00, 0x00, 0x00, 0x00, 0x00, 0x00, 0x00, 0x00, 0x00, 0x00, 0x00, 0x00, 0x00, 0x00, 0x00,
    0x00, 0x00, 0x00, 0x00, 0x00, 0x00, 0x00, 0x00, 0x00, 0x00, 0x00, 0x00, 0x00, 0x00, 0x00, 0x00, 0x00, 0x00, 0x00,
    0x00, 0x00, 0x00, 0x00, 0x00, 0x00, 0x00, 0x00, 0x00, 0x00, 0x00, 0x00, 0x00, 0x00, 0x00, 0x00, 0x00, 0x00, 0x00,
    0x00, 0x00, 0x00, 0x00, 0x00, 0x00, 0x00, 0x00, 0x00, 0x00, 0x00, 0x00, 0x00, 0x00, 0x00, 0x00, 0x00, 0x00, 0x00,
    0x00, 0x00, 0x00, 0x00, 0x00, 0x00, 0x00, 0x00, 0x00, 0x00, 0x00, 0x00, 0x08, 0x00, 0x08, 0x00, 0x08, 0x00, 0x08,
    0x20, 0x08, 0x20, 0x10, 0x20, 0x10, 0x20, 0x10, 0x20, 0x10, 0x20, 0x18, 0x20, 0x18, 0x40, 0x18, 0x41, 0x20, 0x41,
    0x20, 0x41, 0x20, 0x41, 0x28, 0x61, 0x28, 0x61, 0x30, 0x61, 0x30, 0x61, 0x30, 0x81, 0x38, 0x81, 0x38, 0x81, 0x40,
    0x82, 0x40, 0x82, 0x40, 0xA2, 0x48, 0xA2, 0x48, 0xA2, 0x48, 0xA2, 0x50, 0xA2, 0x50, 0xA2, 0x50, 0xC2, 0x50, 0xC2,
    0x50, 0xC3, 0x68, 0xE3, 0x88, 0x04, 0xA1, 0x25, 0xB9, 0x25, 0xC9, 0x25, 0xD1, 0x26, 0xD1, 0x26, 0xD1, 0x25, 0xD1,
    0x25, 0xD1, 0x25, 0xD1, 0x25, 0xD1, 0x25, 0xD1, 0x25, 0xD1, 0x25, 0xD1, 0x25, 0xD1, 0x25, 0xD1, 0x25, 0xD1, 0x25,
    0xD1, 0x25, 0xD1, 0x25, 0xD1, 0x25, 0xD1, 0x25, 0xD1, 0x25, 0xD1, 0x25, 0xD1, 0x25, 0xD1, 0x25, 0xD1, 0x25, 0xD1,
    0x25, 0xD1, 0x25, 0xD1, 0x25, 0xD1, 0x25, 0xD1, 0x25, 0xD1, 0x25, 0xD1, 0x25, 0xD1, 0x25, 0xD1, 0x25, 0xD1, 0x25,
    0xD1, 0x25, 0xD1, 0x25, 0xD1, 0x25, 0xD1, 0x25, 0xD1, 0x25, 0xD1, 0x25, 0xD1, 0x25, 0xD1, 0x25, 0xD1, 0x25, 0xD1,
    0x25, 0xD1, 0x25, 0xD1, 0x25, 0xD1, 0x25, 0xD1, 0x25, 0xD1, 0x25, 0xD1, 0x25, 0xD1, 0x25, 0xD1, 0x25, 0xD1, 0x25,
    0xD1, 0x25, 0xD1, 0x25, 0xD1, 0x25, 0xD1, 0x25, 0xD1, 0x25, 0xD1, 0x25, 0xD1, 0x25, 0xD1, 0x25, 0xD1, 0x25, 0xD1,
    0x25, 0xD1, 0x25, 0xD1, 0x25, 0xD1, 0x25, 0xD1, 0x25, 0xD1, 0x25, 0xD1, 0x25, 0xD1, 0x25, 0xD1, 0x25, 0xD1, 0x25,
    0xD1, 0x25, 0xD1, 0x25, 0xD1, 0x25, 0xD1, 0x25, 0xD1, 0x26, 0xD1, 0x26, 0xD1, 0x25, 0xD1, 0x25, 0xC9, 0x25, 0xB9,
    0x04, 0xA1, 0xE3, 0x88, 0xC3, 0x68, 0xC2, 0x50, 0xC2, 0x50, 0xA2, 0x50, 0xA2, 0x50, 0xA2, 0x50, 0xA2, 0x48, 0xA2,
    0x48, 0xA2, 0x48, 0x82, 0x40, 0x82, 0x40, 0x81, 0x40, 0x81, 0x38, 0x81, 0x38, 0x61, 0x30, 0x61, 0x30, 0x61, 0x30,
    0x61, 0x28, 0x41, 0x28, 0x41, 0x20, 0x41, 0x20, 0x41, 0x20, 0x40, 0x18, 0x20, 0x18, 0x20, 0x18, 0x20, 0x10, 0x20,
    0x10, 0x20, 0x10, 0x20, 0x10, 0x20, 0x08, 0x00, 0x08, 0x00, 0x08, 0x00, 0x08, 0x00, 0x08, 0x00, 0x00, 0x00, 0x00,
    0x00, 0x00, 0x00, 0x00, 0x00, 0x00, 0x00, 0x00, 0x00, 0x00, 0x00, 0x00, 0x00, 0x00, 0x00, 0x00, 0x00, 0x00, 0x00,
    0x00, 0x00, 0x00, 0x00, 0x00, 0x00, 0x00, 0x00, 0x00, 0x00, 0x00, 0x00, 0x00, 0x00, 0x00, 0x00, 0x00, 0x00, 0x00,
    0x00, 0x00, 0x00, 0x00, 0x00, 0x00, 0x00, 0x00, 0x00, 0x00, 0x00, 0x00, 0x00, 0x00, 0x00, 0x00, 0x00, 0x00, 0x00,
    0x00, 0x00, 0x00, 0x00, 0x00, 0x00, 0x00, 0x00, 0x00, 0x00, 0x00, 0x00, 0x00, 0x00, 0x00, 0x00, 0x00, 0x00, 0x00,
    0x00, 0x00, 0x00, 0x00, 0x00, 0x00, 0x00, 0x00, 0x00, 0x00, 0x00, 0x00, 0x00, 0x00, 0x00, 0x08, 0x00, 0x08, 0x00,
    0x08, 0x00, 0x08, 0x20, 0x08, 0x20, 0x10, 0x20, 0x10, 0x20, 0x10, 0x20, 0x10, 0x20, 0x18, 0x20, 0x18, 0x40, 0x18,
    0x40, 0x20, 0x41, 0x20, 0x41, 0x20, 0x41, 0x28, 0x41, 0x28, 0x61, 0x28, 0x61, 0x30, 0x61, 0x30, 0x61, 0x30, 0x81,
    0x38, 0x81, 0x38, 0x81, 0x40, 0x82, 0x40, 0x82, 0x40, 0xA2, 0x48, 0xA2, 0x48, 0xA2, 0x48, 0xA2, 0x50, 0xA2, 0x50,
    0xA2, 0x50, 0xA2, 0x50, 0xA2, 0x50, 0xC2, 0x50, 0xC2, 0x58, 0xE3, 0x68, 0xE3, 0x78, 0x04, 0x91, 0x04, 0xA1, 0x05,
    0xB1, 0x05, 0xB1, 0x25, 0xC1, 0x25, 0xC9, 0x25, 0xC1, 0x25, 0xC9, 0x25, 0xC9, 0x25, 0xC9, 0x25, 0xC9, 0x25, 0xC9,
    0x25, 0xC9, 0x25, 0xC9, 0x25, 0xC9, 0x25, 0xC9, 0x25, 0xC9, 0x25, 0xC9, 0x25, 0xC9, 0x25, 0xC9, 0x25, 0xC9, 0x25,
    0xC9, 0x25, 0xC9, 0x25, 0xC9, 0x25, 0xC9, 0x25, 0xC9, 0x25, 0xC9, 0x25, 0xC9, 0x25, 0xC9, 0x25, 0xC9, 0x25, 0xC9,
    0x25, 0xC9, 0x25, 0xC9, 0x25, 0xC9, 0x25, 0xC9, 0x25, 0xC9, 0x25, 0xC9, 0x25, 0xC9, 0x25, 0xC9, 0x25, 0xC9, 0x25,
    0xC9, 0x25, 0xC9, 0x25, 0xC9, 0x25, 0xC9, 0x25, 0xC9, 0x25, 0xC9, 0x25, 0xC9, 0x25, 0xC9, 0x25, 0xC9, 0x25, 0xC9,
    0x25, 0xC9, 0x25, 0xC9, 0x25, 0xC9, 0x25, 0xC9, 0x25, 0xC9, 0x25, 0xC9, 0x25, 0xC9, 0x25, 0xC9, 0x25, 0xC9, 0x25,
    0xC9, 0x25, 0xC9, 0x25, 0xC9, 0x25, 0xC9, 0x25, 0xC9, 0x25, 0xC9, 0x25, 0xC9, 0x25, 0xC9, 0x25, 0xC9, 0x25, 0xC9,
    0x25, 0xC1, 0x25, 0xC9, 0x25, 0xC1, 0x05, 0xB1, 0x05, 0xB1, 0x04, 0xA1, 0x04, 0x91, 0xE3, 0x78, 0xE3, 0x68, 0xC2,
    0x58, 0xC2, 0x50, 0xA2, 0x50, 0xA2, 0x50, 0xA2, 0x50, 0xA2, 0x50, 0xA2, 0x50, 0xA2, 0x48, 0xA2, 0x48, 0xA2, 0x48,
    0x82, 0x40, 0x82, 0x40, 0x81, 0x40, 0x81, 0x38, 0x81, 0x38, 0x61, 0x30, 0x61, 0x30, 0x61, 0x30, 0x61, 0x28, 0x41,
    0x28, 0x41, 0x28, 0x41, 0x20, 0x41, 0x20, 0x40, 0x20, 0x40, 0x18, 0x20, 0x18, 0x20, 0x18, 0x20, 0x10, 0x20, 0x10,
    0x20, 0x10, 0x20, 0x10, 0x20, 0x08, 0x00, 0x08, 0x00, 0x08, 0x00, 0x08, 0x00, 0x08, 0x00, 0x00, 0x00, 0x00, 0x00,
    0x00, 0x00, 0x00, 0x00, 0x00, 0x00, 0x00, 0x00, 0x00, 0x00, 0x00, 0x00, 0x00, 0x00, 0x00, 0x00, 0x00, 0x00, 0x00,
    0x00, 0x00, 0x00, 0x00, 0x00, 0x00, 0x00, 0x00, 0x00, 0x00, 0x00, 0x00, 0x00, 0x00, 0x00, 0x00, 0x00, 0x00, 0x00,
    0x00, 0x00, 0x00, 0x00, 0x00, 0x00, 0x00, 0x00, 0x00, 0x00, 0x00, 0x00, 0x00, 0x00, 0x00, 0x00, 0x00, 0x00, 0x00,
    0x00, 0x00, 0x00, 0x00, 0x00, 0x00, 0x00, 0x00, 0x00, 0x00, 0x00, 0x00, 0x00, 0x00, 0x00, 0x00, 0x00, 0x00, 0x00,
    0x00, 0x00, 0x00, 0x00, 0x00, 0x00, 0x00, 0x00, 0x00, 0x00, 0x00, 0x00, 0x00, 0x00, 0x00, 0x00, 0x00, 0x00, 0x08,
    0x00, 0x08, 0x00, 0x08, 0x00, 0x08, 0x20, 0x08, 0x20, 0x10, 0x20, 0x10, 0x20, 0x10, 0x20, 0x10, 0x20, 0x18, 0x20,
    0x18, 0x20, 0x18, 0x40, 0x18, 0x41, 0x20, 0x41, 0x20, 0x41, 0x20, 0x41, 0x28, 0x61, 0x28, 0x61, 0x28, 0x61, 0x30,
    0x61, 0x30, 0x61, 0x38, 0x81, 0x38, 0x81, 0x38, 0x81, 0x40, 0x82, 0x40, 0x82, 0x40, 0xA2, 0x48, 0xA2, 0x48, 0xA2,
    0x48, 0xA2, 0x48, 0xA2, 0x50, 0xA2, 0x50, 0xA2, 0x50, 0xA2, 0x50, 0xA2, 0x50, 0xC2, 0x50, 0xC2, 0x50, 0xC2, 0x50,
    0xC2, 0x58, 0xC2, 0x58, 0xC2, 0x60, 0xE3, 0x68, 0xE3, 0x68, 0xE3, 0x68, 0xE3, 0x68, 0xE3, 0x68, 0xE3, 0x68, 0xE3,
    0x68, 0xE3, 0x68, 0xE3, 0x68, 0xE3, 0x68, 0xE3, 0x68, 0xE3, 0x68, 0xE3, 0x68, 0xE3, 0x68, 0xE3, 0x68, 0xE3, 0x68,
    0xE3, 0x68, 0xE3, 0x68, 0xE3, 0x68, 0xE3, 0x68, 0xE3, 0x68, 0xE3, 0x68, 0xE3, 0x68, 0xE3, 0x68, 0xE3, 0x68, 0xE3,
    0x68, 0xE3, 0x68, 0xE3, 0x68, 0xE3, 0x68, 0xE3, 0x68, 0xE3, 0x68, 0xE3, 0x68, 0xE3, 0x68, 0xE3, 0x68, 0xE3, 0x68,
    0xE3, 0x68, 0xE3, 0x68, 0xE3, 0x68, 0xE3, 0x68, 0xE3, 0x68, 0xE3, 0x68, 0xE3, 0x68, 0xE3, 0x68, 0xE3, 0x68, 0xE3,
    0x68, 0xE3, 0x68, 0xE3, 0x68, 0xE3, 0x68, 0xE3, 0x68, 0xE3, 0x68, 0xE3, 0x68, 0xE3, 0x68, 0xE3, 0x68, 0xE3, 0x68,
    0xE3, 0x68, 0xE3, 0x68, 0xE3, 0x68, 0xE3, 0x68, 0xE3, 0x68, 0xE3, 0x68, 0xE3, 0x68, 0xE3, 0x68, 0xE3, 0x68, 0xE3,
    0x68, 0xE3, 0x68, 0xE3, 0x68, 0xC2, 0x60, 0xC2, 0x58, 0xC2, 0x58, 0xC2, 0x50, 0xC2, 0x50, 0xC2, 0x50, 0xA2, 0x50,
    0xA2, 0x50, 0xA2, 0x50, 0xA2, 0x50, 0xA2, 0x50, 0xA2, 0x48, 0xA2, 0x48, 0xA2, 0x48, 0xA2, 0x48, 0x82, 0x40, 0x82,
    0x40, 0x81, 0x40, 0x81, 0x38, 0x81, 0x38, 0x61, 0x38, 0x61, 0x30, 0x61, 0x30, 0x61, 0x28, 0x61, 0x28, 0x41, 0x28,
    0x41, 0x20, 0x41, 0x20, 0x41, 0x20, 0x40, 0x18, 0x20, 0x18, 0x20, 0x18, 0x20, 0x18, 0x20, 0x10, 0x20, 0x10, 0x20,
    0x10, 0x20, 0x10, 0x20, 0x08, 0x00, 0x08, 0x00, 0x08, 0x00, 0x08, 0x00, 0x08, 0x00, 0x00, 0x00, 0x00, 0x00, 0x00,
    0x00, 0x00, 0x00, 0x00, 0x00, 0x00, 0x00, 0x00, 0x00, 0x00, 0x00, 0x00, 0x00, 0x00, 0x00, 0x00, 0x00, 0x00, 0x00,
    0x00, 0x00, 0x00, 0x00, 0x00, 0x00, 0x00, 0x00, 0x00, 0x00, 0x00, 0x00, 0x00, 0x00, 0x00, 0x00, 0x00, 0x00, 0x00,
    0x00, 0x00, 0x00, 0x00, 0x00, 0x00, 0x00, 0x00, 0x00, 0x00, 0x00, 0x00, 0x00, 0x00, 0x00, 0x00, 0x00, 0x00, 0x00,
    0x00, 0x00, 0x00, 0x00, 0x00, 0x00, 0x00, 0x00, 0x00, 0x00, 0x00, 0x00, 0x00, 0x00, 0x00, 0x00, 0x00, 0x00, 0x00,
    0x00, 0x00, 0x00, 0x00, 0x00, 0x00, 0x00, 0x00, 0x00, 0x00, 0x00, 0x00, 0x00, 0x00, 0x00, 0x00, 0x00, 0x00, 0x00,
    0x00, 0x00, 0x08, 0x00, 0x08, 0x00, 0x08, 0x00, 0x08, 0x00, 0x08, 0x20, 0x10, 0x20, 0x10, 0x20, 0x10, 0x20, 0x10,
    0x20, 0x10, 0x20, 0x18, 0x20, 0x18, 0x40, 0x18, 0x40, 0x20, 0x41, 0x20, 0x41, 0x20, 0x41, 0x28, 0x41, 0x28, 0x61,
    0x28, 0x61, 0x30, 0x61, 0x30, 0x61, 0x30, 0x61, 0x38, 0x81, 0x38, 0x81, 0x38, 0x81, 0x38, 0x81, 0x40, 0x82, 0x40,
    0x82, 0x40, 0xA2, 0x48, 0xA2, 0x48, 0xA2, 0x48, 0xA2, 0x48, 0xA2, 0x50, 0xA2, 0x50, 0xA2, 0x50, 0xA2, 0x50, 0xA2,
    0x58, 0xC2, 0x58, 0xC2, 0x58, 0xC2, 0x58, 0xC2, 0x58, 0xC2, 0x58, 0xC2, 0x58, 0xC2, 0x58, 0xC2, 0x58, 0xC2, 0x58,
    0xC2, 0x58, 0xC2, 0x58, 0xC2, 0x58, 0xC2, 0x58, 0xC2, 0x58, 0xC2, 0x58, 0xC2, 0x58, 0xC2, 0x58, 0xC2, 0x58, 0xC2,
    0x58, 0xC2, 0x58, 0xC2, 0x58, 0xC2, 0x58, 0xC2, 0x58, 0xC2, 0x58, 0xC2, 0x58, 0xC2, 0x58, 0xC2, 0x58, 0xC2, 0x58,
    0xC2, 0x58, 0xC2, 0x58, 0xC2, 0x58, 0xC2, 0x58, 0xC2, 0x58, 0xC2, 0x58, 0xC2, 0x58, 0xC2, 0x58, 0xC2, 0x58, 0xC2,
    0x58, 0xC2, 0x58, 0xC2, 0x58, 0xC2, 0x58, 0xC2, 0x58, 0xC2, 0x58, 0xC2, 0x58, 0xC2, 0x58, 0xC2, 0x58, 0xC2, 0x58,
    0xC2, 0x58, 0xC2, 0x58, 0xC2, 0x58, 0xC2, 0x58, 0xC2, 0x58, 0xC2, 0x58, 0xC2, 0x58, 0xC2, 0x58, 0xC2, 0x58, 0xC2,
    0x58, 0xC2, 0x58, 0xC2, 0x58, 0xC2, 0x58, 0xC2, 0x58, 0xC2, 0x58, 0xC2, 0x58, 0xC2, 0x58, 0xC2, 0x58, 0xC2, 0x58,
    0xC2, 0x58, 0xC2, 0x58, 0xC2, 0x58, 0xC2, 0x58, 0xC2, 0x58, 0xC2, 0x58, 0xA2, 0x58, 0xA2, 0x50, 0xA2, 0x50, 0xA2,
    0x50, 0xA2, 0x50, 0xA2, 0x48, 0xA2, 0x48, 0xA2, 0x48, 0xA2, 0x48, 0x82, 0x40, 0x82, 0x40, 0x81, 0x40, 0x81, 0x38,
    0x81, 0x38, 0x81, 0x38, 0x61, 0x38, 0x61, 0x30, 0x61, 0x30, 0x61, 0x30, 0x61, 0x28, 0x41, 0x28, 0x41, 0x28, 0x41,
    0x20, 0x41, 0x20, 0x40, 0x20, 0x40, 0x18, 0x20, 0x18, 0x20, 0x18, 0x20, 0x10, 0x20, 0x10, 0x20, 0x10, 0x20, 0x10,
    0x20, 0x10, 0x00, 0x08, 0x00, 0x08, 0x00, 0x08, 0x00, 0x08, 0x00, 0x08, 0x00, 0x00, 0x00, 0x00, 0x00, 0x00, 0x00,
    0x00, 0x00, 0x00, 0x00, 0x00, 0x00, 0x00, 0x00, 0x00, 0x00, 0x00, 0x00, 0x00, 0x00, 0x00, 0x00, 0x00, 0x00, 0x00,
    0x00, 0x00, 0x00, 0x00, 0x00, 0x00, 0x00, 0x00, 0x00, 0x00, 0x00, 0x00, 0x00, 0x00, 0x00, 0x00, 0x00, 0x00, 0x00,
    0x00, 0x00, 0x00, 0x00, 0x00, 0x00, 0x00, 0x00, 0x00, 0x00, 0x00, 0x00, 0x00, 0x00, 0x00, 0x00, 0x00, 0x00, 0x00,
    0x00, 0x00, 0x00, 0x00, 0x00, 0x00, 0x00, 0x00, 0x00, 0x00, 0x00, 0x00, 0x00, 0x00, 0x00, 0x00, 0x00, 0x00, 0x00,
    0x00, 0x00, 0x00, 0x00, 0x00, 0x00, 0x00, 0x00, 0x00, 0x00, 0x00, 0x00, 0x00, 0x00, 0x00, 0x00, 0x00, 0x00, 0x00,
    0x00, 0x00, 0x00, 0x00, 0x00, 0x08, 0x00, 0x08, 0x00, 0x08, 0x00, 0x08, 0x00, 0x08, 0x20, 0x10, 0x20, 0x10, 0x20,
    0x10, 0x20, 0x10, 0x20, 0x10, 0x20, 0x18, 0x20, 0x18, 0x40, 0x18, 0x40, 0x18, 0x41, 0x20, 0x41, 0x20, 0x41, 0x20,
    0x41, 0x28, 0x41, 0x28, 0x61, 0x28, 0x61, 0x30, 0x61, 0x30, 0x61, 0x30, 0x61, 0x30, 0x81, 0x38, 0x81, 0x38, 0x81,
    0x38, 0x81, 0x40, 0x82, 0x40, 0x82, 0x40, 0x82, 0x40, 0x82, 0x40, 0xA2, 0x48, 0xA2, 0x48, 0xA2, 0x48, 0xA2, 0x48,
    0xA2, 0x48, 0xA2, 0x50, 0xA2, 0x50, 0xA2, 0x50, 0xA2, 0x50, 0xA2, 0x50, 0xA2, 0x50, 0xA2, 0x50, 0xA2, 0x50, 0xA2,
    0x50, 0xA2, 0x58, 0xA2, 0x58, 0xA2, 0x58, 0xC2, 0x58, 0xC2, 0x58, 0xC2, 0x58, 0xC2, 0x58, 0xC2, 0x58, 0xC2, 0x58,
    0xC2, 0x58, 0xC2, 0x58, 0xC2, 0x58, 0xC2, 0x58, 0xC2, 0x58, 0xC2, 0x58, 0xC2, 0x58, 0xC2, 0x58, 0xC2, 0x58, 0xC2,
    0x58, 0xC2, 0x58, 0xC2, 0x58, 0xC2, 0x58, 0xC2, 0x58, 0xC2, 0x58, 0xC2, 0x58, 0xC2, 0x58, 0xC2, 0x58, 0xC2, 0x58,
    0xC2, 0x58, 0xC2, 0x58, 0xC2, 0x58, 0xC2, 0x58, 0xC2, 0x58, 0xC2, 0x58, 0xC2, 0x58, 0xC2, 0x58, 0xC2, 0x58, 0xC2,
    0x58, 0xC2, 0x58, 0xC2, 0x58, 0xC2, 0x58, 0xC2, 0x58, 0xC2, 0x58, 0xC2, 0x58, 0xC2, 0x58, 0xC2, 0x58, 0xC2, 0x58,
    0xC2, 0x58, 0xC2, 0x58, 0xC2, 0x58, 0xC2, 0x58, 0xA2, 0x58, 0xA2, 0x58, 0xA2, 0x58, 0xA2, 0x50, 0xA2, 0x50, 0xA2,
    0x50, 0xA2, 0x50, 0xA2, 0x50, 0xA2, 0x50, 0xA2, 0x50, 0xA2, 0x50, 0xA2, 0x50, 0xA2, 0x48, 0xA2, 0x48, 0xA2, 0x48,
    0xA2, 0x48, 0xA2, 0x48, 0x82, 0x40, 0x82, 0x40, 0x82, 0x40, 0x82, 0x40, 0x81, 0x40, 0x81, 0x38, 0x81, 0x38, 0x81,
    0x38, 0x61, 0x30, 0x61, 0x30, 0x61, 0x30, 0x61, 0x30, 0x61, 0x28, 0x41, 0x28, 0x41, 0x28, 0x41, 0x20, 0x41, 0x20,
    0x41, 0x20, 0x40, 0x18, 0x40, 0x18, 0x20, 0x18, 0x20, 0x18, 0x20, 0x10, 0x20, 0x10, 0x20, 0x10, 0x20, 0x10, 0x20,
    0x10, 0x00, 0x08, 0x00, 0x08, 0x00, 0x08, 0x00, 0x08, 0x00, 0x08, 0x00, 0x00, 0x00, 0x00, 0x00, 0x00, 0x00, 0x00,
    0x00, 0x00, 0x00, 0x00, 0x00, 0x00, 0x00, 0x00, 0x00, 0x00, 0x00, 0x00, 0x00, 0x00, 0x00, 0x00, 0x00, 0x00, 0x00,
    0x00, 0x00, 0x00, 0x00, 0x00, 0x00, 0x00, 0x00, 0x00, 0x00, 0x00, 0x00, 0x00, 0x00, 0x00, 0x00, 0x00, 0x00, 0x00,
    0x00, 0x00, 0x00, 0x00, 0x00, 0x00, 0x00, 0x00, 0x00, 0x00, 0x00, 0x00, 0x00, 0x00, 0x00, 0x00, 0x00, 0x00, 0x00,
    0x00, 0x00, 0x00, 0x00, 0x00, 0x00, 0x00, 0x00, 0x00, 0x00, 0x00, 0x00, 0x00, 0x00, 0x00, 0x00, 0x00, 0x00, 0x00,
    0x00, 0x00, 0x00, 0x00, 0x00, 0x00, 0x00, 0x00, 0x00, 0x00, 0x00, 0x00, 0x00, 0x00, 0x00, 0x00, 0x00, 0x00, 0x00,
    0x00, 0x00, 0x00, 0x00, 0x00, 0x00, 0x00, 0x00, 0x08, 0x00, 0x08, 0x00, 0x08, 0x00, 0x08, 0x00, 0x08, 0x20, 0x08,
    0x20, 0x10, 0x20, 0x10, 0x20, 0x10, 0x20, 0x10, 0x20, 0x10, 0x20, 0x18, 0x20, 0x18, 0x40, 0x18, 0x40, 0x20, 0x41,
    0x20, 0x41, 0x20, 0x41, 0x20, 0x41, 0x28, 0x41, 0x28, 0x41, 0x28, 0x61, 0x28, 0x61, 0x30, 0x61, 0x30, 0x61, 0x30,
    0x61, 0x38, 0x81, 0x38, 0x81, 0x38, 0x81, 0x38, 0x81, 0x38, 0x81, 0x40, 0x82, 0x40, 0x82, 0x40, 0x82, 0x40, 0x82,
    0x40, 0xA2, 0x48, 0xA2, 0x48, 0xA2, 0x48, 0xA2, 0x48, 0xA2, 0x48, 0xA2, 0x48, 0xA2, 0x48, 0xA2, 0x48, 0xA2, 0x48,
    0xA2, 0x48, 0xA2, 0x50, 0xA2, 0x50, 0xA2, 0x50, 0xA2, 0x50, 0xA2, 0x50, 0xA2, 0x50, 0xA2, 0x50, 0xA2, 0x50, 0xA2,
    0x50, 0xA2, 0x50, 0xA2, 0x50, 0xA2, 0x50, 0xA2, 0x50, 0xA2, 0x50, 0xA2, 0x50, 0xA2, 0x50, 0xA2, 0x50, 0xA2, 0x50,
    0xA2, 0x50, 0xA2, 0x50, 0xA2, 0x50, 0xA2, 0x50, 0xA2, 0x50, 0xA2, 0x50, 0xA2, 0x50, 0xA2, 0x50, 0xA2, 0x50, 0xA2,
    0x50, 0xA2, 0x50, 0xA2, 0x50, 0xA2, 0x50, 0xA2, 0x50, 0xA2, 0x50, 0xA2, 0x50, 0xA2, 0x50, 0xA2, 0x50, 0xA2, 0x50,
    0xA2, 0x50, 0xA2, 0x50, 0xA2, 0x50, 0xA2, 0x50, 0xA2, 0x50, 0xA2, 0x50, 0xA2, 0x50, 0xA2, 0x50, 0xA2, 0x50, 0xA2,
    0x50, 0xA2, 0x50, 0xA2, 0x50, 0xA2, 0x50, 0xA2, 0x50, 0xA2, 0x50, 0xA2, 0x50, 0xA2, 0x50, 0xA2, 0x48, 0xA2, 0x48,
    0xA2, 0x48, 0xA2, 0x48, 0xA2, 0x48, 0xA2, 0x48, 0xA2, 0x48, 0xA2, 0x48, 0xA2, 0x48, 0xA2, 0x48, 0x82, 0x40, 0x82,
    0x40, 0x82, 0x40, 0x82, 0x40, 0x81, 0x40, 0x81, 0x38, 0x81, 0x38, 0x81, 0x38, 0x81, 0x38, 0x61, 0x38, 0x61, 0x30,
    0x61, 0x30, 0x61, 0x30, 0x61, 0x28, 0x41, 0x28, 0x41, 0x28, 0x41, 0x28, 0x41, 0x20, 0x41, 0x20, 0x41, 0x20, 0x40,
    0x20, 0x40, 0x18, 0x20, 0x18, 0x20, 0x18, 0x20, 0x10, 0x20, 0x10, 0x20, 0x10, 0x20, 0x10, 0x20, 0x10, 0x20, 0x08,
    0x00, 0x08, 0x00, 0x08, 0x00, 0x08, 0x00, 0x08, 0x00, 0x08, 0x00, 0x00, 0x00, 0x00, 0x00, 0x00, 0x00, 0x00, 0x00,
    0x00, 0x00, 0x00, 0x00, 0x00, 0x00, 0x00, 0x00, 0x00, 0x00, 0x00, 0x00, 0x00, 0x00, 0x00, 0x00, 0x00, 0x00, 0x00,
    0x00, 0x00, 0x00, 0x00, 0x00, 0x00, 0x00, 0x00, 0x00, 0x00, 0x00, 0x00, 0x00, 0x00, 0x00, 0x00, 0x00, 0x00, 0x00,
    0x00, 0x00, 0x00, 0x00, 0x00, 0x00, 0x00, 0x00, 0x00, 0x00, 0x00, 0x00, 0x00, 0x00, 0x00, 0x00, 0x00, 0x00, 0x00,
    0x00, 0x00, 0x00, 0x00, 0x00, 0x00, 0x00, 0x00, 0x00, 0x00, 0x00, 0x00, 0x00, 0x00, 0x00, 0x00, 0x00, 0x00, 0x00,
    0x00, 0x00, 0x00, 0x00, 0x00, 0x00, 0x00, 0x00, 0x00, 0x00, 0x00, 0x00, 0x00, 0x00, 0x00, 0x00, 0x00, 0x00, 0x00,
    0x00, 0x00, 0x00, 0x00, 0x00, 0x00, 0x00, 0x00, 0x00, 0x00, 0x00, 0x08, 0x00, 0x08, 0x00, 0x08, 0x00, 0x08, 0x00,
    0x08, 0x20, 0x08, 0x20, 0x10, 0x20, 0x10, 0x20, 0x10, 0x20, 0x10, 0x20, 0x10, 0x20, 0x18, 0x20, 0x18, 0x20, 0x18,
    0x40, 0x18, 0x40, 0x20, 0x41, 0x20, 0x41, 0x20, 0x41, 0x20, 0x41, 0x28, 0x41, 0x28, 0x61, 0x28, 0x61, 0x28, 0x61,
    0x30, 0x61, 0x30, 0x61, 0x30, 0x61, 0x30, 0x61, 0x30, 0x81, 0x38, 0x81, 0x38, 0x81, 0x38, 0x81, 0x38, 0x81, 0x38,
    0x81, 0x40, 0x81, 0x40, 0x82, 0x40, 0x82, 0x40, 0x82, 0x40, 0x82, 0x40, 0x82, 0x40, 0x82, 0x40, 0x82, 0x40, 0x82,
    0x48, 0xA2, 0x48, 0xA2, 0x48, 0xA2, 0x48, 0xA2, 0x48, 0xA2, 0x48, 0xA2, 0x48, 0xA2, 0x48, 0xA2, 0x48, 0xA2, 0x48,
    0xA2, 0x48, 0xA2, 0x48, 0xA2, 0x48, 0xA2, 0x48, 0xA2, 0x48, 0xA2, 0x48, 0xA2, 0x48, 0xA2, 0x48, 0xA2, 0x48, 0xA2,
    0x48, 0xA2, 0x48, 0xA2, 0x48, 0xA2, 0x48, 0xA2, 0x48, 0xA2, 0x48, 0xA2, 0x48, 0xA2, 0x48, 0xA2, 0x48, 0xA2, 0x48,
    0xA2, 0x48, 0xA2, 0x48, 0xA2, 0x48, 0xA2, 0x48, 0xA2, 0x48, 0xA2, 0x48, 0xA2, 0x48, 0xA2, 0x48, 0xA2, 0x48, 0xA2,
    0x48, 0xA2, 0x48, 0xA2, 0x48, 0xA2, 0x48, 0xA2, 0x48, 0xA2, 0x48, 0xA2, 0x48, 0xA2, 0x48, 0xA2, 0x48, 0xA2, 0x48,
    0xA2, 0x48, 0xA2, 0x48, 0xA2, 0x48, 0xA2, 0x48, 0xA2, 0x48, 0xA2, 0x48, 0xA2, 0x48, 0xA2, 0x48, 0xA2, 0x48, 0x82,
    0x48, 0x82, 0x40, 0x82, 0x40, 0x82, 0x40, 0x82, 0x40, 0x82, 0x40, 0x82, 0x40, 0x82, 0x40, 0x81, 0x40, 0x81, 0x40,
    0x81, 0x38, 0x81, 0x38, 0x81, 0x38, 0x81, 0x38, 0x81, 0x38, 0x61, 0x30, 0x61, 0x30, 0x61, 0x30, 0x61, 0x30, 0x61,
    0x30, 0x61, 0x28, 0x61, 0x28, 0x41, 0x28, 0x41, 0x28, 0x41, 0x20, 0x41, 0x20, 0x41, 0x20, 0x40, 0x20, 0x40, 0x18,
    0x20, 0x18, 0x20, 0x18, 0x20, 0x18, 0x20, 0x10, 0x20, 0x10, 0x20, 0x10, 0x20, 0x10, 0x20, 0x10, 0x20, 0x08, 0x00,
    0x08, 0x00, 0x08, 0x00, 0x08, 0x00, 0x08, 0x00, 0x08, 0x00, 0x00, 0x00, 0x00, 0x00, 0x00, 0x00, 0x00, 0x00, 0x00,
    0x00, 0x00, 0x00, 0x00, 0x00, 0x00, 0x00, 0x00, 0x00, 0x00, 0x00, 0x00, 0x00, 0x00, 0x00, 0x00, 0x00, 0x00, 0x00,
    0x00, 0x00, 0x00, 0x00, 0x00, 0x00, 0x00, 0x00, 0x00, 0x00, 0x00, 0x00, 0x00, 0x00, 0x00, 0x00, 0x00, 0x00, 0x00,
    0x00, 0x00, 0x00, 0x00, 0x00, 0x00, 0x00, 0x00, 0x00, 0x00, 0x00, 0x00, 0x00, 0x00, 0x00, 0x00, 0x00, 0x00, 0x00,
    0x00, 0x00, 0x00, 0x00, 0x00, 0x00, 0x00, 0x00, 0x00, 0x00, 0x00, 0x00, 0x00, 0x00, 0x00, 0x00, 0x00, 0x00, 0x00,
    0x00, 0x00, 0x00, 0x00, 0x00, 0x00, 0x00, 0x00, 0x00, 0x00, 0x00, 0x00, 0x00, 0x00, 0x00, 0x00, 0x00, 0x00, 0x00,
    0x00, 0x00, 0x00, 0x00, 0x00, 0x00, 0x00, 0x00, 0x00, 0x00, 0x00, 0x00, 0x00, 0x00, 0x00, 0x00, 0x08, 0x00, 0x08,
    0x00, 0x08, 0x00, 0x08, 0x20, 0x08, 0x20, 0x08, 0x20, 0x10, 0x20, 0x10, 0x20, 0x10, 0x20, 0x10, 0x20, 0x10, 0x20,
    0x18, 0x20, 0x18, 0x20, 0x18, 0x40, 0x18, 0x40, 0x20, 0x40, 0x20, 0x41, 0x20, 0x41, 0x20, 0x41, 0x28, 0x41, 0x28,
    0x41, 0x28, 0x61, 0x28, 0x61, 0x28, 0x61, 0x30, 0x61, 0x30, 0x61, 0x30, 0x61, 0x30, 0x61, 0x30, 0x61, 0x30, 0x81,
    0x38, 0x81, 0x38, 0x81, 0x38, 0x81, 0x38, 0x81, 0x38, 0x81, 0x38, 0x81, 0x38, 0x81, 0x38, 0x81, 0x40, 0x81, 0x40,
    0x81, 0x40, 0x82, 0x40, 0x82, 0x40, 0x82, 0x40, 0x82, 0x40, 0x82, 0x40, 0x82, 0x40, 0x82, 0x40, 0x82, 0x40, 0x82,
    0x40, 0x82, 0x40, 0x82, 0x40, 0x82, 0x40, 0x82, 0x40, 0x82, 0x40, 0x82, 0x40, 0x82, 0x40, 0x82, 0x40, 0x82, 0x40,
    0x82, 0x40, 0x82, 0x40, 0x82, 0x40, 0x82, 0x40, 0x82, 0x40, 0x82, 0x40, 0x82, 0x40, 0x82, 0x40, 0x82, 0x40, 0x82,
    0x40, 0x82, 0x40, 0x82, 0x40, 0x82, 0x40, 0x82, 0x40, 0x82, 0x40, 0x82, 0x40, 0x82, 0x40, 0x82, 0x40, 0x82, 0x40,
    0x82, 0x40, 0x82, 0x40, 0x82, 0x40, 0x82, 0x40, 0x82, 0x40, 0x82, 0x40, 0x82, 0x40, 0x82, 0x40, 0x82, 0x40, 0x82,
    0x40, 0x82, 0x40, 0x82, 0x40, 0x82, 0x40, 0x82, 0x40, 0x82, 0x40, 0x82, 0x40, 0x82, 0x40, 0x82, 0x40, 0x82, 0x40,
    0x81, 0x40, 0x81, 0x40, 0x81, 0x40, 0x81, 0x38, 0x81, 0x38, 0x81, 0x38, 0x81, 0x38, 0x81, 0x38, 0x81, 0x38, 0x81,
    0x38, 0x81, 0x38, 0x61, 0x30, 0x61, 0x30, 0x61, 0x30, 0x61, 0x30, 0x61, 0x30, 0x61, 0x30, 0x61, 0x28, 0x61, 0x28,
    0x41, 0x28, 0x41, 0x28, 0x41, 0x28, 0x41, 0x20, 0x41, 0x20, 0x40, 0x20, 0x40, 0x20, 0x40, 0x18, 0x20, 0x18, 0x20,
    0x18, 0x20, 0x18, 0x20, 0x10, 0x20, 0x10, 0x20, 0x10, 0x20, 0x10, 0x20, 0x10, 0x20, 0x08, 0x20, 0x08, 0x00, 0x08,
    0x00, 0x08, 0x00, 0x08, 0x00, 0x08, 0x00, 0x00, 0x00, 0x00, 0x00, 0x00, 0x00, 0x00, 0x00, 0x00, 0x00, 0x00, 0x00,
    0x00, 0x00, 0x00, 0x00, 0x00, 0x00, 0x00, 0x00, 0x00, 0x00, 0x00, 0x00, 0x00, 0x00, 0x00, 0x00, 0x00, 0x00, 0x00,
    0x00, 0x00, 0x00, 0x00, 0x00, 0x00, 0x00, 0x00, 0x00, 0x00, 0x00, 0x00, 0x00, 0x00, 0x00, 0x00, 0x00, 0x00, 0x00,
    0x00, 0x00, 0x00, 0x00, 0x00, 0x00, 0x00, 0x00, 0x00, 0x00, 0x00, 0x00, 0x00, 0x00, 0x00, 0x00, 0x00, 0x00, 0x00,
    0x00, 0x00, 0x00, 0x00, 0x00, 0x00, 0x00, 0x00, 0x00, 0x00, 0x00, 0x00, 0x00, 0x00, 0x00, 0x00, 0x00, 0x00, 0x00,
    0x00, 0x00, 0x00, 0x00, 0x00, 0x00, 0x00, 0x00, 0x00, 0x00, 0x00, 0x00, 0x00, 0x00, 0x00, 0x00, 0x00, 0x00, 0x00,
    0x00, 0x00, 0x00, 0x00, 0x00, 0x00, 0x00, 0x00, 0x00, 0x00, 0x00, 0x00, 0x00, 0x00, 0x00, 0x00, 0x00, 0x00, 0x00,
    0x08, 0x00, 0x08, 0x00, 0x08, 0x00, 0x08, 0x00, 0x08, 0x20, 0x08, 0x20, 0x10, 0x20, 0x10, 0x20, 0x10, 0x20, 0x10,
    0x20, 0x10, 0x20, 0x10, 0x20, 0x18, 0x20, 0x18, 0x20, 0x18, 0x40, 0x18, 0x40, 0x18, 0x40, 0x20, 0x41, 0x20, 0x41,
    0x20, 0x41, 0x20, 0x41, 0x28, 0x41, 0x28, 0x41, 0x28, 0x61, 0x28, 0x61, 0x28, 0x61, 0x28, 0x61, 0x30, 0x61, 0x30,
    0x61, 0x30, 0x61, 0x30, 0x61, 0x30, 0x61, 0x30, 0x61, 0x30, 0x61, 0x30, 0x81, 0x38, 0x81, 0x38, 0x81, 0x38, 0x81,
    0x38, 0x81, 0x38, 0x81, 0x38, 0x81, 0x38, 0x81, 0x38, 0x81, 0x38, 0x81, 0x38, 0x81, 0x38, 0x81, 0x38, 0x81, 0x38,
    0x81, 0x38, 0x81, 0x38, 0x81, 0x38, 0x81, 0x38, 0x81, 0x38, 0x81, 0x38, 0x81, 0x38, 0x81, 0x38, 0x81, 0x38, 0x81,
    0x38, 0x81, 0x38, 0x81, 0x38, 0x81, 0x38, 0x81, 0x38, 0x81, 0x38, 0x81, 0x38, 0x81, 0x38, 0x81, 0x38, 0x81, 0x38,
    0x81, 0x38, 0x81, 0x38, 0x81, 0x38, 0x81, 0x38, 0x81, 0x38, 0x81, 0x38, 0x81, 0x38, 0x81, 0x38, 0x81, 0x38, 0x81,
    0x38, 0x81, 0x38, 0x81, 0x38, 0x81, 0x38, 0x81, 0x38, 0x81, 0x38, 0x81, 0x38, 0x81, 0x38, 0x81, 0x38, 0x81, 0x38,
    0x81, 0x38, 0x81, 0x38, 0x81, 0x38, 0x81, 0x38, 0x81, 0x38, 0x81, 0x38, 0x81, 0x38, 0x81, 0x38, 0x81, 0x38, 0x81,
    0x38, 0x81, 0x38, 0x81, 0x38, 0x81, 0x38, 0x81, 0x38, 0x81, 0x38, 0x61, 0x30, 0x61, 0x30, 0x61, 0x30, 0x61, 0x30,
    0x61, 0x30, 0x61, 0x30, 0x61, 0x30, 0x61, 0x30, 0x61, 0x28, 0x61, 0x28, 0x61, 0x28, 0x41, 0x28, 0x41, 0x28, 0x41,
    0x28, 0x41, 0x20, 0x41, 0x20, 0x41, 0x20, 0x40, 0x20, 0x40, 0x18, 0x40, 0x18, 0x20, 0x18, 0x20, 0x18, 0x20, 0x18,
    0x20, 0x10, 0x20, 0x10, 0x20, 0x10, 0x20, 0x10, 0x20, 0x10, 0x20, 0x10, 0x20, 0x08, 0x00, 0x08, 0x00, 0x08, 0x00,
    0x08, 0x00, 0x08, 0x00, 0x08, 0x00, 0x00, 0x00, 0x00, 0x00, 0x00, 0x00, 0x00, 0x00, 0x00, 0x00, 0x00, 0x00, 0x00,
    0x00, 0x00, 0x00, 0x00, 0x00, 0x00, 0x00, 0x00, 0x00, 0x00, 0x00, 0x00, 0x00, 0x00, 0x00, 0x00, 0x00, 0x00, 0x00,
    0x00, 0x00, 0x00, 0x00, 0x00, 0x00, 0x00, 0x00, 0x00, 0x00, 0x00, 0x00, 0x00, 0x00, 0x00, 0x00, 0x00, 0x00, 0x00,
    0x00, 0x00, 0x00, 0x00, 0x00, 0x00, 0x00, 0x00, 0x00, 0x00, 0x00, 0x00, 0x00, 0x00, 0x00, 0x00, 0x00, 0x00, 0x00,
    0x00, 0x00, 0x00, 0x00, 0x00, 0x00, 0x00, 0x00, 0x00, 0x00, 0x00, 0x00, 0x00, 0x00, 0x00, 0x00, 0x00, 0x00, 0x00,
    0x00, 0x00, 0x00, 0x00, 0x00, 0x00, 0x00, 0x00, 0x00, 0x00, 0x00, 0x00, 0x00, 0x00, 0x00, 0x00, 0x00, 0x00, 0x00,
    0x00, 0x00, 0x00, 0x00, 0x00, 0x00, 0x00, 0x00, 0x00, 0x00, 0x00, 0x00, 0x00, 0x00, 0x00, 0x00, 0x00, 0x00, 0x00,
    0x00, 0x00, 0x00, 0x08, 0x00, 0x08, 0x00, 0x08, 0x00, 0x08, 0x00, 0x08, 0x00, 0x08, 0x20, 0x08, 0x20, 0x10, 0x20,
    0x10, 0x20, 0x10, 0x20, 0x10, 0x20, 0x10, 0x20, 0x10, 0x20, 0x18, 0x20, 0x18, 0x20, 0x18, 0x20, 0x18, 0x40, 0x18,
    0x40, 0x20, 0x40, 0x20, 0x41, 0x20, 0x41, 0x20, 0x41, 0x20, 0x41, 0x20, 0x41, 0x28, 0x41, 0x28, 0x41, 0x28, 0x41,
    0x28, 0x61, 0x28, 0x61, 0x28, 0x61, 0x28, 0x61, 0x30, 0x61, 0x30, 0x61, 0x30, 0x61, 0x30, 0x61, 0x30, 0x61, 0x30,
    0x61, 0x30, 0x61, 0x30, 0x61, 0x30, 0x61, 0x30, 0x61, 0x30, 0x61, 0x30, 0x61, 0x30, 0x61, 0x30, 0x61, 0x30, 0x61,
    0x30, 0x61, 0x30, 0x61, 0x30, 0x61, 0x30, 0x61, 0x30, 0x61, 0x30, 0x61, 0x30, 0x61, 0x30, 0x61, 0x30, 0x61, 0x30,
    0x61, 0x30, 0x61, 0x30, 0x61, 0x30, 0x61, 0x30, 0x61, 0x30, 0x61, 0x30, 0x61, 0x30, 0x61, 0x30, 0x61, 0x30, 0x61,
    0x30, 0x61, 0x30, 0x61, 0x30, 0x61, 0x30, 0x61, 0x30, 0x61, 0x30, 0x61, 0x30, 0x61, 0x30, 0x61, 0x30, 0x61, 0x30,
    0x61, 0x30, 0x61, 0x30, 0x61, 0x30, 0x61, 0x30, 0x61, 0x30, 0x61, 0x30, 0x61, 0x30, 0x61, 0x30, 0x61, 0x30, 0x61,
    0x30, 0x61, 0x30, 0x61, 0x30, 0x61, 0x30, 0x61, 0x30, 0x61, 0x30, 0x61, 0x30, 0x61, 0x30, 0x61, 0x30, 0x61, 0x30,
    0x61, 0x30, 0x61, 0x30, 0x61, 0x30, 0x61, 0x30, 0x61, 0x30, 0x61, 0x30, 0x61, 0x30, 0x61, 0x30, 0x61, 0x30, 0x61,
    0x28, 0x61, 0x28, 0x61, 0x28, 0x41, 0x28, 0x41, 0x28, 0x41, 0x28, 0x41, 0x28, 0x41, 0x20, 0x41, 0x20, 0x41, 0x20,
    0x41, 0x20, 0x40, 0x20, 0x40, 0x20, 0x40, 0x18, 0x20, 0x18, 0x20, 0x18, 0x20, 0x18, 0x20, 0x18, 0x20, 0x10, 0x20,
    0x10, 0x20, 0x10, 0x20, 0x10, 0x20, 0x10, 0x20, 0x10, 0x20, 0x08, 0x00, 0x08, 0x00, 0x08, 0x00, 0x08, 0x00, 0x08,
    0x00, 0x08, 0x00, 0x08, 0x00, 0x00, 0x00, 0x00, 0x00, 0x00, 0x00, 0x00, 0x00, 0x00, 0x00, 0x00, 0x00, 0x00, 0x00,
    0x00, 0x00, 0x00, 0x00, 0x00, 0x00, 0x00, 0x00, 0x00, 0x00, 0x00, 0x00, 0x00, 0x00, 0x00, 0x00, 0x00, 0x00, 0x00,
    0x00, 0x00, 0x00, 0x00, 0x00, 0x00, 0x00, 0x00, 0x00, 0x00, 0x00, 0x00, 0x00, 0x00, 0x00, 0x00, 0x00, 0x00, 0x00,
    0x00, 0x00, 0x00, 0x00, 0x00, 0x00, 0x00, 0x00, 0x00, 0x00, 0x00, 0x00, 0x00, 0x00, 0x00, 0x00, 0x00, 0x00, 0x00,
    0x00, 0x00, 0x00, 0x00, 0x00, 0x00, 0x00, 0x00, 0x00, 0x00, 0x00, 0x00, 0x00, 0x00, 0x00, 0x00, 0x00, 0x00, 0x00,
    0x00, 0x00, 0x00, 0x00, 0x00, 0x00, 0x00, 0x00, 0x00, 0x00, 0x00, 0x00, 0x00, 0x00, 0x00, 0x00, 0x00, 0x00, 0x00,
    0x00, 0x00, 0x00, 0x00, 0x00, 0x00, 0x00, 0x00, 0x00, 0x00, 0x00, 0x00, 0x00, 0x00, 0x00, 0x00, 0x00, 0x00, 0x00,
    0x00, 0x00, 0x00, 0x00, 0x00, 0x00, 0x00, 0x00, 0x08, 0x00, 0x08, 0x00, 0x08, 0x00, 0x08, 0x00, 0x08, 0x20, 0x08,
    0x20, 0x08, 0x20, 0x10, 0x20, 0x10, 0x20, 0x10, 0x20, 0x10, 0x20, 0x10, 0x20, 0x10, 0x20, 0x18, 0x20, 0x18, 0x20,
    0x18, 0x20, 0x18, 0x20, 0x18, 0x40, 0x18, 0x40, 0x20, 0x40, 0x20, 0x41, 0x20, 0x41, 0x20, 0x41, 0x20, 0x41, 0x20,
    0x41, 0x20, 0x41, 0x28, 0x41, 0x28, 0x41, 0x28, 0x41, 0x28, 0x41, 0x28, 0x61, 0x28, 0x61, 0x28, 0x61, 0x28, 0x61,
    0x28, 0x61, 0x28, 0x61, 0x28, 0x61, 0x28, 0x61, 0x28, 0x61, 0x28, 0x61, 0x30, 0x61, 0x30, 0x61, 0x30, 0x61, 0x30,
    0x61, 0x30, 0x61, 0x30, 0x61, 0x30, 0x61, 0x30, 0x61, 0x30, 0x61, 0x30, 0x61, 0x30, 0x61, 0x30, 0x61, 0x30, 0x61,
    0x30, 0x61, 0x30, 0x61, 0x30, 0x61, 0x30, 0x61, 0x30, 0x61, 0x30, 0x61, 0x30, 0x61, 0x30, 0x61, 0x30, 0x61, 0x30,
    0x61, 0x30, 0x61, 0x30, 0x61, 0x30, 0x61, 0x30, 0x61, 0x30, 0x61, 0x30, 0x61, 0x30, 0x61, 0x30, 0x61, 0x30, 0x61,
    0x30, 0x61, 0x30, 0x61, 0x30, 0x61, 0x30, 0x61, 0x30, 0x61, 0x30, 0x61, 0x30, 0x61, 0x30, 0x61, 0x30, 0x61, 0x30,
    0x61, 0x30, 0x61, 0x30, 0x61, 0x30, 0x61, 0x30, 0x61, 0x30, 0x61, 0x30, 0x61, 0x30, 0x61, 0x30, 0x61, 0x28, 0x61,
    0x28, 0x61, 0x28, 0x61, 0x28, 0x61, 0x28, 0x61, 0x28, 0x61, 0x28, 0x61, 0x28, 0x61, 0x28, 0x41, 0x28, 0x41, 0x28,
    0x41, 0x28, 0x41, 0x28, 0x41, 0x28, 0x41, 0x20, 0x41, 0x20, 0x41, 0x20, 0x41, 0x20, 0x41, 0x20, 0x40, 0x20, 0x40,
    0x20, 0x40, 0x18, 0x20, 0x18, 0x20, 0x18, 0x20, 0x18, 0x20, 0x18, 0x20, 0x18, 0x20, 0x10, 0x20, 0x10, 0x20, 0x10,
    0x20, 0x10, 0x20, 0x10, 0x20, 0x10, 0x20, 0x08, 0x20, 0x08, 0x00, 0x08, 0x00, 0x08, 0x00, 0x08, 0x00, 0x08, 0x00,
    0x08, 0x00, 0x00, 0x00, 0x00, 0x00, 0x00, 0x00, 0x00, 0x00, 0x00, 0x00, 0x00, 0x00, 0x00, 0x00, 0x00, 0x00, 0x00,
    0x00, 0x00, 0x00, 0x00, 0x00, 0x00, 0x00, 0x00, 0x00, 0x00, 0x00, 0x00, 0x00, 0x00, 0x00, 0x00, 0x00, 0x00, 0x00,
    0x00, 0x00, 0x00, 0x00, 0x00, 0x00, 0x00, 0x00, 0x00, 0x00, 0x00, 0x00, 0x00, 0x00, 0x00, 0x00, 0x00, 0x00, 0x00,
    0x00, 0x00, 0x00, 0x00, 0x00, 0x00, 0x00, 0x00, 0x00, 0x00, 0x00, 0x00, 0x00, 0x00, 0x00, 0x00, 0x00, 0x00, 0x00,
    0x00, 0x00, 0x00, 0x00, 0x00, 0x00, 0x00, 0x00, 0x00, 0x00, 0x00, 0x00, 0x00, 0x00, 0x00, 0x00, 0x00, 0x00, 0x00,
    0x00, 0x00, 0x00, 0x00, 0x00, 0x00, 0x00, 0x00, 0x00, 0x00, 0x00, 0x00, 0x00, 0x00, 0x00, 0x00, 0x00, 0x00, 0x00,
    0x00, 0x00, 0x00, 0x00, 0x00, 0x00, 0x00, 0x00, 0x00, 0x00, 0x00, 0x00, 0x00, 0x00, 0x00, 0x00, 0x00, 0x00, 0x00,
    0x00, 0x00, 0x00, 0x00, 0x00, 0x00, 0x00, 0x00, 0x00, 0x00, 0x00, 0x00, 0x00, 0x08, 0x00, 0x08, 0x00, 0x08, 0x00,
    0x08, 0x00, 0x08, 0x20, 0x08, 0x20, 0x08, 0x20, 0x10, 0x20, 0x10, 0x20, 0x10, 0x20, 0x10, 0x20, 0x10, 0x20, 0x10,
    0x20, 0x10, 0x20, 0x18, 0x20, 0x18, 0x20, 0x18, 0x20, 0x18, 0x40, 0x18, 0x40, 0x18, 0x40, 0x18, 0x40, 0x20, 0x40,
    0x20, 0x40, 0x20, 0x41, 0x20, 0x41, 0x20, 0x41, 0x20, 0x41, 0x20, 0x41, 0x20, 0x41, 0x20, 0x41, 0x20, 0x41, 0x28,
    0x41, 0x28, 0x41, 0x28, 0x41, 0x28, 0x41, 0x28, 0x41, 0x28, 0x41, 0x28, 0x41, 0x28, 0x41, 0x28, 0x41, 0x28, 0x41,
    0x28, 0x41, 0x28, 0x41, 0x28, 0x41, 0x28, 0x41, 0x28, 0x41, 0x28, 0x41, 0x28, 0x41, 0x28, 0x41, 0x28, 0x41, 0x28,
    0x41, 0x28, 0x41, 0x28, 0x41, 0x28, 0x41, 0x28, 0x41, 0x28, 0x41, 0x28, 0x41, 0x28, 0x41, 0x28, 0x41, 0x28, 0x41,
    0x28, 0x41, 0x28, 0x41, 0x28, 0x41, 0x28, 0x41, 0x28, 0x41, 0x28, 0x41, 0x28, 0x41, 0x28, 0x41, 0x28, 0x41, 0x28,
    0x41, 0x28, 0x41, 0x28, 0x41, 0x28, 0x41, 0x28, 0x41, 0x28, 0x41, 0x28, 0x41, 0x28, 0x41, 0x28, 0x41, 0x28, 0x41,
    0x28, 0x41, 0x28, 0x41, 0x28, 0x41, 0x28, 0x41, 0x28, 0x41, 0x28, 0x41, 0x28, 0x41, 0x28, 0x41, 0x28, 0x41, 0x28,
    0x41, 0x28, 0x41, 0x28, 0x41, 0x28, 0x41, 0x28, 0x41, 0x28, 0x41, 0x28, 0x41, 0x20, 0x41, 0x20, 0x41, 0x20, 0x41,
    0x20, 0x41, 0x20, 0x41, 0x20, 0x41, 0x20, 0x40, 0x20, 0x40, 0x20, 0x40, 0x20, 0x40, 0x18, 0x40, 0x18, 0x40, 0x18,
    0x20, 0x18, 0x20, 0x18, 0x20, 0x18, 0x20, 0x18, 0x20, 0x10, 0x20, 0x10, 0x20, 0x10, 0x20, 0x10, 0x20, 0x10, 0x20,
    0x10, 0x20, 0x10, 0x20, 0x08, 0x20, 0x08, 0x00, 0x08, 0x00, 0x08, 0x00, 0x08, 0x00, 0x08, 0x00, 0x08, 0x00, 0x00,
    0x00, 0x00, 0x00, 0x00, 0x00, 0x00, 0x00, 0x00, 0x00, 0x00, 0x00, 0x00, 0x00, 0x00, 0x00, 0x00, 0x00, 0x00, 0x00,
    0x00, 0x00, 0x00, 0x00, 0x00, 0x00, 0x00, 0x00, 0x00, 0x00, 0x00, 0x00, 0x00, 0x00, 0x00, 0x00, 0x00, 0x00, 0x00,
    0x00, 0x00, 0x00, 0x00, 0x00, 0x00, 0x00, 0x00, 0x00, 0x00, 0x00, 0x00, 0x00, 0x00, 0x00, 0x00, 0x00, 0x00, 0x00,
    0x00, 0x00, 0x00, 0x00, 0x00, 0x00, 0x00, 0x00, 0x00, 0x00, 0x00, 0x00, 0x00, 0x00, 0x00, 0x00, 0x00, 0x00, 0x00,
    0x00, 0x00, 0x00, 0x00, 0x00, 0x00, 0x00, 0x00, 0x00, 0x00, 0x00, 0x00, 0x00, 0x00, 0x00, 0x00, 0x00, 0x00, 0x00,
    0x00, 0x00, 0x00, 0x00, 0x00, 0x00, 0x00, 0x00, 0x00, 0x00, 0x00, 0x00, 0x00, 0x00, 0x00, 0x00, 0x00, 0x00, 0x00,
    0x00, 0x00, 0x00, 0x00, 0x00, 0x00, 0x00, 0x00, 0x00, 0x00, 0x00, 0x00, 0x00, 0x00, 0x00, 0x00, 0x00, 0x00, 0x00,
    0x00, 0x00, 0x00, 0x00, 0x00, 0x00, 0x00, 0x00, 0x00, 0x00, 0x00, 0x00, 0x00, 0x00, 0x00, 0x00, 0x08, 0x00, 0x08,
    0x00, 0x08, 0x00, 0x08, 0x00, 0x08, 0x00, 0x08, 0x20, 0x08, 0x20, 0x08, 0x20, 0x08, 0x20, 0x10, 0x20, 0x10, 0x20,
    0x10, 0x20, 0x10, 0x20, 0x10, 0x20, 0x10, 0x20, 0x10, 0x20, 0x18, 0x20, 0x18, 0x20, 0x18, 0x20, 0x18, 0x20, 0x18,
    0x40, 0x18, 0x40, 0x18, 0x40, 0x18, 0x40, 0x18, 0x40, 0x20, 0x40, 0x20, 0x40, 0x20, 0x41, 0x20, 0x40, 0x20, 0x41,
    0x20, 0x41, 0x20, 0x41, 0x20, 0x41, 0x20, 0x41, 0x20, 0x41, 0x20, 0x41, 0x20, 0x41, 0x20, 0x41, 0x20, 0x41, 0x20,
    0x41, 0x20, 0x41, 0x20, 0x41, 0x20, 0x41, 0x20, 0x41, 0x20, 0x41, 0x20, 0x41, 0x20, 0x41, 0x20, 0x41, 0x20, 0x41,
    0x20, 0x41, 0x20, 0x41, 0x20, 0x41, 0x20, 0x41, 0x20, 0x41, 0x20, 0x41, 0x20, 0x41, 0x20, 0x41, 0x20, 0x41, 0x20,
    0x41, 0x20, 0x41, 0x20, 0x41, 0x20, 0x41, 0x20, 0x41, 0x20, 0x41, 0x20, 0x41, 0x20, 0x41, 0x20, 0x41, 0x20, 0x41,
    0x20, 0x41, 0x20, 0x41, 0x20, 0x41, 0x20, 0x41, 0x20, 0x41, 0x20, 0x41, 0x20, 0x41, 0x20, 0x41, 0x20, 0x41, 0x20,
    0x41, 0x20, 0x41, 0x20, 0x41, 0x20, 0x41, 0x20, 0x41, 0x20, 0x41, 0x20, 0x41, 0x20, 0x41, 0x20, 0x41, 0x20, 0x41,
    0x20, 0x41, 0x20, 0x41, 0x20, 0x41, 0x20, 0x41, 0x20, 0x41, 0x20, 0x41, 0x20, 0x40, 0x20, 0x41, 0x20, 0x40, 0x20,
    0x40, 0x20, 0x40, 0x20, 0x40, 0x18, 0x40, 0x18, 0x40, 0x18, 0x40, 0x18, 0x20, 0x18, 0x20, 0x18, 0x20, 0x18, 0x20,
    0x18, 0x20, 0x18, 0x20, 0x10, 0x20, 0x10, 0x20, 0x10, 0x20, 0x10, 0x20, 0x10, 0x20, 0x10, 0x20, 0x10, 0x20, 0x08,
    0x20, 0x08, 0x20, 0x08, 0x00, 0x08, 0x00, 0x08, 0x00, 0x08, 0x00, 0x08, 0x00, 0x08, 0x00, 0x08, 0x00, 0x00, 0x00,
    0x00, 0x00, 0x00, 0x00, 0x00, 0x00, 0x00, 0x00, 0x00, 0x00, 0x00, 0x00, 0x00, 0x00, 0x00, 0x00, 0x00, 0x00, 0x00,
    0x00, 0x00, 0x00, 0x00, 0x00, 0x00, 0x00, 0x00, 0x00, 0x00, 0x00, 0x00, 0x00, 0x00, 0x00, 0x00, 0x00, 0x00, 0x00,
    0x00, 0x00, 0x00, 0x00, 0x00, 0x00, 0x00, 0x00, 0x00, 0x00, 0x00, 0x00, 0x00, 0x00, 0x00, 0x00, 0x00, 0x00, 0x00,
    0x00, 0x00, 0x00, 0x00, 0x00, 0x00, 0x00, 0x00, 0x00, 0x00, 0x00, 0x00, 0x00, 0x00, 0x00, 0x00, 0x00, 0x00, 0x00,
    0x00, 0x00, 0x00, 0x00, 0x00, 0x00, 0x00, 0x00, 0x00, 0x00, 0x00, 0x00, 0x00, 0x00, 0x00, 0x00, 0x00, 0x00, 0x00,
    0x00, 0x00, 0x00, 0x00, 0x00, 0x00, 0x00, 0x00, 0x00, 0x00, 0x00, 0x00, 0x00, 0x00, 0x00, 0x00, 0x00, 0x00, 0x00,
    0x00, 0x00, 0x00, 0x00, 0x00, 0x00, 0x00, 0x00, 0x00, 0x00, 0x00, 0x00, 0x00, 0x00, 0x00, 0x00, 0x00, 0x00, 0x00,
    0x00, 0x00, 0x00, 0x00, 0x00, 0x00, 0x00, 0x00, 0x00, 0x00, 0x00, 0x00, 0x00, 0x00, 0x00, 0x00, 0x00, 0x00, 0x00,
    0x00, 0x00, 0x08, 0x00, 0x08, 0x00, 0x08, 0x00, 0x08, 0x00, 0x08, 0x00, 0x08, 0x00, 0x08, 0x20, 0x08, 0x20, 0x08,
    0x20, 0x10, 0x20, 0x10, 0x20, 0x10, 0x20, 0x10, 0x20, 0x10, 0x20, 0x10, 0x20, 0x10, 0x20, 0x10, 0x20, 0x10, 0x20,
    0x18, 0x20, 0x18, 0x20, 0x18, 0x20, 0x18, 0x20, 0x18, 0x20, 0x18, 0x20, 0x18, 0x40, 0x18, 0x20, 0x18, 0x40, 0x18,
    0x40, 0x18, 0x40, 0x18, 0x40, 0x18, 0x40, 0x18, 0x40, 0x20, 0x40, 0x20, 0x40, 0x20, 0x40, 0x20, 0x40, 0x20, 0x40,
    0x20, 0x40, 0x20, 0x40, 0x20, 0x40, 0x20, 0x40, 0x20, 0x40, 0x20, 0x40, 0x20, 0x40, 0x20, 0x40, 0x20, 0x40, 0x20,
    0x40, 0x20, 0x40, 0x20, 0x40, 0x20, 0x40, 0x20, 0x40, 0x20, 0x40, 0x20, 0x40, 0x20, 0x40, 0x20, 0x40, 0x20, 0x40,
    0x20, 0x40, 0x20, 0x40, 0x20, 0x40, 0x20, 0x40, 0x20, 0x40, 0x20, 0x40, 0x20, 0x40, 0x20, 0x40, 0x20, 0x40, 0x20,
    0x40, 0x20, 0x40, 0x20, 0x40, 0x20, 0x40, 0x20, 0x40, 0x20, 0x40, 0x20, 0x40, 0x20, 0x40, 0x20, 0x40, 0x20, 0x40,
    0x20, 0x40, 0x20, 0x40, 0x20, 0x40, 0x20, 0x40, 0x20, 0x40, 0x20, 0x40, 0x20, 0x40, 0x20, 0x40, 0x20, 0x40, 0x20,
    0x40, 0x20, 0x40, 0x20, 0x40, 0x20, 0x40, 0x18, 0x40, 0x18, 0x40, 0x18, 0x40, 0x18, 0x40, 0x18, 0x20, 0x18, 0x40,
    0x18, 0x20, 0x18, 0x20, 0x18, 0x20, 0x18, 0x20, 0x18, 0x20, 0x18, 0x20, 0x18, 0x20, 0x18, 0x20, 0x10, 0x20, 0x10,
    0x20, 0x10, 0x20, 0x10, 0x20, 0x10, 0x20, 0x10, 0x20, 0x10, 0x20, 0x10, 0x20, 0x10, 0x20, 0x08, 0x20, 0x08, 0x00,
    0x08, 0x00, 0x08, 0x00, 0x08, 0x00, 0x08, 0x00, 0x08, 0x00, 0x08, 0x00, 0x08, 0x00, 0x00, 0x00, 0x00, 0x00, 0x00,
    0x00, 0x00, 0x00, 0x00, 0x00, 0x00, 0x00, 0x00, 0x00, 0x00, 0x00, 0x00, 0x00, 0x00, 0x00, 0x00, 0x00, 0x00, 0x00,
    0x00, 0x00, 0x00, 0x00, 0x00, 0x00, 0x00, 0x00, 0x00, 0x00, 0x00, 0x00, 0x00, 0x00, 0x00, 0x00, 0x00, 0x00, 0x00,
    0x00, 0x00, 0x00, 0x00, 0x00, 0x00, 0x00, 0x00, 0x00, 0x00, 0x00, 0x00, 0x00, 0x00, 0x00, 0x00, 0x00, 0x00, 0x00,
    0x00, 0x00, 0x00, 0x00, 0x00, 0x00, 0x00, 0x00, 0x00, 0x00, 0x00, 0x00, 0x00, 0x00, 0x00, 0x00, 0x00, 0x00, 0x00,
    0x00, 0x00, 0x00, 0x00, 0x00, 0x00, 0x00, 0x00, 0x00, 0x00, 0x00, 0x00, 0x00, 0x00, 0x00, 0x00, 0x00, 0x00, 0x00,
    0x00, 0x00, 0x00, 0x00, 0x00, 0x00, 0x00, 0x00, 0x00, 0x00, 0x00, 0x00, 0x00, 0x00, 0x00, 0x00, 0x00, 0x00, 0x00,
    0x00, 0x00, 0x00, 0x00, 0x00, 0x00, 0x00, 0x00, 0x00, 0x00, 0x00, 0x00, 0x00, 0x00, 0x00, 0x00, 0x00, 0x00, 0x00,
    0x00, 0x00, 0x00, 0x00, 0x00, 0x00, 0x00, 0x00, 0x00, 0x00, 0x00, 0x00, 0x00, 0x00, 0x00, 0x00, 0x00, 0x00, 0x00,
    0x00, 0x00, 0x00, 0x00, 0x00, 0x00, 0x00, 0x08, 0x00, 0x08, 0x00, 0x08, 0x00, 0x08, 0x00, 0x08, 0x00, 0x08, 0x00,
    0x08, 0x20, 0x08, 0x20, 0x08, 0x20, 0x08, 0x20, 0x10, 0x20, 0x10, 0x20, 0x10, 0x20, 0x10, 0x20, 0x10, 0x20, 0x10,
    0x20, 0x10, 0x20, 0x10, 0x20, 0x10, 0x20, 0x10, 0x20, 0x10, 0x20, 0x18, 0x20, 0x18, 0x20, 0x18, 0x20, 0x18, 0x20,
    0x18, 0x20, 0x18, 0x20, 0x18, 0x20, 0x18, 0x20, 0x18, 0x20, 0x18, 0x20, 0x18, 0x20, 0x18, 0x20, 0x18, 0x20, 0x18,
    0x20, 0x18, 0x20, 0x18, 0x20, 0x18, 0x20, 0x18, 0x40, 0x18, 0x40, 0x18, 0x40, 0x18, 0x40, 0x18, 0x40, 0x18, 0x40,
    0x18, 0x40, 0x18, 0x40, 0x18, 0x40, 0x18, 0x40, 0x18, 0x40, 0x18, 0x40, 0x18, 0x40, 0x18, 0x40, 0x18, 0x40, 0x18,
    0x40, 0x18, 0x40, 0x18, 0x40, 0x18, 0x40, 0x18, 0x40, 0x18, 0x40, 0x18, 0x40, 0x18, 0x40, 0x18, 0x40, 0x18, 0x40,
    0x18, 0x40, 0x18, 0x40, 0x18, 0x40, 0x18, 0x40, 0x18, 0x40, 0x18, 0x40, 0x18, 0x40, 0x18, 0x40, 0x18, 0x40, 0x18,
    0x40, 0x18, 0x40, 0x18, 0x40, 0x18, 0x40, 0x18, 0x20, 0x18, 0x20, 0x18, 0x20, 0x18, 0x20, 0x18, 0x20, 0x18, 0x20,
    0x18, 0x20, 0x18, 0x20, 0x18, 0x20, 0x18, 0x20, 0x18, 0x20, 0x18, 0x20, 0x18, 0x20, 0x18, 0x20, 0x18, 0x20, 0x18,
    0x20, 0x18, 0x20, 0x18, 0x20, 0x18, 0x20, 0x10, 0x20, 0x10, 0x20, 0x10, 0x20, 0x10, 0x20, 0x10, 0x20, 0x10, 0x20,
    0x10, 0x20, 0x10, 0x20, 0x10, 0x20, 0x10, 0x20, 0x10, 0x20, 0x08, 0x20, 0x08, 0x20, 0x08, 0x00, 0x08, 0x00, 0x08,
    0x00, 0x08, 0x00, 0x08, 0x00, 0x08, 0x00, 0x08, 0x00, 0x08, 0x00, 0x00, 0x00, 0x00, 0x00, 0x00, 0x00, 0x00, 0x00,
    0x00, 0x00, 0x00, 0x00, 0x00, 0x00, 0x00, 0x00, 0x00, 0x00, 0x00, 0x00, 0x00, 0x00, 0x00, 0x00, 0x00, 0x00, 0x00,
    0x00, 0x00, 0x00, 0x00, 0x00, 0x00, 0x00, 0x00, 0x00, 0x00, 0x00, 0x00, 0x00, 0x00, 0x00, 0x00, 0x00, 0x00, 0x00,
    0x00, 0x00, 0x00, 0x00, 0x00, 0x00, 0x00, 0x00, 0x00, 0x00, 0x00, 0x00, 0x00, 0x00, 0x00, 0x00, 0x00, 0x00, 0x00,
    0x00, 0x00, 0x00, 0x00, 0x00, 0x00, 0x00, 0x00, 0x00, 0x00, 0x00, 0x00, 0x00, 0x00, 0x00, 0x00, 0x00, 0x00, 0x00,
    0x00, 0x00, 0x00, 0x00, 0x00, 0x00, 0x00, 0x00, 0x00, 0x00, 0x00, 0x00, 0x00, 0x00, 0x00, 0x00, 0x00, 0x00, 0x00,
    0x00, 0x00, 0x00, 0x00, 0x00, 0x00, 0x00, 0x00, 0x00, 0x00, 0x00, 0x00, 0x00, 0x00, 0x00, 0x00, 0x00, 0x00, 0x00,
    0x00, 0x00, 0x00, 0x00, 0x00, 0x00, 0x00, 0x00, 0x00, 0x00, 0x00, 0x00, 0x00, 0x00, 0x00, 0x00, 0x00, 0x00, 0x00,
    0x00, 0x00, 0x00, 0x00, 0x00, 0x00, 0x00, 0x00, 0x00, 0x00, 0x00, 0x00, 0x00, 0x00, 0x00, 0x00, 0x00, 0x00, 0x00,
    0x00, 0x00, 0x00, 0x00, 0x00, 0x00, 0x00, 0x00, 0x00, 0x00, 0x00, 0x00, 0x00, 0x00, 0x08, 0x00, 0x08, 0x00, 0x08,
    0x00, 0x08, 0x00, 0x08, 0x00, 0x08, 0x00, 0x08, 0x00, 0x08, 0x20, 0x08, 0x20, 0x08, 0x20, 0x10, 0x20, 0x10, 0x20,
    0x10, 0x20, 0x10, 0x20, 0x10, 0x20, 0x10, 0x20, 0x10, 0x20, 0x10, 0x20, 0x10, 0x20, 0x10, 0x20, 0x10, 0x20, 0x10,
    0x20, 0x10, 0x20, 0x10, 0x20, 0x10, 0x20, 0x10, 0x20, 0x10, 0x20, 0x10, 0x20, 0x18, 0x20, 0x18, 0x20, 0x18, 0x20,
    0x18, 0x20, 0x18, 0x20, 0x18, 0x20, 0x18, 0x20, 0x18, 0x20, 0x18, 0x20, 0x18, 0x20, 0x18, 0x20, 0x18, 0x20, 0x18,
    0x20, 0x18, 0x20, 0x18, 0x20, 0x18, 0x20, 0x18, 0x20, 0x18, 0x20, 0x18, 0x20, 0x18, 0x20, 0x18, 0x20, 0x18, 0x20,
    0x18, 0x20, 0x18, 0x20, 0x18, 0x20, 0x18, 0x20, 0x18, 0x20, 0x18, 0x20, 0x18, 0x20, 0x18, 0x20, 0x18, 0x20, 0x18,
    0x20, 0x18, 0x20, 0x18, 0x20, 0x18, 0x20, 0x18, 0x20, 0x18, 0x20, 0x18, 0x20, 0x18, 0x20, 0x18, 0x20, 0x18, 0x20,
    0x18, 0x20, 0x18, 0x20, 0x18, 0x20, 0x18, 0x20, 0x18, 0x20, 0x18, 0x20, 0x18, 0x20, 0x18, 0x20, 0x18, 0x20, 0x18,
    0x20, 0x18, 0x20, 0x18, 0x20, 0x18, 0x20, 0x10, 0x20, 0x10, 0x20, 0x10, 0x20, 0x10, 0x20, 0x10, 0x20, 0x10, 0x20,
    0x10, 0x20, 0x10, 0x20, 0x10, 0x20, 0x10, 0x20, 0x10, 0x20, 0x10, 0x20, 0x10, 0x20, 0x10, 0x20, 0x10, 0x20, 0x10,
    0x20, 0x10, 0x20, 0x10, 0x20, 0x08, 0x20, 0x08, 0x00, 0x08, 0x00, 0x08, 0x00, 0x08, 0x00, 0x08, 0x00, 0x08, 0x00,
    0x08, 0x00, 0x08, 0x00, 0x08, 0x00, 0x00, 0x00, 0x00, 0x00, 0x00, 0x00, 0x00, 0x00, 0x00, 0x00, 0x00, 0x00, 0x00,
    0x00, 0x00, 0x00, 0x00, 0x00, 0x00, 0x00, 0x00, 0x00, 0x00, 0x00, 0x00, 0x00, 0x00, 0x00, 0x00, 0x00, 0x00, 0x00,
    0x00, 0x00, 0x00, 0x00, 0x00, 0x00, 0x00, 0x00, 0x00, 0x00, 0x00, 0x00, 0x00, 0x00, 0x00, 0x00, 0x00, 0x00, 0x00,
    0x00, 0x00, 0x00, 0x00, 0x00, 0x00, 0x00, 0x00, 0x00, 0x00, 0x00, 0x00, 0x00, 0x00, 0x00, 0x00, 0x00, 0x00, 0x00,
    0x00, 0x00, 0x00, 0x00, 0x00, 0x00, 0x00, 0x00, 0x00, 0x00, 0x00, 0x00, 0x00, 0x00, 0x00, 0x00, 0x00, 0x00, 0x00,
    0x00, 0x00, 0x00, 0x00, 0x00, 0x00, 0x00, 0x00, 0x00, 0x00, 0x00, 0x00, 0x00, 0x00, 0x00, 0x00, 0x00, 0x00, 0x00,
    0x00, 0x00, 0x00, 0x00, 0x00, 0x00, 0x00, 0x00, 0x00, 0x00, 0x00, 0x00, 0x00, 0x00, 0x00, 0x00, 0x00, 0x00, 0x00,
    0x00, 0x00, 0x00, 0x00, 0x00, 0x00, 0x00, 0x00, 0x00, 0x00, 0x00, 0x00, 0x00, 0x00, 0x00, 0x00, 0x00, 0x00, 0x00,
    0x00, 0x00, 0x00, 0x00, 0x00, 0x00, 0x00, 0x00, 0x00, 0x00, 0x00, 0x00, 0x00, 0x00, 0x00, 0x00, 0x00, 0x00, 0x00,
    0x00, 0x00, 0x00, 0x00, 0x00, 0x00, 0x00, 0x00, 0x00, 0x00, 0x00, 0x00, 0x00, 0x00, 0x00, 0x00, 0x00, 0x00, 0x00,
    0x08, 0x00, 0x08, 0x00, 0x08, 0x00, 0x08, 0x00, 0x08, 0x00, 0x08, 0x00, 0x08, 0x00, 0x08, 0x00, 0x08, 0x20, 0x08,
    0x20, 0x08, 0x20, 0x08, 0x20, 0x08, 0x20, 0x10, 0x20, 0x10, 0x20, 0x10, 0x20, 0x10, 0x20, 0x10, 0x20, 0x10, 0x20,
    0x10, 0x20, 0x10, 0x20, 0x10, 0x20, 0x10, 0x20, 0x10, 0x20, 0x10, 0x20, 0x10, 0x20, 0x10, 0x20, 0x10, 0x20, 0x10,
    0x20, 0x10, 0x20, 0x10, 0x20, 0x10, 0x20, 0x10, 0x20, 0x10, 0x20, 0x10, 0x20, 0x10, 0x20, 0x10, 0x20, 0x10, 0x20,
    0x10, 0x20, 0x10, 0x20, 0x10, 0x20, 0x10, 0x20, 0x10, 0x20, 0x10, 0x20, 0x10, 0x20, 0x10, 0x20, 0x10, 0x20, 0x10,
    0x20, 0x10, 0x20, 0x10, 0x20, 0x10, 0x20, 0x10, 0x20, 0x10, 0x20, 0x10, 0x20, 0x10, 0x20, 0x10, 0x20, 0x10, 0x20,
    0x10, 0x20, 0x10, 0x20, 0x10, 0x20, 0x10, 0x20, 0x10, 0x20, 0x10, 0x20, 0x10, 0x20, 0x10, 0x20, 0x10, 0x20, 0x10,
    0x20, 0x10, 0x20, 0x10, 0x20, 0x10, 0x20, 0x10, 0x20, 0x10, 0x20, 0x10, 0x20, 0x10, 0x20, 0x10, 0x20, 0x10, 0x20,
    0x10, 0x20, 0x10, 0x20, 0x10, 0x20, 0x10, 0x20, 0x10, 0x20, 0x10, 0x20, 0x10, 0x20, 0x10, 0x20, 0x10, 0x20, 0x10,
    0x20, 0x10, 0x20, 0x10, 0x20, 0x10, 0x20, 0x10, 0x20, 0x10, 0x20, 0x10, 0x20, 0x10, 0x20, 0x08, 0x20, 0x08, 0x20,
    0x08, 0x20, 0x08, 0x00, 0x08, 0x00, 0x08, 0x00, 0x08, 0x00, 0x08, 0x00, 0x08, 0x00, 0x08, 0x00, 0x08, 0x00, 0x08,
    0x00, 0x08, 0x00, 0x00, 0x00, 0x00, 0x00, 0x00, 0x00, 0x00, 0x00, 0x00, 0x00, 0x00, 0x00, 0x00, 0x00, 0x00, 0x00,
    0x00, 0x00, 0x00, 0x00, 0x00, 0x00, 0x00, 0x00, 0x00, 0x00, 0x00, 0x00, 0x00, 0x00, 0x00, 0x00, 0x00, 0x00, 0x00,
    0x00, 0x00, 0x00, 0x00, 0x00, 0x00, 0x00, 0x00, 0x00, 0x00, 0x00, 0x00, 0x00, 0x00, 0x00, 0x00, 0x00, 0x00, 0x00,
    0x00, 0x00, 0x00, 0x00, 0x00, 0x00, 0x00, 0x00, 0x00, 0x00, 0x00, 0x00, 0x00, 0x00, 0x00, 0x00, 0x00, 0x00, 0x00,
    0x00, 0x00, 0x00, 0x00, 0x00, 0x00, 0x00, 0x00, 0x00, 0x00, 0x00, 0x00, 0x00, 0x00, 0x00, 0x00, 0x00, 0x00, 0x00,
    0x00, 0x00, 0x00, 0x00, 0x00, 0x00, 0x00, 0x00, 0x00, 0x00, 0x00, 0x00, 0x00, 0x00, 0x00, 0x00, 0x00, 0x00, 0x00,
    0x00, 0x00, 0x00, 0x00, 0x00, 0x00, 0x00, 0x00, 0x00, 0x00, 0x00, 0x00, 0x00, 0x00, 0x00, 0x00, 0x00, 0x00, 0x00,
    0x00, 0x00, 0x00, 0x00, 0x00, 0x00, 0x00, 0x00, 0x00, 0x00, 0x00, 0x00, 0x00, 0x00, 0x00, 0x00, 0x00, 0x00, 0x00,
    0x00, 0x00, 0x00, 0x00, 0x00, 0x00, 0x00, 0x00, 0x00, 0x00, 0x00, 0x00, 0x00, 0x00, 0x00, 0x00, 0x00, 0x00, 0x00,
    0x00, 0x00, 0x00, 0x00, 0x00, 0x00, 0x00, 0x00, 0x00, 0x00, 0x00, 0x00, 0x00, 0x00, 0x00, 0x00, 0x00, 0x00, 0x00,
    0x00, 0x00, 0x00, 0x00, 0x00, 0x00, 0x00, 0x08, 0x00, 0x08, 0x00, 0x08, 0x00, 0x08, 0x00, 0x08, 0x00, 0x08, 0x00,
    0x08, 0x00, 0x08, 0x00, 0x08, 0x00, 0x08, 0x00, 0x08, 0x00, 0x08, 0x00, 0x08, 0x20, 0x08, 0x20, 0x08, 0x20, 0x08,
    0x20, 0x08, 0x20, 0x08, 0x20, 0x10, 0x20, 0x10, 0x20, 0x10, 0x20, 0x10, 0x20, 0x10, 0x20, 0x10, 0x20, 0x10, 0x20,
    0x10, 0x20, 0x10, 0x20, 0x10, 0x20, 0x10, 0x20, 0x10, 0x20, 0x10, 0x20, 0x10, 0x20, 0x10, 0x20, 0x10, 0x20, 0x10,
    0x20, 0x10, 0x20, 0x10, 0x20, 0x10, 0x20, 0x10, 0x20, 0x10, 0x20, 0x10, 0x20, 0x10, 0x20, 0x10, 0x20, 0x10, 0x20,
    0x10, 0x20, 0x10, 0x20, 0x10, 0x20, 0x10, 0x20, 0x10, 0x20, 0x10, 0x20, 0x10, 0x20, 0x10, 0x20, 0x10, 0x20, 0x10,
    0x20, 0x10, 0x20, 0x10, 0x20, 0x10, 0x20, 0x10, 0x20, 0x10, 0x20, 0x10, 0x20, 0x10, 0x20, 0x10, 0x20, 0x10, 0x20,
    0x10, 0x20, 0x10, 0x20, 0x10, 0x20, 0x10, 0x20, 0x10, 0x20, 0x10, 0x20, 0x10, 0x20, 0x10, 0x20, 0x10, 0x20, 0x10,
    0x20, 0x10, 0x20, 0x10, 0x20, 0x10, 0x20, 0x10, 0x20, 0x10, 0x20, 0x10, 0x20, 0x10, 0x20, 0x10, 0x20, 0x10, 0x20,
    0x08, 0x20, 0x08, 0x20, 0x08, 0x20, 0x08, 0x20, 0x08, 0x00, 0x08, 0x00, 0x08, 0x00, 0x08, 0x00, 0x08, 0x00, 0x08,
    0x00, 0x08, 0x00, 0x08, 0x00, 0x08, 0x00, 0x08, 0x00, 0x08, 0x00, 0x08, 0x00, 0x08, 0x00, 0x08, 0x00, 0x00, 0x00,
    0x00, 0x00, 0x00, 0x00, 0x00, 0x00, 0x00, 0x00, 0x00, 0x00, 0x00, 0x00, 0x00, 0x00, 0x00, 0x00, 0x00, 0x00, 0x00,
    0x00, 0x00, 0x00, 0x00, 0x00, 0x00, 0x00, 0x00, 0x00, 0x00, 0x00, 0x00, 0x00, 0x00, 0x00, 0x00, 0x00, 0x00, 0x00,
    0x00, 0x00, 0x00, 0x00, 0x00, 0x00, 0x00, 0x00, 0x00, 0x00, 0x00, 0x00, 0x00, 0x00, 0x00, 0x00, 0x00, 0x00, 0x00,
    0x00, 0x00, 0x00, 0x00, 0x00, 0x00, 0x00, 0x00, 0x00, 0x00, 0x00, 0x00, 0x00, 0x00, 0x00, 0x00, 0x00, 0x00, 0x00,
    0x00, 0x00, 0x00, 0x00, 0x00, 0x00, 0x00, 0x00, 0x00, 0x00, 0x00, 0x00, 0x00, 0x00, 0x00, 0x00, 0x00, 0x00, 0x00,
    0x00, 0x00, 0x00, 0x00, 0x00, 0x00, 0x00, 0x00, 0x00, 0x00, 0x00, 0x00, 0x00, 0x00, 0x00, 0x00, 0x00, 0x00, 0x00,
    0x00, 0x00, 0x00, 0x00, 0x00, 0x00, 0x00, 0x00, 0x00, 0x00, 0x00, 0x00, 0x00, 0x00, 0x00, 0x00, 0x00, 0x00, 0x00,
    0x00, 0x00, 0x00, 0x00, 0x00, 0x00, 0x00, 0x00, 0x00, 0x00, 0x00, 0x00, 0x00, 0x00, 0x00, 0x00, 0x00, 0x00, 0x00,
    0x00, 0x00, 0x00, 0x00, 0x00, 0x00, 0x00, 0x00, 0x00, 0x00, 0x00, 0x00, 0x00, 0x00, 0x00, 0x00, 0x00, 0x00, 0x00,
    0x00, 0x00, 0x00, 0x00, 0x00, 0x00, 0x00, 0x00, 0x00, 0x00, 0x00, 0x00, 0x00, 0x00, 0x00, 0x00, 0x00, 0x00, 0x00,
    0x00, 0x00, 0x00, 0x00, 0x00, 0x00, 0x00, 0x00, 0x00, 0x00, 0x00, 0x00, 0x00, 0x00, 0x00, 0x00, 0x08, 0x00, 0x08,
    0x00, 0x08, 0x00, 0x08, 0x00, 0x08, 0x00, 0x08, 0x00, 0x08, 0x00, 0x08, 0x00, 0x08, 0x00, 0x08, 0x00, 0x08, 0x00,
    0x08, 0x00, 0x08, 0x00, 0x08, 0x00, 0x08, 0x00, 0x08, 0x00, 0x08, 0x00, 0x08, 0x20, 0x08, 0x20, 0x08, 0x20, 0x08,
    0x20, 0x08, 0x20, 0x08, 0x20, 0x08, 0x20, 0x08, 0x20, 0x08, 0x20, 0x08, 0x20, 0x08, 0x20, 0x08, 0x20, 0x08, 0x20,
    0x08, 0x20, 0x08, 0x20, 0x08, 0x20, 0x08, 0x20, 0x08, 0x20, 0x08, 0x20, 0x08, 0x20, 0x08, 0x20, 0x08, 0x20, 0x08,
    0x20, 0x08, 0x20, 0x08, 0x20, 0x08, 0x20, 0x08, 0x20, 0x08, 0x20, 0x08, 0x20, 0x08, 0x20, 0x08, 0x20, 0x08, 0x20,
    0x08, 0x20, 0x08, 0x20, 0x08, 0x20, 0x08, 0x20, 0x08, 0x20, 0x08, 0x20, 0x08, 0x20, 0x08, 0x20, 0x08, 0x20, 0x08,
    0x20, 0x08, 0x20, 0x08, 0x20, 0x08, 0x20, 0x08, 0x20, 0x08, 0x20, 0x08, 0x20, 0x08, 0x20, 0x08, 0x20, 0x08, 0x20,
    0x08, 0x20, 0x08, 0x20, 0x08, 0x20, 0x08, 0x20, 0x08, 0x20, 0x08, 0x00, 0x08, 0x00, 0x08, 0x00, 0x08, 0x00, 0x08,
    0x00, 0x08, 0x00, 0x08, 0x00, 0x08, 0x00, 0x08, 0x00, 0x08, 0x00, 0x08, 0x00, 0x08, 0x00, 0x08, 0x00, 0x08, 0x00,
    0x08, 0x00, 0x08, 0x00, 0x08, 0x00, 0x08, 0x00, 0x08, 0x00, 0x00, 0x00, 0x00, 0x00, 0x00, 0x00, 0x00, 0x00, 0x00,
    0x00, 0x00, 0x00, 0x00, 0x00, 0x00, 0x00, 0x00, 0x00, 0x00, 0x00, 0x00, 0x00, 0x00, 0x00, 0x00, 0x00, 0x00, 0x00,
    0x00, 0x00, 0x00, 0x00, 0x00, 0x00, 0x00, 0x00, 0x00, 0x00, 0x00, 0x00, 0x00, 0x00, 0x00, 0x00, 0x00, 0x00, 0x00,
    0x00, 0x00, 0x00, 0x00, 0x00, 0x00, 0x00, 0x00, 0x00, 0x00, 0x00, 0x00, 0x00, 0x00, 0x00, 0x00, 0x00, 0x00, 0x00,
    0x00, 0x00, 0x00, 0x00, 0x00, 0x00, 0x00, 0x00, 0x00, 0x00, 0x00, 0x00, 0x00, 0x00, 0x00, 0x00, 0x00, 0x00, 0x00,
    0x00, 0x00, 0x00, 0x00, 0x00, 0x00, 0x00, 0x00, 0x00, 0x00, 0x00, 0x00, 0x00, 0x00, 0x00, 0x00, 0x00, 0x00, 0x00,
    0x00, 0x00, 0x00, 0x00, 0x00, 0x00, 0x00, 0x00, 0x00, 0x00, 0x00, 0x00, 0x00, 0x00, 0x00, 0x00, 0x00, 0x00, 0x00,
    0x00, 0x00, 0x00, 0x00, 0x00, 0x00, 0x00, 0x00, 0x00, 0x00, 0x00, 0x00, 0x00, 0x00, 0x00, 0x00, 0x00, 0x00, 0x00,
    0x00, 0x00, 0x00, 0x00, 0x00, 0x00, 0x00, 0x00, 0x00, 0x00, 0x00, 0x00, 0x00, 0x00, 0x00, 0x00, 0x00, 0x00, 0x00,
    0x00, 0x00, 0x00, 0x00, 0x00, 0x00, 0x00, 0x00, 0x00, 0x00, 0x00, 0x00, 0x00, 0x00, 0x00, 0x00, 0x00, 0x00, 0x00,
    0x00, 0x00, 0x00, 0x00, 0x00, 0x00, 0x00, 0x00, 0x00, 0x00, 0x00, 0x00, 0x00, 0x00, 0x00, 0x00, 0x00, 0x00, 0x00,
    0x00, 0x00, 0x00, 0x00, 0x00, 0x00, 0x00, 0x00, 0x00, 0x00, 0x00, 0x00, 0x00, 0x00, 0x00, 0x00, 0x00, 0x00, 0x00,
    0x00, 0x00, 0x00, 0x00, 0x00, 0x00, 0x08, 0x00, 0x08, 0x00, 0x08, 0x00, 0x08, 0x00, 0x08, 0x00, 0x08, 0x00, 0x08,
    0x00, 0x08, 0x00, 0x08, 0x00, 0x08, 0x00, 0x08, 0x00, 0x08, 0x00, 0x08, 0x00, 0x08, 0x00, 0x08, 0x00, 0x08, 0x00,
    0x08, 0x00, 0x08, 0x00, 0x08, 0x00, 0x08, 0x00, 0x08, 0x00, 0x08, 0x00, 0x08, 0x00, 0x08, 0x00, 0x08, 0x00, 0x08,
    0x00, 0x08, 0x00, 0x08, 0x00, 0x08, 0x00, 0x08, 0x00, 0x08, 0x00, 0x08, 0x00, 0x08, 0x00, 0x08, 0x00, 0x08, 0x00,
    0x08, 0x00, 0x08, 0x00, 0x08, 0x00, 0x08, 0x00, 0x08, 0x00, 0x08, 0x00, 0x08, 0x00, 0x08, 0x00, 0x08, 0x00, 0x08,
    0x00, 0x08, 0x00, 0x08, 0x00, 0x08, 0x00, 0x08, 0x00, 0x08, 0x00, 0x08, 0x00, 0x08, 0x00, 0x08, 0x00, 0x08, 0x00,
    0x08, 0x00, 0x08, 0x00, 0x08, 0x00, 0x08, 0x00, 0x08, 0x00, 0x08, 0x00, 0x08, 0x00, 0x08, 0x00, 0x08, 0x00, 0x08,
    0x00, 0x08, 0x00, 0x08, 0x00, 0x08, 0x00, 0x08, 0x00, 0x08, 0x00, 0x08, 0x00, 0x08, 0x00, 0x08, 0x00, 0x08, 0x00,
    0x08, 0x00, 0x08, 0x00, 0x08, 0x00, 0x08, 0x00, 0x08, 0x00, 0x08, 0x00, 0x08, 0x00, 0x08, 0x00, 0x08, 0x00, 0x08,
    0x00, 0x08, 0x00, 0x00, 0x00, 0x00, 0x00, 0x00, 0x00, 0x00, 0x00, 0x00, 0x00, 0x00, 0x00, 0x00, 0x00, 0x00, 0x00,
    0x00, 0x00, 0x00, 0x00, 0x00, 0x00, 0x00, 0x00, 0x00, 0x00, 0x00, 0x00, 0x00, 0x00, 0x00, 0x00, 0x00, 0x00, 0x00,
    0x00, 0x00, 0x00, 0x00, 0x00, 0x00, 0x00, 0x00, 0x00, 0x00, 0x00, 0x00, 0x00, 0x00, 0x00, 0x00, 0x00, 0x00, 0x00,
    0x00, 0x00, 0x00, 0x00, 0x00, 0x00, 0x00, 0x00, 0x00, 0x00, 0x00, 0x00, 0x00, 0x00, 0x00, 0x00, 0x00, 0x00, 0x00,
    0x00, 0x00, 0x00, 0x00, 0x00, 0x00, 0x00, 0x00, 0x00, 0x00, 0x00, 0x00, 0x00, 0x00, 0x00, 0x00, 0x00, 0x00, 0x00,
    0x00, 0x00, 0x00, 0x00, 0x00, 0x00, 0x00, 0x00, 0x00, 0x00, 0x00, 0x00, 0x00, 0x00, 0x00, 0x00, 0x00, 0x00, 0x00,
    0x00, 0x00, 0x00, 0x00, 0x00, 0x00, 0x00, 0x00, 0x00, 0x00, 0x00, 0x00, 0x00, 0x00, 0x00, 0x00, 0x00, 0x00, 0x00,
    0x00, 0x00, 0x00, 0x00, 0x00, 0x00, 0x00, 0x00, 0x00, 0x00, 0x00, 0x00, 0x00, 0x00, 0x00, 0x00, 0x00, 0x00, 0x00,
    0x00, 0x00, 0x00, 0x00, 0x00, 0x00, 0x00, 0x00, 0x00, 0x00, 0x00, 0x00, 0x00, 0x00, 0x00, 0x00, 0x00, 0x00, 0x00,
    0x00, 0x00, 0x00, 0x00, 0x00, 0x00, 0x00, 0x00, 0x00, 0x00, 0x00, 0x00, 0x00, 0x00, 0x00, 0x00, 0x00, 0x00, 0x00,
    0x00, 0x00, 0x00, 0x00, 0x00, 0x00, 0x00, 0x00, 0x00, 0x00, 0x00, 0x00, 0x00, 0x00, 0x00, 0x00, 0x00, 0x00, 0x00,
    0x00, 0x00, 0x00, 0x00, 0x00, 0x00, 0x00, 0x00, 0x00, 0x00, 0x00, 0x00, 0x00, 0x00, 0x00, 0x00, 0x00, 0x00, 0x00,
    0x00, 0x00, 0x00, 0x00, 0x00, 0x00, 0x00, 0x00, 0x00, 0x00, 0x00, 0x00, 0x00, 0x00, 0x00, 0x00, 0x00, 0x00, 0x00,
    0x08, 0x00, 0x08, 0x00, 0x08, 0x00, 0x08, 0x00, 0x08, 0x00, 0x08, 0x00, 0x08, 0x00, 0x08, 0x00, 0x08, 0x00, 0x08,
    0x00, 0x08, 0x00, 0x08, 0x00, 0x08, 0x00, 0x08, 0x00, 0x08, 0x00, 0x08, 0x00, 0x08, 0x00, 0x08, 0x00, 0x08, 0x00,
    0x08, 0x00, 0x08, 0x00, 0x08, 0x00, 0x08, 0x00, 0x08, 0x00, 0x08, 0x00, 0x08, 0x00, 0x08, 0x00, 0x08, 0x00, 0x08,
    0x00, 0x08, 0x00, 0x08, 0x00, 0x08, 0x00, 0x08, 0x00, 0x08, 0x00, 0x08, 0x00, 0x08, 0x00, 0x08, 0x00, 0x08, 0x00,
    0x08, 0x00, 0x08, 0x00, 0x08, 0x00, 0x08, 0x00, 0x08, 0x00, 0x08, 0x00, 0x08, 0x00, 0x08, 0x00, 0x08, 0x00, 0x08,
    0x00, 0x08, 0x00, 0x08, 0x00, 0x08, 0x00, 0x08, 0x00, 0x08, 0x00, 0x08, 0x00, 0x08, 0x00, 0x08, 0x00, 0x08, 0x00,
    0x08, 0x00, 0x08, 0x00, 0x08, 0x00, 0x08, 0x00, 0x08, 0x00, 0x08, 0x00, 0x08, 0x00, 0x08, 0x00, 0x08, 0x00, 0x08,
    0x00, 0x08, 0x00, 0x08, 0x00, 0x08, 0x00, 0x08, 0x00, 0x08, 0x00, 0x00, 0x00, 0x00, 0x00, 0x00, 0x00, 0x00, 0x00,
    0x00, 0x00, 0x00, 0x00, 0x00, 0x00, 0x00, 0x00, 0x00, 0x00, 0x00, 0x00, 0x00, 0x00, 0x00, 0x00, 0x00, 0x00, 0x00,
    0x00, 0x00, 0x00, 0x00, 0x00, 0x00, 0x00, 0x00, 0x00, 0x00, 0x00, 0x00, 0x00, 0x00, 0x00, 0x00, 0x00, 0x00, 0x00,
    0x00, 0x00, 0x00, 0x00, 0x00, 0x00, 0x00, 0x00, 0x00, 0x00, 0x00, 0x00, 0x00, 0x00, 0x00, 0x00, 0x00, 0x00, 0x00,
    0x00, 0x00, 0x00, 0x00, 0x00, 0x00, 0x00, 0x00, 0x00, 0x00, 0x00, 0x00, 0x00, 0x00, 0x00, 0x00, 0x00, 0x00, 0x00,
    0x00, 0x00, 0x00, 0x00, 0x00, 0x00, 0x00, 0x00, 0x00, 0x00, 0x00, 0x00, 0x00, 0x00, 0x00, 0x00, 0x00, 0x00, 0x00,
    0x00, 0x00, 0x00, 0x00, 0x00, 0x00, 0x00, 0x00, 0x00, 0x00, 0x00, 0x00, 0x00, 0x00, 0x00, 0x00, 0x00, 0x00, 0x00,
    0x00, 0x00, 0x00, 0x00, 0x00, 0x00, 0x00, 0x00, 0x00, 0x00, 0x00, 0x00, 0x00, 0x00, 0x00, 0x00, 0x00, 0x00, 0x00,
    0x00, 0x00, 0x00, 0x00, 0x00, 0x00, 0x00, 0x00, 0x00, 0x00, 0x00, 0x00, 0x00, 0x00, 0x00, 0x00, 0x00, 0x00, 0x00,
    0x00, 0x00, 0x00, 0x00, 0x00, 0x00, 0x00, 0x00, 0x00, 0x00, 0x00, 0x00, 0x00, 0x00, 0x00, 0x00, 0x00, 0x00, 0x00,
    0x00, 0x00, 0x00, 0x00, 0x00, 0x00, 0x00, 0x00, 0x00, 0x00, 0x00, 0x00, 0x00, 0x00, 0x00, 0x00, 0x00, 0x00, 0x00,
    0x00, 0x00, 0x00, 0x00, 0x00, 0x00, 0x00, 0x00, 0x00, 0x00, 0x00, 0x00, 0x00, 0x00, 0x00, 0x00, 0x00, 0x00, 0x00,
    0x00, 0x00, 0x00, 0x00, 0x00, 0x00, 0x00, 0x00, 0x00, 0x00, 0x00, 0x00, 0x00, 0x00, 0x00, 0x00, 0x00, 0x00, 0x00,
    0x00, 0x00, 0x00, 0x00, 0x00, 0x00, 0x00, 0x00, 0x00, 0x00, 0x00, 0x00, 0x00, 0x00, 0x00, 0x00, 0x00, 0x00, 0x00,
    0x00, 0x00, 0x00, 0x00, 0x00, 0x00, 0x00, 0x00, 0x00, 0x00, 0x00, 0x00, 0x00, 0x00, 0x00, 0x00, 0x00, 0x00, 0x00,
    0x00, 0x00, 0x00, 0x00, 0x00, 0x00, 0x00, 0x00, 0x00, 0x00, 0x00, 0x00, 0x00, 0x00, 0x00, 0x00, 0x00, 0x00, 0x08,
    0x00, 0x08, 0x00, 0x08, 0x00, 0x08, 0x00, 0x08, 0x00, 0x08, 0x00, 0x08, 0x00, 0x08, 0x00, 0x08, 0x00, 0x08, 0x00,
    0x08, 0x00, 0x08, 0x00, 0x08, 0x00, 0x08, 0x00, 0x08, 0x00, 0x08, 0x00, 0x08, 0x00, 0x08, 0x00, 0x08, 0x00, 0x08,
    0x00, 0x08, 0x00, 0x08, 0x00, 0x08, 0x00, 0x08, 0x00, 0x08, 0x00, 0x08, 0x00, 0x08, 0x00, 0x08, 0x00, 0x08, 0x00,
    0x08, 0x00, 0x08, 0x00, 0x08, 0x00, 0x08, 0x00, 0x08, 0x00, 0x08, 0x00, 0x08, 0x00, 0x00, 0x00, 0x00, 0x00, 0x00,
    0x00, 0x00, 0x00, 0x00, 0x00, 0x00, 0x00, 0x00, 0x00, 0x00, 0x00, 0x00, 0x00, 0x00, 0x00, 0x00, 0x00, 0x00, 0x00,
    0x00, 0x00, 0x00, 0x00, 0x00, 0x00, 0x00, 0x00, 0x00, 0x00, 0x00, 0x00, 0x00, 0x00, 0x00, 0x00, 0x00, 0x00, 0x00,
    0x00, 0x00, 0x00, 0x00, 0x00, 0x00, 0x00, 0x00, 0x00, 0x00, 0x00, 0x00, 0x00, 0x00, 0x00, 0x00, 0x00, 0x00, 0x00,
    0x00, 0x00, 0x00, 0x00, 0x00, 0x00, 0x00, 0x00, 0x00, 0x00, 0x00, 0x00, 0x00, 0x00, 0x00, 0x00, 0x00, 0x00, 0x00,
    0x00, 0x00, 0x00, 0x00, 0x00, 0x00, 0x00, 0x00, 0x00, 0x00, 0x00, 0x00, 0x00, 0x00, 0x00, 0x00, 0x00, 0x00, 0x00,
    0x00, 0x00, 0x00, 0x00, 0x00, 0x00, 0x00, 0x00, 0x00, 0x00, 0x00, 0x00, 0x00, 0x00, 0x00, 0x00, 0x00, 0x00, 0x00,
    0x00, 0x00, 0x00, 0x00, 0x00, 0x00, 0x00, 0x00, 0x00, 0x00, 0x00, 0x00, 0x00, 0x00, 0x00, 0x00, 0x00, 0x00, 0x00,
    0x00, 0x00, 0x00, 0x00, 0x00, 0x00, 0x00, 0x00, 0x00, 0x00, 0x00, 0x00, 0x00, 0x00, 0x00, 0x00, 0x00, 0x00, 0x00,
    0x00, 0x00, 0x00, 0x00, 0x00, 0x00, 0x00, 0x00, 0x00, 0x00, 0x00, 0x00, 0x00, 0x00, 0x00, 0x00, 0x00, 0x00, 0x00,
    0x00, 0x00, 0x00, 0x00, 0x00, 0x00, 0x00, 0x00, 0x00, 0x00, 0x00, 0x00, 0x00, 0x00, 0x00, 0x00, 0x00, 0x00, 0x00,
    0x00, 0x00, 0x00, 0x00, 0x00, 0x00, 0x00, 0x00, 0x00, 0x00, 0x00, 0x00, 0x00, 0x00, 0x00, 0x00, 0x00, 0x00, 0x00,
    0x00, 0x00, 0x00, 0x00, 0x00, 0x00, 0x00, 0x00, 0x00, 0x00, 0x00, 0x00, 0x00, 0x00, 0x00, 0x00, 0x00, 0x00, 0x00,
    0x00, 0x00, 0x00, 0x00, 0x00, 0x00, 0x00, 0x00, 0x00, 0x00, 0x00, 0x00, 0x00, 0x00, 0x00, 0x00, 0x00, 0x00, 0x00,
    0x00, 0x00, 0x00, 0x00, 0x00, 0x00, 0x00, 0x00, 0x00, 0x00, 0x00, 0x00, 0x00, 0x00, 0x00, 0x00, 0x00, 0x00, 0x00,
    0x00, 0x00, 0x00, 0x00, 0x00, 0x00, 0x00, 0x00, 0x00, 0x00, 0x00, 0x00, 0x00, 0x00, 0x00, 0x00, 0x00, 0x00, 0x00,
    0x00, 0x00, 0x00, 0x00, 0x00, 0x00, 0x00, 0x00, 0x00, 0x00, 0x00, 0x00, 0x00, 0x00, 0x00, 0x00, 0x00, 0x00, 0x00,
    0x00, 0x00, 0x00, 0x00, 0x00, 0x00, 0x00, 0x00, 0x00, 0x00, 0x00, 0x00, 0x00, 0x00, 0x00, 0x00, 0x00, 0x00, 0x00,
    0x00, 0x00, 0x00, 0x00, 0x00, 0x00, 0x00, 0x00, 0x00, 0x00, 0x00, 0x00, 0x00, 0x00, 0x00, 0x00, 0x00, 0x00, 0x00,
    0x00, 0x00, 0x00, 0x00, 0x00, 0x00, 0x00, 0x00, 0x00, 0x00, 0x00, 0x00, 0x00, 0x00, 0x00, 0x00, 0x00, 0x00, 0x00,
    0x00, 0x00, 0x00, 0x00, 0x00, 0x00, 0x00, 0x00, 0x00, 0x00, 0x00, 0x00, 0x00, 0x00, 0x00, 0x00, 0x00, 0x00, 0x00,
    0x00, 0x00, 0x00, 0x00, 0x00, 0x00, 0x00, 0x00, 0x00, 0x00, 0x00, 0x00, 0x00, 0x00, 0x00, 0x00, 0x00, 0x00, 0x00,
    0x00, 0x00, 0x00, 0x00, 0x00, 0x00, 0x00, 0x00, 0x00, 0x00, 0x00, 0x00, 0x00, 0x00, 0x00, 0x00, 0x00, 0x00, 0x00,
    0x00, 0x00, 0x00, 0x00, 0x00, 0x00, 0x00, 0x00, 0x00, 0x00, 0x00, 0x00, 0x00, 0x00, 0x00, 0x00, 0x00, 0x00, 0x00,
    0x00, 0x00, 0x00, 0x00, 0x00, 0x00, 0x00, 0x00, 0x00, 0x00, 0x00, 0x00, 0x00, 0x00, 0x00, 0x00, 0x00, 0x00, 0x00,
    0x00, 0x00, 0x00, 0x00, 0x00, 0x00, 0x00, 0x00, 0x00, 0x00, 0x00, 0x00, 0x00, 0x00, 0x00, 0x00, 0x00, 0x00, 0x00,
    0x00, 0x00, 0x00, 0x00, 0x00, 0x00, 0x00, 0x00, 0x00, 0x00, 0x00, 0x00, 0x00, 0x00, 0x00, 0x00, 0x00, 0x00, 0x00,
    0x00, 0x00, 0x00, 0x00, 0x00, 0x00, 0x00, 0x00, 0x00, 0x00, 0x00, 0x00, 0x00, 0x00, 0x00, 0x00, 0x00, 0x00, 0x00,
    0x00, 0x00, 0x00, 0x00, 0x00, 0x00, 0x00, 0x00, 0x00, 0x00, 0x00, 0x00, 0x00, 0x00, 0x00, 0x00, 0x00, 0x00, 0x00,
    0x00, 0x00, 0x00, 0x00, 0x00, 0x00, 0x00, 0x00, 0x00, 0x00, 0x00, 0x00, 0x00, 0x00, 0x00, 0x00, 0x00, 0x00, 0x00,
    0x00, 0x00, 0x00, 0x00, 0x00, 0x00, 0x00, 0x00, 0x00, 0x00, 0x00, 0x00, 0x00, 0x00, 0x00, 0x00, 0x00, 0x00, 0x00,
    0x00, 0x00, 0x00, 0x00, 0x00, 0x00, 0x00, 0x00, 0x00, 0x00, 0x00, 0x00, 0x00, 0x00, 0x00, 0x00, 0x00, 0x00, 0x00,
    0x00, 0x00, 0x00, 0x00, 0x00, 0x00, 0x00, 0x00, 0x00, 0x00, 0x00, 0x00, 0x00, 0x00, 0x00, 0x00, 0x00, 0x00, 0x00,
    0x00, 0x00, 0x00, 0x00, 0x00, 0x00, 0x00, 0x00, 0x00, 0x00, 0x00, 0x00, 0x00, 0x00, 0x00, 0x00, 0x00, 0x00, 0x00,
    0x00, 0x00, 0x00, 0x00, 0x00, 0x00, 0x00, 0x00, 0x00, 0x00, 0x00, 0x00, 0x00, 0x00, 0x00, 0x00, 0x00, 0x00, 0x00,
    0x00, 0x00, 0x00, 0x00, 0x00, 0x00, 0x00, 0x00, 0x00, 0x00, 0x00, 0x00, 0x00, 0x00, 0x00, 0x00, 0x00, 0x00, 0x00,
    0x00, 0x00, 0x00, 0x00, 0x00, 0x00, 0x00, 0x00, 0x00, 0x00, 0x00, 0x00, 0x00, 0x00, 0x00, 0x00, 0x00, 0x00, 0x00,
    0x00, 0x00, 0x00, 0x00, 0x00, 0x00, 0x00, 0x00, 0x00, 0x00, 0x00, 0x00, 0x00, 0x00, 0x00, 0x00, 0x00, 0x00, 0x00,
    0x00, 0x00, 0x00, 0x00, 0x00, 0x00, 0x00, 0x00, 0x00, 0x00, 0x00, 0x00, 0x00, 0x00, 0x00, 0x00, 0x00, 0x00, 0x00,
    0x00, 0x00, 0x00, 0x00, 0x00, 0x00, 0x00, 0x00, 0x00, 0x00, 0x00, 0x00, 0x00, 0x00, 0x00, 0x00, 0x00, 0x00, 0x00,
    0x00, 0x00, 0x00, 0x00, 0x00, 0x00, 0x00, 0x00, 0x00, 0x00, 0x00, 0x00, 0x00, 0x00, 0x00, 0x00, 0x00, 0x00, 0x00,
    0x00, 0x00, 0x00, 0x00, 0x00, 0x00, 0x00, 0x00, 0x00, 0x00, 0x00, 0x00, 0x00, 0x00, 0x00, 0x00, 0x00, 0x00, 0x00,
    0x00, 0x00, 0x00, 0x00, 0x00, 0x00, 0x00, 0x00, 0x00, 0x00, 0x00, 0x00, 0x00, 0x00, 0x00, 0x00, 0x00, 0x00, 0x00,
    0x00, 0x00, 0x00, 0x00, 0x00, 0x00, 0x00, 0x00, 0x00, 0x00, 0x00, 0x00, 0x00, 0x00, 0x00, 0x00, 0x00, 0x00, 0x00,
    0x00, 0x00, 0x00, 0x00, 0x00, 0x00, 0x00, 0x00, 0x00, 0x00, 0x00, 0x00, 0x00, 0x00, 0x00, 0x00, 0x00, 0x00, 0x00,
    0x00, 0x00, 0x00, 0x00, 0x00, 0x00, 0x00, 0x00, 0x00, 0x00, 0x00, 0x00, 0x00, 0x00, 0x00, 0x00, 0x00, 0x00, 0x00,
    0x00, 0x00, 0x00, 0x00, 0x00, 0x00, 0x00, 0x00, 0x00, 0x00, 0x00, 0x00, 0x00, 0x00, 0x00, 0x00, 0x00, 0x00, 0x00,
    0x00, 0x00, 0x00, 0x00, 0x00, 0x00, 0x00, 0x00, 0x00, 0x00, 0x00, 0x00, 0x00, 0x00, 0x00, 0x00, 0x00, 0x00, 0x00,
    0x00, 0x00, 0x00, 0x00, 0x00, 0x00, 0x00, 0x00, 0x00, 0x00, 0x00, 0x00, 0x00, 0x00, 0x00, 0x00, 0x00, 0x00, 0x00,
    0x00, 0x00, 0x00, 0x00, 0x00, 0x00, 0x00, 0x00, 0x00, 0x00, 0x00, 0x00, 0x00, 0x00, 0x00, 0x00, 0x00, 0x00, 0x00,
    0x00, 0x00, 0x00, 0x00, 0x00, 0x00, 0x00, 0x00, 0x00, 0x00, 0x00, 0x00, 0x00, 0x00, 0x00, 0x00, 0x00, 0x00, 0x00,
    0x00, 0x00, 0x00, 0x00, 0x00, 0x00, 0x00, 0x00, 0x00, 0x00, 0x00, 0x00, 0x00, 0x00, 0x00, 0x00, 0x00, 0x00, 0x00,
    0x00, 0x00, 0x00, 0x00, 0x00, 0x00, 0x00, 0x00, 0x00, 0x00, 0x00, 0x00, 0x00, 0x00, 0x00, 0x00, 0x00, 0x00, 0x00,
    0x00, 0x00, 0x00, 0x00, 0x00, 0x00, 0x00, 0x00, 0x00, 0x00, 0x00, 0x00, 0x00, 0x00, 0x00, 0x00, 0x00, 0x00, 0x00,
    0x00, 0x00, 0x00, 0x00, 0x00, 0x00, 0x00, 0x00, 0x00, 0x00, 0x00, 0x00, 0x00, 0x00, 0x00, 0x00, 0x00, 0x00, 0x00,
    0x00, 0x00, 0x00, 0x00, 0x00, 0x00, 0x00, 0x00, 0x00, 0x00, 0x00, 0x00, 0x00, 0x00, 0x00, 0x00, 0x00, 0x00, 0x00,
    0x00, 0x00, 0x00, 0x00, 0x00, 0x00, 0x00, 0x00, 0x00, 0x00, 0x00, 0x00, 0x00, 0x00, 0x00, 0x00, 0x00, 0x00, 0x00,
    0x00, 0x00, 0x00, 0x00, 0x00, 0x00, 0x00, 0x00, 0x00, 0x00, 0x00, 0x00, 0x00, 0x00, 0x00, 0x00, 0x00, 0x00, 0x00,
    0x00, 0x00, 0x00, 0x00, 0x00, 0x00, 0x00, 0x00, 0x00, 0x00, 0x00, 0x00, 0x00, 0x00, 0x00, 0x00, 0x00, 0x00, 0x00,
    0x00, 0x00, 0x00, 0x00, 0x00, 0x00, 0x00, 0x00, 0x00, 0x00, 0x00, 0x00, 0x00, 0x00, 0x00, 0x00, 0x00, 0x00, 0x00,
    0x00, 0x00, 0x00, 0x00, 0x00, 0x00, 0x00, 0x00, 0x00, 0x00, 0x00, 0x00, 0x00, 0x00, 0x00, 0x00, 0x00, 0x00, 0x00,
    0x00, 0x00, 0x00, 0x00, 0x00, 0x00, 0x00, 0x00, 0x00, 0x00, 0x00, 0x00, 0x00, 0x00, 0x00, 0x00, 0x00, 0x00, 0x00,
    0x00, 0x00, 0x00, 0x00, 0x00, 0x00, 0x00, 0x00, 0x00, 0x00, 0x00, 0x00, 0x00, 0x00, 0x00, 0x00, 0x00, 0x00, 0x00,
    0x00, 0x00, 0x00, 0x00, 0x00, 0x00, 0x00, 0x00, 0x00, 0x00, 0x00, 0x00, 0x00, 0x00, 0x00, 0x00, 0x00, 0x00, 0x00,
    0x00, 0x00, 0x00, 0x00, 0x00, 0x00, 0x00, 0x00, 0x00, 0x00, 0x00, 0x00, 0x00, 0x00, 0x00, 0x00, 0x00, 0x00, 0x00,
    0x00, 0x00, 0x00, 0x00, 0x00, 0x00, 0x00, 0x00, 0x00, 0x00, 0x00, 0x00, 0x00, 0x00, 0x00, 0x00, 0x00, 0x00, 0x00,
    0x00, 0x00, 0x00, 0x00, 0x00, 0x00, 0x00, 0x00, 0x00, 0x00, 0x00, 0x00, 0x00, 0x00, 0x00, 0x00, 0x00, 0x00, 0x00,
    0x00, 0x00, 0x00, 0x00, 0x00, 0x00, 0x00, 0x00, 0x00, 0x00, 0x00, 0x00, 0x00, 0x00, 0x00, 0x00, 0x00, 0x00, 0x00,
    0x00, 0x00, 0x00, 0x00, 0x00, 0x00, 0x00, 0x00, 0x00, 0x00, 0x00, 0x00, 0x00, 0x00, 0x00, 0x00, 0x00, 0x00, 0x00,
    0x00, 0x00, 0x00, 0x00, 0x00, 0x00, 0x00, 0x00, 0x00, 0x00, 0x00, 0x00, 0x00, 0x00, 0x00, 0x00, 0x00, 0x00, 0x00,
    0x00, 0x00, 0x00, 0x00, 0x00, 0x00, 0x00, 0x00, 0x00, 0x00, 0x00, 0x00, 0x00, 0x00, 0x00, 0x00, 0x00, 0x00, 0x00,
    0x00, 0x00, 0x00, 0x00, 0x00, 0x00, 0x00, 0x00, 0x00, 0x00, 0x00, 0x00, 0x00, 0x00, 0x00, 0x00, 0x00, 0x00, 0x00,
    0x00, 0x00, 0x00, 0x00, 0x00, 0x00, 0x00, 0x00, 0x00, 0x00, 0x00, 0x00, 0x00, 0x00, 0x00, 0x00, 0x00, 0x00, 0x00,
    0x00, 0x00, 0x00, 0x00, 0x00, 0x00, 0x00, 0x00, 0x00, 0x00, 0x00, 0x00, 0x00, 0x00, 0x00, 0x00, 0x00, 0x00, 0x00,
    0x00, 0x00, 0x00, 0x00, 0x00, 0x00, 0x00, 0x00, 0x00, 0x00, 0x00, 0x00, 0x00, 0x00, 0x00, 0x00, 0x00, 0x00, 0x00,
    0x00, 0x00, 0x00, 0x00, 0x00, 0x00, 0x00, 0x00, 0x00, 0x00, 0x00, 0x00, 0x00, 0x00, 0x00, 0x00, 0x00, 0x00, 0x00,
    0x00, 0x00, 0x00, 0x00, 0x00, 0x00, 0x00, 0x00, 0x00, 0x00, 0x00, 0x00, 0x00, 0x00, 0x00, 0x00, 0x00, 0x00, 0x00,
    0x00, 0x00, 0x00, 0x00, 0x00, 0x00, 0x00, 0x00, 0x00, 0x00, 0x00, 0x00, 0x00, 0x00, 0x00, 0x00, 0x00, 0x00, 0x00,
    0x00, 0x00, 0x00, 0x00, 0x00, 0x00, 0x00, 0x00, 0x00, 0x00, 0x00, 0x00, 0x00, 0x00, 0x00, 0x00, 0x00, 0x00, 0x00,
    0x00, 0x00, 0x00, 0x00, 0x00, 0x00, 0x00, 0x00, 0x00, 0x00, 0x00, 0x00, 0x00, 0x00, 0x00, 0x00, 0x00, 0x00, 0x00,
    0x00, 0x00, 0x00, 0x00, 0x00, 0x00, 0x00, 0x00, 0x00, 0x00, 0x00, 0x00, 0x00, 0x00, 0x00, 0x00, 0x00, 0x00, 0x00,
    0x00, 0x00, 0x00, 0x00, 0x00, 0x00, 0x00, 0x00, 0x00, 0x00, 0x00, 0x00, 0x00, 0x00, 0x00, 0x00, 0x00, 0x00, 0x00,
    0x00, 0x00, 0x00, 0x00, 0x00, 0x00, 0x00, 0x00, 0x00, 0x00, 0x00, 0x00, 0x00, 0x00, 0x00, 0x00, 0x00, 0x00, 0x00,
    0x00, 0x00, 0x00, 0x00, 0x00, 0x00, 0x00, 0x00, 0x00, 0x00, 0x00, 0x00, 0x00, 0x00, 0x00, 0x00, 0x00, 0x00, 0x00,
    0x00, 0x00, 0x00, 0x00, 0x00, 0x00, 0x00, 0x00, 0x00, 0x00, 0x00, 0x00, 0x00, 0x00, 0x00, 0x00, 0x00, 0x00, 0x00,
    0x00, 0x00, 0x00, 0x00, 0x00, 0x00, 0x00, 0x00, 0x00, 0x00, 0x00, 0x00, 0x00, 0x00, 0x00, 0x00, 0x00, 0x00, 0x00,
    0x00, 0x00, 0x00, 0x00, 0x00, 0x00, 0x00, 0x00, 0x00, 0x00, 0x00, 0x00, 0x00, 0x00, 0x00, 0x00, 0x00, 0x00, 0x00,
    0x00, 0x00, 0x00, 0x00, 0x00, 0x00, 0x00, 0x00, 0x00, 0x00, 0x00, 0x00, 0x00, 0x00, 0x00, 0x00, 0x00, 0x00, 0x00,
    0x00, 0x00, 0x00, 0x00, 0x00, 0x00, 0x00, 0x00, 0x00, 0x00, 0x00, 0x00, 0x00, 0x00, 0x00, 0x00, 0x00, 0x00, 0x00,
    0x00, 0x00, 0x00, 0x00, 0x00, 0x00, 0x00, 0x00, 0x00, 0x00, 0x00, 0x00, 0x00, 0x00, 0x00, 0x00, 0x00, 0x00, 0x00,
    0x00, 0x00, 0x00, 0x00, 0x00, 0x00, 0x00, 0x00, 0x00, 0x00, 0x00, 0x00, 0x00, 0x00, 0x00, 0x00, 0x00, 0x00, 0x00,
    0x00, 0x00, 0x00, 0x00, 0x00, 0x00, 0x00, 0x00, 0x00, 0x00, 0x00, 0x00, 0x00, 0x00, 0x00, 0x00, 0x00, 0x00, 0x00,
    0x00, 0x00, 0x00, 0x00, 0x00, 0x00, 0x00, 0x00, 0x00, 0x00, 0x00, 0x00, 0x00, 0x00, 0x00, 0x00, 0x00, 0x00, 0x00,
    0x00, 0x00, 0x00, 0x00, 0x00, 0x00, 0x00, 0x00, 0x00, 0x00,
};

const lv_image_dsc_t icon_hanzi = {
    .header.cf    = LV_COLOR_FORMAT_RGB565,
    .header.magic = LV_IMAGE_HEADER_MAGIC,
    .header.w     = 200,
    .header.h     = 200,
    .data_size    = 40000 * 2,
    .data         = icon_hanzi_map,
};
