#ifdef __has_include
#if __has_include("lvgl.h")
#ifndef LV_LVGL_H_INCLUDE_SIMPLE
#define LV_LVGL_H_INCLUDE_SIMPLE
#endif
#endif
#endif

#if defined(LV_LVGL_H_INCLUDE_SIMPLE)
#include "lvgl.h"
#else
#include "lvgl/lvgl.h"
#endif

#ifndef LV_ATTRIBUTE_MEM_ALIGN
#define LV_ATTRIBUTE_MEM_ALIGN
#endif

#ifndef LV_ATTRIBUTE_IMAGE_ICON_MATH
#define LV_ATTRIBUTE_IMAGE_ICON_MATH
#endif

/* Generated by tools/math_pipeline/make_icon_math.py -- do not edit. */

const LV_ATTRIBUTE_MEM_ALIGN LV_ATTRIBUTE_LARGE_CONST LV_ATTRIBUTE_IMAGE_ICON_MATH uint8_t icon_math_map[] = {
    0x00, 0x00, 0x00, 0x00, 0x00, 0x00, 0x00, 0x00, 0x00, 0x00, 0x00, 0x00, 0x00, 0x00, 0x00, 0x00, 0x00, 0x00, 0x00,
    0x00, 0x00, 0x00, 0x00, 0x00, 0x00, 0x00, 0x00, 0x00, 0x00, 0x00, 0x00, 0x00, 0x00, 0x00, 0x00, 0x00, 0x00, 0x00,
    0x00, 0x00, 0x00, 0x00, 0x00, 0x00, 0x00, 0x00, 0x00, 0x00, 0x00, 0x00, 0x00, 0x00, 0x00, 0x00, 0x00, 0x00, 0x00,
    0x00, 0x00, 0x00, 0x00, 0x00, 0x00, 0x00, 0x00, 0x00, 0x00, 0x00, 0x00, 0x00, 0x00, 0x00, 0x00, 0x00, 0x00, 0x00,
    0x00, 0x00, 0x00, 0x00, 0x00, 0x00, 0x00, 0x00, 0x00, 0x00, 0x00, 0x00, 0x00, 0x00, 0x00, 0x00, 0x00, 0x00, 0x00,
    0x00, 0x00, 0x00, 0x00, 0x00, 0x00, 0x00, 0x00, 0x00, 0x00, 0x00, 0x00, 0x00, 0x00, 0x00, 0x00, 0x00, 0x00, 0x00,
    0x00, 0x00, 0x00, 0x00, 0x00, 0x00, 0x00, 0x00, 0x00, 0x00, 0x00, 0x00, 0x00, 0x00, 0x00, 0x00, 0x00, 0x00, 0x00,
    0x00, 0x00, 0x00, 0x00, 0x00, 0x00, 0x00, 0x00, 0x00, 0x00, 0x00, 0x00, 0x00, 0x00, 0x00, 0x00, 0x00, 0x00, 0x00,
    0x00, 0x00, 0x00, 0x00, 0x00, 0x00, 0x00, 0x00, 0x00, 0x00, 0x00, 0x00, 0x00, 0x00, 0x00, 0x00, 0x00, 0x00, 0x00,
    0x00, 0x00, 0x00, 0x00, 0x00, 0x00, 0x00, 0x00, 0x00, 0x00, 0x00, 0x00, 0x00, 0x00, 0x00, 0x00, 0x00, 0x00, 0x00,
    0x00, 0x00, 0x00, 0x00, 0x00, 0x00, 0x00, 0x00, 0x00, 0x00, 0x00, 0x00, 0x00, 0x00, 0x00, 0x00, 0x00, 0x00, 0x00,
    0x00, 0x00, 0x00, 0x00, 0x00, 0x00, 0x00, 0x00, 0x00, 0x00, 0x00, 0x00, 0x00, 0x00, 0x00, 0x00, 0x00, 0x00, 0x00,
    0x00, 0x00, 0x00, 0x00, 0x00, 0x00, 0x00, 0x00, 0x00, 0x00, 0x00, 0x00, 0x00, 0x00, 0x00, 0x00, 0x00, 0x00, 0x00,
    0x00, 0x00, 0x00, 0x00, 0x00, 0x00, 0x00, 0x00, 0x00, 0x00, 0x00, 0x00, 0x00, 0x00, 0x00, 0x00, 0x00, 0x00, 0x00,
    0x00, 0x00, 0x00, 0x00, 0x00, 0x00, 0x00, 0x00, 0x00, 0x00, 0x00, 0x00, 0x00, 0x00, 0x00, 0x00, 0x00, 0x00, 0x00,
    0x00, 0x00, 0x00, 0x00, 0x00, 0x00, 0x00, 0x00, 0x00, 0x00, 0x00, 0x00, 0x00, 0x00, 0x00, 0x00, 0x00, 0x00, 0x00,
    0x00, 0x00, 0x00, 0x00, 0x00, 0x00, 0x00, 0x00, 0x00, 0x00, 0x00, 0x00, 0x00, 0x00, 0x00, 0x00, 0x00, 0x00, 0x00,
    0x00, 0x00, 0x00, 0x00, 0x00, 0x00, 0x00, 0x00, 0x00, 0x00, 0x00, 0x00, 0x00, 0x00, 0x00, 0x00, 0x00, 0x00, 0x00,
    0x00, 0x00, 0x00, 0x00, 0x00, 0x00, 0x00, 0x00, 0x00, 0x00, 0x00, 0x00, 0x00, 0x00, 0x00, 0x00, 0x00, 0x00, 0x00,
    0x00, 0x00, 0x00, 0x00, 0x00, 0x00, 0x00, 0x00, 0x00, 0x00, 0x00, 0x00, 0x00, 0x00, 0x00, 0x00, 0x00, 0x00, 0x00,
    0x00, 0x00, 0x00, 0x00, 0x00, 0x00, 0x00, 0x00, 0x00, 0x00, 0x00, 0x00, 0x00, 0x00, 0x00, 0x00, 0x00, 0x00, 0x00,
    0x00, 0x00, 0x00, 0x00, 0x00, 0x00, 0x00, 0x00, 0x00, 0x00, 0x00, 0x00, 0x00, 0x00, 0x00, 0x00, 0x00, 0x00, 0x00,
    0x00, 0x00, 0x00, 0x00, 0x00, 0x00, 0x00, 0x00, 0x00, 0x00, 0x00, 0x00, 0x00, 0x00, 0x00, 0x00, 0x00, 0x00, 0x00,
    0x00, 0x00, 0x00, 0x00, 0x00, 0x00, 0x00, 0x00, 0x00, 0x00, 0x00, 0x00, 0x00, 0x00, 0x00, 0x00, 0x00, 0x00, 0x00,
    0x00, 0x00, 0x00, 0x00, 0x00, 0x00, 0x00, 0x00, 0x00, 0x00, 0x00, 0x00, 0x00, 0x00, 0x00, 0x00, 0x00, 0x00, 0x00,
    0x00, 0x00, 0x00, 0x00, 0x00, 0x00, 0x00, 0x00, 0x00, 0x00, 0x00, 0x00, 0x00, 0x00, 0x00, 0x00, 0x00, 0x00, 0x00,
    0x00, 0x00, 0x00, 0x00, 0x00, 0x00, 0x00, 0x00, 0x00, 0x00, 0x00, 0x00, 0x00, 0x00, 0x00, 0x00, 0x00, 0x00, 0x00,
    0x00, 0x00, 0x00, 0x00, 0x00, 0x00, 0x00, 0x00, 0x00, 0x00, 0x00, 0x00, 0x00, 0x00, 0x00, 0x00, 0x00, 0x00, 0x00,
    0x00, 0x00, 0x00, 0x00, 0x00, 0x00, 0x00, 0x00, 0x00, 0x00, 0x00, 0x00, 0x00, 0x00, 0x00, 0x00, 0x00, 0x00, 0x00,
    0x00, 0x00, 0x00, 0x00, 0x00, 0x00, 0x00, 0x00, 0x00, 0x00, 0x00, 0x00, 0x00, 0x00, 0x00, 0x00, 0x00, 0x00, 0x00,
    0x00, 0x00, 0x00, 0x00, 0x00, 0x00, 0x00, 0x00, 0x00, 0x00, 0x00, 0x00, 0x00, 0x00, 0x00, 0x00, 0x00, 0x00, 0x00,
    0x00, 0x00, 0x00, 0x00, 0x00, 0x00, 0x00, 0x00, 0x00, 0x00, 0x00, 0x00, 0x00, 0x00, 0x00, 0x00, 0x00, 0x00, 0x00,
    0x00, 0x00, 0x00, 0x00, 0x00, 0x00, 0x00, 0x00, 0x00, 0x00, 0x00, 0x00, 0x00, 0x00, 0x00, 0x00, 0x00, 0x00, 0x00,
    0x00, 0x00, 0x00, 0x00, 0x00, 0x00, 0x00, 0x00, 0x00, 0x00, 0x00, 0x00, 0x00, 0x00, 0x00, 0x00, 0x00, 0x00, 0x00,
    0x00, 0x00, 0x00, 0x00, 0x00, 0x00, 0x00, 0x00, 0x00, 0x00, 0x00, 0x00, 0x00, 0x00, 0x00, 0x00, 0x00, 0x00, 0x00,
    0x00, 0x00, 0x00, 0x00, 0x00, 0x00, 0x00, 0x00, 0x00, 0x00, 0x00, 0x00, 0x00, 0x00, 0x00, 0x00, 0x00, 0x00, 0x00,
    0x00, 0x00, 0x00, 0x00, 0x00, 0x00, 0x00, 0x00, 0x00, 0x00, 0x00, 0x00, 0x00, 0x00, 0x00, 0x00, 0x00, 0x00, 0x00,
    0x00, 0x00, 0x00, 0x00, 0x00, 0x00, 0x00, 0x00, 0x00, 0x00, 0x00, 0x00, 0x00, 0x00, 0x00, 0x00, 0x00, 0x00, 0x00,
    0x00, 0x00, 0x00, 0x00, 0x00, 0x00, 0x00, 0x00, 0x00, 0x00, 0x00, 0x00, 0x00, 0x00, 0x00, 0x00, 0x00, 0x00, 0x00,
    0x00, 0x00, 0x00, 0x00, 0x00, 0x00, 0x00, 0x00, 0x00, 0x00, 0x00, 0x00, 0x00, 0x00, 0x00, 0x00, 0x00, 0x00, 0x00,
    0x00, 0x00, 0x00, 0x00, 0x00, 0x00, 0x00, 0x00, 0x00, 0x00, 0x00, 0x00, 0x00, 0x00, 0x00, 0x00, 0x00, 0x00, 0x00,
    0x00, 0x00, 0x00, 0x00, 0x00, 0x00, 0x00, 0x00, 0x00, 0x00, 0x00, 0x00, 0x00, 0x00, 0x00, 0x00, 0x00, 0x00, 0x00,
    0x00, 0x00, 0x00, 0x00, 0x00, 0x00, 0x00, 0x00, 0x00, 0x00, 0x00, 0x00, 0x00, 0x00, 0x00, 0x00, 0x00, 0x00, 0x00,
    0x00, 0x00, 0x00, 0x00, 0x00, 0x00, 0x00, 0x00, 0x00, 0x00, 0x00, 0x00, 0x00, 0x00, 0x00, 0x00, 0x00, 0x00, 0x00,
    0x00, 0x00, 0x00, 0x00, 0x00, 0x00, 0x00, 0x00, 0x00, 0x00, 0x00, 0x00, 0x00, 0x00, 0x00, 0x00, 0x00, 0x00, 0x00,
    0x00, 0x00, 0x00, 0x00, 0x00, 0x00, 0x00, 0x00, 0x00, 0x00, 0x00, 0x00, 0x00, 0x00, 0x00, 0x00, 0x00, 0x00, 0x00,
    0x00, 0x00, 0x00, 0x00, 0x00, 0x00, 0x00, 0x00, 0x00, 0x00, 0x00, 0x00, 0x00, 0x00, 0x00, 0x00, 0x00, 0x00, 0x00,
    0x00, 0x00, 0x00, 0x00, 0x00, 0x00, 0x00, 0x00, 0x00, 0x00, 0x00, 0x00, 0x00, 0x00, 0x00, 0x00, 0x00, 0x00, 0x00,
    0x00, 0x00, 0x00, 0x00, 0x00, 0x00, 0x00, 0x00, 0x00, 0x00, 0x00, 0x00, 0x00, 0x00, 0x00, 0x00, 0x00, 0x00, 0x00,
    0x00, 0x00, 0x00, 0x00, 0x00, 0x00, 0x00, 0x00, 0x00, 0x00, 0x00, 0x00, 0x00, 0x00, 0x00, 0x00, 0x00, 0x00, 0x00,
    0x00, 0x00, 0x00, 0x00, 0x00, 0x00, 0x00, 0x00, 0x00, 0x00, 0x00, 0x00, 0x00, 0x00, 0x00, 0x00, 0x00, 0x00, 0x00,
    0x00, 0x00, 0x00, 0x00, 0x00, 0x00, 0x00, 0x00, 0x00, 0x00, 0x00, 0x00, 0x00, 0x00, 0x00, 0x00, 0x00, 0x00, 0x00,
    0x00, 0x00, 0x00, 0x00, 0x00, 0x00, 0x00, 0x00, 0x00, 0x00, 0x00, 0x00, 0x00, 0x00, 0x00, 0x00, 0x00, 0x00, 0x00,
    0x00, 0x00, 0x00, 0x00, 0x00, 0x00, 0x00, 0x00, 0x00, 0x00, 0x00, 0x00, 0x00, 0x00, 0x00, 0x00, 0x00, 0x00, 0x00,
    0x00, 0x00, 0x00, 0x00, 0x00, 0x00, 0x00, 0x00, 0x00, 0x00, 0x00, 0x00, 0x00, 0x00, 0x00, 0x00, 0x00, 0x00, 0x00,
    0x00, 0x00, 0x00, 0x00, 0x00, 0x00, 0x00, 0x00, 0x00, 0x00, 0x00, 0x00, 0x00, 0x00, 0x00, 0x00, 0x00, 0x00, 0x00,
    0x00, 0x00, 0x00, 0x00, 0x00, 0x00, 0x00, 0x00, 0x00, 0x00, 0x00, 0x00, 0x00, 0x00, 0x00, 0x00, 0x00, 0x00, 0x00,
    0x00, 0x00, 0x00, 0x00, 0x00, 0x00, 0x00, 0x00, 0x00, 0x00, 0x00, 0x00, 0x00, 0x00, 0x00, 0x00, 0x00, 0x00, 0x00,
    0x00, 0x00, 0x00, 0x00, 0x00, 0x00, 0x00, 0x00, 0x00, 0x00, 0x00, 0x00, 0x00, 0x00, 0x00, 0x00, 0x00, 0x00, 0x00,
    0x00, 0x00, 0x00, 0x00, 0x00, 0x00, 0x00, 0x00, 0x00, 0x00, 0x00, 0x00, 0x00, 0x00, 0x00, 0x00, 0x00, 0x00, 0x00,
    0x00, 0x00, 0x00, 0x00, 0x00, 0x00, 0x00, 0x00, 0x00, 0x00, 0x00, 0x00, 0x00, 0x00, 0x00, 0x00, 0x00, 0x00, 0x00,
    0x00, 0x00, 0x00, 0x00, 0x00, 0x00, 0x00, 0x00, 0x00, 0x00, 0x00, 0x00, 0x00, 0x00, 0x00, 0x00, 0x00, 0x00, 0x00,
    0x00, 0x00, 0x00, 0x00, 0x00, 0x00, 0x00, 0x00, 0x00, 0x00, 0x00, 0x00, 0x00, 0x00, 0x00, 0x00, 0x00, 0x00, 0x00,
    0x00, 0x00, 0x00, 0x00, 0x00, 0x00, 0x00, 0x00, 0x00, 0x00, 0x00, 0x00, 0x00, 0x00, 0x00, 0x00, 0x00, 0x00, 0x00,
    0x00, 0x00, 0x00, 0x00, 0x00, 0x00, 0x00, 0x00, 0x00, 0x00, 0x00, 0x00, 0x00, 0x00, 0x00, 0x00, 0x00, 0x00, 0x00,
    0x00, 0x00, 0x00, 0x00, 0x00, 0x00, 0x00, 0x00, 0x00, 0x00, 0x00, 0x00, 0x00, 0x00, 0x00, 0x00, 0x00, 0x00, 0x00,
    0x00, 0x00, 0x00, 0x00, 0x00, 0x00, 0x00, 0x00, 0x00, 0x00, 0x00, 0x00, 0x00, 0x00, 0x00, 0x00, 0x00, 0x00, 0x00,
    0x00, 0x00, 0x00, 0x00, 0x00, 0x00, 0x00, 0x00, 0x00, 0x00, 0x00, 0x00, 0x00, 0x00, 0x00, 0x00, 0x00, 0x00, 0x00,
    0x00, 0x00, 0x00, 0x00, 0x00, 0x00, 0x00, 0x00, 0x00, 0x00, 0x00, 0x00, 0x00, 0x00, 0x00, 0x00, 0x00, 0x00, 0x00,
    0x00, 0x00, 0x00, 0x00, 0x00, 0x00, 0x00, 0x00, 0x00, 0x00, 0x00, 0x00, 0x00, 0x00, 0x00, 0x00, 0x00, 0x00, 0x00,
    0x00, 0x00, 0x00, 0x00, 0x00, 0x00, 0x00, 0x00, 0x00, 0x00, 0x00, 0x00, 0x00, 0x00, 0x00, 0x00, 0x00, 0x00, 0x00,
    0x00, 0x00, 0x00, 0x00, 0x00, 0x00, 0x00, 0x00, 0x00, 0x00, 0x00, 0x00, 0x00, 0x00, 0x00, 0x00, 0x00, 0x00, 0x00,
    0x00, 0x00, 0x00, 0x00, 0x00, 0x00, 0x00, 0x00, 0x00, 0x00, 0x00, 0x00, 0x00, 0x00, 0x00, 0x00, 0x00, 0x00, 0x00,
    0x00, 0x00, 0x00, 0x00, 0x00, 0x00, 0x00, 0x00, 0x00, 0x00, 0x00, 0x00, 0x00, 0x00, 0x00, 0x00, 0x00, 0x00, 0x00,
    0x00, 0x00, 0x00, 0x00, 0x00, 0x00, 0x00, 0x00, 0x00, 0x00, 0x00, 0x00, 0x00, 0x00, 0x00, 0x00, 0x00, 0x00, 0x00,
    0x00, 0x00, 0x00, 0x00, 0x00, 0x00, 0x00, 0x00, 0x00, 0x00, 0x00, 0x00, 0x00, 0x00, 0x00, 0x00, 0x00, 0x00, 0x00,
    0x00, 0x00, 0x00, 0x00, 0x00, 0x00, 0x00, 0x00, 0x00, 0x00, 0x00, 0x00, 0x00, 0x00, 0x00, 0x00, 0x00, 0x00, 0x00,
    0x00, 0x00, 0x00, 0x00, 0x00, 0x00, 0x00, 0x00, 0x00, 0x00, 0x00, 0x00, 0x00, 0x00, 0x00, 0x00, 0x00, 0x00, 0x00,
    0x00, 0x00, 0x00, 0x00, 0x00, 0x00, 0x00, 0x00, 0x00, 0x00, 0x00, 0x00, 0x00, 0x00, 0x00, 0x00, 0x00, 0x00, 0x00,
    0x00, 0x00, 0x00, 0x00, 0x00, 0x00, 0x00, 0x00, 0x00, 0x00, 0x00, 0x00, 0x00, 0x00, 0x00, 0x00, 0x00, 0x00, 0x00,
    0x00, 0x00, 0x00, 0x00, 0x00, 0x00, 0x00, 0x00, 0x00, 0x00, 0x00, 0x00, 0x00, 0x00, 0x00, 0x00, 0x00, 0x00, 0x00,
    0x00, 0x00, 0x00, 0x00, 0x00, 0x00, 0x00, 0x00, 0x00, 0x00, 0x00, 0x00, 0x00, 0x00, 0x00, 0x00, 0x00, 0x00, 0x00,
    0x00, 0x00, 0x00, 0x00, 0x00, 0x00, 0x00, 0x00, 0x00, 0x00, 0x00, 0x00, 0x00, 0x00, 0x00, 0x00, 0x00, 0x00, 0x00,
    0x00, 0x00, 0x00, 0x00, 0x00, 0x00, 0x00, 0x00, 0x00, 0x00, 0x00, 0x00, 0x00, 0x00, 0x00, 0x00, 0x00, 0x00, 0x00,
    0x00, 0x00, 0x00, 0x00, 0x00, 0x00, 0x00, 0x00, 0x00, 0x00, 0x00, 0x00, 0x00, 0x00, 0x00, 0x00, 0x00, 0x00, 0x00,
    0x00, 0x00, 0x00, 0x00, 0x00, 0x00, 0x00, 0x00, 0x00, 0x00, 0x00, 0x00, 0x00, 0x00, 0x00, 0x00, 0x00, 0x00, 0x00,
    0x00, 0x00, 0x00, 0x00, 0x00, 0x00, 0x00, 0x00, 0x00, 0x00, 0x00, 0x00, 0x00, 0x00, 0x00, 0x00, 0x00, 0x00, 0x00,
    0x00, 0x00, 0x00, 0x00, 0x00, 0x00, 0x00, 0x00, 0x00, 0x00, 0x00, 0x00, 0x00, 0x00, 0x00, 0x00, 0x00, 0x00, 0x00,
    0x00, 0x00, 0x00, 0x00, 0x00, 0x00, 0x00, 0x00, 0x00, 0x00, 0x00, 0x00, 0x00, 0x00, 0x00, 0x00, 0x00, 0x00, 0x00,
    0x00, 0x00, 0x00, 0x00, 0x00, 0x00, 0x00, 0x00, 0x00, 0x00, 0x00, 0x00, 0x00, 0x00, 0x00, 0x00, 0x00, 0x00, 0x00,
    0x00, 0x00, 0x00, 0x00, 0x00, 0x00, 0x00, 0x00, 0x00, 0x00, 0x00, 0x00, 0x00, 0x00, 0x00, 0x00, 0x00, 0x00, 0x00,
    0x00, 0x00, 0x00, 0x00, 0x00, 0x20, 0x00, 0x20, 0x00, 0x20, 0x00, 0x20, 0x00, 0x20, 0x00, 0x20, 0x00, 0x20, 0x00,
    0x20, 0x00, 0x20, 0x00, 0x20, 0x00, 0x20, 0x00, 0x20, 0x00, 0x20, 0x00, 0x20, 0x00, 0x20, 0x00, 0x21, 0x00, 0x21,
    0x00, 0x21, 0x00, 0x21, 0x00, 0x21, 0x00, 0x21, 0x00, 0x21, 0x00, 0x21, 0x00, 0x21, 0x00, 0x21, 0x00, 0x21, 0x00,
    0x21, 0x00, 0x21, 0x00, 0x21, 0x00, 0x21, 0x00, 0x21, 0x00, 0x21, 0x00, 0x21, 0x00, 0x21, 0x00, 0x21, 0x00, 0x21,
    0x00, 0x21, 0x00, 0x21, 0x00, 0x21, 0x00, 0x21, 0x00, 0x21, 0x00, 0x21, 0x00, 0x21, 0x00, 0x21, 0x00, 0x21, 0x00,
    0x21, 0x00, 0x21, 0x00, 0x21, 0x00, 0x21, 0x00, 0x21, 0x00, 0x21, 0x00, 0x20, 0x00, 0x20, 0x00, 0x20, 0x00, 0x20,
    0x00, 0x20, 0x00, 0x20, 0x00, 0x20, 0x00, 0x20, 0x00, 0x20, 0x00, 0x20, 0x00, 0x20, 0x00, 0x20, 0x00, 0x20, 0x00,
    0x20, 0x00, 0x20, 0x00, 0x00, 0x00, 0x00, 0x00, 0x00, 0x00, 0x00, 0x00, 0x00, 0x00, 0x00, 0x00, 0x00, 0x00, 0x00,
    0x00, 0x00, 0x00, 0x00, 0x00, 0x00, 0x00, 0x00, 0x00, 0x00, 0x00, 0x00, 0x00, 0x00, 0x00, 0x00, 0x00, 0x00, 0x00,
    0x00, 0x00, 0x00, 0x00, 0x00, 0x00, 0x00, 0x00, 0x00, 0x00, 0x00, 0x00, 0x00, 0x00, 0x00, 0x00, 0x00, 0x00, 0x00,
    0x00, 0x00, 0x00, 0x00, 0x00, 0x00, 0x00, 0x00, 0x00, 0x00, 0x00, 0x00, 0x00, 0x00, 0x00, 0x00, 0x00, 0x00, 0x00,
    0x00, 0x00, 0x00, 0x00, 0x00, 0x00, 0x00, 0x00, 0x00, 0x00, 0x00, 0x00, 0x00, 0x00, 0x00, 0x00, 0x00, 0x00, 0x00,
    0x00, 0x00, 0x00, 0x00, 0x00, 0x00, 0x00, 0x00, 0x00, 0x00, 0x00, 0x00, 0x00, 0x00, 0x00, 0x00, 0x00, 0x00, 0x00,
    0x00, 0x00, 0x00, 0x00, 0x00, 0x00, 0x00, 0x00, 0x00, 0x00, 0x00, 0x00, 0x00, 0x00, 0x00, 0x00, 0x00, 0x00, 0x00,
    0x00, 0x00, 0x00, 0x00, 0x00, 0x00, 0x00, 0x00, 0x00, 0x00, 0x00, 0x00, 0x00, 0x00, 0x00, 0x00, 0x00, 0x00, 0x00,
    0x00, 0x00, 0x00, 0x00, 0x00, 0x00, 0x00, 0x00, 0x00, 0x00, 0x00, 0x00, 0x00, 0x00, 0x00, 0x00, 0x00, 0x00, 0x00,
    0x00, 0x00, 0x00, 0x00, 0x00, 0x00, 0x00, 0x00, 0x00, 0x00, 0x00, 0x00, 0x00, 0x00, 0x00, 0x00, 0x00, 0x00, 0x00,
    0x00, 0x00, 0x00, 0x00, 0x00, 0x00, 0x00, 0x00, 0x00, 0x00, 0x00, 0x00, 0x00, 0x00, 0x00, 0x00, 0x00, 0x00, 0x00,
    0x00, 0x00, 0x00, 0x00, 0x00, 0x00, 0x00, 0x00, 0x00, 0x00, 0x00, 0x00, 0x00, 0x00, 0x00, 0x00, 0x00, 0x00, 0x00,
    0x00, 0x00, 0x00, 0x00, 0x00, 0x00, 0x00, 0x00, 0x00, 0x00, 0x00, 0x00, 0x00, 0x00, 0x00, 0x00, 0x00, 0x00, 0x00,
    0x00, 0x00, 0x00, 0x00, 0x00, 0x00, 0x00, 0x00, 0x00, 0x00, 0x00, 0x20, 0x00, 0x20, 0x00, 0x20, 0x00, 0x20, 0x00,
    0x21, 0x00, 0x21, 0x00, 0x21, 0x00, 0x21, 0x00, 0x21, 0x00, 0x21, 0x00, 0x21, 0x00, 0x21, 0x00, 0x21, 0x00, 0x21,
    0x00, 0x21, 0x00, 0x21, 0x00, 0x21, 0x00, 0x21, 0x00, 0x21, 0x00, 0x21, 0x00, 0x21, 0x00, 0x21, 0x00, 0x21, 0x00,
    0x21, 0x00, 0x21, 0x00, 0x21, 0x00, 0x21, 0x00, 0x21, 0x00, 0x21, 0x00, 0x21, 0x00, 0x21, 0x00, 0x21, 0x00, 0x21,
    0x00, 0x21, 0x00, 0x21, 0x00, 0x21, 0x00, 0x21, 0x00, 0x21, 0x00, 0x21, 0x00, 0x21, 0x00, 0x21, 0x00, 0x21, 0x00,
    0x21, 0x00, 0x21, 0x00, 0x21, 0x00, 0x21, 0x00, 0x21, 0x00, 0x21, 0x00, 0x21, 0x00, 0x21, 0x00, 0x21, 0x00, 0x21,
    0x00, 0x21, 0x00, 0x21, 0x00, 0x21, 0x00, 0x21, 0x00, 0x21, 0x00, 0x21, 0x00, 0x21, 0x00, 0x21, 0x00, 0x21, 0x00,
    0x21, 0x00, 0x21, 0x00, 0x21, 0x00, 0x21, 0x00, 0x21, 0x00, 0x21, 0x00, 0x21, 0x00, 0x21, 0x00, 0x21, 0x00, 0x21,
    0x00, 0x21, 0x00, 0x21, 0x00, 0x21, 0x00, 0x21, 0x00, 0x21, 0x00, 0x20, 0x00, 0x20, 0x00, 0x20, 0x00, 0x20, 0x00,
    0x00, 0x00, 0x00, 0x00, 0x00, 0x00, 0x00, 0x00, 0x00, 0x00, 0x00, 0x00, 0x00, 0x00, 0x00, 0x00, 0x00, 0x00, 0x00,
    0x00, 0x00, 0x00, 0x00, 0x00, 0x00, 0x00, 0x00, 0x00, 0x00, 0x00, 0x00, 0x00, 0x00, 0x00, 0x00, 0x00, 0x00, 0x00,
    0x00, 0x00, 0x00, 0x00, 0x00, 0x00, 0x00, 0x00, 0x00, 0x00, 0x00, 0x00, 0x00, 0x00, 0x00, 0x00, 0x00, 0x00, 0x00,
    0x00, 0x00, 0x00, 0x00, 0x00, 0x00, 0x00, 0x00, 0x00, 0x00, 0x00, 0x00, 0x00, 0x00, 0x00, 0x00, 0x00, 0x00, 0x00,
    0x00, 0x00, 0x00, 0x00, 0x00, 0x00, 0x00, 0x00, 0x00, 0x00, 0x00, 0x00, 0x00, 0x00, 0x00, 0x00, 0x00, 0x00, 0x00,
    0x00, 0x00, 0x00, 0x00, 0x00, 0x00, 0x00, 0x00, 0x00, 0x00, 0x00, 0x00, 0x00, 0x00, 0x00, 0x00, 0x00, 0x00, 0x00,
    0x00, 0x00, 0x00, 0x00, 0x00, 0x00, 0x00, 0x00, 0x00, 0x00, 0x00, 0x00, 0x00, 0x00, 0x00, 0x00, 0x00, 0x00, 0x00,
    0x00, 0x00, 0x00, 0x00, 0x00, 0x00, 0x00, 0x00, 0x00, 0x00, 0x00, 0x00, 0x00, 0x00, 0x00, 0x00, 0x00, 0x00, 0x00,
    0x00, 0x00, 0x00, 0x00, 0x00, 0x00, 0x00, 0x00, 0x00, 0x00, 0x00, 0x00, 0x00, 0x00, 0x00, 0x00, 0x00, 0x00, 0x00,
    0x00, 0x00, 0x00, 0x00, 0x00, 0x00, 0x00, 0x00, 0x00, 0x00, 0x00, 0x00, 0x00, 0x00, 0x00, 0x00, 0x00, 0x00, 0x00,
    0x00, 0x00, 0x00, 0x00, 0x00, 0x00, 0x00, 0x00, 0x00, 0x00, 0x00, 0x00, 0x00, 0x00, 0x00, 0x00, 0x00, 0x00, 0x00,
    0x00, 0x00, 0x00, 0x00, 0x00, 0x00, 0x00, 0x00, 0x00, 0x00, 0x00, 0x00, 0x00, 0x00, 0x00, 0x00, 0x00, 0x00, 0x00,
    0x20, 0x00, 0x20, 0x00, 0x20, 0x00, 0x20, 0x00, 0x21, 0x00, 0x21, 0x00, 0x21, 0x00, 0x21, 0x00, 0x21, 0x00, 0x21,
    0x00, 0x21, 0x00, 0x21, 0x00, 0x21, 0x00, 0x21, 0x00, 0x21, 0x00, 0x21, 0x00, 0x21, 0x00, 0x21, 0x00, 0x21, 0x00,
    0x21, 0x00, 0x21, 0x00, 0x21, 0x00, 0x21, 0x00, 0x21, 0x00, 0x21, 0x00, 0x21, 0x00, 0x21, 0x00, 0x21, 0x00, 0x21,
    0x00, 0x21, 0x00, 0x21, 0x00, 0x21, 0x00, 0x21, 0x00, 0x21, 0x00, 0x21, 0x00, 0x21, 0x00, 0x21, 0x00, 0x21, 0x00,
    0x21, 0x00, 0x21, 0x00, 0x21, 0x00, 0x21, 0x00, 0x21, 0x00, 0x21, 0x00, 0x21, 0x00, 0x21, 0x00, 0x21, 0x00, 0x21,
    0x00, 0x21, 0x00, 0x21, 0x00, 0x21, 0x00, 0x21, 0x00, 0x21, 0x00, 0x21, 0x00, 0x21, 0x00, 0x21, 0x00, 0x21, 0x00,
    0x21, 0x00, 0x21, 0x00, 0x21, 0x00, 0x21, 0x00, 0x21, 0x00, 0x21, 0x00, 0x21, 0x00, 0x21, 0x00, 0x21, 0x00, 0x21,
    0x00, 0x21, 0x00, 0x21, 0x00, 0x21, 0x00, 0x21, 0x00, 0x21, 0x00, 0x21, 0x00, 0x21, 0x00, 0x21, 0x00, 0x21, 0x00,
    0x21, 0x00, 0x21, 0x00, 0x21, 0x00, 0x21, 0x00, 0x21, 0x00, 0x21, 0x00, 0x21, 0x00, 0x21, 0x00, 0x21, 0x00, 0x21,
    0x00, 0x21, 0x00, 0x21, 0x00, 0x20, 0x00, 0x20, 0x00, 0x20, 0x00, 0x20, 0x00, 0x00, 0x00, 0x00, 0x00, 0x00, 0x00,
    0x00, 0x00, 0x00, 0x00, 0x00, 0x00, 0x00, 0x00, 0x00, 0x00, 0x00, 0x00, 0x00, 0x00, 0x00, 0x00, 0x00, 0x00, 0x00,
    0x00, 0x00, 0x00, 0x00, 0x00, 0x00, 0x00, 0x00, 0x00, 0x00, 0x00, 0x00, 0x00, 0x00, 0x00, 0x00, 0x00, 0x00, 0x00,
    0x00, 0x00, 0x00, 0x00, 0x00, 0x00, 0x00, 0x00, 0x00, 0x00, 0x00, 0x00, 0x00, 0x00, 0x00, 0x00, 0x00, 0x00, 0x00,
    0x00, 0x00, 0x00, 0x00, 0x00, 0x00, 0x00, 0x00, 0x00, 0x00, 0x00, 0x00, 0x00, 0x00, 0x00, 0x00, 0x00, 0x00, 0x00,
    0x00, 0x00, 0x00, 0x00, 0x00, 0x00, 0x00, 0x00, 0x00, 0x00, 0x00, 0x00, 0x00, 0x00, 0x00, 0x00, 0x00, 0x00, 0x00,
    0x00, 0x00, 0x00, 0x00, 0x00, 0x00, 0x00, 0x00, 0x00, 0x00, 0x00, 0x00, 0x00, 0x00, 0x00, 0x00, 0x00, 0x00, 0x00,
    0x00, 0x00, 0x00, 0x00, 0x00, 0x00, 0x00, 0x00, 0x00, 0x00, 0x00, 0x00, 0x00, 0x00, 0x00, 0x00, 0x00, 0x00, 0x00,
    0x00, 0x00, 0x00, 0x00, 0x00, 0x00, 0x00, 0x00, 0x00, 0x00, 0x00, 0x00, 0x00, 0x00, 0x00, 0x00, 0x00, 0x00, 0x00,
    0x00, 0x00, 0x00, 0x00, 0x00, 0x00, 0x00, 0x00, 0x00, 0x00, 0x00, 0x00, 0x00, 0x00, 0x00, 0x00, 0x00, 0x00, 0x00,
    0x00, 0x00, 0x00, 0x00, 0x00, 0x00, 0x00, 0x00, 0x00, 0x00, 0x00, 0x00, 0x00, 0x00, 0x00, 0x00, 0x00, 0x00, 0x00,
    0x00, 0x00, 0x00, 0x00, 0x00, 0x00, 0x00, 0x00, 0x00, 0x00, 0x00, 0x00, 0x20, 0x00, 0x20, 0x00, 0x20, 0x00, 0x20,
    0x00, 0x21, 0x00, 0x21, 0x00, 0x21, 0x00, 0x21, 0x00, 0x21, 0x00, 0x21, 0x00, 0x21, 0x00, 0x21, 0x00, 0x21, 0x00,
    0x21, 0x00, 0x21, 0x00, 0x21, 0x00, 0x21, 0x00, 0x21, 0x00, 0x21, 0x00, 0x21, 0x00, 0x21, 0x00, 0x21, 0x00, 0x21,
    0x00, 0x21, 0x00, 0x41, 0x00, 0x21, 0x00, 0x21, 0x00, 0x41, 0x00, 0x41, 0x00, 0x41, 0x00, 0x41, 0x00, 0x41, 0x00,
    0x41, 0x00, 0x41, 0x00, 0x41, 0x00, 0x41, 0x00, 0x41, 0x00, 0x41, 0x00, 0x41, 0x00, 0x41, 0x00, 0x41, 0x00, 0x41,
    0x00, 0x41, 0x00, 0x41, 0x00, 0x41, 0x00, 0x41, 0x00, 0x41, 0x00, 0x41, 0x00, 0x41, 0x00, 0x41, 0x00, 0x41, 0x00,
    0x41, 0x00, 0x41, 0x00, 0x41, 0x00, 0x41, 0x00, 0x41, 0x00, 0x41, 0x00, 0x41, 0x00, 0x41, 0x00, 0x41, 0x00, 0x41,
    0x00, 0x41, 0x00, 0x41, 0x00, 0x41, 0x00, 0x41, 0x00, 0x41, 0x00, 0x41, 0x00, 0x41, 0x00, 0x41, 0x00, 0x41, 0x00,
    0x41, 0x00, 0x41, 0x00, 0x41, 0x00, 0x21, 0x00, 0x21, 0x00, 0x41, 0x00, 0x21, 0x00, 0x21, 0x00, 0x21, 0x00, 0x21,
    0x00, 0x21, 0x00, 0x21, 0x00, 0x21, 0x00, 0x21, 0x00, 0x21, 0x00, 0x21, 0x00, 0x21, 0x00, 0x21, 0x00, 0x21, 0x00,
    0x21, 0x00, 0x21, 0x00, 0x21, 0x00, 0x21, 0x00, 0x21, 0x00, 0x21, 0x00, 0x21, 0x00, 0x20, 0x00, 0x20, 0x00, 0x20,
    0x00, 0x20, 0x00, 0x00, 0x00, 0x00, 0x00, 0x00, 0x00, 0x00, 0x00, 0x00, 0x00, 0x00, 0x00, 0x00, 0x00, 0x00, 0x00,
    0x00, 0x00, 0x00, 0x00, 0x00, 0x00, 0x00, 0x00, 0x00, 0x00, 0x00, 0x00, 0x00, 0x00, 0x00, 0x00, 0x00, 0x00, 0x00,
    0x00, 0x00, 0x00, 0x00, 0x00, 0x00, 0x00, 0x00, 0x00, 0x00, 0x00, 0x00, 0x00, 0x00, 0x00, 0x00, 0x00, 0x00, 0x00,
    0x00, 0x00, 0x00, 0x00, 0x00, 0x00, 0x00, 0x00, 0x00, 0x00, 0x00, 0x00, 0x00, 0x00, 0x00, 0x00, 0x00, 0x00, 0x00,
    0x00, 0x00, 0x00, 0x00, 0x00, 0x00, 0x00, 0x00, 0x00, 0x00, 0x00, 0x00, 0x00, 0x00, 0x00, 0x00, 0x00, 0x00, 0x00,
    0x00, 0x00, 0x00, 0x00, 0x00, 0x00, 0x00, 0x00, 0x00, 0x00, 0x00, 0x00, 0x00, 0x00, 0x00, 0x00, 0x00, 0x00, 0x00,
    0x00, 0x00, 0x00, 0x00, 0x00, 0x00, 0x00, 0x00, 0x00, 0x00, 0x00, 0x00, 0x00, 0x00, 0x00, 0x00, 0x00, 0x00, 0x00,
    0x00, 0x00, 0x00, 0x00, 0x00, 0x00, 0x00, 0x00, 0x00, 0x00, 0x00, 0x00, 0x00, 0x00, 0x00, 0x00, 0x00, 0x00, 0x00,
    0x00, 0x00, 0x00, 0x00, 0x00, 0x00, 0x00, 0x00, 0x00, 0x00, 0x00, 0x00, 0x00, 0x00, 0x00, 0x00, 0x00, 0x00, 0x00,
    0x00, 0x00, 0x00, 0x00, 0x00, 0x00, 0x00, 0x00, 0x00, 0x00, 0x00, 0x00, 0x00, 0x00, 0x00, 0x00, 0x00, 0x00, 0x00,
    0x00, 0x00, 0x00, 0x00, 0x00, 0x00, 0x00, 0x00, 0x00, 0x20, 0x00, 0x20, 0x00, 0x21, 0x00, 0x21, 0x00, 0x21, 0x00,
    0x21, 0x00, 0x21, 0x00, 0x21, 0x00, 0x21, 0x00, 0x21, 0x00, 0x21, 0x00, 0x21, 0x00, 0x21, 0x00, 0x21, 0x00, 0x21,
    0x00, 0x21, 0x00, 0x41, 0x00, 0x41, 0x00, 0x41, 0x00, 0x41, 0x00, 0x42, 0x00, 0x42, 0x00, 0x42, 0x00, 0x42, 0x00,
    0x42, 0x00, 0x42, 0x00, 0x42, 0x00, 0x42, 0x00, 0x42, 0x00, 0x42, 0x00, 0x42, 0x00, 0x42, 0x00, 0x42, 0x00, 0x42,
    0x00, 0x42, 0x00, 0x42, 0x00, 0x42, 0x00, 0x42, 0x00, 0x42, 0x00, 0x42, 0x00, 0x42, 0x00, 0x42, 0x00, 0x42, 0x00,
    0x42, 0x00, 0x42, 0x00, 0x42, 0x00, 0x42, 0x00, 0x42, 0x00, 0x42, 0x00, 0x42, 0x00, 0x42, 0x00, 0x42, 0x00, 0x42,
    0x00, 0x42, 0x00, 0x42, 0x00, 0x42, 0x00, 0x42, 0x00, 0x42, 0x00, 0x42, 0x00, 0x42, 0x00, 0x42, 0x00, 0x42, 0x00,
    0x42, 0x00, 0x42, 0x00, 0x42, 0x00, 0x42, 0x00, 0x42, 0x00, 0x42, 0x00, 0x42, 0x00, 0x42, 0x00, 0x42, 0x00, 0x42,
    0x00, 0x42, 0x00, 0x42, 0x00, 0x42, 0x00, 0x42, 0x00, 0x42, 0x00, 0x42, 0x00, 0x42, 0x00, 0x42, 0x00, 0x42, 0x00,
    0x42, 0x00, 0x42, 0x00, 0x42, 0x00, 0x41, 0x00, 0x41, 0x00, 0x41, 0x00, 0x41, 0x00, 0x21, 0x00, 0x21, 0x00, 0x21,
    0x00, 0x21, 0x00, 0x21, 0x00, 0x21, 0x00, 0x21, 0x00, 0x21, 0x00, 0x21, 0x00, 0x21, 0x00, 0x21, 0x00, 0x21, 0x00,
    0x21, 0x00, 0x21, 0x00, 0x20, 0x00, 0x20, 0x00, 0x00, 0x00, 0x00, 0x00, 0x00, 0x00, 0x00, 0x00, 0x00, 0x00, 0x00,
    0x00, 0x00, 0x00, 0x00, 0x00, 0x00, 0x00, 0x00, 0x00, 0x00, 0x00, 0x00, 0x00, 0x00, 0x00, 0x00, 0x00, 0x00, 0x00,
    0x00, 0x00, 0x00, 0x00, 0x00, 0x00, 0x00, 0x00, 0x00, 0x00, 0x00, 0x00, 0x00, 0x00, 0x00, 0x00, 0x00, 0x00, 0x00,
    0x00, 0x00, 0x00, 0x00, 0x00, 0x00, 0x00, 0x00, 0x00, 0x00, 0x00, 0x00, 0x00, 0x00, 0x00, 0x00, 0x00, 0x00, 0x00,
    0x00, 0x00, 0x00, 0x00, 0x00, 0x00, 0x00, 0x00, 0x00, 0x00, 0x00, 0x00, 0x00, 0x00, 0x00, 0x00, 0x00, 0x00, 0x00,
    0x00, 0x00, 0x00, 0x00, 0x00, 0x00, 0x00, 0x00, 0x00, 0x00, 0x00, 0x00, 0x00, 0x00, 0x00, 0x00, 0x00, 0x00, 0x00,
    0x00, 0x00, 0x00, 0x00, 0x00, 0x00, 0x00, 0x00, 0x00, 0x00, 0x00, 0x00, 0x00, 0x00, 0x00, 0x00, 0x00, 0x00, 0x00,
    0x00, 0x00, 0x00, 0x00, 0x00, 0x00, 0x00, 0x00, 0x00, 0x00, 0x00, 0x00, 0x00, 0x00, 0x00, 0x00, 0x00, 0x00, 0x00,
    0x00, 0x00, 0x00, 0x00, 0x00, 0x00, 0x00, 0x00, 0x00, 0x00, 0x00, 0x00, 0x00, 0x00, 0x00, 0x00, 0x00, 0x00, 0x00,
    0x00, 0x00, 0x00, 0x00, 0x00, 0x00, 0x00, 0x00, 0x00, 0x00, 0x00, 0x00, 0x00, 0x00, 0x00, 0x00, 0x00, 0x00, 0x00,
    0x00, 0x00, 0x00, 0x00, 0x00, 0x00, 0x20, 0x00, 0x21, 0x00, 0x21, 0x00, 0x21, 0x00, 0x21, 0x00, 0x21, 0x00, 0x21,
    0x00, 0x21, 0x00, 0x21, 0x00, 0x21, 0x00, 0x21, 0x00, 0x21, 0x00, 0x41, 0x00, 0x41, 0x00, 0x42, 0x00, 0x42, 0x00,
    0x42, 0x00, 0x42, 0x00, 0x42, 0x00, 0x42, 0x00, 0x42, 0x00, 0x42, 0x00, 0x42, 0x00, 0x42, 0x00, 0x42, 0x00, 0x42,
    0x00, 0x42, 0x00, 0x42, 0x00, 0x42, 0x00, 0x42, 0x00, 0x42, 0x00, 0x42, 0x00, 0x42, 0x00, 0x42, 0x00, 0x42, 0x00,
    0x42, 0x00, 0x42, 0x00, 0x42, 0x00, 0x42, 0x00, 0x42, 0x00, 0x42, 0x00, 0x42, 0x00, 0x42, 0x00, 0x42, 0x00, 0x42,
    0x00, 0x42, 0x00, 0x42, 0x00, 0x42, 0x00, 0x42, 0x00, 0x42, 0x00, 0x42, 0x00, 0x42, 0x00, 0x42, 0x00, 0x42, 0x00,
    0x42, 0x00, 0x42, 0x00, 0x42, 0x00, 0x42, 0x00, 0x42, 0x00, 0x42, 0x00, 0x42, 0x00, 0x42, 0x00, 0x42, 0x00, 0x42,
    0x00, 0x42, 0x00, 0x42, 0x00, 0x42, 0x00, 0x42, 0x00, 0x42, 0x00, 0x42, 0x00, 0x42, 0x00, 0x42, 0x00, 0x42, 0x00,
    0x42, 0x00, 0x42, 0x00, 0x42, 0x00, 0x42, 0x00, 0x42, 0x00, 0x42, 0x00, 0x42, 0x00, 0x42, 0x00, 0x42, 0x00, 0x42,
    0x00, 0x42, 0x00, 0x42, 0x00, 0x42, 0x00, 0x42, 0x00, 0x42, 0x00, 0x42, 0x00, 0x42, 0x00, 0x42, 0x00, 0x42, 0x00,
    0x42, 0x00, 0x42, 0x00, 0x41, 0x00, 0x41, 0x00, 0x21, 0x00, 0x21, 0x00, 0x21, 0x00, 0x21, 0x00, 0x21, 0x00, 0x21,
    0x00, 0x21, 0x00, 0x21, 0x00, 0x21, 0x00, 0x21, 0x00, 0x21, 0x00, 0x20, 0x00, 0x00, 0x00, 0x00, 0x00, 0x00, 0x00,
    0x00, 0x00, 0x00, 0x00, 0x00, 0x00, 0x00, 0x00, 0x00, 0x00, 0x00, 0x00, 0x00, 0x00, 0x00, 0x00, 0x00, 0x00, 0x00,
    0x00, 0x00, 0x00, 0x00, 0x00, 0x00, 0x00, 0x00, 0x00, 0x00, 0x00, 0x00, 0x00, 0x00, 0x00, 0x00, 0x00, 0x00, 0x00,
    0x00, 0x00, 0x00, 0x00, 0x00, 0x00, 0x00, 0x00, 0x00, 0x00, 0x00, 0x00, 0x00, 0x00, 0x00, 0x00, 0x00, 0x00, 0x00,
    0x00, 0x00, 0x00, 0x00, 0x00, 0x00, 0x00, 0x00, 0x00, 0x00, 0x00, 0x00, 0x00, 0x00, 0x00, 0x00, 0x00, 0x00, 0x00,
    0x00, 0x00, 0x00, 0x00, 0x00, 0x00, 0x00, 0x00, 0x00, 0x00, 0x00, 0x00, 0x00, 0x00, 0x00, 0x00, 0x00, 0x00, 0x00,
    0x00, 0x00, 0x00, 0x00, 0x00, 0x00, 0x00, 0x00, 0x00, 0x00, 0x00, 0x00, 0x00, 0x00, 0x00, 0x00, 0x00, 0x00, 0x00,
    0x00, 0x00, 0x00, 0x00, 0x00, 0x00, 0x00, 0x00, 0x00, 0x00, 0x00, 0x00, 0x00, 0x00, 0x00, 0x00, 0x00, 0x00, 0x00,
    0x00, 0x00, 0x00, 0x00, 0x00, 0x00, 0x00, 0x00, 0x00, 0x00, 0x00, 0x00, 0x00, 0x00, 0x00, 0x00, 0x00, 0x00, 0x00,
    0x00, 0x00, 0x00, 0x00, 0x00, 0x00, 0x00, 0x00, 0x00, 0x00, 0x00, 0x00, 0x00, 0x00, 0x00, 0x00, 0x00, 0x00, 0x20,
    0x00, 0x20, 0x00, 0x20, 0x00, 0x21, 0x00, 0x21, 0x00, 0x21, 0x00, 0x21, 0x00, 0x21, 0x00, 0x21, 0x00, 0x21, 0x00,
    0x21, 0x00, 0x21, 0x00, 0x41, 0x00, 0x42, 0x00, 0x42, 0x00, 0x42, 0x00, 0x42, 0x00, 0x42, 0x00, 0x42, 0x00, 0x42,
    0x00, 0x42, 0x00, 0x42, 0x00, 0x42, 0x00, 0x42, 0x00, 0x42, 0x00, 0x62, 0x00, 0x62, 0x00, 0x62, 0x00, 0x62, 0x00,
    0x62, 0x00, 0x62, 0x00, 0x63, 0x00, 0x63, 0x00, 0x63, 0x00, 0x63, 0x00, 0x63, 0x00, 0x63, 0x00, 0x63, 0x00, 0x63,
    0x00, 0x63, 0x00, 0x63, 0x00, 0x63, 0x00, 0x63, 0x00, 0x63, 0x00, 0x63, 0x00, 0x63, 0x00, 0x63, 0x00, 0x63, 0x00,
    0x63, 0x00, 0x63, 0x00, 0x63, 0x00, 0x63, 0x00, 0x63, 0x00, 0x63, 0x00, 0x63, 0x00, 0x63, 0x00, 0x63, 0x00, 0x63,
    0x00, 0x63, 0x00, 0x63, 0x00, 0x63, 0x00, 0x63, 0x00, 0x63, 0x00, 0x63, 0x00, 0x63, 0x00, 0x63, 0x00, 0x63, 0x00,
    0x63, 0x00, 0x63, 0x00, 0x63, 0x00, 0x63, 0x00, 0x63, 0x00, 0x63, 0x00, 0x63, 0x00, 0x63, 0x00, 0x63, 0x00, 0x63,
    0x00, 0x63, 0x00, 0x63, 0x00, 0x63, 0x00, 0x63, 0x00, 0x63, 0x00, 0x63, 0x00, 0x63, 0x00, 0x63, 0x00, 0x62, 0x00,
    0x62, 0x00, 0x62, 0x00, 0x62, 0x00, 0x62, 0x00, 0x62, 0x00, 0x42, 0x00, 0x42, 0x00, 0x42, 0x00, 0x42, 0x00, 0x42,
    0x00, 0x42, 0x00, 0x42, 0x00, 0x42, 0x00, 0x42, 0x00, 0x42, 0x00, 0x42, 0x00, 0x42, 0x00, 0x41, 0x00, 0x21, 0x00,
    0x21, 0x00, 0x21, 0x00, 0x21, 0x00, 0x21, 0x00, 0x21, 0x00, 0x21, 0x00, 0x21, 0x00, 0x21, 0x00, 0x20, 0x00, 0x20,
    0x00, 0x20, 0x00, 0x00, 0x00, 0x00, 0x00, 0x00, 0x00, 0x00, 0x00, 0x00, 0x00, 0x00, 0x00, 0x00, 0x00, 0x00, 0x00,
    0x00, 0x00, 0x00, 0x00, 0x00, 0x00, 0x00, 0x00, 0x00, 0x00, 0x00, 0x00, 0x00, 0x00, 0x00, 0x00, 0x00, 0x00, 0x00,
    0x00, 0x00, 0x00, 0x00, 0x00, 0x00, 0x00, 0x00, 0x00, 0x00, 0x00, 0x00, 0x00, 0x00, 0x00, 0x00, 0x00, 0x00, 0x00,
    0x00, 0x00, 0x00, 0x00, 0x00, 0x00, 0x00, 0x00, 0x00, 0x00, 0x00, 0x00, 0x00, 0x00, 0x00, 0x00, 0x00, 0x00, 0x00,
    0x00, 0x00, 0x00, 0x00, 0x00, 0x00, 0x00, 0x00, 0x00, 0x00, 0x00, 0x00, 0x00, 0x00, 0x00, 0x00, 0x00, 0x00, 0x00,
    0x00, 0x00, 0x00, 0x00, 0x00, 0x00, 0x00, 0x00, 0x00, 0x00, 0x00, 0x00, 0x00, 0x00, 0x00, 0x00, 0x00, 0x00, 0x00,
    0x00, 0x00, 0x00, 0x00, 0x00, 0x00, 0x00, 0x00, 0x00, 0x00, 0x00, 0x00, 0x00, 0x00, 0x00, 0x00, 0x00, 0x00, 0x00,
    0x00, 0x00, 0x00, 0x00, 0x00, 0x00, 0x00, 0x00, 0x00, 0x00, 0x00, 0x00, 0x00, 0x00, 0x00, 0x00, 0x00, 0x00, 0x00,
    0x00, 0x00, 0x00, 0x00, 0x00, 0x00, 0x00, 0x00, 0x00, 0x00, 0x00, 0x00, 0x00, 0x00, 0x00, 0x00, 0x00, 0x20, 0x00,
    0x21, 0x00, 0x21, 0x00, 0x21, 0x00, 0x21, 0x00, 0x21, 0x00, 0x21, 0x00, 0x21, 0x00, 0x21, 0x00, 0x21, 0x00, 0x41,
    0x00, 0x42, 0x00, 0x42, 0x00, 0x42, 0x00, 0x42, 0x00, 0x42, 0x00, 0x42, 0x00, 0x42, 0x00, 0x42, 0x00, 0x62, 0x00,
    0x62, 0x00, 0x62, 0x00, 0x63, 0x00, 0x63, 0x00, 0x63, 0x00, 0x63, 0x00, 0x63, 0x00, 0x63, 0x00, 0x63, 0x00, 0x63,
    0x00, 0x63, 0x00, 0x63, 0x00, 0x63, 0x00, 0x63, 0x00, 0x63, 0x00, 0x63, 0x00, 0x63, 0x00, 0x83, 0x00, 0x83, 0x00,
    0x83, 0x00, 0x83, 0x00, 0x83, 0x00, 0x83, 0x00, 0x83, 0x00, 0x83, 0x00, 0x83, 0x00, 0x83, 0x00, 0x83, 0x00, 0x83,
    0x00, 0x83, 0x00, 0x83, 0x00, 0x83, 0x00, 0x83, 0x00, 0x83, 0x00, 0x83, 0x00, 0x83, 0x00, 0x83, 0x00, 0x83, 0x00,
    0x83, 0x00, 0x83, 0x00, 0x83, 0x00, 0x83, 0x00, 0x83, 0x00, 0x83, 0x00, 0x83, 0x00, 0x83, 0x00, 0x83, 0x00, 0x83,
    0x00, 0x83, 0x00, 0x83, 0x00, 0x83, 0x00, 0x83, 0x00, 0x83, 0x00, 0x83, 0x00, 0x83, 0x00, 0x83, 0x00, 0x83, 0x00,
    0x83, 0x00, 0x83, 0x00, 0x83, 0x00, 0x83, 0x00, 0x63, 0x00, 0x63, 0x00, 0x63, 0x00, 0x63, 0x00, 0x63, 0x00, 0x63,
    0x00, 0x63, 0x00, 0x63, 0x00, 0x63, 0x00, 0x63, 0x00, 0x63, 0x00, 0x63, 0x00, 0x63, 0x00, 0x63, 0x00, 0x63, 0x00,
    0x62, 0x00, 0x62, 0x00, 0x62, 0x00, 0x42, 0x00, 0x42, 0x00, 0x42, 0x00, 0x42, 0x00, 0x42, 0x00, 0x42, 0x00, 0x42,
    0x00, 0x42, 0x00, 0x41, 0x00, 0x21, 0x00, 0x21, 0x00, 0x21, 0x00, 0x21, 0x00, 0x21, 0x00, 0x21, 0x00, 0x21, 0x00,
    0x21, 0x00, 0x21, 0x00, 0x20, 0x00, 0x00, 0x00, 0x00, 0x00, 0x00, 0x00, 0x00, 0x00, 0x00, 0x00, 0x00, 0x00, 0x00,
    0x00, 0x00, 0x00, 0x00, 0x00, 0x00, 0x00, 0x00, 0x00, 0x00, 0x00, 0x00, 0x00, 0x00, 0x00, 0x00, 0x00, 0x00, 0x00,
    0x00, 0x00, 0x00, 0x00, 0x00, 0x00, 0x00, 0x00, 0x00, 0x00, 0x00, 0x00, 0x00, 0x00, 0x00, 0x00, 0x00, 0x00, 0x00,
    0x00, 0x00, 0x00, 0x00, 0x00, 0x00, 0x00, 0x00, 0x00, 0x00, 0x00, 0x00, 0x00, 0x00, 0x00, 0x00, 0x00, 0x00, 0x00,
    0x00, 0x00, 0x00, 0x00, 0x00, 0x00, 0x00, 0x00, 0x00, 0x00, 0x00, 0x00, 0x00, 0x00, 0x00, 0x00, 0x00, 0x00, 0x00,
    0x00, 0x00, 0x00, 0x00, 0x00, 0x00, 0x00, 0x00, 0x00, 0x00, 0x00, 0x00, 0x00, 0x00, 0x00, 0x00, 0x00, 0x00, 0x00,
    0x00, 0x00, 0x00, 0x00, 0x00, 0x00, 0x00, 0x00, 0x00, 0x00, 0x00, 0x00, 0x00, 0x00, 0x00, 0x00, 0x00, 0x00, 0x00,
    0x00, 0x00, 0x00, 0x00, 0x00, 0x00, 0x00, 0x00, 0x00, 0x00, 0x00, 0x00, 0x00, 0x00, 0x00, 0x00, 0x00, 0x00, 0x00,
    0x00, 0x00, 0x00, 0x00, 0x00, 0x00, 0x00, 0x00, 0x00, 0x00, 0x00, 0x00, 0x00, 0x00, 0x20, 0x00, 0x21, 0x00, 0x21,
    0x00, 0x21, 0x00, 0x21, 0x00, 0x21, 0x00, 0x21, 0x00, 0x21, 0x00, 0x21, 0x00, 0x41, 0x00, 0x42, 0x00, 0x42, 0x00,
    0x42, 0x00, 0x42, 0x00, 0x42, 0x00, 0x42, 0x00, 0x42, 0x00, 0x62, 0x00, 0x62, 0x00, 0x63, 0x00, 0x63, 0x00, 0x63,
    0x00, 0x63, 0x00, 0x63, 0x00, 0x63, 0x00, 0x63, 0x00, 0x83, 0x00, 0x83, 0x00, 0x83, 0x00, 0x83, 0x00, 0x83, 0x00,
    0x83, 0x00, 0x83, 0x00, 0x84, 0x00, 0x84, 0x00, 0x84, 0x00, 0x84, 0x00, 0x84, 0x00, 0x84, 0x00, 0x84, 0x00, 0x84,
    0x00, 0x84, 0x00, 0x84, 0x00, 0x84, 0x00, 0x84, 0x00, 0x84, 0x00, 0x84, 0x00, 0x84, 0x00, 0x84, 0x00, 0x84, 0x00,
    0x84, 0x00, 0x84, 0x00, 0x84, 0x00, 0x84, 0x00, 0x84, 0x00, 0x84, 0x00, 0x84, 0x00, 0x84, 0x00, 0x84, 0x00, 0x84,
    0x00, 0x84, 0x00, 0x84, 0x00, 0x84, 0x00, 0x84, 0x00, 0x84, 0x00, 0x84, 0x00, 0x84, 0x00, 0x84, 0x00, 0x84, 0x00,
    0x84, 0x00, 0x84, 0x00, 0x84, 0x00, 0x84, 0x00, 0x84, 0x00, 0x84, 0x00, 0x84, 0x00, 0x84, 0x00, 0x84, 0x00, 0x84,
    0x00, 0x84, 0x00, 0x84, 0x00, 0x84, 0x00, 0x84, 0x00, 0x84, 0x00, 0x84, 0x00, 0x84, 0x00, 0x84, 0x00, 0x84, 0x00,
    0x84, 0x00, 0x83, 0x00, 0x83, 0x00, 0x83, 0x00, 0x83, 0x00, 0x83, 0x00, 0x83, 0x00, 0x83, 0x00, 0x63, 0x00, 0x63,
    0x00, 0x63, 0x00, 0x63, 0x00, 0x63, 0x00, 0x63, 0x00, 0x63, 0x00, 0x62, 0x00, 0x62, 0x00, 0x42, 0x00, 0x42, 0x00,
    0x42, 0x00, 0x42, 0x00, 0x42, 0x00, 0x42, 0x00, 0x42, 0x00, 0x41, 0x00, 0x21, 0x00, 0x21, 0x00, 0x21, 0x00, 0x21,
    0x00, 0x21, 0x00, 0x21, 0x00, 0x21, 0x00, 0x21, 0x00, 0x20, 0x00, 0x00, 0x00, 0x00, 0x00, 0x00, 0x00, 0x00, 0x00,
    0x00, 0x00, 0x00, 0x00, 0x00, 0x00, 0x00, 0x00, 0x00, 0x00, 0x00, 0x00, 0x00, 0x00, 0x00, 0x00, 0x00, 0x00, 0x00,
    0x00, 0x00, 0x00, 0x00, 0x00, 0x00, 0x00, 0x00, 0x00, 0x00, 0x00, 0x00, 0x00, 0x00, 0x00, 0x00, 0x00, 0x00, 0x00,
    0x00, 0x00, 0x00, 0x00, 0x00, 0x00, 0x00, 0x00, 0x00, 0x00, 0x00, 0x00, 0x00, 0x00, 0x00, 0x00, 0x00, 0x00, 0x00,
    0x00, 0x00, 0x00, 0x00, 0x00, 0x00, 0x00, 0x00, 0x00, 0x00, 0x00, 0x00, 0x00, 0x00, 0x00, 0x00, 0x00, 0x00, 0x00,
    0x00, 0x00, 0x00, 0x00, 0x00, 0x00, 0x00, 0x00, 0x00, 0x00, 0x00, 0x00, 0x00, 0x00, 0x00, 0x00, 0x00, 0x00, 0x00,
    0x00, 0x00, 0x00, 0x00, 0x00, 0x00, 0x00, 0x00, 0x00, 0x00, 0x00, 0x00, 0x00, 0x00, 0x00, 0x00, 0x00, 0x00, 0x00,
    0x00, 0x00, 0x00, 0x00, 0x00, 0x00, 0x00, 0x00, 0x00, 0x00, 0x00, 0x00, 0x00, 0x00, 0x00, 0x00, 0x00, 0x00, 0x00,
    0x00, 0x00, 0x00, 0x00, 0x00, 0x00, 0x00, 0x00, 0x00, 0x00, 0x00, 0x20, 0x00, 0x21, 0x00, 0x21, 0x00, 0x21, 0x00,
    0x21, 0x00, 0x21, 0x00, 0x21, 0x00, 0x21, 0x00, 0x21, 0x00, 0x41, 0x00, 0x42, 0x00, 0x42, 0x00, 0x42, 0x00, 0x42,
    0x00, 0x42, 0x00, 0x62, 0x00, 0x62, 0x00, 0x63, 0x00, 0x63, 0x00, 0x63, 0x00, 0x63, 0x00, 0x63, 0x00, 0x83, 0x00,
    0x83, 0x00, 0x83, 0x00, 0x83, 0x00, 0x84, 0x00, 0x84, 0x00, 0x84, 0x00, 0x84, 0x00, 0x84, 0x00, 0x84, 0x08, 0x84,
    0x00, 0x84, 0x00, 0xA4, 0x08, 0xA4, 0x08, 0xA4, 0x08, 0xA4, 0x08, 0xA4, 0x08, 0xA4, 0x08, 0xA4, 0x08, 0xA4, 0x08,
    0xA4, 0x08, 0xA4, 0x08, 0xA4, 0x08, 0xA4, 0x08, 0xA4, 0x08, 0xA4, 0x08, 0xA4, 0x08, 0xA4, 0x08, 0xA4, 0x08, 0xA4,
    0x08, 0xA4, 0x08, 0xA4, 0x08, 0xA4, 0x08, 0xA4, 0x08, 0xA4, 0x08, 0xA4, 0x08, 0xA4, 0x08, 0xA4, 0x08, 0xA4, 0x08,
    0xA4, 0x08, 0xA4, 0x08, 0xA4, 0x08, 0xA4, 0x08, 0xA4, 0x08, 0xA4, 0x08, 0xA4, 0x08, 0xA4, 0x08, 0xA4, 0x08, 0xA4,
    0x08, 0xA4, 0x08, 0xA4, 0x08, 0xA4, 0x08, 0xA4, 0x08, 0xA4, 0x08, 0xA4, 0x08, 0xA4, 0x08, 0xA4, 0x08, 0xA4, 0x08,
    0xA4, 0x08, 0xA4, 0x08, 0xA4, 0x08, 0xA4, 0x08, 0xA4, 0x08, 0xA4, 0x08, 0xA4, 0x08, 0xA4, 0x08, 0xA4, 0x08, 0xA4,
    0x08, 0xA4, 0x08, 0xA4, 0x08, 0x84, 0x00, 0x84, 0x00, 0x84, 0x08, 0x84, 0x00, 0x84, 0x00, 0x84, 0x00, 0x84, 0x00,
    0x84, 0x00, 0x83, 0x00, 0x83, 0x00, 0x83, 0x00, 0x83, 0x00, 0x63, 0x00, 0x63, 0x00, 0x63, 0x00, 0x63, 0x00, 0x63,
    0x00, 0x62, 0x00, 0x62, 0x00, 0x42, 0x00, 0x42, 0x00, 0x42, 0x00, 0x42, 0x00, 0x42, 0x00, 0x41, 0x00, 0x21, 0x00,
    0x21, 0x00, 0x21, 0x00, 0x21, 0x00, 0x21, 0x00, 0x21, 0x00, 0x21, 0x00, 0x21, 0x00, 0x20, 0x00, 0x00, 0x00, 0x00,
    0x00, 0x00, 0x00, 0x00, 0x00, 0x00, 0x00, 0x00, 0x00, 0x00, 0x00, 0x00, 0x00, 0x00, 0x00, 0x00, 0x00, 0x00, 0x00,
    0x00, 0x00, 0x00, 0x00, 0x00, 0x00, 0x00, 0x00, 0x00, 0x00, 0x00, 0x00, 0x00, 0x00, 0x00, 0x00, 0x00, 0x00, 0x00,
    0x00, 0x00, 0x00, 0x00, 0x00, 0x00, 0x00, 0x00, 0x00, 0x00, 0x00, 0x00, 0x00, 0x00, 0x00, 0x00, 0x00, 0x00, 0x00,
    0x00, 0x00, 0x00, 0x00, 0x00, 0x00, 0x00, 0x00, 0x00, 0x00, 0x00, 0x00, 0x00, 0x00, 0x00, 0x00, 0x00, 0x00, 0x00,
    0x00, 0x00, 0x00, 0x00, 0x00, 0x00, 0x00, 0x00, 0x00, 0x00, 0x00, 0x00, 0x00, 0x00, 0x00, 0x00, 0x00, 0x00, 0x00,
    0x00, 0x00, 0x00, 0x00, 0x00, 0x00, 0x00, 0x00, 0x00, 0x00, 0x00, 0x00, 0x00, 0x00, 0x00, 0x00, 0x00, 0x00, 0x00,
    0x00, 0x00, 0x00, 0x00, 0x00, 0x00, 0x00, 0x00, 0x00, 0x00, 0x00, 0x00, 0x00, 0x00, 0x00, 0x00, 0x00, 0x00, 0x00,
    0x00, 0x00, 0x00, 0x00, 0x00, 0x00, 0x00, 0x00, 0x00, 0x00, 0x20, 0x00, 0x21, 0x00, 0x21, 0x00, 0x21, 0x00, 0x21,
    0x00, 0x21, 0x00, 0x21, 0x00, 0x41, 0x00, 0x42, 0x00, 0x42, 0x00, 0x42, 0x00, 0x42, 0x00, 0x42, 0x00, 0x42, 0x00,
    0x62, 0x00, 0x63, 0x00, 0x63, 0x00, 0x63, 0x00, 0x63, 0x00, 0x83, 0x00, 0x83, 0x00, 0x83, 0x00, 0x84, 0x00, 0x84,
    0x00, 0x84, 0x00, 0x84, 0x00, 0x84, 0x00, 0xA4, 0x08, 0xA4, 0x08, 0xA4, 0x08, 0xA4, 0x08, 0xA4, 0x08, 0xA5, 0x08,
    0xA5, 0x08, 0xA5, 0x08, 0xA5, 0x08, 0xA5, 0x08, 0xA5, 0x08, 0xA5, 0x08, 0xA5, 0x08, 0xA5, 0x08, 0xA5, 0x08, 0xA5,
    0x08, 0xA5, 0x08, 0xA5, 0x08, 0xA5, 0x08, 0xC5, 0x08, 0xC5, 0x08, 0xC5, 0x08, 0xC5, 0x08, 0xC5, 0x08, 0xC5, 0x08,
    0xC5, 0x08, 0xC5, 0x08, 0xC5, 0x08, 0xC5, 0x08, 0xC5, 0x08, 0xC5, 0x08, 0xC5, 0x08, 0xC5, 0x08, 0xC5, 0x08, 0xC5,
    0x08, 0xC5, 0x08, 0xC5, 0x08, 0xC5, 0x08, 0xC5, 0x08, 0xC5, 0x08, 0xC5, 0x08, 0xC5, 0x08, 0xC5, 0x08, 0xC5, 0x08,
    0xC5, 0x08, 0xC5, 0x08, 0xC5, 0x08, 0xC5, 0x08, 0xC5, 0x08, 0xC5, 0x08, 0xC5, 0x08, 0xC5, 0x08, 0xC5, 0x08, 0xC5,
    0x08, 0xC5, 0x08, 0xA5, 0x08, 0xA5, 0x08, 0xA5, 0x08, 0xA5, 0x08, 0xA5, 0x08, 0xA5, 0x08, 0xA5, 0x08, 0xA5, 0x08,
    0xA5, 0x08, 0xA5, 0x08, 0xA5, 0x08, 0xA5, 0x08, 0xA5, 0x08, 0xA5, 0x08, 0xA4, 0x08, 0xA4, 0x08, 0xA4, 0x08, 0xA4,
    0x08, 0xA4, 0x08, 0x84, 0x00, 0x84, 0x00, 0x84, 0x00, 0x84, 0x00, 0x84, 0x00, 0x83, 0x00, 0x83, 0x00, 0x83, 0x00,
    0x63, 0x00, 0x63, 0x00, 0x63, 0x00, 0x63, 0x00, 0x62, 0x00, 0x42, 0x00, 0x42, 0x00, 0x42, 0x00, 0x42, 0x00, 0x42,
    0x00, 0x42, 0x00, 0x41, 0x00, 0x21, 0x00, 0x21, 0x00, 0x21, 0x00, 0x21, 0x00, 0x21, 0x00, 0x21, 0x00, 0x20, 0x00,
    0x00, 0x00, 0x00, 0x00, 0x00, 0x00, 0x00, 0x00, 0x00, 0x00, 0x00, 0x00, 0x00, 0x00, 0x00, 0x00, 0x00, 0x00, 0x00,
    0x00, 0x00, 0x00, 0x00, 0x00, 0x00, 0x00, 0x00, 0x00, 0x00, 0x00, 0x00, 0x00, 0x00, 0x00, 0x00, 0x00, 0x00, 0x00,
    0x00, 0x00, 0x00, 0x00, 0x00, 0x00, 0x00, 0x00, 0x00, 0x00, 0x00, 0x00, 0x00, 0x00, 0x00, 0x00, 0x00, 0x00, 0x00,
    0x00, 0x00, 0x00, 0x00, 0x00, 0x00, 0x00, 0x00, 0x00, 0x00, 0x00, 0x00, 0x00, 0x00, 0x00, 0x00, 0x00, 0x00, 0x00,
    0x00, 0x00, 0x00, 0x00, 0x00, 0x00, 0x00, 0x00, 0x00, 0x00, 0x00, 0x00, 0x00, 0x00, 0x00, 0x00, 0x00, 0x00, 0x00,
    0x00, 0x00, 0x00, 0x00, 0x00, 0x00, 0x00, 0x00, 0x00, 0x00, 0x00, 0x00, 0x00, 0x00, 0x00, 0x00, 0x00, 0x00, 0x00,
    0x00, 0x00, 0x00, 0x00, 0x00, 0x00, 0x00, 0x00, 0x00, 0x00, 0x00, 0x00, 0x00, 0x00, 0x00, 0x00, 0x00, 0x00, 0x00,
    0x00, 0x00, 0x00, 0x00, 0x00, 0x00, 0x00, 0x20, 0x00, 0x21, 0x00, 0x21, 0x00, 0x21, 0x00, 0x21, 0x00, 0x21, 0x00,
    0x21, 0x00, 0x41, 0x00, 0x42, 0x00, 0x42, 0x00, 0x42, 0x00, 0x42, 0x00, 0x42, 0x00, 0x62, 0x00, 0x63, 0x00, 0x63,
    0x00, 0x63, 0x00, 0x63, 0x00, 0x83, 0x00, 0x83, 0x00, 0x84, 0x00, 0x84, 0x00, 0x84, 0x00, 0x84, 0x08, 0xA4, 0x08,
    0xA4, 0x08, 0xA4, 0x08, 0xA5, 0x08, 0xA5, 0x08, 0xA5, 0x08, 0xA5, 0x08, 0xA5, 0x08, 0xC5, 0x08, 0xC5, 0x08, 0xC5,
    0x08, 0xC5, 0x08, 0xC5, 0x08, 0xC5, 0x08, 0xC5, 0x08, 0xC5, 0x08, 0xC5, 0x08, 0xC6, 0x08, 0xC6, 0x08, 0xC6, 0x08,
    0xC6, 0x08, 0xC6, 0x08, 0xC6, 0x08, 0xC6, 0x08, 0xC6, 0x08, 0xC6, 0x08, 0xC6, 0x08, 0xC6, 0x08, 0xC6, 0x08, 0xC6,
    0x08, 0xC6, 0x08, 0xC6, 0x08, 0xC6, 0x08, 0xC6, 0x08, 0xC6, 0x08, 0xC6, 0x08, 0xC6, 0x08, 0xC6, 0x08, 0xC6, 0x08,
    0xC6, 0x08, 0xC6, 0x08, 0xC6, 0x08, 0xC6, 0x08, 0xC6, 0x08, 0xC6, 0x08, 0xC6, 0x08, 0xC6, 0x08, 0xC6, 0x08, 0xC6,
    0x08, 0xC6, 0x08, 0xC6, 0x08, 0xC6, 0x08, 0xC6, 0x08, 0xC6, 0x08, 0xC6, 0x08, 0xC6, 0x08, 0xC6, 0x08, 0xC6, 0x08,
    0xC6, 0x08, 0xC6, 0x08, 0xC6, 0x08, 0xC6, 0x08, 0xC6, 0x08, 0xC6, 0x08, 0xC6, 0x08, 0xC6, 0x08, 0xC6, 0x08, 0xC5,
    0x08, 0xC5, 0x08, 0xC5, 0x08, 0xC5, 0x08, 0xC5, 0x08, 0xC5, 0x08, 0xC5, 0x08, 0xC5, 0x08, 0xC5, 0x08, 0xA5, 0x08,
    0xA5, 0x08, 0xA5, 0x08, 0xA5, 0x08, 0xA5, 0x08, 0xA4, 0x08, 0xA4, 0x08, 0xA4, 0x08, 0x84, 0x08, 0x84, 0x00, 0x84,
    0x00, 0x84, 0x00, 0x83, 0x00, 0x83, 0x00, 0x63, 0x00, 0x63, 0x00, 0x63, 0x00, 0x63, 0x00, 0x62, 0x00, 0x42, 0x00,
    0x42, 0x00, 0x42, 0x00, 0x42, 0x00, 0x42, 0x00, 0x41, 0x00, 0x21, 0x00, 0x21, 0x00, 0x21, 0x00, 0x21, 0x00, 0x21,
    0x00, 0x21, 0x00, 0x20, 0x00, 0x00, 0x00, 0x00, 0x00, 0x00, 0x00, 0x00, 0x00, 0x00, 0x00, 0x00, 0x00, 0x00, 0x00,
    0x00, 0x00, 0x00, 0x00, 0x00, 0x00, 0x00, 0x00, 0x00, 0x00, 0x00, 0x00, 0x00, 0x00, 0x00, 0x00, 0x00, 0x00, 0x00,
    0x00, 0x00, 0x00, 0x00, 0x00, 0x00, 0x00, 0x00, 0x00, 0x00, 0x00, 0x00, 0x00, 0x00, 0x00, 0x00, 0x00, 0x00, 0x00,
    0x00, 0x00, 0x00, 0x00, 0x00, 0x00, 0x00, 0x00, 0x00, 0x00, 0x00, 0x00, 0x00, 0x00, 0x00, 0x00, 0x00, 0x00, 0x00,
    0x00, 0x00, 0x00, 0x00, 0x00, 0x00, 0x00, 0x00, 0x00, 0x00, 0x00, 0x00, 0x00, 0x00, 0x00, 0x00, 0x00, 0x00, 0x00,
    0x00, 0x00, 0x00, 0x00, 0x00, 0x00, 0x00, 0x00, 0x00, 0x00, 0x00, 0x00, 0x00, 0x00, 0x00, 0x00, 0x00, 0x00, 0x00,
    0x00, 0x00, 0x00, 0x00, 0x00, 0x00, 0x00, 0x00, 0x00, 0x00, 0x00, 0x00, 0x00, 0x00, 0x00, 0x00, 0x00, 0x00, 0x00,
    0x00, 0x00, 0x00, 0x00, 0x20, 0x00, 0x21, 0x00, 0x21, 0x00, 0x21, 0x00, 0x21, 0x00, 0x21, 0x00, 0x21, 0x00, 0x21,
    0x00, 0x42, 0x00, 0x42, 0x00, 0x42, 0x00, 0x42, 0x00, 0x42, 0x00, 0x62, 0x00, 0x63, 0x00, 0x63, 0x00, 0x63, 0x00,
    0x83, 0x00, 0x83, 0x00, 0x84, 0x00, 0x84, 0x00, 0x84, 0x00, 0xA4, 0x08, 0xA4, 0x08, 0xA4, 0x08, 0xA5, 0x08, 0xA5,
    0x08, 0xA5, 0x08, 0xC5, 0x08, 0xC5, 0x08, 0xC5, 0x08, 0xC5, 0x08, 0xC6, 0x08, 0xC6, 0x08, 0xC6, 0x08, 0xC6, 0x08,
    0xE6, 0x08, 0xE6, 0x08, 0xE6, 0x08, 0xE6, 0x08, 0xE6, 0x08, 0xE6, 0x08, 0xE6, 0x08, 0xE6, 0x08, 0xE6, 0x08, 0xE6,
    0x08, 0xE6, 0x08, 0xE6, 0x08, 0xE6, 0x08, 0xE6, 0x08, 0xE6, 0x08, 0xE6, 0x08, 0xE6, 0x08, 0xE6, 0x08, 0xE6, 0x08,
    0xE6, 0x08, 0xE6, 0x08, 0xE6, 0x08, 0xE6, 0x08, 0xE6, 0x08, 0xE6, 0x08, 0xE6, 0x08, 0xE6, 0x08, 0xE6, 0x08, 0xE6,
    0x08, 0xE6, 0x08, 0xE6, 0x08, 0xE6, 0x08, 0xE6, 0x08, 0xE6, 0x08, 0xE6, 0x08, 0xE6, 0x08, 0xE6, 0x08, 0xE6, 0x08,
    0xE6, 0x08, 0xE6, 0x08, 0xE6, 0x08, 0xE6, 0x08, 0xE6, 0x08, 0xE6, 0x08, 0xE6, 0x08, 0xE6, 0x08, 0xE6, 0x08, 0xE6,
    0x08, 0xE6, 0x08, 0xE6, 0x08, 0xE6, 0x08, 0xE6, 0x08, 0xE6, 0x08, 0xE6, 0x08, 0xE6, 0x08, 0xE6, 0x08, 0xE6, 0x08,
    0xE6, 0x08, 0xE6, 0x08, 0xE6, 0x08, 0xE6, 0x08, 0xE6, 0x08, 0xE6, 0x08, 0xE6, 0x08, 0xC6, 0x08, 0xC6, 0x08, 0xC6,
    0x08, 0xC6, 0x08, 0xC5, 0x08, 0xC5, 0x08, 0xC5, 0x08, 0xC5, 0x08, 0xA5, 0x08, 0xA5, 0x08, 0xA5, 0x08, 0xA4, 0x08,
    0xA4, 0x08, 0xA4, 0x08, 0x84, 0x00, 0x84, 0x00, 0x84, 0x00, 0x83, 0x00, 0x83, 0x00, 0x63, 0x00, 0x63, 0x00, 0x63,
    0x00, 0x62, 0x00, 0x42, 0x00, 0x42, 0x00, 0x42, 0x00, 0x42, 0x00, 0x42, 0x00, 0x21, 0x00, 0x21, 0x00, 0x21, 0x00,
    0x21, 0x00, 0x21, 0x00, 0x21, 0x00, 0x21, 0x00, 0x20, 0x00, 0x00, 0x00, 0x00, 0x00, 0x00, 0x00, 0x00, 0x00, 0x00,
    0x00, 0x00, 0x00, 0x00, 0x00, 0x00, 0x00, 0x00, 0x00, 0x00, 0x00, 0x00, 0x00, 0x00, 0x00, 0x00, 0x00, 0x00, 0x00,
    0x00, 0x00, 0x00, 0x00, 0x00, 0x00, 0x00, 0x00, 0x00, 0x00, 0x00, 0x00, 0x00, 0x00, 0x00, 0x00, 0x00, 0x00, 0x00,
    0x00, 0x00, 0x00, 0x00, 0x00, 0x00, 0x00, 0x00, 0x00, 0x00, 0x00, 0x00, 0x00, 0x00, 0x00, 0x00, 0x00, 0x00, 0x00,
    0x00, 0x00, 0x00, 0x00, 0x00, 0x00, 0x00, 0x00, 0x00, 0x00, 0x00, 0x00, 0x00, 0x00, 0x00, 0x00, 0x00, 0x00, 0x00,
    0x00, 0x00, 0x00, 0x00, 0x00, 0x00, 0x00, 0x00, 0x00, 0x00, 0x00, 0x00, 0x00, 0x00, 0x00, 0x00, 0x00, 0x00, 0x00,
    0x00, 0x00, 0x00, 0x00, 0x00, 0x00, 0x00, 0x00, 0x00, 0x00, 0x00, 0x00, 0x00, 0x00, 0x00, 0x00, 0x00, 0x00, 0x00,
    0x00, 0x00, 0x00, 0x20, 0x00, 0x21, 0x00, 0x21, 0x00, 0x21, 0x00, 0x21, 0x00, 0x21, 0x00, 0x41, 0x00, 0x42, 0x00,
    0x42, 0x00, 0x42, 0x00, 0x42, 0x00, 0x42, 0x00, 0x62, 0x00, 0x63, 0x00, 0x63, 0x00, 0x83, 0x00, 0x83, 0x00, 0x83,
    0x00, 0x84, 0x00, 0x84, 0x00, 0xA4, 0x08, 0xA4, 0x08, 0xA5, 0x08, 0xA5, 0x08, 0xA5, 0x08, 0xC5, 0x08, 0xC5, 0x08,
    0xC5, 0x08, 0xC6, 0x08, 0xC6, 0x08, 0xE6, 0x08, 0xE6, 0x08, 0xE6, 0x08, 0xE6, 0x08, 0xE6, 0x08, 0xE6, 0x08, 0xE7,
    0x08, 0xE7, 0x08, 0xE7, 0x08, 0xE7, 0x08, 0x07, 0x09, 0x07, 0x09, 0x07, 0x09, 0x07, 0x09, 0x07, 0x09, 0x07, 0x09,
    0x07, 0x09, 0x07, 0x09, 0x07, 0x09, 0x07, 0x09, 0x07, 0x09, 0x07, 0x09, 0x07, 0x09, 0x07, 0x09, 0x07, 0x09, 0x07,
    0x09, 0x07, 0x09, 0x07, 0x09, 0x07, 0x09, 0x07, 0x09, 0x07, 0x09, 0x07, 0x09, 0x07, 0x09, 0x07, 0x09, 0x07, 0x09,
    0x07, 0x09, 0x07, 0x09, 0x07, 0x09, 0x07, 0x09, 0x07, 0x09, 0x07, 0x09, 0x07, 0x09, 0x07, 0x09, 0x07, 0x09, 0x07,
    0x09, 0x07, 0x09, 0x07, 0x09, 0x07, 0x09, 0x07, 0x09, 0x07, 0x09, 0x07, 0x09, 0x07, 0x09, 0x07, 0x09, 0x07, 0x09,
    0x07, 0x09, 0x07, 0x09, 0x07, 0x09, 0x07, 0x09, 0x07, 0x09, 0x07, 0x09, 0x07, 0x09, 0x07, 0x09, 0x07, 0x09, 0x07,
    0x09, 0x07, 0x09, 0x07, 0x09, 0x07, 0x09, 0x07, 0x09, 0xE7, 0x08, 0xE7, 0x08, 0xE7, 0x08, 0xE7, 0x08, 0xE6, 0x08,
    0xE6, 0x08, 0xE6, 0x08, 0xE6, 0x08, 0xE6, 0x08, 0xE6, 0x08, 0xC6, 0x08, 0xC6, 0x08, 0xC5, 0x08, 0xC5, 0x08, 0xC5,
    0x08, 0xA5, 0x08, 0xA5, 0x08, 0xA5, 0x08, 0xA4, 0x08, 0xA4, 0x08, 0x84, 0x00, 0x84, 0x00, 0x83, 0x00, 0x83, 0x00,
    0x83, 0x00, 0x63, 0x00, 0x63, 0x00, 0x62, 0x00, 0x42, 0x00, 0x42, 0x00, 0x42, 0x00, 0x42, 0x00, 0x42, 0x00, 0x41,
    0x00, 0x21, 0x00, 0x21, 0x00, 0x21, 0x00, 0x21, 0x00, 0x21, 0x00, 0x20, 0x00, 0x00, 0x00, 0x00, 0x00, 0x00, 0x00,
    0x00, 0x00, 0x00, 0x00, 0x00, 0x00, 0x00, 0x00, 0x00, 0x00, 0x00, 0x00, 0x00, 0x00, 0x00, 0x00, 0x00, 0x00, 0x00,
    0x00, 0x00, 0x00, 0x00, 0x00, 0x00, 0x00, 0x00, 0x00, 0x00, 0x00, 0x00, 0x00, 0x00, 0x00, 0x00, 0x00, 0x00, 0x00,
    0x00, 0x00, 0x00, 0x00, 0x00, 0x00, 0x00, 0x00, 0x00, 0x00, 0x00, 0x00, 0x00, 0x00, 0x00, 0x00, 0x00, 0x00, 0x00,
    0x00, 0x00, 0x00, 0x00, 0x00, 0x00, 0x00, 0x00, 0x00, 0x00, 0x00, 0x00, 0x00, 0x00, 0x00, 0x00, 0x00, 0x00, 0x00,
    0x00, 0x00, 0x00, 0x00, 0x00, 0x00, 0x00, 0x00, 0x00, 0x00, 0x00, 0x00, 0x00, 0x00, 0x00, 0x00, 0x00, 0x00, 0x00,
    0x00, 0x00, 0x00, 0x00, 0x00, 0x00, 0x00, 0x00, 0x00, 0x00, 0x00, 0x00, 0x00, 0x00, 0x00, 0x00, 0x00, 0x00, 0x00,
    0x00, 0x00, 0x20, 0x00, 0x21, 0x00, 0x21, 0x00, 0x21, 0x00, 0x21, 0x00, 0x21, 0x00, 0x41, 0x00, 0x42, 0x00, 0x42,
    0x00, 0x42, 0x00, 0x42, 0x00, 0x62, 0x00, 0x63, 0x00, 0x63, 0x00, 0x83, 0x00, 0x83, 0x00, 0x84, 0x00, 0x84, 0x00,
    0x84, 0x08, 0xA4, 0x08, 0xA5, 0x08, 0xA5, 0x08, 0xA5, 0x08, 0xC5, 0x08, 0xC5, 0x08, 0xC6, 0x08, 0xC6, 0x08, 0xE6,
    0x08, 0xE6, 0x08, 0xE6, 0x08, 0xE6, 0x08, 0xE7, 0x08, 0xE7, 0x08, 0x07, 0x09, 0x07, 0x09, 0x07, 0x09, 0x07, 0x09,
    0x07, 0x09, 0x07, 0x09, 0x08, 0x09, 0x28, 0x09, 0x28, 0x09, 0x28, 0x09, 0x28, 0x09, 0x28, 0x09, 0x28, 0x09, 0x28,
    0x09, 0x28, 0x09, 0x28, 0x09, 0x28, 0x09, 0x28, 0x09, 0x28, 0x09, 0x28, 0x09, 0x28, 0x11, 0x28, 0x11, 0x28, 0x11,
    0x28, 0x11, 0x28, 0x11, 0x28, 0x11, 0x28, 0x11, 0x28, 0x11, 0x28, 0x11, 0x28, 0x11, 0x28, 0x11, 0x28, 0x11, 0x28,
    0x11, 0x28, 0x11, 0x28, 0x11, 0x28, 0x11, 0x28, 0x11, 0x28, 0x11, 0x28, 0x11, 0x28, 0x11, 0x28, 0x11, 0x28, 0x11,
    0x28, 0x11, 0x28, 0x11, 0x28, 0x11, 0x28, 0x11, 0x28, 0x11, 0x28, 0x11, 0x28, 0x11, 0x28, 0x11, 0x28, 0x11, 0x28,
    0x11, 0x28, 0x11, 0x28, 0x11, 0x28, 0x09, 0x28, 0x09, 0x28, 0x09, 0x28, 0x09, 0x28, 0x09, 0x28, 0x09, 0x28, 0x09,
    0x28, 0x09, 0x28, 0x09, 0x28, 0x09, 0x28, 0x09, 0x28, 0x09, 0x28, 0x09, 0x08, 0x09, 0x07, 0x09, 0x07, 0x09, 0x07,
    0x09, 0x07, 0x09, 0x07, 0x09, 0x07, 0x09, 0xE7, 0x08, 0xE7, 0x08, 0xE6, 0x08, 0xE6, 0x08, 0xE6, 0x08, 0xE6, 0x08,
    0xC6, 0x08, 0xC6, 0x08, 0xC5, 0x08, 0xC5, 0x08, 0xA5, 0x08, 0xA5, 0x08, 0xA5, 0x08, 0xA4, 0x08, 0x84, 0x08, 0x84,
    0x00, 0x84, 0x00, 0x83, 0x00, 0x83, 0x00, 0x63, 0x00, 0x63, 0x00, 0x62, 0x00, 0x42, 0x00, 0x42, 0x00, 0x42, 0x00,
    0x42, 0x00, 0x41, 0x00, 0x21, 0x00, 0x21, 0x00, 0x21, 0x00, 0x21, 0x00, 0x21, 0x00, 0x20, 0x00, 0x00, 0x00, 0x00,
    0x00, 0x00, 0x00, 0x00, 0x00, 0x00, 0x00, 0x00, 0x00, 0x00, 0x00, 0x00, 0x00, 0x00, 0x00, 0x00, 0x00, 0x00, 0x00,
    0x00, 0x00, 0x00, 0x00, 0x00, 0x00, 0x00, 0x00, 0x00, 0x00, 0x00, 0x00, 0x00, 0x00, 0x00, 0x00, 0x00, 0x00, 0x00,
    0x00, 0x00, 0x00, 0x00, 0x00, 0x00, 0x00, 0x00, 0x00, 0x00, 0x00, 0x00, 0x00, 0x00, 0x00, 0x00, 0x00, 0x00, 0x00,
    0x00, 0x00, 0x00, 0x00, 0x00, 0x00, 0x00, 0x00, 0x00, 0x00, 0x00, 0x00, 0x00, 0x00, 0x00, 0x00, 0x00, 0x00, 0x00,
    0x00, 0x00, 0x00, 0x00, 0x00, 0x00, 0x00, 0x00, 0x00, 0x00, 0x00, 0x00, 0x00, 0x00, 0x00, 0x00, 0x00, 0x00, 0x00,
    0x00, 0x00, 0x00, 0x00, 0x00, 0x00, 0x00, 0x00, 0x00, 0x00, 0x00, 0x00, 0x00, 0x00, 0x00, 0x00, 0x00, 0x00, 0x00,
    0x00, 0x21, 0x00, 0x21, 0x00, 0x21, 0x00, 0x21, 0x00, 0x21, 0x00, 0x21, 0x00, 0x42, 0x00, 0x42, 0x00, 0x42, 0x00,
    0x42, 0x00, 0x62, 0x00, 0x63, 0x00, 0x63, 0x00, 0x83, 0x00, 0x83, 0x00, 0x84, 0x00, 0x84, 0x00, 0xA4, 0x08, 0xA4,
    0x08, 0xA5, 0x08, 0xA5, 0x08, 0xC5, 0x08, 0xC5, 0x08, 0xC6, 0x08, 0xC6, 0x08, 0xE6, 0x08, 0xE6, 0x08, 0xE6, 0x08,
    0xE7, 0x08, 0x07, 0x09, 0x07, 0x09, 0x07, 0x09, 0x07, 0x09, 0x08, 0x09, 0x28, 0x09, 0x28, 0x09, 0x28, 0x09, 0x28,
    0x11, 0x28, 0x11, 0x28, 0x11, 0x28, 0x11, 0x28, 0x11, 0x29, 0x11, 0x49, 0x11, 0x49, 0x11, 0x49, 0x11, 0x49, 0x11,
    0x49, 0x11, 0x49, 0x11, 0x49, 0x11, 0x49, 0x11, 0x49, 0x11, 0x49, 0x11, 0x49, 0x11, 0x49, 0x11, 0x49, 0x11, 0x49,
    0x11, 0x49, 0x11, 0x49, 0x11, 0x49, 0x11, 0x49, 0x11, 0x49, 0x11, 0x49, 0x11, 0x49, 0x11, 0x49, 0x11, 0x49, 0x11,
    0x49, 0x11, 0x49, 0x11, 0x49, 0x11, 0x49, 0x11, 0x49, 0x11, 0x49, 0x11, 0x49, 0x11, 0x49, 0x11, 0x49, 0x11, 0x49,
    0x11, 0x49, 0x11, 0x49, 0x11, 0x49, 0x11, 0x49, 0x11, 0x49, 0x11, 0x49, 0x11, 0x49, 0x11, 0x49, 0x11, 0x49, 0x11,
    0x49, 0x11, 0x49, 0x11, 0x49, 0x11, 0x49, 0x11, 0x49, 0x11, 0x49, 0x11, 0x49, 0x11, 0x49, 0x11, 0x49, 0x11, 0x49,
    0x11, 0x49, 0x11, 0x49, 0x11, 0x49, 0x11, 0x49, 0x11, 0x29, 0x11, 0x28, 0x11, 0x28, 0x11, 0x28, 0x11, 0x28, 0x11,
    0x28, 0x11, 0x28, 0x09, 0x28, 0x09, 0x28, 0x09, 0x08, 0x09, 0x07, 0x09, 0x07, 0x09, 0x07, 0x09, 0x07, 0x09, 0xE7,
    0x08, 0xE6, 0x08, 0xE6, 0x08, 0xE6, 0x08, 0xC6, 0x08, 0xC6, 0x08, 0xC5, 0x08, 0xC5, 0x08, 0xA5, 0x08, 0xA5, 0x08,
    0xA4, 0x08, 0xA4, 0x08, 0x84, 0x00, 0x84, 0x00, 0x83, 0x00, 0x83, 0x00, 0x63, 0x00, 0x63, 0x00, 0x62, 0x00, 0x42,
    0x00, 0x42, 0x00, 0x42, 0x00, 0x42, 0x00, 0x21, 0x00, 0x21, 0x00, 0x21, 0x00, 0x21, 0x00, 0x21, 0x00, 0x21, 0x00,
    0x00, 0x00, 0x00, 0x00, 0x00, 0x00, 0x00, 0x00, 0x00, 0x00, 0x00, 0x00, 0x00, 0x00, 0x00, 0x00, 0x00, 0x00, 0x00,
    0x00, 0x00, 0x00, 0x00, 0x00, 0x00, 0x00, 0x00, 0x00, 0x00, 0x00, 0x00, 0x00, 0x00, 0x00, 0x00, 0x00, 0x00, 0x00,
    0x00, 0x00, 0x00, 0x00, 0x00, 0x00, 0x00, 0x00, 0x00, 0x00, 0x00, 0x00, 0x00, 0x00, 0x00, 0x00, 0x00, 0x00, 0x00,
    0x00, 0x00, 0x00, 0x00, 0x00, 0x00, 0x00, 0x00, 0x00, 0x00, 0x00, 0x00, 0x00, 0x00, 0x00, 0x00, 0x00, 0x00, 0x00,
    0x00, 0x00, 0x00, 0x00, 0x00, 0x00, 0x00, 0x00, 0x00, 0x00, 0x00, 0x00, 0x00, 0x00, 0x00, 0x00, 0x00, 0x00, 0x00,
    0x00, 0x00, 0x00, 0x00, 0x00, 0x00, 0x00, 0x00, 0x00, 0x00, 0x00, 0x00, 0x00, 0x00, 0x00, 0x00, 0x00, 0x20, 0x00,
    0x21, 0x00, 0x21, 0x00, 0x21, 0x00, 0x21, 0x00, 0x21, 0x00, 0x41, 0x00, 0x42, 0x00, 0x42, 0x00, 0x42, 0x00, 0x42,
    0x00, 0x62, 0x00, 0x63, 0x00, 0x63, 0x00, 0x83, 0x00, 0x84, 0x00, 0x84, 0x00, 0xA4, 0x08, 0xA4, 0x08, 0xA5, 0x08,
    0xA5, 0x08, 0xC5, 0x08, 0xC5, 0x08, 0xC6, 0x08, 0xE6, 0x08, 0xE6, 0x08, 0xE7, 0x08, 0xE7, 0x08, 0x07, 0x09, 0x07,
    0x09, 0x07, 0x09, 0x28, 0x09, 0x28, 0x09, 0x28, 0x09, 0x28, 0x11, 0x28, 0x11, 0x29, 0x11, 0x49, 0x11, 0x49, 0x11,
    0x49, 0x11, 0x49, 0x11, 0x49, 0x11, 0x49, 0x11, 0x49, 0x11, 0x49, 0x11, 0x49, 0x11, 0x4A, 0x11, 0x6A, 0x11, 0x6A,
    0x11, 0x6A, 0x11, 0x6A, 0x11, 0x6A, 0x11, 0x6A, 0x11, 0x6A, 0x11, 0x6A, 0x11, 0x6A, 0x11, 0x6A, 0x11, 0x6A, 0x11,
    0x6A, 0x11, 0x6A, 0x11, 0x6A, 0x11, 0x6A, 0x11, 0x6A, 0x11, 0x6A, 0x11, 0x6A, 0x11, 0x6A, 0x11, 0x6A, 0x11, 0x6A,
    0x11, 0x6A, 0x11, 0x6A, 0x11, 0x6A, 0x11, 0x6A, 0x11, 0x6A, 0x11, 0x6A, 0x11, 0x6A, 0x11, 0x6A, 0x11, 0x6A, 0x11,
    0x6A, 0x11, 0x6A, 0x11, 0x6A, 0x11, 0x6A, 0x11, 0x6A, 0x11, 0x6A, 0x11, 0x6A, 0x11, 0x6A, 0x11, 0x6A, 0x11, 0x6A,
    0x11, 0x6A, 0x11, 0x6A, 0x11, 0x6A, 0x11, 0x6A, 0x11, 0x6A, 0x11, 0x6A, 0x11, 0x6A, 0x11, 0x6A, 0x11, 0x6A, 0x11,
    0x6A, 0x11, 0x6A, 0x11, 0x6A, 0x11, 0x4A, 0x11, 0x49, 0x11, 0x49, 0x11, 0x49, 0x11, 0x49, 0x11, 0x49, 0x11, 0x49,
    0x11, 0x49, 0x11, 0x49, 0x11, 0x49, 0x11, 0x29, 0x11, 0x28, 0x11, 0x28, 0x11, 0x28, 0x09, 0x28, 0x09, 0x28, 0x09,
    0x07, 0x09, 0x07, 0x09, 0x07, 0x09, 0xE7, 0x08, 0xE7, 0x08, 0xE6, 0x08, 0xE6, 0x08, 0xC6, 0x08, 0xC5, 0x08, 0xC5,
    0x08, 0xA5, 0x08, 0xA5, 0x08, 0xA4, 0x08, 0xA4, 0x08, 0x84, 0x00, 0x84, 0x00, 0x83, 0x00, 0x63, 0x00, 0x63, 0x00,
    0x62, 0x00, 0x42, 0x00, 0x42, 0x00, 0x42, 0x00, 0x42, 0x00, 0x41, 0x00, 0x21, 0x00, 0x21, 0x00, 0x21, 0x00, 0x21,
    0x00, 0x21, 0x00, 0x20, 0x00, 0x00, 0x00, 0x00, 0x00, 0x00, 0x00, 0x00, 0x00, 0x00, 0x00, 0x00, 0x00, 0x00, 0x00,
    0x00, 0x00, 0x00, 0x00, 0x00, 0x00, 0x00, 0x00, 0x00, 0x00, 0x00, 0x00, 0x00, 0x00, 0x00, 0x00, 0x00, 0x00, 0x00,
    0x00, 0x00, 0x00, 0x00, 0x00, 0x00, 0x00, 0x00, 0x00, 0x00, 0x00, 0x00, 0x00, 0x00, 0x00, 0x00, 0x00, 0x00, 0x00,
    0x00, 0x00, 0x00, 0x00, 0x00, 0x00, 0x00, 0x00, 0x00, 0x00, 0x00, 0x00, 0x00, 0x00, 0x00, 0x00, 0x00, 0x00, 0x00,
    0x00, 0x00, 0x00, 0x00, 0x00, 0x00, 0x00, 0x00, 0x00, 0x00, 0x00, 0x00, 0x00, 0x00, 0x00, 0x00, 0x00, 0x00, 0x00,
    0x00, 0x00, 0x00, 0x00, 0x00, 0x00, 0x00, 0x00, 0x00, 0x00, 0x00, 0x00, 0x00, 0x00, 0x00, 0x00, 0x20, 0x00, 0x21,
    0x00, 0x21, 0x00, 0x21, 0x00, 0x21, 0x00, 0x21, 0x00, 0x42, 0x00, 0x42, 0x00, 0x42, 0x00, 0x42, 0x00, 0x42, 0x00,
    0x63, 0x00, 0x63, 0x00, 0x83, 0x00, 0x83, 0x00, 0x84, 0x00, 0x84, 0x08, 0xA4, 0x08, 0xA5, 0x08, 0xA5, 0x08, 0xC5,
    0x08, 0xC6, 0x08, 0xE6, 0x08, 0xE6, 0x08, 0xE6, 0x08, 0xE7, 0x08, 0x07, 0x09, 0x07, 0x09, 0x08, 0x09, 0x28, 0x09,
    0x28, 0x09, 0x28, 0x11, 0x28, 0x11, 0x49, 0x11, 0x49, 0x11, 0x49, 0x11, 0x49, 0x11, 0x49, 0x11, 0x6A, 0x11, 0x6A,
    0x11, 0x6A, 0x11, 0x6A, 0x11, 0x6A, 0x11, 0x6A, 0x11, 0x6A, 0x11, 0x6A, 0x11, 0x8A, 0x11, 0x8B, 0x11, 0x8B, 0x11,
    0x8B, 0x11, 0x8B, 0x11, 0x8B, 0x11, 0x8B, 0x11, 0x8B, 0x11, 0x8B, 0x11, 0x8B, 0x11, 0x8B, 0x11, 0x8B, 0x11, 0x8B,
    0x11, 0x8B, 0x11, 0x8B, 0x11, 0x8B, 0x11, 0x8B, 0x11, 0x8B, 0x11, 0x8B, 0x11, 0x8B, 0x11, 0x8B, 0x11, 0x8B, 0x11,
    0x8B, 0x11, 0x8B, 0x11, 0x8B, 0x11, 0x8B, 0x11, 0x8B, 0x11, 0x8B, 0x11, 0x8B, 0x11, 0x8B, 0x11, 0x8B, 0x11, 0x8B,
    0x11, 0x8B, 0x11, 0x8B, 0x11, 0x8B, 0x11, 0x8B, 0x11, 0x8B, 0x11, 0x8B, 0x11, 0x8B, 0x11, 0x8B, 0x11, 0x8B, 0x11,
    0x8B, 0x11, 0x8B, 0x11, 0x8B, 0x11, 0x8B, 0x11, 0x8B, 0x11, 0x8B, 0x11, 0x8B, 0x11, 0x8B, 0x11, 0x8B, 0x11, 0x8B,
    0x11, 0x8B, 0x11, 0x8B, 0x11, 0x8B, 0x11, 0x8B, 0x11, 0x8A, 0x11, 0x6A, 0x11, 0x6A, 0x11, 0x6A, 0x11, 0x6A, 0x11,
    0x6A, 0x11, 0x6A, 0x11, 0x6A, 0x11, 0x6A, 0x11, 0x49, 0x11, 0x49, 0x11, 0x49, 0x11, 0x49, 0x11, 0x49, 0x11, 0x28,
    0x11, 0x28, 0x11, 0x28, 0x09, 0x28, 0x09, 0x08, 0x09, 0x07, 0x09, 0x07, 0x09, 0xE7, 0x08, 0xE6, 0x08, 0xE6, 0x08,
    0xE6, 0x08, 0xC6, 0x08, 0xC5, 0x08, 0xA5, 0x08, 0xA5, 0x08, 0xA4, 0x08, 0x84, 0x08, 0x84, 0x00, 0x83, 0x00, 0x83,
    0x00, 0x63, 0x00, 0x63, 0x00, 0x42, 0x00, 0x42, 0x00, 0x42, 0x00, 0x42, 0x00, 0x42, 0x00, 0x21, 0x00, 0x21, 0x00,
    0x21, 0x00, 0x21, 0x00, 0x21, 0x00, 0x20, 0x00, 0x00, 0x00, 0x00, 0x00, 0x00, 0x00, 0x00, 0x00, 0x00, 0x00, 0x00,
    0x00, 0x00, 0x00, 0x00, 0x00, 0x00, 0x00, 0x00, 0x00, 0x00, 0x00, 0x00, 0x00, 0x00, 0x00, 0x00, 0x00, 0x00, 0x00,
    0x00, 0x00, 0x00, 0x00, 0x00, 0x00, 0x00, 0x00, 0x00, 0x00, 0x00, 0x00, 0x00, 0x00, 0x00, 0x00, 0x00, 0x00, 0x00,
    0x00, 0x00, 0x00, 0x00, 0x00, 0x00, 0x00, 0x00, 0x00, 0x00, 0x00, 0x00, 0x00, 0x00, 0x00, 0x00, 0x00, 0x00, 0x00,
    0x00, 0x00, 0x00, 0x00, 0x00, 0x00, 0x00, 0x00, 0x00, 0x00, 0x00, 0x00, 0x00, 0x00, 0x00, 0x00, 0x00, 0x00, 0x00,
    0x00, 0x00, 0x00, 0x00, 0x00, 0x00, 0x00, 0x00, 0x00, 0x00, 0x00, 0x00, 0x00, 0x00, 0x00, 0x20, 0x00, 0x21, 0x00,
    0x21, 0x00, 0x21, 0x00, 0x21, 0x00, 0x21, 0x00, 0x42, 0x00, 0x42, 0x00, 0x42, 0x00, 0x42, 0x00, 0x62, 0x00, 0x63,
    0x00, 0x83, 0x00, 0x83, 0x00, 0x84, 0x00, 0x84, 0x08, 0xA4, 0x08, 0xA5, 0x08, 0xA5, 0x08, 0xC5, 0x08, 0xC6, 0x08,
    0xE6, 0x08, 0xE6, 0x08, 0xE7, 0x08, 0x07, 0x09, 0x07, 0x09, 0x07, 0x09, 0x28, 0x09, 0x28, 0x09, 0x28, 0x11, 0x29,
    0x11, 0x49, 0x11, 0x49, 0x11, 0x49, 0x11, 0x6A, 0x11, 0x6A, 0x11, 0x6A, 0x11, 0x8A, 0x11, 0x8B, 0x11, 0x8B, 0x11,
    0x8B, 0x11, 0x8B, 0x11, 0x6B, 0x11, 0x8B, 0x11, 0x8B, 0x11, 0x8B, 0x11, 0x8B, 0x11, 0x8B, 0x11, 0x8B, 0x11, 0x8B,
    0x11, 0x8B, 0x11, 0x8B, 0x11, 0x8B, 0x11, 0x8B, 0x11, 0x8B, 0x11, 0x8B, 0x11, 0x8B, 0x11, 0x8B, 0x11, 0x8B, 0x11,
    0x8B, 0x11, 0x8B, 0x11, 0x8B, 0x11, 0x8B, 0x11, 0x8B, 0x11, 0x8B, 0x11, 0x8B, 0x11, 0x8B, 0x11, 0x8B, 0x11, 0x8B,
    0x11, 0x8B, 0x11, 0x8B, 0x11, 0x8B, 0x11, 0x8B, 0x11, 0x8B, 0x11, 0x8B, 0x11, 0x8B, 0x11, 0x8B, 0x11, 0x8B, 0x11,
    0x8B, 0x11, 0x8B, 0x11, 0x8B, 0x11, 0x8B, 0x11, 0x8B, 0x11, 0x8B, 0x11, 0x8B, 0x11, 0x8B, 0x11, 0x8B, 0x11, 0x8B,
    0x11, 0x8B, 0x11, 0x8B, 0x11, 0x8B, 0x11, 0x8B, 0x11, 0x8B, 0x11, 0x8B, 0x11, 0x8B, 0x11, 0x8B, 0x11, 0x8B, 0x11,
    0x8B, 0x11, 0x8B, 0x11, 0x8B, 0x11, 0x8B, 0x11, 0x8B, 0x11, 0x8B, 0x11, 0x8B, 0x11, 0x8B, 0x11, 0x8B, 0x11, 0x8B,
    0x11, 0x6B, 0x11, 0x8B, 0x11, 0x8B, 0x11, 0x8B, 0x11, 0x8B, 0x11, 0x8A, 0x11, 0x6A, 0x11, 0x6A, 0x11, 0x6A, 0x11,
    0x49, 0x11, 0x49, 0x11, 0x49, 0x11, 0x29, 0x11, 0x28, 0x11, 0x28, 0x09, 0x28, 0x09, 0x07, 0x09, 0x07, 0x09, 0x07,
    0x09, 0xE7, 0x08, 0xE6, 0x08, 0xE6, 0x08, 0xC6, 0x08, 0xC5, 0x08, 0xA5, 0x08, 0xA5, 0x08, 0xA4, 0x08, 0x84, 0x08,
    0x84, 0x00, 0x83, 0x00, 0x83, 0x00, 0x63, 0x00, 0x62, 0x00, 0x42, 0x00, 0x42, 0x00, 0x42, 0x00, 0x42, 0x00, 0x21,
    0x00, 0x21, 0x00, 0x21, 0x00, 0x21, 0x00, 0x21, 0x00, 0x20, 0x00, 0x00, 0x00, 0x00, 0x00, 0x00, 0x00, 0x00, 0x00,
    0x00, 0x00, 0x00, 0x00, 0x00, 0x00, 0x00, 0x00, 0x00, 0x00, 0x00, 0x00, 0x00, 0x00, 0x00, 0x00, 0x00, 0x00, 0x00,
    0x00, 0x00, 0x00, 0x00, 0x00, 0x00, 0x00, 0x00, 0x00, 0x00, 0x00, 0x00, 0x00, 0x00, 0x00, 0x00, 0x00, 0x00, 0x00,
    0x00, 0x00, 0x00, 0x00, 0x00, 0x00, 0x00, 0x00, 0x00, 0x00, 0x00, 0x00, 0x00, 0x00, 0x00, 0x00, 0x00, 0x00, 0x00,
    0x00, 0x00, 0x00, 0x00, 0x00, 0x00, 0x00, 0x00, 0x00, 0x00, 0x00, 0x00, 0x00, 0x00, 0x00, 0x00, 0x00, 0x00, 0x00,
    0x00, 0x00, 0x00, 0x00, 0x00, 0x00, 0x00, 0x00, 0x00, 0x00, 0x00, 0x00, 0x00, 0x00, 0x20, 0x00, 0x21, 0x00, 0x21,
    0x00, 0x21, 0x00, 0x21, 0x00, 0x41, 0x00, 0x42, 0x00, 0x42, 0x00, 0x42, 0x00, 0x62, 0x00, 0x63, 0x00, 0x63, 0x00,
    0x83, 0x00, 0x83, 0x00, 0x84, 0x00, 0xA4, 0x08, 0xA4, 0x08, 0xA5, 0x08, 0xC5, 0x08, 0xC5, 0x08, 0xE6, 0x08, 0xE6,
    0x08, 0xE7, 0x08, 0x07, 0x09, 0x07, 0x09, 0x08, 0x09, 0x28, 0x09, 0x28, 0x11, 0x29, 0x11, 0x49, 0x11, 0x49, 0x11,
    0x49, 0x11, 0x6A, 0x11, 0x6A, 0x11, 0x8A, 0x11, 0x6A, 0x11, 0x6A, 0x11, 0x4A, 0x11, 0x4A, 0x11, 0x4A, 0x11, 0x6B,
    0x11, 0x6B, 0x11, 0xCC, 0x19, 0xED, 0x19, 0xED, 0x19, 0xED, 0x19, 0xED, 0x19, 0xED, 0x19, 0xED, 0x19, 0xED, 0x19,
    0x0E, 0x1A, 0x0E, 0x1A, 0x0E, 0x1A, 0x0E, 0x1A, 0x0E, 0x1A, 0x0E, 0x1A, 0x0E, 0x1A, 0x0E, 0x1A, 0x0E, 0x1A, 0x0E,
    0x1A, 0x0E, 0x1A, 0x0E, 0x1A, 0x0E, 0x1A, 0x0E, 0x1A, 0x0E, 0x1A, 0x0E, 0x1A, 0x0E, 0x1A, 0x0E, 0x1A, 0x0E, 0x1A,
    0x0E, 0x1A, 0x0E, 0x1A, 0x0E, 0x1A, 0x0E, 0x1A, 0x0E, 0x1A, 0x0E, 0x1A, 0x0E, 0x1A, 0x0E, 0x1A, 0x0E, 0x1A, 0x0E,
    0x1A, 0x0E, 0x1A, 0x0E, 0x1A, 0x0E, 0x1A, 0x0E, 0x1A, 0x0E, 0x1A, 0x0E, 0x1A, 0x0E, 0x1A, 0x0E, 0x1A, 0x0E, 0x1A,
    0x0E, 0x1A, 0x0E, 0x1A, 0x0E, 0x1A, 0x0E, 0x1A, 0x0E, 0x1A, 0x0E, 0x1A, 0x0E, 0x1A, 0x0E, 0x1A, 0x0E, 0x1A, 0x0E,
    0x1A, 0x0E, 0x1A, 0x0E, 0x1A, 0x0E, 0x1A, 0x0E, 0x1A, 0xED, 0x19, 0xED, 0x19, 0xED, 0x19, 0xED, 0x19, 0xED, 0x19,
    0xED, 0x19, 0xED, 0x19, 0xCC, 0x19, 0x6B, 0x11, 0x6B, 0x11, 0x4A, 0x11, 0x4A, 0x11, 0x4A, 0x11, 0x6A, 0x11, 0x6A,
    0x11, 0x8A, 0x11, 0x6A, 0x11, 0x6A, 0x11, 0x49, 0x11, 0x49, 0x11, 0x49, 0x11, 0x29, 0x11, 0x28, 0x11, 0x28, 0x09,
    0x08, 0x09, 0x07, 0x09, 0x07, 0x09, 0xE7, 0x08, 0xE6, 0x08, 0xE6, 0x08, 0xC5, 0x08, 0xC5, 0x08, 0xA5, 0x08, 0xA4,
    0x08, 0xA4, 0x08, 0x84, 0x00, 0x83, 0x00, 0x83, 0x00, 0x63, 0x00, 0x63, 0x00, 0x62, 0x00, 0x42, 0x00, 0x42, 0x00,
    0x42, 0x00, 0x41, 0x00, 0x21, 0x00, 0x21, 0x00, 0x21, 0x00, 0x21, 0x00, 0x20, 0x00, 0x00, 0x00, 0x00, 0x00, 0x00,
    0x00, 0x00, 0x00, 0x00, 0x00, 0x00, 0x00, 0x00, 0x00, 0x00, 0x00, 0x00, 0x00, 0x00, 0x00, 0x00, 0x00, 0x00, 0x00,
    0x00, 0x00, 0x00, 0x00, 0x00, 0x00, 0x00, 0x00, 0x00, 0x00, 0x00, 0x00, 0x00, 0x00, 0x00, 0x00, 0x00, 0x00, 0x00,
    0x00, 0x00, 0x00, 0x00, 0x00, 0x00, 0x00, 0x00, 0x00, 0x00, 0x00, 0x00, 0x00, 0x00, 0x00, 0x00, 0x00, 0x00, 0x00,
    0x00, 0x00, 0x00, 0x00, 0x00, 0x00, 0x00, 0x00, 0x00, 0x00, 0x00, 0x00, 0x00, 0x00, 0x00, 0x00, 0x00, 0x00, 0x00,
    0x00, 0x00, 0x00, 0x00, 0x00, 0x00, 0x00, 0x00, 0x00, 0x00, 0x00, 0x00, 0x00, 0x20, 0x00, 0x21, 0x00, 0x21, 0x00,
    0x21, 0x00, 0x21, 0x00, 0x41, 0x00, 0x42, 0x00, 0x42, 0x00, 0x42, 0x00, 0x62, 0x00, 0x63, 0x00, 0x63, 0x00, 0x83,
    0x00, 0x84, 0x00, 0x84, 0x08, 0xA4, 0x08, 0xA5, 0x08, 0xA5, 0x08, 0xC5, 0x08, 0xC6, 0x08, 0xE6, 0x08, 0xE6, 0x08,
    0x07, 0x09, 0x07, 0x09, 0x08, 0x09, 0x28, 0x09, 0x28, 0x11, 0x49, 0x11, 0x49, 0x11, 0x49, 0x11, 0x6A, 0x11, 0x6A,
    0x11, 0x8A, 0x11, 0x6A, 0x11, 0x4A, 0x11, 0x4A, 0x11, 0xAB, 0x11, 0x0E, 0x1A, 0xB1, 0x2A, 0x75, 0x33, 0xD7, 0x3B,
    0x9A, 0x44, 0x7A, 0x44, 0x1D, 0x4D, 0x5E, 0x55, 0x3E, 0x55, 0x5E, 0x55, 0x5E, 0x55, 0x5E, 0x55, 0x5E, 0x55, 0x5E,
    0x55, 0x5E, 0x55, 0x5E, 0x55, 0x5E, 0x55, 0x5E, 0x55, 0x5E, 0x55, 0x5E, 0x55, 0x5E, 0x55, 0x5E, 0x55, 0x5E, 0x55,
    0x5E, 0x55, 0x5E, 0x55, 0x5E, 0x55, 0x5E, 0x55, 0x5E, 0x55, 0x5E, 0x55, 0x5E, 0x55, 0x5E, 0x55, 0x5E, 0x55, 0x5E,
    0x55, 0x5E, 0x55, 0x5E, 0x55, 0x5E, 0x55, 0x5E, 0x55, 0x5E, 0x55, 0x5E, 0x55, 0x5E, 0x55, 0x5E, 0x55, 0x5E, 0x55,
    0x5E, 0x55, 0x5E, 0x55, 0x5E, 0x55, 0x5E, 0x55, 0x5E, 0x55, 0x5E, 0x55, 0x5E, 0x55, 0x5E, 0x55, 0x5E, 0x55, 0x5E,
    0x55, 0x5E, 0x55, 0x5E, 0x55, 0x5E, 0x55, 0x5E, 0x55, 0x5E, 0x55, 0x5E, 0x55, 0x5E, 0x55, 0x5E, 0x55, 0x5E, 0x55,
    0x5E, 0x55, 0x5E, 0x55, 0x5E, 0x55, 0x5E, 0x55, 0x5E, 0x55, 0x5E, 0x55, 0x5E, 0x55, 0x5E, 0x55, 0x5E, 0x55, 0x5E,
    0x55, 0x3E, 0x55, 0x5E, 0x55, 0x1D, 0x4D, 0x7A, 0x44, 0x9A, 0x44, 0xD7, 0x3B, 0x75, 0x33, 0xB1, 0x2A, 0x0E, 0x1A,
    0xAB, 0x11, 0x4A, 0x11, 0x4A, 0x11, 0x6A, 0x11, 0x8A, 0x11, 0x6A, 0x11, 0x6A, 0x11, 0x49, 0x11, 0x49, 0x11, 0x49,
    0x11, 0x28, 0x11, 0x28, 0x09, 0x08, 0x09, 0x07, 0x09, 0x07, 0x09, 0xE6, 0x08, 0xE6, 0x08, 0xC6, 0x08, 0xC5, 0x08,
    0xA5, 0x08, 0xA5, 0x08, 0xA4, 0x08, 0x84, 0x08, 0x84, 0x00, 0x83, 0x00, 0x63, 0x00, 0x63, 0x00, 0x62, 0x00, 0x42,
    0x00, 0x42, 0x00, 0x42, 0x00, 0x41, 0x00, 0x21, 0x00, 0x21, 0x00, 0x21, 0x00, 0x21, 0x00, 0x20, 0x00, 0x00, 0x00,
    0x00, 0x00, 0x00, 0x00, 0x00, 0x00, 0x00, 0x00, 0x00, 0x00, 0x00, 0x00, 0x00, 0x00, 0x00, 0x00, 0x00, 0x00, 0x00,
    0x00, 0x00, 0x00, 0x00, 0x00, 0x00, 0x00, 0x00, 0x00, 0x00, 0x00, 0x00, 0x00, 0x00, 0x00, 0x00, 0x00, 0x00, 0x00,
    0x00, 0x00, 0x00, 0x00, 0x00, 0x00, 0x00, 0x00, 0x00, 0x00, 0x00, 0x00, 0x00, 0x00, 0x00, 0x00, 0x00, 0x00, 0x00,
    0x00, 0x00, 0x00, 0x00, 0x00, 0x00, 0x00, 0x00, 0x00, 0x00, 0x00, 0x00, 0x00, 0x00, 0x00, 0x00, 0x00, 0x00, 0x00,
    0x00, 0x00, 0x00, 0x00, 0x00, 0x00, 0x00, 0x00, 0x00, 0x00, 0x00, 0x00, 0x20, 0x00, 0x21, 0x00, 0x21, 0x00, 0x21,
    0x00, 0x21, 0x00, 0x41, 0x00, 0x42, 0x00, 0x42, 0x00, 0x42, 0x00, 0x62, 0x00, 0x63, 0x00, 0x63, 0x00, 0x83, 0x00,
    0x84, 0x00, 0xA4, 0x08, 0xA4, 0x08, 0xA5, 0x08, 0xC5, 0x08, 0xC6, 0x08, 0xE6, 0x08, 0xE6, 0x08, 0xE7, 0x08, 0x07,
    0x09, 0x08, 0x09, 0x28, 0x09, 0x28, 0x11, 0x49, 0x11, 0x49, 0x11, 0x49, 0x11, 0x6A, 0x11, 0x8A, 0x11, 0x6A, 0x11,
    0x4A, 0x11, 0x6A, 0x11, 0xED, 0x19, 0x13, 0x2B, 0x18, 0x3C, 0xFC, 0x4C, 0x7F, 0x55, 0xBF, 0x5D, 0xDF, 0x5D, 0xBF,
    0x5D, 0xBF, 0x5D, 0xBF, 0x5D, 0x9F, 0x55, 0x9F, 0x55, 0x9F, 0x55, 0x9F, 0x55, 0x9F, 0x55, 0x9F, 0x55, 0x9F, 0x55,
    0x9F, 0x55, 0x9F, 0x55, 0x9F, 0x55, 0x9F, 0x55, 0x9F, 0x55, 0x9F, 0x55, 0x9F, 0x55, 0x9F, 0x55, 0x9F, 0x55, 0x9F,
    0x55, 0x9F, 0x55, 0x9F, 0x55, 0x9F, 0x55, 0x9F, 0x55, 0x9F, 0x55, 0x9F, 0x55, 0x9F, 0x55, 0x9F, 0x55, 0x9F, 0x55,
    0x9F, 0x55, 0x9F, 0x55, 0x9F, 0x55, 0x9F, 0x55, 0x9F, 0x55, 0x9F, 0x55, 0x9F, 0x55, 0x9F, 0x55, 0x9F, 0x55, 0x9F,
    0x55, 0x9F, 0x55, 0x9F, 0x55, 0x9F, 0x55, 0x9F, 0x55, 0x9F, 0x55, 0x9F, 0x55, 0x9F, 0x55, 0x9F, 0x55, 0x9F, 0x55,
    0x9F, 0x55, 0x9F, 0x55, 0x9F, 0x55, 0x9F, 0x55, 0x9F, 0x55, 0x9F, 0x55, 0x9F, 0x55, 0x9F, 0x55, 0x9F, 0x55, 0x9F,
    0x55, 0x9F, 0x55, 0x9F, 0x55, 0x9F, 0x55, 0x9F, 0x55, 0x9F, 0x55, 0x9F, 0x55, 0x9F, 0x55, 0x9F, 0x55, 0x9F, 0x55,
    0x9F, 0x55, 0x9F, 0x55, 0x9F, 0x55, 0x9F, 0x55, 0xBF, 0x5D, 0xBF, 0x5D, 0xBF, 0x5D, 0xDF, 0x5D, 0xBF, 0x5D, 0x7F,
    0x55, 0xFC, 0x4C, 0x18, 0x3C, 0x13, 0x2B, 0xED, 0x19, 0x6A, 0x11, 0x4A, 0x11, 0x6A, 0x11, 0x8A, 0x11, 0x6A, 0x11,
    0x49, 0x11, 0x49, 0x11, 0x49, 0x11, 0x28, 0x11, 0x28, 0x09, 0x08, 0x09, 0x07, 0x09, 0xE7, 0x08, 0xE6, 0x08, 0xE6,
    0x08, 0xC6, 0x08, 0xC5, 0x08, 0xA5, 0x08, 0xA4, 0x08, 0xA4, 0x08, 0x84, 0x00, 0x83, 0x00, 0x63, 0x00, 0x63, 0x00,
    0x62, 0x00, 0x42, 0x00, 0x42, 0x00, 0x42, 0x00, 0x41, 0x00, 0x21, 0x00, 0x21, 0x00, 0x21, 0x00, 0x21, 0x00, 0x20,
    0x00, 0x00, 0x00, 0x00, 0x00, 0x00, 0x00, 0x00, 0x00, 0x00, 0x00, 0x00, 0x00, 0x00, 0x00, 0x00, 0x00, 0x00, 0x00,
    0x00, 0x00, 0x00, 0x00, 0x00, 0x00, 0x00, 0x00, 0x00, 0x00, 0x00, 0x00, 0x00, 0x00, 0x00, 0x00, 0x00, 0x00, 0x00,
    0x00, 0x00, 0x00, 0x00, 0x00, 0x00, 0x00, 0x00, 0x00, 0x00, 0x00, 0x00, 0x00, 0x00, 0x00, 0x00, 0x00, 0x00, 0x00,
    0x00, 0x00, 0x00, 0x00, 0x00, 0x00, 0x00, 0x00, 0x00, 0x00, 0x00, 0x00, 0x00, 0x00, 0x00, 0x00, 0x00, 0x00, 0x00,
    0x00, 0x00, 0x00, 0x00, 0x00, 0x00, 0x00, 0x00, 0x00, 0x00, 0x00, 0x20, 0x00, 0x21, 0x00, 0x21, 0x00, 0x21, 0x00,
    0x21, 0x00, 0x41, 0x00, 0x42, 0x00, 0x42, 0x00, 0x42, 0x00, 0x62, 0x00, 0x63, 0x00, 0x83, 0x00, 0x83, 0x00, 0x84,
    0x00, 0xA4, 0x08, 0xA5, 0x08, 0xA5, 0x08, 0xC5, 0x08, 0xC6, 0x08, 0xE6, 0x08, 0xE7, 0x08, 0x07, 0x09, 0x07, 0x09,
    0x28, 0x09, 0x28, 0x11, 0x49, 0x11, 0x49, 0x11, 0x4A, 0x11, 0x6A, 0x11, 0x8A, 0x11, 0x4A, 0x11, 0x4A, 0x11, 0xED,
    0x19, 0x33, 0x2B, 0x9A, 0x44, 0x5E, 0x55, 0xBF, 0x5D, 0xBF, 0x5D, 0x9F, 0x55, 0x7F, 0x55, 0x7F, 0x55, 0x7F, 0x55,
    0x7F, 0x55, 0x7F, 0x55, 0x7F, 0x55, 0x7F, 0x55, 0x7F, 0x55, 0x7F, 0x55, 0x7F, 0x55, 0x7F, 0x55, 0x7F, 0x55, 0x7F,
    0x55, 0x7F, 0x55, 0x7F, 0x55, 0x7F, 0x55, 0x7F, 0x55, 0x7F, 0x55, 0x7F, 0x55, 0x7F, 0x55, 0x7F, 0x55, 0x7F, 0x55,
    0x7F, 0x55, 0x7F, 0x55, 0x7F, 0x55, 0x7F, 0x55, 0x7F, 0x55, 0x7F, 0x55, 0x7F, 0x55, 0x7F, 0x55, 0x7F, 0x55, 0x7F,
    0x55, 0x7F, 0x55, 0x7F, 0x55, 0x7F, 0x55, 0x7F, 0x55, 0x7F, 0x55, 0x7F, 0x55, 0x7F, 0x55, 0x7F, 0x55, 0x7F, 0x55,
    0x7F, 0x55, 0x7F, 0x55, 0x7F, 0x55, 0x7F, 0x55, 0x7F, 0x55, 0x7F, 0x55, 0x7F, 0x55, 0x7F, 0x55, 0x7F, 0x55, 0x7F,
    0x55, 0x7F, 0x55, 0x7F, 0x55, 0x7F, 0x55, 0x7F, 0x55, 0x7F, 0x55, 0x7F, 0x55, 0x7F, 0x55, 0x7F, 0x55, 0x7F, 0x55,
    0x7F, 0x55, 0x7F, 0x55, 0x7F, 0x55, 0x7F, 0x55, 0x7F, 0x55, 0x7F, 0x55, 0x7F, 0x55, 0x7F, 0x55, 0x7F, 0x55, 0x7F,
    0x55, 0x7F, 0x55, 0x7F, 0x55, 0x7F, 0x55, 0x7F, 0x55, 0x7F, 0x55, 0x7F, 0x55, 0x7F, 0x55, 0x7F, 0x55, 0x7F, 0x55,
    0x7F, 0x55, 0x9F, 0x55, 0xBF, 0x5D, 0xBF, 0x5D, 0x5E, 0x55, 0x9A, 0x44, 0x33, 0x2B, 0xED, 0x19, 0x4A, 0x11, 0x4A,
    0x11, 0x8A, 0x11, 0x6A, 0x11, 0x4A, 0x11, 0x49, 0x11, 0x49, 0x11, 0x28, 0x11, 0x28, 0x09, 0x07, 0x09, 0x07, 0x09,
    0xE7, 0x08, 0xE6, 0x08, 0xC6, 0x08, 0xC5, 0x08, 0xA5, 0x08, 0xA5, 0x08, 0xA4, 0x08, 0x84, 0x00, 0x83, 0x00, 0x83,
    0x00, 0x63, 0x00, 0x62, 0x00, 0x42, 0x00, 0x42, 0x00, 0x42, 0x00, 0x41, 0x00, 0x21, 0x00, 0x21, 0x00, 0x21, 0x00,
    0x21, 0x00, 0x20, 0x00, 0x00, 0x00, 0x00, 0x00, 0x00, 0x00, 0x00, 0x00, 0x00, 0x00, 0x00, 0x00, 0x00, 0x00, 0x00,
    0x00, 0x00, 0x00, 0x00, 0x00, 0x00, 0x00, 0x00, 0x00, 0x00, 0x00, 0x00, 0x00, 0x00, 0x00, 0x00, 0x00, 0x00, 0x00,
    0x00, 0x00, 0x00, 0x00, 0x00, 0x00, 0x00, 0x00, 0x00, 0x00, 0x00, 0x00, 0x00, 0x00, 0x00, 0x00, 0x00, 0x00, 0x00,
    0x00, 0x00, 0x00, 0x00, 0x00, 0x00, 0x00, 0x00, 0x00, 0x00, 0x00, 0x00, 0x00, 0x00, 0x00, 0x00, 0x00, 0x00, 0x00,
    0x00, 0x00, 0x00, 0x00, 0x00, 0x00, 0x00, 0x00, 0x00, 0x00, 0x20, 0x00, 0x21, 0x00, 0x21, 0x00, 0x21, 0x00, 0x21,
    0x00, 0x41, 0x00, 0x42, 0x00, 0x42, 0x00, 0x42, 0x00, 0x62, 0x00, 0x63, 0x00, 0x83, 0x00, 0x83, 0x00, 0x84, 0x00,
    0xA4, 0x08, 0xA5, 0x08, 0xC5, 0x08, 0xC5, 0x08, 0xE6, 0x08, 0xE6, 0x08, 0x07, 0x09, 0x07, 0x09, 0x28, 0x09, 0x28,
    0x11, 0x29, 0x11, 0x49, 0x11, 0x49, 0x11, 0x6A, 0x11, 0x8A, 0x11, 0x4A, 0x11, 0x6A, 0x11, 0x90, 0x22, 0x18, 0x3C,
    0x5E, 0x55, 0xBF, 0x5D, 0xBF, 0x5D, 0x7F, 0x55, 0x7F, 0x55, 0x7F, 0x55, 0x7F, 0x55, 0x7F, 0x55, 0x7F, 0x55, 0x7F,
    0x55, 0x7F, 0x55, 0x7F, 0x55, 0x7F, 0x55, 0x7F, 0x55, 0x7F, 0x55, 0x7F, 0x55, 0x7F, 0x55, 0x7F, 0x55, 0x7F, 0x55,
    0x7F, 0x55, 0x7F, 0x55, 0x7F, 0x55, 0x7F, 0x55, 0x7F, 0x55, 0x7F, 0x55, 0x7F, 0x55, 0x7F, 0x55, 0x7F, 0x55, 0x7F,
    0x55, 0x7F, 0x55, 0x7F, 0x55, 0x7F, 0x55, 0x7F, 0x55, 0x7F, 0x55, 0x7F, 0x55, 0x7F, 0x55, 0x7F, 0x55, 0x7F, 0x55,
    0x7F, 0x55, 0x7F, 0x55, 0x7F, 0x55, 0x7F, 0x55, 0x7F, 0x55, 0x7F, 0x55, 0x7F, 0x55, 0x7F, 0x55, 0x7F, 0x55, 0x7F,
    0x55, 0x7F, 0x55, 0x7F, 0x55, 0x7F, 0x55, 0x7F, 0x55, 0x7F, 0x55, 0x7F, 0x55, 0x7F, 0x55, 0x7F, 0x55, 0x7F, 0x55,
    0x7F, 0x55, 0x7F, 0x55, 0x7F, 0x55, 0x7F, 0x55, 0x7F, 0x55, 0x7F, 0x55, 0x7F, 0x55, 0x7F, 0x55, 0x7F, 0x55, 0x7F,
    0x55, 0x7F, 0x55, 0x7F, 0x55, 0x7F, 0x55, 0x7F, 0x55, 0x7F, 0x55, 0x7F, 0x55, 0x7F, 0x55, 0x7F, 0x55, 0x7F, 0x55,
    0x7F, 0x55, 0x7F, 0x55, 0x7F, 0x55, 0x7F, 0x55, 0x7F, 0x55, 0x7F, 0x55, 0x7F, 0x55, 0x7F, 0x55, 0x7F, 0x55, 0x7F,
    0x55, 0x7F, 0x55, 0x7F, 0x55, 0x7F, 0x55, 0x7F, 0x55, 0x7F, 0x55, 0xBF, 0x5D, 0xBF, 0x5D, 0x5E, 0x55, 0x18, 0x3C,
    0x90, 0x22, 0x6A, 0x11, 0x4A, 0x11, 0x8A, 0x11, 0x6A, 0x11, 0x49, 0x11, 0x49, 0x11, 0x29, 0x11, 0x28, 0x11, 0x28,
    0x09, 0x07, 0x09, 0x07, 0x09, 0xE6, 0x08, 0xE6, 0x08, 0xC5, 0x08, 0xC5, 0x08, 0xA5, 0x08, 0xA4, 0x08, 0x84, 0x00,
    0x83, 0x00, 0x83, 0x00, 0x63, 0x00, 0x62, 0x00, 0x42, 0x00, 0x42, 0x00, 0x42, 0x00, 0x41, 0x00, 0x21, 0x00, 0x21,
    0x00, 0x21, 0x00, 0x21, 0x00, 0x20, 0x00, 0x00, 0x00, 0x00, 0x00, 0x00, 0x00, 0x00, 0x00, 0x00, 0x00, 0x00, 0x00,
    0x00, 0x00, 0x00, 0x00, 0x00, 0x00, 0x00, 0x00, 0x00, 0x00, 0x00, 0x00, 0x00, 0x00, 0x00, 0x00, 0x00, 0x00, 0x00,
    0x00, 0x00, 0x00, 0x00, 0x00, 0x00, 0x00, 0x00, 0x00, 0x00, 0x00, 0x00, 0x00, 0x00, 0x00, 0x00, 0x00, 0x00, 0x00,
    0x00, 0x00, 0x00, 0x00, 0x00, 0x00, 0x00, 0x00, 0x00, 0x00, 0x00, 0x00, 0x00, 0x00, 0x00, 0x00, 0x00, 0x00, 0x00,
    0x00, 0x00, 0x00, 0x00, 0x00, 0x00, 0x00, 0x00, 0x00, 0x00, 0x00, 0x21, 0x00, 0x21, 0x00, 0x21, 0x00, 0x21, 0x00,
    0x41, 0x00, 0x42, 0x00, 0x42, 0x00, 0x42, 0x00, 0x62, 0x00, 0x63, 0x00, 0x83, 0x00, 0x84, 0x00, 0x84, 0x00, 0xA4,
    0x08, 0xA5, 0x08, 0xC5, 0x08, 0xC6, 0x08, 0xE6, 0x08, 0xE7, 0x08, 0x07, 0x09, 0x07, 0x09, 0x28, 0x09, 0x28, 0x11,
    0x49, 0x11, 0x49, 0x11, 0x6A, 0x11, 0x8A, 0x11, 0x4A, 0x11, 0x6A, 0x11, 0x90, 0x22, 0x7A, 0x44, 0x9F, 0x55, 0xBF,
    0x5D, 0x7F, 0x55, 0x5F, 0x55, 0x7F, 0x55, 0x7F, 0x55, 0x7F, 0x55, 0x7F, 0x55, 0x7F, 0x55, 0x7F, 0x55, 0x7F, 0x55,
    0x7F, 0x55, 0x7F, 0x55, 0x7F, 0x55, 0x7F, 0x55, 0x7F, 0x55, 0x7F, 0x55, 0x7F, 0x55, 0x7F, 0x55, 0x7F, 0x55, 0x7F,
    0x55, 0x7F, 0x55, 0x7F, 0x55, 0x7F, 0x55, 0x7F, 0x55, 0x7F, 0x55, 0x7F, 0x55, 0x7F, 0x55, 0x7F, 0x55, 0x7F, 0x55,
    0x7F, 0x55, 0x7F, 0x55, 0x7F, 0x55, 0x7F, 0x55, 0x7F, 0x55, 0x7F, 0x55, 0x7F, 0x55, 0x7F, 0x55, 0x7F, 0x55, 0x7F,
    0x55, 0x7F, 0x55, 0x7F, 0x55, 0x7F, 0x55, 0x7F, 0x55, 0x7F, 0x55, 0x7F, 0x55, 0x7F, 0x55, 0x7F, 0x55, 0x7F, 0x55,
    0x7F, 0x55, 0x7F, 0x55, 0x7F, 0x55, 0x7F, 0x55, 0x7F, 0x55, 0x7F, 0x55, 0x7F, 0x55, 0x7F, 0x55, 0x7F, 0x55, 0x7F,
    0x55, 0x7F, 0x55, 0x7F, 0x55, 0x7F, 0x55, 0x7F, 0x55, 0x7F, 0x55, 0x7F, 0x55, 0x7F, 0x55, 0x7F, 0x55, 0x7F, 0x55,
    0x7F, 0x55, 0x7F, 0x55, 0x7F, 0x55, 0x7F, 0x55, 0x7F, 0x55, 0x7F, 0x55, 0x7F, 0x55, 0x7F, 0x55, 0x7F, 0x55, 0x7F,
    0x55, 0x7F, 0x55, 0x7F, 0x55, 0x7F, 0x55, 0x7F, 0x55, 0x7F, 0x55, 0x7F, 0x55, 0x7F, 0x55, 0x7F, 0x55, 0x7F, 0x55,
    0x7F, 0x55, 0x7F, 0x55, 0x7F, 0x55, 0x7F, 0x55, 0x7F, 0x55, 0x7F, 0x55, 0x7F, 0x55, 0x5F, 0x55, 0x7F, 0x55, 0xBF,
    0x5D, 0x9F, 0x55, 0x7A, 0x44, 0x90, 0x22, 0x6A, 0x11, 0x4A, 0x11, 0x8A, 0x11, 0x6A, 0x11, 0x49, 0x11, 0x49, 0x11,
    0x28, 0x11, 0x28, 0x09, 0x07, 0x09, 0x07, 0x09, 0xE7, 0x08, 0xE6, 0x08, 0xC6, 0x08, 0xC5, 0x08, 0xA5, 0x08, 0xA4,
    0x08, 0x84, 0x00, 0x84, 0x00, 0x83, 0x00, 0x63, 0x00, 0x62, 0x00, 0x42, 0x00, 0x42, 0x00, 0x42, 0x00, 0x41, 0x00,
    0x21, 0x00, 0x21, 0x00, 0x21, 0x00, 0x21, 0x00, 0x00, 0x00, 0x00, 0x00, 0x00, 0x00, 0x00, 0x00, 0x00, 0x00, 0x00,
    0x00, 0x00, 0x00, 0x00, 0x00, 0x00, 0x00, 0x00, 0x00, 0x00, 0x00, 0x00, 0x00, 0x00, 0x00, 0x00, 0x00, 0x00, 0x00,
    0x00, 0x00, 0x00, 0x00, 0x00, 0x00, 0x00, 0x00, 0x00, 0x00, 0x00, 0x00, 0x00, 0x00, 0x00, 0x00, 0x00, 0x00, 0x00,
    0x00, 0x00, 0x00, 0x00, 0x00, 0x00, 0x00, 0x00, 0x00, 0x00, 0x00, 0x00, 0x00, 0x00, 0x00, 0x00, 0x00, 0x00, 0x00,
    0x00, 0x00, 0x00, 0x00, 0x00, 0x00, 0x00, 0x00, 0x00, 0x00, 0x20, 0x00, 0x21, 0x00, 0x21, 0x00, 0x21, 0x00, 0x21,
    0x00, 0x42, 0x00, 0x42, 0x00, 0x42, 0x00, 0x62, 0x00, 0x63, 0x00, 0x83, 0x00, 0x84, 0x00, 0x84, 0x00, 0xA4, 0x08,
    0xA5, 0x08, 0xC5, 0x08, 0xC6, 0x08, 0xE6, 0x08, 0xE7, 0x08, 0x07, 0x09, 0x08, 0x09, 0x28, 0x11, 0x29, 0x11, 0x49,
    0x11, 0x6A, 0x11, 0x8A, 0x11, 0x6A, 0x11, 0x6A, 0x11, 0x90, 0x22, 0x7A, 0x44, 0x9F, 0x55, 0x9F, 0x55, 0x7F, 0x55,
    0x5F, 0x55, 0x7F, 0x55, 0x7F, 0x55, 0x7F, 0x55, 0x7F, 0x55, 0x7F, 0x55, 0x7F, 0x55, 0x7F, 0x55, 0x7F, 0x55, 0x7F,
    0x55, 0x7F, 0x55, 0x7F, 0x55, 0x7F, 0x55, 0x7F, 0x55, 0x7F, 0x55, 0x7F, 0x55, 0x7F, 0x55, 0x7F, 0x55, 0x7F, 0x55,
    0x7F, 0x55, 0x7F, 0x55, 0x7F, 0x55, 0x7F, 0x55, 0x7F, 0x55, 0x7F, 0x55, 0x7F, 0x55, 0x7F, 0x55, 0x7F, 0x55, 0x7F,
    0x55, 0x7F, 0x55, 0x7F, 0x55, 0x7F, 0x55, 0x7F, 0x55, 0x7F, 0x55, 0x7F, 0x55, 0x7F, 0x55, 0x7F, 0x55, 0x7F, 0x55,
    0x7F, 0x55, 0x7F, 0x55, 0x7F, 0x55, 0x7F, 0x55, 0x7F, 0x55, 0x7F, 0x55, 0x7F, 0x55, 0x7F, 0x55, 0x7F, 0x55, 0x7F,
    0x55, 0x7F, 0x55, 0x7F, 0x55, 0x7F, 0x55, 0x7F, 0x55, 0x7F, 0x55, 0x7F, 0x55, 0x7F, 0x55, 0x7F, 0x55, 0x7F, 0x55,
    0x7F, 0x55, 0x7F, 0x55, 0x7F, 0x55, 0x7F, 0x55, 0x7F, 0x55, 0x7F, 0x55, 0x7F, 0x55, 0x7F, 0x55, 0x7F, 0x55, 0x7F,
    0x55, 0x7F, 0x55, 0x7F, 0x55, 0x7F, 0x55, 0x7F, 0x55, 0x7F, 0x55, 0x7F, 0x55, 0x7F, 0x55, 0x7F, 0x55, 0x7F, 0x55,
    0x7F, 0x55, 0x7F, 0x55, 0x7F, 0x55, 0x7F, 0x55, 0x7F, 0x55, 0x7F, 0x55, 0x7F, 0x55, 0x7F, 0x55, 0x7F, 0x55, 0x7F,
    0x55, 0x7F, 0x55, 0x7F, 0x55, 0x7F, 0x55, 0x7F, 0x55, 0x7F, 0x55, 0x7F, 0x55, 0x7F, 0x55, 0x7F, 0x55, 0x7F, 0x55,
    0x5F, 0x55, 0x7F, 0x55, 0x9F, 0x55, 0x9F, 0x55, 0x7A, 0x44, 0x90, 0x22, 0x6A, 0x11, 0x6A, 0x11, 0x8A, 0x11, 0x6A,
    0x11, 0x49, 0x11, 0x29, 0x11, 0x28, 0x11, 0x08, 0x09, 0x07, 0x09, 0xE7, 0x08, 0xE6, 0x08, 0xC6, 0x08, 0xC5, 0x08,
    0xA5, 0x08, 0xA4, 0x08, 0x84, 0x00, 0x84, 0x00, 0x83, 0x00, 0x63, 0x00, 0x62, 0x00, 0x42, 0x00, 0x42, 0x00, 0x42,
    0x00, 0x21, 0x00, 0x21, 0x00, 0x21, 0x00, 0x21, 0x00, 0x20, 0x00, 0x00, 0x00, 0x00, 0x00, 0x00, 0x00, 0x00, 0x00,
    0x00, 0x00, 0x00, 0x00, 0x00, 0x00, 0x00, 0x00, 0x00, 0x00, 0x00, 0x00, 0x00, 0x00, 0x00, 0x00, 0x00, 0x00, 0x00,
    0x00, 0x00, 0x00, 0x00, 0x00, 0x00, 0x00, 0x00, 0x00, 0x00, 0x00, 0x00, 0x00, 0x00, 0x00, 0x00, 0x00, 0x00, 0x00,
    0x00, 0x00, 0x00, 0x00, 0x00, 0x00, 0x00, 0x00, 0x00, 0x00, 0x00, 0x00, 0x00, 0x00, 0x00, 0x00, 0x00, 0x00, 0x00,
    0x00, 0x00, 0x00, 0x00, 0x00, 0x00, 0x00, 0x00, 0x00, 0x20, 0x00, 0x21, 0x00, 0x21, 0x00, 0x21, 0x00, 0x21, 0x00,
    0x42, 0x00, 0x42, 0x00, 0x42, 0x00, 0x62, 0x00, 0x63, 0x00, 0x83, 0x00, 0x84, 0x00, 0x84, 0x00, 0xA4, 0x08, 0xA5,
    0x08, 0xC5, 0x08, 0xC6, 0x08, 0xE6, 0x08, 0x07, 0x09, 0x07, 0x09, 0x28, 0x09, 0x28, 0x11, 0x49, 0x11, 0x49, 0x11,
    0x6A, 0x11, 0x8A, 0x11, 0x49, 0x11, 0x0E, 0x1A, 0x38, 0x3C, 0x9F, 0x55, 0x9F, 0x55, 0x5F, 0x55, 0x5F, 0x55, 0x7F,
    0x55, 0x7F, 0x55, 0x7F, 0x55, 0x7F, 0x55, 0x7F, 0x55, 0x7F, 0x55, 0x7F, 0x55, 0x7F, 0x55, 0x7F, 0x55, 0x7F, 0x55,
    0x7F, 0x55, 0x7F, 0x55, 0x7F, 0x55, 0x7F, 0x55, 0x7F, 0x55, 0x7F, 0x55, 0x7F, 0x55, 0x7F, 0x55, 0x7F, 0x55, 0x7F,
    0x55, 0x7F, 0x55, 0x7F, 0x55, 0x7F, 0x55, 0x7F, 0x55, 0x7F, 0x55, 0x7F, 0x55, 0x7F, 0x55, 0x7F, 0x55, 0x7F, 0x55,
    0x7F, 0x55, 0x7F, 0x55, 0x7F, 0x55, 0x7F, 0x55, 0x7F, 0x55, 0x7F, 0x55, 0x7F, 0x55, 0x7F, 0x55, 0x7F, 0x55, 0x7F,
    0x55, 0x7F, 0x55, 0x7F, 0x55, 0x7F, 0x55, 0x7F, 0x55, 0x7F, 0x55, 0x7F, 0x55, 0x7F, 0x55, 0x7F, 0x55, 0x7F, 0x55,
    0x7F, 0x55, 0x7F, 0x55, 0x7F, 0x55, 0x7F, 0x55, 0x7F, 0x55, 0x7F, 0x55, 0x7F, 0x55, 0x7F, 0x55, 0x7F, 0x55, 0x7F,
    0x55, 0x7F, 0x55, 0x7F, 0x55, 0x7F, 0x55, 0x7F, 0x55, 0x7F, 0x55, 0x7F, 0x55, 0x7F, 0x55, 0x7F, 0x55, 0x7F, 0x55,
    0x7F, 0x55, 0x7F, 0x55, 0x7F, 0x55, 0x7F, 0x55, 0x7F, 0x55, 0x7F, 0x55, 0x7F, 0x55, 0x7F, 0x55, 0x7F, 0x55, 0x7F,
    0x55, 0x7F, 0x55, 0x7F, 0x55, 0x7F, 0x55, 0x7F, 0x55, 0x7F, 0x55, 0x7F, 0x55, 0x7F, 0x55, 0x7F, 0x55, 0x7F, 0x55,
    0x7F, 0x55, 0x7F, 0x55, 0x7F, 0x55, 0x7F, 0x55, 0x7F, 0x55, 0x7F, 0x55, 0x7F, 0x55, 0x7F, 0x55, 0x7F, 0x55, 0x7F,
    0x55, 0x7F, 0x55, 0x7F, 0x55, 0x5F, 0x55, 0x5F, 0x55, 0x9F, 0x55, 0x9F, 0x55, 0x38, 0x3C, 0x0E, 0x1A, 0x49, 0x11,
    0x8A, 0x11, 0x6A, 0x11, 0x49, 0x11, 0x49, 0x11, 0x28, 0x11, 0x28, 0x09, 0x07, 0x09, 0x07, 0x09, 0xE6, 0x08, 0xC6,
    0x08, 0xC5, 0x08, 0xA5, 0x08, 0xA4, 0x08, 0x84, 0x00, 0x84, 0x00, 0x83, 0x00, 0x63, 0x00, 0x62, 0x00, 0x42, 0x00,
    0x42, 0x00, 0x42, 0x00, 0x21, 0x00, 0x21, 0x00, 0x21, 0x00, 0x21, 0x00, 0x20, 0x00, 0x00, 0x00, 0x00, 0x00, 0x00,
    0x00, 0x00, 0x00, 0x00, 0x00, 0x00, 0x00, 0x00, 0x00, 0x00, 0x00, 0x00, 0x00, 0x00, 0x00, 0x00, 0x00, 0x00, 0x00,
    0x00, 0x00, 0x00, 0x00, 0x00, 0x00, 0x00, 0x00, 0x00, 0x00, 0x00, 0x00, 0x00, 0x00, 0x00, 0x00, 0x00, 0x00, 0x00,
    0x00, 0x00, 0x00, 0x00, 0x00, 0x00, 0x00, 0x00, 0x00, 0x00, 0x00, 0x00, 0x00, 0x00, 0x00, 0x00, 0x00, 0x00, 0x00,
    0x00, 0x00, 0x00, 0x00, 0x00, 0x00, 0x00, 0x00, 0x20, 0x00, 0x21, 0x00, 0x21, 0x00, 0x21, 0x00, 0x21, 0x00, 0x42,
    0x00, 0x42, 0x00, 0x42, 0x00, 0x62, 0x00, 0x63, 0x00, 0x83, 0x00, 0x84, 0x00, 0x84, 0x00, 0xA4, 0x08, 0xA5, 0x08,
    0xC5, 0x08, 0xE6, 0x08, 0xE6, 0x08, 0x07, 0x09, 0x07, 0x09, 0x28, 0x09, 0x28, 0x11, 0x49, 0x11, 0x49, 0x11, 0x8A,
    0x11, 0x6A, 0x11, 0x6A, 0x11, 0x34, 0x2B, 0x5E, 0x55, 0x9F, 0x55, 0x5F, 0x55, 0x5F, 0x55, 0x7F, 0x55, 0x7F, 0x55,
    0x7F, 0x55, 0x7F, 0x55, 0x7F, 0x55, 0x7F, 0x55, 0x7F, 0x55, 0x7F, 0x55, 0x7F, 0x55, 0x7F, 0x55, 0x7F, 0x55, 0x7F,
    0x55, 0x7F, 0x55, 0x7F, 0x55, 0x7F, 0x55, 0x7F, 0x55, 0x7F, 0x55, 0x7F, 0x55, 0x7F, 0x55, 0x7F, 0x55, 0x7F, 0x55,
    0x7F, 0x55, 0x7F, 0x55, 0x7F, 0x55, 0x7F, 0x55, 0x7F, 0x55, 0x7F, 0x55, 0x7F, 0x55, 0x7F, 0x55, 0x7F, 0x55, 0x7F,
    0x55, 0x7F, 0x55, 0x7F, 0x55, 0x7F, 0x55, 0x7F, 0x55, 0x7F, 0x55, 0x7F, 0x55, 0x7F, 0x55, 0x7F, 0x55, 0x7F, 0x55,
    0x7F, 0x55, 0x7F, 0x55, 0x7F, 0x55, 0x7F, 0x55, 0x7F, 0x55, 0x7F, 0x55, 0x7F, 0x55, 0x7F, 0x55, 0x7F, 0x55, 0x7F,
    0x55, 0x7F, 0x55, 0x7F, 0x55, 0x7F, 0x55, 0x7F, 0x55, 0x7F, 0x55, 0x7F, 0x55, 0x7F, 0x55, 0x7F, 0x55, 0x7F, 0x55,
    0x7F, 0x55, 0x7F, 0x55, 0x7F, 0x55, 0x7F, 0x55, 0x7F, 0x55, 0x7F, 0x55, 0x7F, 0x55, 0x7F, 0x55, 0x7F, 0x55, 0x7F,
    0x55, 0x7F, 0x55, 0x7F, 0x55, 0x7F, 0x55, 0x7F, 0x55, 0x7F, 0x55, 0x7F, 0x55, 0x7F, 0x55, 0x7F, 0x55, 0x7F, 0x55,
    0x7F, 0x55, 0x7F, 0x55, 0x7F, 0x55, 0x7F, 0x55, 0x7F, 0x55, 0x7F, 0x55, 0x7F, 0x55, 0x7F, 0x55, 0x7F, 0x55, 0x7F,
    0x55, 0x7F, 0x55, 0x7F, 0x55, 0x7F, 0x55, 0x7F, 0x55, 0x7F, 0x55, 0x7F, 0x55, 0x7F, 0x55, 0x7F, 0x55, 0x7F, 0x55,
    0x7F, 0x55, 0x7F, 0x55, 0x7F, 0x55, 0x7F, 0x55, 0x7F, 0x55, 0x5F, 0x55, 0x5F, 0x55, 0x9F, 0x55, 0x5E, 0x55, 0x34,
    0x2B, 0x6A, 0x11, 0x6A, 0x11, 0x8A, 0x11, 0x49, 0x11, 0x49, 0x11, 0x28, 0x11, 0x28, 0x09, 0x07, 0x09, 0x07, 0x09,
    0xE6, 0x08, 0xE6, 0x08, 0xC5, 0x08, 0xA5, 0x08, 0xA4, 0x08, 0x84, 0x00, 0x84, 0x00, 0x83, 0x00, 0x63, 0x00, 0x62,
    0x00, 0x42, 0x00, 0x42, 0x00, 0x42, 0x00, 0x21, 0x00, 0x21, 0x00, 0x21, 0x00, 0x21, 0x00, 0x20, 0x00, 0x00, 0x00,
    0x00, 0x00, 0x00, 0x00, 0x00, 0x00, 0x00, 0x00, 0x00, 0x00, 0x00, 0x00, 0x00, 0x00, 0x00, 0x00, 0x00, 0x00, 0x00,
    0x00, 0x00, 0x00, 0x00, 0x00, 0x00, 0x00, 0x00, 0x00, 0x00, 0x00, 0x00, 0x00, 0x00, 0x00, 0x00, 0x00, 0x00, 0x00,
    0x00, 0x00, 0x00, 0x00, 0x00, 0x00, 0x00, 0x00, 0x00, 0x00, 0x00, 0x00, 0x00, 0x00, 0x00, 0x00, 0x00, 0x00, 0x00,
    0x00, 0x00, 0x00, 0x00, 0x00, 0x00, 0x00, 0x20, 0x00, 0x21, 0x00, 0x21, 0x00, 0x21, 0x00, 0x21, 0x00, 0x41, 0x00,
    0x42, 0x00, 0x42, 0x00, 0x62, 0x00, 0x63, 0x00, 0x83, 0x00, 0x83, 0x00, 0x84, 0x00, 0xA4, 0x08, 0xA5, 0x08, 0xC5,
    0x08, 0xE6, 0x08, 0xE6, 0x08, 0x07, 0x09, 0x07, 0x09, 0x28, 0x09, 0x29, 0x11, 0x49, 0x11, 0x6A, 0x11, 0x8B, 0x11,
    0x4A, 0x11, 0xED, 0x19, 0x7A, 0x44, 0xBF, 0x55, 0x7F, 0x55, 0x5F, 0x55, 0x5F, 0x55, 0x5F, 0x55, 0x5F, 0x55, 0x5F,
    0x55, 0x5F, 0x55, 0x5F, 0x55, 0x5F, 0x55, 0x5F, 0x55, 0x5F, 0x55, 0x5F, 0x55, 0x5F, 0x55, 0x5F, 0x55, 0x5F, 0x55,
    0x5F, 0x55, 0x5F, 0x55, 0x5F, 0x55, 0x5F, 0x55, 0x5F, 0x55, 0x5F, 0x55, 0x5F, 0x55, 0x5F, 0x55, 0x5F, 0x55, 0x5F,
    0x55, 0x5F, 0x55, 0x5F, 0x55, 0x5F, 0x55, 0x5F, 0x55, 0x5F, 0x55, 0x5F, 0x55, 0x5F, 0x55, 0x5F, 0x55, 0x5F, 0x55,
    0x5F, 0x55, 0x5F, 0x55, 0x5F, 0x55, 0x5F, 0x55, 0x5F, 0x55, 0x5F, 0x55, 0x5F, 0x55, 0x5F, 0x55, 0x5F, 0x55, 0x5F,
    0x55, 0x5F, 0x55, 0x5F, 0x55, 0x5F, 0x55, 0x5F, 0x55, 0x5F, 0x55, 0x5F, 0x55, 0x5F, 0x55, 0x5F, 0x55, 0x5F, 0x55,
    0x5F, 0x55, 0x5F, 0x55, 0x5F, 0x55, 0x5F, 0x55, 0x5F, 0x55, 0x5F, 0x55, 0x5F, 0x55, 0x5F, 0x55, 0x5F, 0x55, 0x5F,
    0x55, 0x5F, 0x55, 0x5F, 0x55, 0x5F, 0x55, 0x5F, 0x55, 0x5F, 0x55, 0x5F, 0x55, 0x5F, 0x55, 0x5F, 0x55, 0x5F, 0x55,
    0x5F, 0x55, 0x5F, 0x55, 0x5F, 0x55, 0x5F, 0x55, 0x5F, 0x55, 0x5F, 0x55, 0x5F, 0x55, 0x5F, 0x55, 0x5F, 0x55, 0x5F,
    0x55, 0x5F, 0x55, 0x5F, 0x55, 0x5F, 0x55, 0x5F, 0x55, 0x5F, 0x55, 0x5F, 0x55, 0x5F, 0x55, 0x5F, 0x55, 0x5F, 0x55,
    0x5F, 0x55, 0x5F, 0x55, 0x5F, 0x55, 0x5F, 0x55, 0x5F, 0x55, 0x5F, 0x55, 0x5F, 0x55, 0x5F, 0x55, 0x5F, 0x55, 0x5F,
    0x55, 0x5F, 0x55, 0x5F, 0x55, 0x5F, 0x55, 0x5F, 0x55, 0x5F, 0x55, 0x5F, 0x55, 0x5F, 0x55, 0x5F, 0x55, 0x7F, 0x55,
    0xBF, 0x55, 0x7A, 0x44, 0xED, 0x19, 0x4A, 0x11, 0x8B, 0x11, 0x6A, 0x11, 0x49, 0x11, 0x29, 0x11, 0x28, 0x09, 0x07,
    0x09, 0x07, 0x09, 0xE6, 0x08, 0xE6, 0x08, 0xC5, 0x08, 0xA5, 0x08, 0xA4, 0x08, 0x84, 0x00, 0x83, 0x00, 0x83, 0x00,
    0x63, 0x00, 0x62, 0x00, 0x42, 0x00, 0x42, 0x00, 0x41, 0x00, 0x21, 0x00, 0x21, 0x00, 0x21, 0x00, 0x21, 0x00, 0x20,
    0x00, 0x00, 0x00, 0x00, 0x00, 0x00, 0x00, 0x00, 0x00, 0x00, 0x00, 0x00, 0x00, 0x00, 0x00, 0x00, 0x00, 0x00, 0x00,
    0x00, 0x00, 0x00, 0x00, 0x00, 0x00, 0x00, 0x00, 0x00, 0x00, 0x00, 0x00, 0x00, 0x00, 0x00, 0x00, 0x00, 0x00, 0x00,
    0x00, 0x00, 0x00, 0x00, 0x00, 0x00, 0x00, 0x00, 0x00, 0x00, 0x00, 0x00, 0x00, 0x00, 0x00, 0x00, 0x00, 0x00, 0x00,
    0x00, 0x00, 0x00, 0x00, 0x00, 0x00, 0x20, 0x00, 0x20, 0x00, 0x21, 0x00, 0x21, 0x00, 0x21, 0x00, 0x41, 0x00, 0x42,
    0x00, 0x42, 0x00, 0x42, 0x00, 0x63, 0x00, 0x63, 0x00, 0x83, 0x00, 0x84, 0x00, 0xA4, 0x08, 0xA5, 0x08, 0xC5, 0x08,
    0xC6, 0x08, 0xE6, 0x08, 0x07, 0x09, 0x07, 0x09, 0x28, 0x09, 0x49, 0x11, 0x49, 0x11, 0x6A, 0x11, 0x8A, 0x11, 0x4A,
    0x11, 0x91, 0x22, 0x1D, 0x4D, 0x9F, 0x55, 0x5F, 0x55, 0x5F, 0x55, 0x5F, 0x55, 0x5F, 0x55, 0x5F, 0x55, 0x5F, 0x55,
    0x5F, 0x55, 0x5F, 0x55, 0x5F, 0x55, 0x5F, 0x55, 0x5F, 0x55, 0x5F, 0x55, 0x5F, 0x55, 0x5F, 0x55, 0x5F, 0x55, 0x5F,
    0x55, 0x5F, 0x55, 0x5F, 0x55, 0x5F, 0x55, 0x5F, 0x55, 0x5F, 0x55, 0x5F, 0x55, 0x5F, 0x55, 0x5F, 0x55, 0x5F, 0x55,
    0x5F, 0x55, 0x5F, 0x55, 0x5F, 0x55, 0x5F, 0x55, 0x5F, 0x55, 0x5F, 0x55, 0x5F, 0x55, 0x5F, 0x55, 0x5F, 0x55, 0x5F,
    0x55, 0x5F, 0x55, 0x5F, 0x55, 0x5F, 0x55, 0x5F, 0x55, 0x5F, 0x55, 0x5F, 0x55, 0x5F, 0x55, 0x5F, 0x55, 0x5F, 0x55,
    0x5F, 0x55, 0x5F, 0x55, 0x5F, 0x55, 0x5F, 0x55, 0x5F, 0x55, 0x5F, 0x55, 0x5F, 0x55, 0x5F, 0x55, 0x5F, 0x55, 0x5F,
    0x55, 0x5F, 0x55, 0x5F, 0x55, 0x5F, 0x55, 0x5F, 0x55, 0x5F, 0x55, 0x5F, 0x55, 0x5F, 0x55, 0x5F, 0x55, 0x5F, 0x55,
    0x5F, 0x55, 0x5F, 0x55, 0x5F, 0x55, 0x5F, 0x55, 0x5F, 0x55, 0x5F, 0x55, 0x5F, 0x55, 0x5F, 0x55, 0x5F, 0x55, 0x5F,
    0x55, 0x5F, 0x55, 0x5F, 0x55, 0x5F, 0x55, 0x5F, 0x55, 0x5F, 0x55, 0x5F, 0x55, 0x5F, 0x55, 0x5F, 0x55, 0x5F, 0x55,
    0x5F, 0x55, 0x5F, 0x55, 0x5F, 0x55, 0x5F, 0x55, 0x5F, 0x55, 0x5F, 0x55, 0x5F, 0x55, 0x5F, 0x55, 0x5F, 0x55, 0x5F,
    0x55, 0x5F, 0x55, 0x5F, 0x55, 0x5F, 0x55, 0x5F, 0x55, 0x5F, 0x55, 0x5F, 0x55, 0x5F, 0x55, 0x5F, 0x55, 0x5F, 0x55,
    0x5F, 0x55, 0x5F, 0x55, 0x5F, 0x55, 0x5F, 0x55, 0x5F, 0x55, 0x5F, 0x55, 0x5F, 0x55, 0x5F, 0x55, 0x5F, 0x55, 0x5F,
    0x55, 0x5F, 0x55, 0x9F, 0x55, 0x1D, 0x4D, 0x91, 0x22, 0x4A, 0x11, 0x8A, 0x11, 0x6A, 0x11, 0x49, 0x11, 0x49, 0x11,
    0x28, 0x09, 0x07, 0x09, 0x07, 0x09, 0xE6, 0x08, 0xC6, 0x08, 0xC5, 0x08, 0xA5, 0x08, 0xA4, 0x08, 0x84, 0x00, 0x83,
    0x00, 0x63, 0x00, 0x63, 0x00, 0x42, 0x00, 0x42, 0x00, 0x42, 0x00, 0x41, 0x00, 0x21, 0x00, 0x21, 0x00, 0x21, 0x00,
    0x20, 0x00, 0x20, 0x00, 0x00, 0x00, 0x00, 0x00, 0x00, 0x00, 0x00, 0x00, 0x00, 0x00, 0x00, 0x00, 0x00, 0x00, 0x00,
    0x00, 0x00, 0x00, 0x00, 0x00, 0x00, 0x00, 0x00, 0x00, 0x00, 0x00, 0x00, 0x00, 0x00, 0x00, 0x00, 0x00, 0x00, 0x00,
    0x00, 0x00, 0x00, 0x00, 0x00, 0x00, 0x00, 0x00, 0x00, 0x00, 0x00, 0x00, 0x00, 0x00, 0x00, 0x00, 0x00, 0x00, 0x00,
    0x00, 0x00, 0x00, 0x00, 0x00, 0x00, 0x00, 0x20, 0x00, 0x21, 0x00, 0x21, 0x00, 0x21, 0x00, 0x21, 0x00, 0x42, 0x00,
    0x42, 0x00, 0x42, 0x00, 0x63, 0x00, 0x63, 0x00, 0x83, 0x00, 0x84, 0x00, 0xA4, 0x08, 0xA5, 0x08, 0xC5, 0x08, 0xC6,
    0x08, 0xE6, 0x08, 0x07, 0x09, 0x07, 0x09, 0x28, 0x09, 0x49, 0x11, 0x49, 0x11, 0x6A, 0x11, 0x6A, 0x11, 0x6A, 0x11,
    0x54, 0x33, 0x7F, 0x55, 0x7F, 0x55, 0x5F, 0x55, 0x5F, 0x55, 0x5F, 0x55, 0x5F, 0x55, 0x5F, 0x55, 0x5F, 0x55, 0x5F,
    0x55, 0x5F, 0x55, 0x5F, 0x55, 0x5F, 0x55, 0x5F, 0x55, 0x5F, 0x55, 0x5F, 0x55, 0x5F, 0x55, 0x5F, 0x55, 0x5F, 0x55,
    0x5F, 0x55, 0x5F, 0x55, 0x5F, 0x55, 0x5F, 0x55, 0x5F, 0x55, 0x5F, 0x55, 0x5F, 0x55, 0x5F, 0x55, 0x5F, 0x55, 0x5F,
    0x55, 0x5F, 0x55, 0x5F, 0x55, 0x5F, 0x55, 0x5F, 0x55, 0x5F, 0x55, 0x5F, 0x55, 0x5F, 0x55, 0x5F, 0x55, 0x5F, 0x55,
    0x5F, 0x55, 0x5F, 0x55, 0x5F, 0x55, 0x5F, 0x55, 0x5F, 0x55, 0x5F, 0x55, 0x5F, 0x55, 0x5F, 0x55, 0x5F, 0x55, 0x5F,
    0x55, 0x5F, 0x55, 0x5F, 0x55, 0x5F, 0x55, 0x5F, 0x55, 0x5F, 0x55, 0x5F, 0x55, 0x5F, 0x55, 0x5F, 0x55, 0x5F, 0x55,
    0x5F, 0x55, 0x5F, 0x55, 0x5F, 0x55, 0x5F, 0x55, 0x5F, 0x55, 0x5F, 0x55, 0x5F, 0x55, 0x5F, 0x55, 0x5F, 0x55, 0x5F,
    0x55, 0x5F, 0x55, 0x5F, 0x55, 0x5F, 0x55, 0x5F, 0x55, 0x5F, 0x55, 0x5F, 0x55, 0x5F, 0x55, 0x5F, 0x55, 0x5F, 0x55,
    0x5F, 0x55, 0x5F, 0x55, 0x5F, 0x55, 0x5F, 0x55, 0x5F, 0x55, 0x5F, 0x55, 0x5F, 0x55, 0x5F, 0x55, 0x5F, 0x55, 0x5F,
    0x55, 0x5F, 0x55, 0x5F, 0x55, 0x5F, 0x55, 0x5F, 0x55, 0x5F, 0x55, 0x5F, 0x55, 0x5F, 0x55, 0x5F, 0x55, 0x5F, 0x55,
    0x5F, 0x55, 0x5F, 0x55, 0x5F, 0x55, 0x5F, 0x55, 0x5F, 0x55, 0x5F, 0x55, 0x5F, 0x55, 0x5F, 0x55, 0x5F, 0x55, 0x5F,
    0x55, 0x5F, 0x55, 0x5F, 0x55, 0x5F, 0x55, 0x5F, 0x55, 0x5F, 0x55, 0x5F, 0x55, 0x5F, 0x55, 0x5F, 0x55, 0x5F, 0x55,
    0x5F, 0x55, 0x5F, 0x55, 0x5F, 0x55, 0x7F, 0x55, 0x7F, 0x55, 0x54, 0x33, 0x6A, 0x11, 0x6A, 0x11, 0x6A, 0x11, 0x49,
    0x11, 0x49, 0x11, 0x28, 0x09, 0x07, 0x09, 0x07, 0x09, 0xE6, 0x08, 0xC6, 0x08, 0xC5, 0x08, 0xA5, 0x08, 0xA4, 0x08,
    0x84, 0x00, 0x83, 0x00, 0x63, 0x00, 0x63, 0x00, 0x42, 0x00, 0x42, 0x00, 0x42, 0x00, 0x21, 0x00, 0x21, 0x00, 0x21,
    0x00, 0x21, 0x00, 0x20, 0x00, 0x00, 0x00, 0x00, 0x00, 0x00, 0x00, 0x00, 0x00, 0x00, 0x00, 0x00, 0x00, 0x00, 0x00,
    0x00, 0x00, 0x00, 0x00, 0x00, 0x00, 0x00, 0x00, 0x00, 0x00, 0x00, 0x00, 0x00, 0x00, 0x00, 0x00, 0x00, 0x00, 0x00,
    0x00, 0x00, 0x00, 0x00, 0x00, 0x00, 0x00, 0x00, 0x00, 0x00, 0x00, 0x00, 0x00, 0x00, 0x00, 0x00, 0x00, 0x00, 0x00,
    0x00, 0x00, 0x00, 0x00, 0x00, 0x00, 0x00, 0x00, 0x21, 0x00, 0x21, 0x00, 0x21, 0x00, 0x21, 0x00, 0x42, 0x00, 0x42,
    0x00, 0x42, 0x00, 0x62, 0x00, 0x63, 0x00, 0x83, 0x00, 0x84, 0x00, 0xA4, 0x08, 0xA5, 0x08, 0xC5, 0x08, 0xC6, 0x08,
    0xE6, 0x08, 0x07, 0x09, 0x07, 0x09, 0x28, 0x09, 0x49, 0x11, 0x49, 0x11, 0x6A, 0x11, 0x8A, 0x11, 0x6A, 0x11, 0xD7,
    0x3B, 0xBF, 0x55, 0x5F, 0x55, 0x5F, 0x55, 0x5F, 0x55, 0x5F, 0x55, 0x5F, 0x55, 0x5F, 0x55, 0x5F, 0x55, 0x5F, 0x55,
    0x5F, 0x55, 0x5F, 0x55, 0x5F, 0x55, 0x5F, 0x55, 0x5F, 0x55, 0x5F, 0x55, 0x5F, 0x55, 0x5F, 0x55, 0x5F, 0x55, 0x5F,
    0x55, 0x5F, 0x55, 0x5F, 0x55, 0x5F, 0x55, 0x5F, 0x55, 0x5F, 0x55, 0x5F, 0x55, 0x5F, 0x55, 0x5F, 0x55, 0x5F, 0x55,
    0x5F, 0x55, 0x5F, 0x55, 0x5F, 0x55, 0x5F, 0x55, 0x5F, 0x55, 0x5F, 0x55, 0x5F, 0x55, 0x5F, 0x55, 0x5F, 0x55, 0x5F,
    0x55, 0x5F, 0x55, 0x5F, 0x55, 0x5F, 0x55, 0x5F, 0x55, 0x5F, 0x55, 0x5F, 0x55, 0x5F, 0x55, 0x5F, 0x55, 0x5F, 0x55,
    0x5F, 0x55, 0x5F, 0x55, 0x5F, 0x55, 0x5F, 0x55, 0x5F, 0x55, 0x5F, 0x55, 0x5F, 0x55, 0x5F, 0x55, 0x5F, 0x55, 0x5F,
    0x55, 0x5F, 0x55, 0x5F, 0x55, 0x5F, 0x55, 0x5F, 0x55, 0x5F, 0x55, 0x5F, 0x55, 0x5F, 0x55, 0x5F, 0x55, 0x5F, 0x55,
    0x5F, 0x55, 0x5F, 0x55, 0x5F, 0x55, 0x5F, 0x55, 0x5F, 0x55, 0x5F, 0x55, 0x5F, 0x55, 0x5F, 0x55, 0x5F, 0x55, 0x5F,
    0x55, 0x5F, 0x55, 0x5F, 0x55, 0x5F, 0x55, 0x5F, 0x55, 0x5F, 0x55, 0x5F, 0x55, 0x5F, 0x55, 0x5F, 0x55, 0x5F, 0x55,
    0x5F, 0x55, 0x5F, 0x55, 0x5F, 0x55, 0x5F, 0x55, 0x5F, 0x55, 0x5F, 0x55, 0x5F, 0x55, 0x5F, 0x55, 0x5F, 0x55, 0x5F,
    0x55, 0x5F, 0x55, 0x5F, 0x55, 0x5F, 0x55, 0x5F, 0x55, 0x5F, 0x55, 0x5F, 0x55, 0x5F, 0x55, 0x5F, 0x55, 0x5F, 0x55,
    0x5F, 0x55, 0x5F, 0x55, 0x5F, 0x55, 0x5F, 0x55, 0x5F, 0x55, 0x5F, 0x55, 0x5F, 0x55, 0x5F, 0x55, 0x5F, 0x55, 0x5F,
    0x55, 0x5F, 0x55, 0x5F, 0x55, 0x5F, 0x55, 0x5F, 0x55, 0x5F, 0x55, 0xBF, 0x55, 0xD7, 0x3B, 0x6A, 0x11, 0x8A, 0x11,
    0x6A, 0x11, 0x49, 0x11, 0x49, 0x11, 0x28, 0x09, 0x07, 0x09, 0x07, 0x09, 0xE6, 0x08, 0xC6, 0x08, 0xC5, 0x08, 0xA5,
    0x08, 0xA4, 0x08, 0x84, 0x00, 0x83, 0x00, 0x63, 0x00, 0x62, 0x00, 0x42, 0x00, 0x42, 0x00, 0x42, 0x00, 0x21, 0x00,
    0x21, 0x00, 0x21, 0x00, 0x21, 0x00, 0x00, 0x00, 0x00, 0x00, 0x00, 0x00, 0x00, 0x00, 0x00, 0x00, 0x00, 0x00, 0x00,
    0x00, 0x00, 0x00, 0x00, 0x00, 0x00, 0x00, 0x00, 0x00, 0x00, 0x00, 0x00, 0x00, 0x00, 0x00, 0x00, 0x00, 0x00, 0x00,
    0x00, 0x00, 0x00, 0x00, 0x00, 0x00, 0x00, 0x00, 0x00, 0x00, 0x00, 0x00, 0x00, 0x00, 0x00, 0x00, 0x00, 0x00, 0x00,
    0x00, 0x00, 0x00, 0x00, 0x00, 0x00, 0x00, 0x20, 0x00, 0x21, 0x00, 0x21, 0x00, 0x21, 0x00, 0x41, 0x00, 0x42, 0x00,
    0x42, 0x00, 0x62, 0x00, 0x63, 0x00, 0x83, 0x00, 0x84, 0x00, 0xA4, 0x08, 0xA5, 0x08, 0xC5, 0x08, 0xC6, 0x08, 0xE6,
    0x08, 0x07, 0x09, 0x07, 0x09, 0x28, 0x09, 0x29, 0x11, 0x49, 0x11, 0x6A, 0x11, 0x8A, 0x11, 0x6A, 0x11, 0xF7, 0x3B,
    0x9F, 0x55, 0x3F, 0x55, 0x5F, 0x55, 0x5F, 0x55, 0x5F, 0x55, 0x5F, 0x55, 0x5F, 0x55, 0x5F, 0x55, 0x5F, 0x55, 0x5F,
    0x55, 0x5F, 0x55, 0x5F, 0x55, 0x5F, 0x55, 0x5F, 0x55, 0x5F, 0x55, 0x5F, 0x55, 0x5F, 0x55, 0x5F, 0x55, 0x5F, 0x55,
    0x5F, 0x55, 0x5F, 0x55, 0x5F, 0x55, 0x5F, 0x55, 0x5F, 0x55, 0x5F, 0x55, 0x5F, 0x55, 0x5F, 0x55, 0x5F, 0x55, 0x5F,
    0x55, 0x5F, 0x55, 0x5F, 0x55, 0x5F, 0x55, 0x5F, 0x55, 0x5F, 0x55, 0x5F, 0x55, 0x5F, 0x55, 0x5F, 0x55, 0x5F, 0x55,
    0x5F, 0x55, 0x5F, 0x55, 0x5F, 0x55, 0x5F, 0x55, 0x5F, 0x55, 0x5F, 0x55, 0x5F, 0x55, 0x5F, 0x55, 0x5F, 0x55, 0x5F,
    0x55, 0x5F, 0x55, 0x5F, 0x55, 0x5F, 0x55, 0x5F, 0x55, 0x5F, 0x55, 0x5F, 0x55, 0x5F, 0x55, 0x5F, 0x55, 0x5F, 0x55,
    0x5F, 0x55, 0x5F, 0x55, 0x5F, 0x55, 0x5F, 0x55, 0x5F, 0x55, 0x5F, 0x55, 0x5F, 0x55, 0x5F, 0x55, 0x5F, 0x55, 0x5F,
    0x55, 0x5F, 0x55, 0x5F, 0x55, 0x5F, 0x55, 0x5F, 0x55, 0x5F, 0x55, 0x5F, 0x55, 0x5F, 0x55, 0x5F, 0x55, 0x5F, 0x55,
    0x5F, 0x55, 0x5F, 0x55, 0x5F, 0x55, 0x5F, 0x55, 0x5F, 0x55, 0x5F, 0x55, 0x5F, 0x55, 0x5F, 0x55, 0x5F, 0x55, 0x5F,
    0x55, 0x5F, 0x55, 0x5F, 0x55, 0x5F, 0x55, 0x5F, 0x55, 0x5F, 0x55, 0x5F, 0x55, 0x5F, 0x55, 0x5F, 0x55, 0x5F, 0x55,
    0x5F, 0x55, 0x5F, 0x55, 0x5F, 0x55, 0x5F, 0x55, 0x5F, 0x55, 0x5F, 0x55, 0x5F, 0x55, 0x5F, 0x55, 0x5F, 0x55, 0x5F,
    0x55, 0x5F, 0x55, 0x5F, 0x55, 0x5F, 0x55, 0x5F, 0x55, 0x5F, 0x55, 0x5F, 0x55, 0x5F, 0x55, 0x5F, 0x55, 0x5F, 0x55,
    0x5F, 0x55, 0x5F, 0x55, 0x5F, 0x55, 0x5F, 0x55, 0x5F, 0x55, 0x5F, 0x55, 0x3F, 0x55, 0x9F, 0x55, 0xF7, 0x3B, 0x6A,
    0x11, 0x8A, 0x11, 0x6A, 0x11, 0x49, 0x11, 0x29, 0x11, 0x28, 0x09, 0x07, 0x09, 0x07, 0x09, 0xE6, 0x08, 0xC6, 0x08,
    0xC5, 0x08, 0xA5, 0x08, 0xA4, 0x08, 0x84, 0x00, 0x83, 0x00, 0x63, 0x00, 0x62, 0x00, 0x42, 0x00, 0x42, 0x00, 0x41,
    0x00, 0x21, 0x00, 0x21, 0x00, 0x21, 0x00, 0x20, 0x00, 0x00, 0x00, 0x00, 0x00, 0x00, 0x00, 0x00, 0x00, 0x00, 0x00,
    0x00, 0x00, 0x00, 0x00, 0x00, 0x00, 0x00, 0x00, 0x00, 0x00, 0x00, 0x00, 0x00, 0x00, 0x00, 0x00, 0x00, 0x00, 0x00,
    0x00, 0x00, 0x00, 0x00, 0x00, 0x00, 0x00, 0x00, 0x00, 0x00, 0x00, 0x00, 0x00, 0x00, 0x00, 0x00, 0x00, 0x00, 0x00,
    0x00, 0x00, 0x00, 0x00, 0x00, 0x00, 0x20, 0x00, 0x21, 0x00, 0x21, 0x00, 0x21, 0x00, 0x21, 0x00, 0x42, 0x00, 0x42,
    0x00, 0x42, 0x00, 0x63, 0x00, 0x83, 0x00, 0x83, 0x00, 0x84, 0x00, 0xA4, 0x08, 0xA5, 0x08, 0xC5, 0x08, 0xE6, 0x08,
    0xE7, 0x08, 0x07, 0x09, 0x28, 0x09, 0x29, 0x11, 0x49, 0x11, 0x6A, 0x11, 0x8A, 0x11, 0x6A, 0x11, 0xF7, 0x3B, 0x9F,
    0x55, 0x3F, 0x55, 0x5F, 0x55, 0x5F, 0x55, 0x5F, 0x55, 0x5F, 0x55, 0x5F, 0x55, 0x5F, 0x55, 0x5F, 0x55, 0x5F, 0x55,
    0x5F, 0x55, 0x5F, 0x55, 0x5F, 0x55, 0x5F, 0x55, 0x5F, 0x55, 0x5F, 0x55, 0x5F, 0x55, 0x5F, 0x55, 0x5F, 0x55, 0x5F,
    0x55, 0x5F, 0x55, 0x5F, 0x55, 0x5F, 0x55, 0x5F, 0x55, 0x5F, 0x55, 0x5F, 0x55, 0x5F, 0x55, 0x5F, 0x55, 0x5F, 0x55,
    0x5F, 0x55, 0x5F, 0x55, 0x5F, 0x55, 0x5F, 0x55, 0x5F, 0x55, 0x5F, 0x55, 0x5F, 0x55, 0x5F, 0x55, 0x5F, 0x55, 0x5F,
    0x55, 0x5F, 0x55, 0x5F, 0x55, 0x5F, 0x55, 0x5F, 0x55, 0x5F, 0x55, 0x5F, 0x55, 0x5F, 0x55, 0x5F, 0x55, 0x5F, 0x55,
    0x5F, 0x55, 0x5F, 0x55, 0x5F, 0x55, 0x5F, 0x55, 0x5F, 0x55, 0x5F, 0x55, 0x5F, 0x55, 0x5F, 0x55, 0x5F, 0x55, 0x5F,
    0x55, 0x5F, 0x55, 0x5F, 0x55, 0x5F, 0x55, 0x5F, 0x55, 0x5F, 0x55, 0x5F, 0x55, 0x5F, 0x55, 0x5F, 0x55, 0x5F, 0x55,
    0x5F, 0x55, 0x5F, 0x55, 0x5F, 0x55, 0x5F, 0x55, 0x5F, 0x55, 0x5F, 0x55, 0x5F, 0x55, 0x5F, 0x55, 0x5F, 0x55, 0x5F,
    0x55, 0x5F, 0x55, 0x5F, 0x55, 0x5F, 0x55, 0x5F, 0x55, 0x5F, 0x55, 0x5F, 0x55, 0x5F, 0x55, 0x5F, 0x55, 0x5F, 0x55,
    0x5F, 0x55, 0x5F, 0x55, 0x5F, 0x55, 0x5F, 0x55, 0x5F, 0x55, 0x5F, 0x55, 0x5F, 0x55, 0x5F, 0x55, 0x5F, 0x55, 0x5F,
    0x55, 0x5F, 0x55, 0x5F, 0x55, 0x5F, 0x55, 0x5F, 0x55, 0x5F, 0x55, 0x5F, 0x55, 0x5F, 0x55, 0x5F, 0x55, 0x5F, 0x55,
    0x5F, 0x55, 0x5F, 0x55, 0x5F, 0x55, 0x5F, 0x55, 0x5F, 0x55, 0x5F, 0x55, 0x5F, 0x55, 0x5F, 0x55, 0x5F, 0x55, 0x5F,
    0x55, 0x5F, 0x55, 0x5F, 0x55, 0x5F, 0x55, 0x5F, 0x55, 0x5F, 0x55, 0x5F, 0x55, 0x5F, 0x55, 0x3F, 0x55, 0x9F, 0x55,
    0xF7, 0x3B, 0x6A, 0x11, 0x8A, 0x11, 0x6A, 0x11, 0x49, 0x11, 0x29, 0x11, 0x28, 0x09, 0x07, 0x09, 0xE7, 0x08, 0xE6,
    0x08, 0xC5, 0x08, 0xA5, 0x08, 0xA4, 0x08, 0x84, 0x00, 0x83, 0x00, 0x83, 0x00, 0x63, 0x00, 0x42, 0x00, 0x42, 0x00,
    0x42, 0x00, 0x21, 0x00, 0x21, 0x00, 0x21, 0x00, 0x21, 0x00, 0x20, 0x00, 0x00, 0x00, 0x00, 0x00, 0x00, 0x00, 0x00,
    0x00, 0x00, 0x00, 0x00, 0x00, 0x00, 0x00, 0x00, 0x00, 0x00, 0x00, 0x00, 0x00, 0x00, 0x00, 0x00, 0x00, 0x00, 0x00,
    0x00, 0x00, 0x00, 0x00, 0x00, 0x00, 0x00, 0x00, 0x00, 0x00, 0x00, 0x00, 0x00, 0x00, 0x00, 0x00, 0x00, 0x00, 0x00,
    0x00, 0x00, 0x00, 0x00, 0x00, 0x00, 0x00, 0x21, 0x00, 0x21, 0x00, 0x21, 0x00, 0x21, 0x00, 0x42, 0x00, 0x42, 0x00,
    0x42, 0x00, 0x62, 0x00, 0x63, 0x00, 0x83, 0x00, 0x84, 0x00, 0xA4, 0x08, 0xA5, 0x08, 0xC5, 0x08, 0xE6, 0x08, 0xE7,
    0x08, 0x07, 0x09, 0x28, 0x09, 0x28, 0x11, 0x49, 0x11, 0x6A, 0x11, 0x6A, 0x11, 0x6A, 0x11, 0xD7, 0x3B, 0x9F, 0x55,
    0x3F, 0x55, 0x5F, 0x55, 0x5F, 0x55, 0x5F, 0x55, 0x5F, 0x55, 0x5F, 0x55, 0x5F, 0x55, 0x5F, 0x55, 0x5F, 0x55, 0x5F,
    0x55, 0x5F, 0x55, 0x5F, 0x55, 0x5F, 0x55, 0x5F, 0x55, 0x5F, 0x55, 0x5F, 0x55, 0x5F, 0x55, 0x5F, 0x55, 0x5F, 0x55,
    0x5F, 0x55, 0x5F, 0x55, 0x5F, 0x55, 0x5F, 0x55, 0x5F, 0x55, 0x5F, 0x55, 0x5F, 0x55, 0x5F, 0x55, 0x5F, 0x55, 0x5F,
    0x55, 0x5F, 0x55, 0x5F, 0x55, 0x5F, 0x55, 0x5F, 0x55, 0x5F, 0x55, 0x5F, 0x55, 0x5F, 0x55, 0x5F, 0x55, 0x5F, 0x55,
    0x5F, 0x55, 0x5F, 0x55, 0x5F, 0x55, 0x5F, 0x55, 0x5F, 0x55, 0x5F, 0x55, 0x5F, 0x55, 0x5F, 0x55, 0x5F, 0x55, 0x5F,
    0x55, 0x5F, 0x55, 0x5F, 0x55, 0x5F, 0x55, 0x5F, 0x55, 0x5F, 0x55, 0x5F, 0x55, 0x5F, 0x55, 0x5F, 0x55, 0x5F, 0x55,
    0x5F, 0x55, 0x5F, 0x55, 0x5F, 0x55, 0x5F, 0x55, 0x5F, 0x55, 0x5F, 0x55, 0x5F, 0x55, 0x5F, 0x55, 0x5F, 0x55, 0x5F,
    0x55, 0x5F, 0x55, 0x5F, 0x55, 0x5F, 0x55, 0x5F, 0x55, 0x5F, 0x55, 0x5F, 0x55, 0x5F, 0x55, 0x5F, 0x55, 0x5F, 0x55,
    0x5F, 0x55, 0x5F, 0x55, 0x5F, 0x55, 0x5F, 0x55, 0x5F, 0x55, 0x5F, 0x55, 0x5F, 0x55, 0x5F, 0x55, 0x5F, 0x55, 0x5F,
    0x55, 0x5F, 0x55, 0x5F, 0x55, 0x5F, 0x55, 0x5F, 0x55, 0x5F, 0x55, 0x5F, 0x55, 0x5F, 0x55, 0x5F, 0x55, 0x5F, 0x55,
    0x5F, 0x55, 0x5F, 0x55, 0x5F, 0x55, 0x5F, 0x55, 0x5F, 0x55, 0x5F, 0x55, 0x5F, 0x55, 0x5F, 0x55, 0x5F, 0x55, 0x5F,
    0x55, 0x5F, 0x55, 0x5F, 0x55, 0x5F, 0x55, 0x5F, 0x55, 0x5F, 0x55, 0x5F, 0x55, 0x5F, 0x55, 0x5F, 0x55, 0x5F, 0x55,
    0x5F, 0x55, 0x5F, 0x55, 0x5F, 0x55, 0x5F, 0x55, 0x5F, 0x55, 0x5F, 0x55, 0x5F, 0x55, 0x5F, 0x55, 0x5F, 0x55, 0x3F,
    0x55, 0x9F, 0x55, 0xD7, 0x3B, 0x6A, 0x11, 0x6A, 0x11, 0x6A, 0x11, 0x49, 0x11, 0x28, 0x11, 0x28, 0x09, 0x07, 0x09,
    0xE7, 0x08, 0xE6, 0x08, 0xC5, 0x08, 0xA5, 0x08, 0xA4, 0x08, 0x84, 0x00, 0x83, 0x00, 0x63, 0x00, 0x62, 0x00, 0x42,
    0x00, 0x42, 0x00, 0x42, 0x00, 0x21, 0x00, 0x21, 0x00, 0x21, 0x00, 0x21, 0x00, 0x00, 0x00, 0x00, 0x00, 0x00, 0x00,
    0x00, 0x00, 0x00, 0x00, 0x00, 0x00, 0x00, 0x00, 0x00, 0x00, 0x00, 0x00, 0x00, 0x00, 0x00, 0x00, 0x00, 0x00, 0x00,
    0x00, 0x00, 0x00, 0x00, 0x00, 0x00, 0x00, 0x00, 0x00, 0x00, 0x00, 0x00, 0x00, 0x00, 0x00, 0x00, 0x00, 0x00, 0x00,
    0x00, 0x00, 0x00, 0x00, 0x00, 0x00, 0x20, 0x00, 0x21, 0x00, 0x21, 0x00, 0x21, 0x00, 0x21, 0x00, 0x42, 0x00, 0x42,
    0x00, 0x62, 0x00, 0x63, 0x00, 0x83, 0x00, 0x84, 0x00, 0xA4, 0x08, 0xA5, 0x08, 0xC5, 0x08, 0xC6, 0x08, 0xE6, 0x08,
    0x07, 0x09, 0x08, 0x09, 0x28, 0x11, 0x49, 0x11, 0x6A, 0x11, 0x8A, 0x11, 0x6A, 0x11, 0xD7, 0x3B, 0x9F, 0x55, 0x3E,
    0x55, 0x3F, 0x55, 0x3F, 0x55, 0x3F, 0x55, 0x3F, 0x55, 0x3F, 0x55, 0x3F, 0x55, 0x3F, 0x55, 0x3F, 0x55, 0x3F, 0x55,
    0x3F, 0x55, 0x3F, 0x55, 0x3F, 0x55, 0x3F, 0x55, 0x3F, 0x55, 0x3F, 0x55, 0x3F, 0x55, 0x3F, 0x55, 0x3F, 0x55, 0x3F,
    0x55, 0x3F, 0x55, 0x3F, 0x55, 0x3F, 0x55, 0x3F, 0x55, 0x3F, 0x55, 0x3F, 0x55, 0x3F, 0x55, 0x3F, 0x55, 0x3F, 0x55,
    0x3F, 0x55, 0x3F, 0x55, 0x3F, 0x55, 0x3F, 0x55, 0x3F, 0x55, 0x3F, 0x55, 0x3F, 0x55, 0x3F, 0x55, 0x3F, 0x55, 0x3F,
    0x55, 0x3F, 0x55, 0x3F, 0x55, 0x3F, 0x55, 0x3F, 0x55, 0x3F, 0x55, 0x3F, 0x55, 0x3F, 0x55, 0x3F, 0x55, 0x3F, 0x55,
    0x3F, 0x55, 0x3F, 0x55, 0x3F, 0x55, 0x3F, 0x55, 0x3F, 0x55, 0x3F, 0x55, 0x3F, 0x55, 0x3F, 0x55, 0x3F, 0x55, 0x3F,
    0x55, 0x3F, 0x55, 0x3F, 0x55, 0x3F, 0x55, 0x3F, 0x55, 0x3F, 0x55, 0x3F, 0x55, 0x3F, 0x55, 0x3F, 0x55, 0x3F, 0x55,
    0x3F, 0x55, 0x3F, 0x55, 0x3F, 0x55, 0x3F, 0x55, 0x3F, 0x55, 0x3F, 0x55, 0x3F, 0x55, 0x3F, 0x55, 0x3F, 0x55, 0x3F,
    0x55, 0x3F, 0x55, 0x3F, 0x55, 0x3F, 0x55, 0x3F, 0x55, 0x3F, 0x55, 0x3F, 0x55, 0x3F, 0x55, 0x3F, 0x55, 0x3F, 0x55,
    0x3F, 0x55, 0x3F, 0x55, 0x3F, 0x55, 0x3F, 0x55, 0x3F, 0x55, 0x3F, 0x55, 0x3F, 0x55, 0x3F, 0x55, 0x3F, 0x55, 0x3F,
    0x55, 0x3F, 0x55, 0x3F, 0x55, 0x3F, 0x55, 0x3F, 0x55, 0x3F, 0x55, 0x3F, 0x55, 0x3F, 0x55, 0x3F, 0x55, 0x3F, 0x55,
    0x3F, 0x55, 0x3F, 0x55, 0x3F, 0x55, 0x3F, 0x55, 0x3F, 0x55, 0x3F, 0x55, 0x3F, 0x55, 0x3F, 0x55, 0x3F, 0x55, 0x3F,
    0x55, 0x3F, 0x55, 0x3F, 0x55, 0x3F, 0x55, 0x3F, 0x55, 0x3F, 0x55, 0x3F, 0x55, 0x3F, 0x55, 0x3F, 0x55, 0x3F, 0x55,
    0x3F, 0x55, 0x3E, 0x55, 0x9F, 0x55, 0xD7, 0x3B, 0x6A, 0x11, 0x8A, 0x11, 0x6A, 0x11, 0x49, 0x11, 0x28, 0x11, 0x08,
    0x09, 0x07, 0x09, 0xE6, 0x08, 0xC6, 0x08, 0xC5, 0x08, 0xA5, 0x08, 0xA4, 0x08, 0x84, 0x00, 0x83, 0x00, 0x63, 0x00,
    0x62, 0x00, 0x42, 0x00, 0x42, 0x00, 0x21, 0x00, 0x21, 0x00, 0x21, 0x00, 0x21, 0x00, 0x20, 0x00, 0x00, 0x00, 0x00,
    0x00, 0x00, 0x00, 0x00, 0x00, 0x00, 0x00, 0x00, 0x00, 0x00, 0x00, 0x00, 0x00, 0x00, 0x00, 0x00, 0x00, 0x00, 0x00,
    0x00, 0x00, 0x00, 0x00, 0x00, 0x00, 0x00, 0x00, 0x00, 0x00, 0x00, 0x00, 0x00, 0x00, 0x00, 0x00, 0x00, 0x00, 0x00,
    0x00, 0x00, 0x00, 0x00, 0x00, 0x00, 0x00, 0x21, 0x00, 0x21, 0x00, 0x21, 0x00, 0x21, 0x00, 0x42, 0x00, 0x42, 0x00,
    0x42, 0x00, 0x63, 0x00, 0x83, 0x00, 0x83, 0x00, 0x84, 0x08, 0xA4, 0x08, 0xC5, 0x08, 0xC6, 0x08, 0xE6, 0x08, 0x07,
    0x09, 0x07, 0x09, 0x28, 0x09, 0x49, 0x11, 0x49, 0x11, 0x8A, 0x11, 0x4A, 0x11, 0x34, 0x33, 0x9F, 0x55, 0x3E, 0x4D,
    0x3F, 0x55, 0x3F, 0x55, 0x3F, 0x55, 0x3F, 0x55, 0x3F, 0x55, 0x3F, 0x55, 0x3F, 0x55, 0x3F, 0x55, 0x3F, 0x55, 0x3F,
    0x55, 0x3F, 0x55, 0x3F, 0x55, 0x3F, 0x55, 0x3F, 0x55, 0x3F, 0x55, 0x3F, 0x55, 0x3F, 0x55, 0x3F, 0x55, 0x3F, 0x55,
    0x3F, 0x55, 0x3F, 0x55, 0x3F, 0x55, 0x3F, 0x55, 0x3F, 0x55, 0x3F, 0x55, 0x3F, 0x55, 0x3F, 0x55, 0x3F, 0x55, 0x3F,
    0x55, 0x3F, 0x55, 0x3F, 0x55, 0x3F, 0x55, 0x3F, 0x55, 0x3F, 0x55, 0x3F, 0x55, 0x3F, 0x55, 0x3F, 0x55, 0x3F, 0x55,
    0x3F, 0x55, 0x3F, 0x55, 0x3F, 0x55, 0x3F, 0x55, 0x3F, 0x55, 0x3F, 0x55, 0x3F, 0x55, 0x3F, 0x55, 0x3F, 0x55, 0x3F,
    0x55, 0x3F, 0x55, 0x3F, 0x55, 0x3F, 0x55, 0x3F, 0x55, 0x3F, 0x55, 0x3F, 0x55, 0x3F, 0x55, 0x3F, 0x55, 0x3F, 0x55,
    0x3F, 0x55, 0x3F, 0x55, 0x3F, 0x55, 0x3F, 0x55, 0x3F, 0x55, 0x3F, 0x55, 0x3F, 0x55, 0x3F, 0x55, 0x3F, 0x55, 0x3F,
    0x55, 0x3F, 0x55, 0x3F, 0x55, 0x3F, 0x55, 0x3F, 0x55, 0x3F, 0x55, 0x3F, 0x55, 0x3F, 0x55, 0x3F, 0x55, 0x3F, 0x55,
    0x3F, 0x55, 0x3F, 0x55, 0x3F, 0x55, 0x3F, 0x55, 0x3F, 0x55, 0x3F, 0x55, 0x3F, 0x55, 0x3F, 0x55, 0x3F, 0x55, 0x3F,
    0x55, 0x3F, 0x55, 0x3F, 0x55, 0x3F, 0x55, 0x3F, 0x55, 0x3F, 0x55, 0x3F, 0x55, 0x3F, 0x55, 0x3F, 0x55, 0x3F, 0x55,
    0x3F, 0x55, 0x3F, 0x55, 0x3F, 0x55, 0x3F, 0x55, 0x3F, 0x55, 0x3F, 0x55, 0x3F, 0x55, 0x3F, 0x55, 0x3F, 0x55, 0x3F,
    0x55, 0x3F, 0x55, 0x3F, 0x55, 0x3F, 0x55, 0x3F, 0x55, 0x3F, 0x55, 0x3F, 0x55, 0x3F, 0x55, 0x3F, 0x55, 0x3F, 0x55,
    0x3F, 0x55, 0x3F, 0x55, 0x3F, 0x55, 0x3F, 0x55, 0x3F, 0x55, 0x3F, 0x55, 0x3F, 0x55, 0x3F, 0x55, 0x3F, 0x55, 0x3F,
    0x55, 0x3F, 0x55, 0x3F, 0x55, 0x3E, 0x4D, 0x9F, 0x55, 0x34, 0x33, 0x4A, 0x11, 0x8A, 0x11, 0x49, 0x11, 0x49, 0x11,
    0x28, 0x09, 0x07, 0x09, 0x07, 0x09, 0xE6, 0x08, 0xC6, 0x08, 0xC5, 0x08, 0xA4, 0x08, 0x84, 0x08, 0x83, 0x00, 0x83,
    0x00, 0x63, 0x00, 0x42, 0x00, 0x42, 0x00, 0x42, 0x00, 0x21, 0x00, 0x21, 0x00, 0x21, 0x00, 0x21, 0x00, 0x00, 0x00,
    0x00, 0x00, 0x00, 0x00, 0x00, 0x00, 0x00, 0x00, 0x00, 0x00, 0x00, 0x00, 0x00, 0x00, 0x00, 0x00, 0x00, 0x00, 0x00,
    0x00, 0x00, 0x00, 0x00, 0x00, 0x00, 0x00, 0x00, 0x00, 0x00, 0x00, 0x00, 0x00, 0x00, 0x00, 0x00, 0x00, 0x00, 0x00,
    0x00, 0x00, 0x00, 0x00, 0x00, 0x00, 0x20, 0x00, 0x21, 0x00, 0x21, 0x00, 0x21, 0x00, 0x41, 0x00, 0x42, 0x00, 0x42,
    0x00, 0x62, 0x00, 0x63, 0x00, 0x83, 0x00, 0x84, 0x00, 0xA4, 0x08, 0xA5, 0x08, 0xC5, 0x08, 0xE6, 0x08, 0xE7, 0x08,
    0x07, 0x09, 0x28, 0x09, 0x49, 0x11, 0x49, 0x11, 0x8A, 0x11, 0x4A, 0x11, 0x91, 0x22, 0x7F, 0x55, 0x3F, 0x4D, 0x3F,
    0x55, 0x3F, 0x55, 0x3F, 0x55, 0x3F, 0x55, 0x3F, 0x55, 0x3F, 0x55, 0x3F, 0x55, 0x3F, 0x55, 0x3F, 0x55, 0x3F, 0x55,
    0x3F, 0x55, 0x3F, 0x55, 0x3F, 0x55, 0x3F, 0x55, 0x3F, 0x55, 0x3F, 0x55, 0x3F, 0x55, 0x3F, 0x55, 0x3F, 0x55, 0x3F,
    0x55, 0x3F, 0x55, 0x3F, 0x55, 0x3F, 0x55, 0x3F, 0x55, 0x3F, 0x55, 0x3F, 0x55, 0x3F, 0x55, 0x3F, 0x55, 0x3F, 0x55,
    0x3F, 0x55, 0x3F, 0x55, 0x3F, 0x55, 0x3F, 0x55, 0x3F, 0x55, 0x3F, 0x55, 0x3F, 0x55, 0x3F, 0x55, 0x3F, 0x55, 0x3F,
    0x55, 0x3F, 0x55, 0x3F, 0x55, 0x3F, 0x55, 0x3F, 0x55, 0x3F, 0x55, 0x3F, 0x55, 0x3F, 0x55, 0x3F, 0x55, 0x3F, 0x55,
    0x3F, 0x55, 0x3F, 0x55, 0x3F, 0x55, 0x3F, 0x55, 0x3F, 0x55, 0x3F, 0x55, 0x3F, 0x55, 0x3F, 0x55, 0x3F, 0x55, 0x3F,
    0x55, 0x3F, 0x55, 0x3F, 0x55, 0x3F, 0x55, 0x3F, 0x55, 0x3F, 0x55, 0x3F, 0x55, 0x3F, 0x55, 0x3F, 0x55, 0x3F, 0x55,
    0x3F, 0x55, 0x3F, 0x55, 0x3F, 0x55, 0x3F, 0x55, 0x3F, 0x55, 0x3F, 0x55, 0x3F, 0x55, 0x3F, 0x55, 0x3F, 0x55, 0x3F,
    0x55, 0x3F, 0x55, 0x3F, 0x55, 0x3F, 0x55, 0x3F, 0x55, 0x3F, 0x55, 0x3F, 0x55, 0x3F, 0x55, 0x3F, 0x55, 0x3F, 0x55,
    0x3F, 0x55, 0x3F, 0x55, 0x3F, 0x55, 0x3F, 0x55, 0x3F, 0x55, 0x3F, 0x55, 0x3F, 0x55, 0x3F, 0x55, 0x3F, 0x55, 0x3F,
    0x55, 0x3F, 0x55, 0x3F, 0x55, 0x3F, 0x55, 0x3F, 0x55, 0x3F, 0x55, 0x3F, 0x55, 0x3F, 0x55, 0x3F, 0x55, 0x3F, 0x55,
    0x3F, 0x55, 0x3F, 0x55, 0x3F, 0x55, 0x3F, 0x55, 0x3F, 0x55, 0x3F, 0x55, 0x3F, 0x55, 0x3F, 0x55, 0x3F, 0x55, 0x3F,
    0x55, 0x3F, 0x55, 0x3F, 0x55, 0x3F, 0x55, 0x3F, 0x55, 0x3F, 0x55, 0x3F, 0x55, 0x3F, 0x55, 0x3F, 0x55, 0x3F, 0x55,
    0x3F, 0x55, 0x3F, 0x55, 0x3F, 0x55, 0x3F, 0x55, 0x3F, 0x4D, 0x7F, 0x55, 0x91, 0x22, 0x4A, 0x11, 0x8A, 0x11, 0x49,
    0x11, 0x49, 0x11, 0x28, 0x09, 0x07, 0x09, 0xE7, 0x08, 0xE6, 0x08, 0xC5, 0x08, 0xA5, 0x08, 0xA4, 0x08, 0x84, 0x00,
    0x83, 0x00, 0x63, 0x00, 0x62, 0x00, 0x42, 0x00, 0x42, 0x00, 0x41, 0x00, 0x21, 0x00, 0x21, 0x00, 0x21, 0x00, 0x20,
    0x00, 0x00, 0x00, 0x00, 0x00, 0x00, 0x00, 0x00, 0x00, 0x00, 0x00, 0x00, 0x00, 0x00, 0x00, 0x00, 0x00, 0x00, 0x00,
    0x00, 0x00, 0x00, 0x00, 0x00, 0x00, 0x00, 0x00, 0x00, 0x00, 0x00, 0x00, 0x00, 0x00, 0x00, 0x00, 0x00, 0x00, 0x00,
    0x00, 0x00, 0x00, 0x00, 0x00, 0x00, 0x00, 0x21, 0x00, 0x21, 0x00, 0x21, 0x00, 0x21, 0x00, 0x42, 0x00, 0x42, 0x00,
    0x62, 0x00, 0x63, 0x00, 0x83, 0x00, 0x83, 0x00, 0xA4, 0x08, 0xA5, 0x08, 0xC5, 0x08, 0xC6, 0x08, 0xE6, 0x08, 0x07,
    0x09, 0x28, 0x09, 0x28, 0x11, 0x49, 0x11, 0x6A, 0x11, 0x6A, 0x11, 0xCD, 0x19, 0xFD, 0x4C, 0x5F, 0x55, 0x3F, 0x55,
    0x3F, 0x55, 0x3F, 0x55, 0x3F, 0x55, 0x3F, 0x55, 0x3F, 0x55, 0x3F, 0x55, 0x3F, 0x55, 0x3F, 0x55, 0x3F, 0x55, 0x3F,
    0x55, 0x3F, 0x55, 0x3F, 0x55, 0x3F, 0x55, 0x3F, 0x55, 0x3F, 0x55, 0x3F, 0x55, 0x3F, 0x55, 0x3F, 0x55, 0x3F, 0x55,
    0x3F, 0x55, 0x3F, 0x55, 0x3F, 0x55, 0x3F, 0x55, 0x3F, 0x55, 0x3F, 0x55, 0x3F, 0x55, 0x3F, 0x55, 0x3F, 0x55, 0x3F,
    0x55, 0x3F, 0x55, 0x3F, 0x55, 0x3F, 0x55, 0x3F, 0x55, 0x3F, 0x55, 0x3F, 0x55, 0x3F, 0x55, 0x3F, 0x55, 0x3F, 0x55,
    0x3F, 0x55, 0x3F, 0x55, 0x3F, 0x55, 0x3F, 0x55, 0x3F, 0x55, 0x3F, 0x55, 0x3F, 0x55, 0x3F, 0x55, 0x3F, 0x55, 0x3F,
    0x55, 0x3F, 0x55, 0x3F, 0x55, 0x3F, 0x55, 0x3F, 0x55, 0x3F, 0x55, 0x3F, 0x55, 0x3F, 0x55, 0x3F, 0x55, 0x3F, 0x55,
    0x3F, 0x55, 0x3F, 0x55, 0x3F, 0x55, 0x3F, 0x55, 0x3F, 0x55, 0x3F, 0x55, 0x3F, 0x55, 0x3F, 0x55, 0x3F, 0x55, 0x3F,
    0x55, 0x3F, 0x55, 0x3F, 0x55, 0x3F, 0x55, 0x3F, 0x55, 0x3F, 0x55, 0x3F, 0x55, 0x3F, 0x55, 0x3F, 0x55, 0x3F, 0x55,
    0x3F, 0x55, 0x3F, 0x55, 0x3F, 0x55, 0x3F, 0x55, 0x3F, 0x55, 0x3F, 0x55, 0x3F, 0x55, 0x3F, 0x55, 0x3F, 0x55, 0x3F,
    0x55, 0x3F, 0x55, 0x3F, 0x55, 0x3F, 0x55, 0x3F, 0x55, 0x3F, 0x55, 0x3F, 0x55, 0x3F, 0x55, 0x3F, 0x55, 0x3F, 0x55,
    0x3F, 0x55, 0x3F, 0x55, 0x3F, 0x55, 0x3F, 0x55, 0x3F, 0x55, 0x3F, 0x55, 0x3F, 0x55, 0x3F, 0x55, 0x3F, 0x55, 0x3F,
    0x55, 0x3F, 0x55, 0x3F, 0x55, 0x3F, 0x55, 0x3F, 0x55, 0x3F, 0x55, 0x3F, 0x55, 0x3F, 0x55, 0x3F, 0x55, 0x3F, 0x55,
    0x3F, 0x55, 0x3F, 0x55, 0x3F, 0x55, 0x3F, 0x55, 0x3F, 0x55, 0x3F, 0x55, 0x3F, 0x55, 0x3F, 0x55, 0x3F, 0x55, 0x3F,
    0x55, 0x3F, 0x55, 0x3F, 0x55, 0x3F, 0x55, 0x3F, 0x55, 0x3F, 0x55, 0x5F, 0x55, 0xFD, 0x4C, 0xCD, 0x19, 0x6A, 0x11,
    0x6A, 0x11, 0x49, 0x11, 0x28, 0x11, 0x28, 0x09, 0x07, 0x09, 0xE6, 0x08, 0xC6, 0x08, 0xC5, 0x08, 0xA5, 0x08, 0xA4,
    0x08, 0x83, 0x00, 0x83, 0x00, 0x63, 0x00, 0x62, 0x00, 0x42, 0x00, 0x42, 0x00, 0x21, 0x00, 0x21, 0x00, 0x21, 0x00,
    0x21, 0x00, 0x00, 0x00, 0x00, 0x00, 0x00, 0x00, 0x00, 0x00, 0x00, 0x00, 0x00, 0x00, 0x00, 0x00, 0x00, 0x00, 0x00,
    0x00, 0x00, 0x00, 0x00, 0x00, 0x00, 0x00, 0x00, 0x00, 0x00, 0x00, 0x00, 0x00, 0x00, 0x00, 0x00, 0x00, 0x00, 0x00,
    0x00, 0x00, 0x00, 0x00, 0x00, 0x00, 0x20, 0x00, 0x21, 0x00, 0x21, 0x00, 0x21, 0x00, 0x41, 0x00, 0x42, 0x00, 0x42,
    0x00, 0x62, 0x00, 0x63, 0x00, 0x83, 0x00, 0x84, 0x00, 0xA4, 0x08, 0xA5, 0x08, 0xC5, 0x08, 0xE6, 0x08, 0x07, 0x09,
    0x07, 0x09, 0x28, 0x09, 0x49, 0x11, 0x6A, 0x11, 0x8A, 0x11, 0x6A, 0x11, 0x3A, 0x44, 0x7F, 0x55, 0x1E, 0x4D, 0x3F,
    0x55, 0x3F, 0x55, 0x3F, 0x55, 0x3F, 0x55, 0x3F, 0x55, 0x3F, 0x55, 0x3F, 0x55, 0x3F, 0x55, 0x3F, 0x55, 0x3F, 0x55,
    0x3F, 0x55, 0x3F, 0x55, 0x3F, 0x55, 0x3F, 0x55, 0x3F, 0x55, 0x3F, 0x55, 0x3F, 0x55, 0x3F, 0x55, 0x3F, 0x55, 0x3F,
    0x55, 0x3F, 0x55, 0x3F, 0x55, 0x3F, 0x55, 0x3F, 0x55, 0x3F, 0x55, 0x3F, 0x55, 0x3F, 0x55, 0x3F, 0x55, 0x3F, 0x55,
    0x3F, 0x55, 0x3F, 0x55, 0x3F, 0x55, 0x3F, 0x55, 0x3F, 0x55, 0x3F, 0x55, 0x3F, 0x55, 0x3F, 0x55, 0x3F, 0x55, 0x3F,
    0x55, 0x3F, 0x55, 0x3F, 0x55, 0x3F, 0x55, 0x3F, 0x55, 0x3F, 0x55, 0x3F, 0x55, 0x3F, 0x55, 0x3F, 0x55, 0x3F, 0x55,
    0x3F, 0x55, 0x3F, 0x55, 0x3F, 0x55, 0x3F, 0x55, 0x3F, 0x55, 0x3F, 0x55, 0x3F, 0x55, 0x3F, 0x55, 0x3F, 0x55, 0x3F,
    0x55, 0x3F, 0x55, 0x3F, 0x55, 0x3F, 0x55, 0x3F, 0x55, 0x3F, 0x55, 0x3F, 0x55, 0x3F, 0x55, 0x3F, 0x55, 0x3F, 0x55,
    0x3F, 0x55, 0x3F, 0x55, 0x3F, 0x55, 0x3F, 0x55, 0x3F, 0x55, 0x3F, 0x55, 0x3F, 0x55, 0x3F, 0x55, 0x3F, 0x55, 0x3F,
    0x55, 0x3F, 0x55, 0x3F, 0x55, 0x3F, 0x55, 0x3F, 0x55, 0x3F, 0x55, 0x3F, 0x55, 0x3F, 0x55, 0x3F, 0x55, 0x3F, 0x55,
    0x3F, 0x55, 0x3F, 0x55, 0x3F, 0x55, 0x3F, 0x55, 0x3F, 0x55, 0x3F, 0x55, 0x3F, 0x55, 0x3F, 0x55, 0x3F, 0x55, 0x3F,
    0x55, 0x3F, 0x55, 0x3F, 0x55, 0x3F, 0x55, 0x3F, 0x55, 0x3F, 0x55, 0x3F, 0x55, 0x3F, 0x55, 0x3F, 0x55, 0x3F, 0x55,
    0x3F, 0x55, 0x3F, 0x55, 0x3F, 0x55, 0x3F, 0x55, 0x3F, 0x55, 0x3F, 0x55, 0x3F, 0x55, 0x3F, 0x55, 0x3F, 0x55, 0x3F,
    0x55, 0x3F, 0x55, 0x3F, 0x55, 0x3F, 0x55, 0x3F, 0x55, 0x3F, 0x55, 0x3F, 0x55, 0x3F, 0x55, 0x3F, 0x55, 0x3F, 0x55,
    0x3F, 0x55, 0x3F, 0x55, 0x3F, 0x55, 0x3F, 0x55, 0x3F, 0x55, 0x3F, 0x55, 0x1E, 0x4D, 0x7F, 0x55, 0x3A, 0x44, 0x6A,
    0x11, 0x8A, 0x11, 0x6A, 0x11, 0x49, 0x11, 0x28, 0x09, 0x07, 0x09, 0x07, 0x09, 0xE6, 0x08, 0xC5, 0x08, 0xA5, 0x08,
    0xA4, 0x08, 0x84, 0x00, 0x83, 0x00, 0x63, 0x00, 0x62, 0x00, 0x42, 0x00, 0x42, 0x00, 0x41, 0x00, 0x21, 0x00, 0x21,
    0x00, 0x21, 0x00, 0x20, 0x00, 0x00, 0x00, 0x00, 0x00, 0x00, 0x00, 0x00, 0x00, 0x00, 0x00, 0x00, 0x00, 0x00, 0x00,
    0x00, 0x00, 0x00, 0x00, 0x00, 0x00, 0x00, 0x00, 0x00, 0x00, 0x00, 0x00, 0x00, 0x00, 0x00, 0x00, 0x00, 0x00, 0x00,
    0x00, 0x00, 0x00, 0x00, 0x00, 0x00, 0x00, 0x20, 0x00, 0x21, 0x00, 0x21, 0x00, 0x21, 0x00, 0x42, 0x00, 0x42, 0x00,
    0x42, 0x00, 0x63, 0x00, 0x83, 0x00, 0x84, 0x00, 0xA4, 0x08, 0xA5, 0x08, 0xC5, 0x08, 0xE6, 0x08, 0xE6, 0x08, 0x07,
    0x09, 0x28, 0x09, 0x49, 0x11, 0x49, 0x11, 0x8A, 0x11, 0x49, 0x11, 0x14, 0x2B, 0x7F, 0x55, 0x1E, 0x4D, 0x3F, 0x4D,
    0x3F, 0x4D, 0x3F, 0x4D, 0x3F, 0x4D, 0x3F, 0x4D, 0x3F, 0x4D, 0x3F, 0x4D, 0x3F, 0x4D, 0x3F, 0x4D, 0x3F, 0x4D, 0x3F,
    0x4D, 0x3F, 0x4D, 0x3F, 0x4D, 0x3F, 0x4D, 0x3F, 0x4D, 0x3F, 0x4D, 0x3F, 0x4D, 0x3F, 0x4D, 0x3F, 0x4D, 0x3F, 0x4D,
    0x3F, 0x4D, 0x3F, 0x4D, 0x3F, 0x4D, 0x3F, 0x4D, 0x3F, 0x4D, 0x3F, 0x4D, 0x3F, 0x4D, 0x3F, 0x4D, 0x3F, 0x4D, 0x3F,
    0x4D, 0x3F, 0x4D, 0x3F, 0x4D, 0x3F, 0x4D, 0x3F, 0x4D, 0x3F, 0x4D, 0x3F, 0x4D, 0x3F, 0x4D, 0x3F, 0x4D, 0x3F, 0x4D,
    0x3F, 0x4D, 0x3F, 0x4D, 0x3F, 0x4D, 0x3F, 0x4D, 0x3F, 0x4D, 0x3F, 0x4D, 0x3F, 0x4D, 0x3F, 0x4D, 0x3F, 0x4D, 0x3F,
    0x4D, 0x3F, 0x4D, 0x3F, 0x4D, 0x3F, 0x4D, 0x3F, 0x4D, 0x3F, 0x4D, 0x3F, 0x4D, 0x3F, 0x4D, 0x3F, 0x4D, 0x3F, 0x4D,
    0x3F, 0x4D, 0x3F, 0x4D, 0x3F, 0x4D, 0x3F, 0x4D, 0x3F, 0x4D, 0x3F, 0x4D, 0x3F, 0x4D, 0x3F, 0x4D, 0x3F, 0x4D, 0x3F,
    0x4D, 0x3F, 0x4D, 0x3F, 0x4D, 0x3F, 0x4D, 0x3F, 0x4D, 0x3F, 0x4D, 0x3F, 0x4D, 0x3F, 0x4D, 0x3F, 0x4D, 0x3F, 0x4D,
    0x3F, 0x4D, 0x3F, 0x4D, 0x3F, 0x4D, 0x3F, 0x4D, 0x3F, 0x4D, 0x3F, 0x4D, 0x3F, 0x4D, 0x3F, 0x4D, 0x3F, 0x4D, 0x3F,
    0x4D, 0x3F, 0x4D, 0x3F, 0x4D, 0x3F, 0x4D, 0x3F, 0x4D, 0x3F, 0x4D, 0x3F, 0x4D, 0x3F, 0x4D, 0x3F, 0x4D, 0x3F, 0x4D,
    0x3F, 0x4D, 0x3F, 0x4D, 0x3F, 0x4D, 0x3F, 0x4D, 0x3F, 0x4D, 0x3F, 0x4D, 0x3F, 0x4D, 0x3F, 0x4D, 0x3F, 0x4D, 0x3F,
    0x4D, 0x3F, 0x4D, 0x3F, 0x4D, 0x3F, 0x4D, 0x3F, 0x4D, 0x3F, 0x4D, 0x3F, 0x4D, 0x3F, 0x4D, 0x3F, 0x4D, 0x3F, 0x4D,
    0x3F, 0x4D, 0x3F, 0x4D, 0x3F, 0x4D, 0x3F, 0x4D, 0x3F, 0x4D, 0x3F, 0x4D, 0x3F, 0x4D, 0x3F, 0x4D, 0x3F, 0x4D, 0x3F,
    0x4D, 0x3F, 0x4D, 0x3F, 0x4D, 0x3F, 0x4D, 0x3F, 0x4D, 0x3F, 0x4D, 0x3F, 0x4D, 0x3F, 0x4D, 0x1E, 0x4D, 0x7F, 0x55,
    0x14, 0x2B, 0x49, 0x11, 0x8A, 0x11, 0x49, 0x11, 0x49, 0x11, 0x28, 0x09, 0x07, 0x09, 0xE6, 0x08, 0xE6, 0x08, 0xC5,
    0x08, 0xA5, 0x08, 0xA4, 0x08, 0x84, 0x00, 0x83, 0x00, 0x63, 0x00, 0x42, 0x00, 0x42, 0x00, 0x42, 0x00, 0x21, 0x00,
    0x21, 0x00, 0x21, 0x00, 0x20, 0x00, 0x00, 0x00, 0x00, 0x00, 0x00, 0x00, 0x00, 0x00, 0x00, 0x00, 0x00, 0x00, 0x00,
    0x00, 0x00, 0x00, 0x00, 0x00, 0x00, 0x00, 0x00, 0x00, 0x00, 0x00, 0x00, 0x00, 0x00, 0x00, 0x00, 0x00, 0x00, 0x00,
    0x00, 0x00, 0x00, 0x00, 0x00, 0x00, 0x00, 0x00, 0x21, 0x00, 0x21, 0x00, 0x21, 0x00, 0x41, 0x00, 0x42, 0x00, 0x42,
    0x00, 0x62, 0x00, 0x63, 0x00, 0x83, 0x00, 0x84, 0x00, 0xA4, 0x08, 0xA5, 0x08, 0xC6, 0x08, 0xE6, 0x08, 0x07, 0x09,
    0x08, 0x09, 0x28, 0x11, 0x49, 0x11, 0x6A, 0x11, 0x6A, 0x11, 0x0E, 0x1A, 0x1E, 0x4D, 0x3F, 0x4D, 0x3F, 0x4D, 0x3F,
    0x4D, 0x3F, 0x4D, 0x3F, 0x4D, 0x3F, 0x4D, 0x3F, 0x4D, 0x3F, 0x4D, 0x3F, 0x4D, 0x3F, 0x4D, 0x3F, 0x4D, 0x3F, 0x4D,
    0x3F, 0x4D, 0x3F, 0x4D, 0x3F, 0x4D, 0x3F, 0x4D, 0x3F, 0x4D, 0x3F, 0x4D, 0x3F, 0x4D, 0x3F, 0x4D, 0x3F, 0x4D, 0x3F,
    0x4D, 0x3F, 0x4D, 0x3F, 0x4D, 0x3F, 0x4D, 0x3F, 0x4D, 0x3F, 0x4D, 0x3F, 0x4D, 0x3F, 0x4D, 0x3F, 0x4D, 0x3F, 0x4D,
    0x3F, 0x4D, 0x3F, 0x4D, 0x3F, 0x4D, 0x3F, 0x4D, 0x3F, 0x4D, 0x3F, 0x4D, 0x3F, 0x4D, 0x3F, 0x4D, 0x3F, 0x4D, 0x3F,
    0x4D, 0x3F, 0x4D, 0x3F, 0x4D, 0x3F, 0x4D, 0x3F, 0x4D, 0x3F, 0x4D, 0x3F, 0x4D, 0x3F, 0x4D, 0x3F, 0x4D, 0x3F, 0x4D,
    0x3F, 0x4D, 0x3F, 0x4D, 0x3F, 0x4D, 0x3F, 0x4D, 0x3F, 0x4D, 0x3F, 0x4D, 0x3F, 0x4D, 0x3F, 0x4D, 0x3F, 0x4D, 0x3F,
    0x4D, 0x3F, 0x4D, 0x3F, 0x4D, 0x3F, 0x4D, 0x3F, 0x4D, 0x3F, 0x4D, 0x3F, 0x4D, 0x3F, 0x4D, 0x3F, 0x4D, 0x3F, 0x4D,
    0x3F, 0x4D, 0x3F, 0x4D, 0x3F, 0x4D, 0x3F, 0x4D, 0x3F, 0x4D, 0x3F, 0x4D, 0x3F, 0x4D, 0x3F, 0x4D, 0x3F, 0x4D, 0x3F,
    0x4D, 0x3F, 0x4D, 0x3F, 0x4D, 0x3F, 0x4D, 0x3F, 0x4D, 0x3F, 0x4D, 0x3F, 0x4D, 0x3F, 0x4D, 0x3F, 0x4D, 0x3F, 0x4D,
    0x3F, 0x4D, 0x3F, 0x4D, 0x3F, 0x4D, 0x3F, 0x4D, 0x3F, 0x4D, 0x3F, 0x4D, 0x3F, 0x4D, 0x3F, 0x4D, 0x3F, 0x4D, 0x3F,
    0x4D, 0x3F, 0x4D, 0x3F, 0x4D, 0x3F, 0x4D, 0x3F, 0x4D, 0x3F, 0x4D, 0x3F, 0x4D, 0x3F, 0x4D, 0x3F, 0x4D, 0x3F, 0x4D,
    0x3F, 0x4D, 0x3F, 0x4D, 0x3F, 0x4D, 0x3F, 0x4D, 0x3F, 0x4D, 0x3F, 0x4D, 0x3F, 0x4D, 0x3F, 0x4D, 0x3F, 0x4D, 0x3F,
    0x4D, 0x3F, 0x4D, 0x3F, 0x4D, 0x3F, 0x4D, 0x3F, 0x4D, 0x3F, 0x4D, 0x3F, 0x4D, 0x3F, 0x4D, 0x3F, 0x4D, 0x3F, 0x4D,
    0x3F, 0x4D, 0x3F, 0x4D, 0x3F, 0x4D, 0x3F, 0x4D, 0x3F, 0x4D, 0x3F, 0x4D, 0x3F, 0x4D, 0x3F, 0x4D, 0x3F, 0x4D, 0x3F,
    0x4D, 0x1E, 0x4D, 0x0E, 0x1A, 0x6A, 0x11, 0x6A, 0x11, 0x49, 0x11, 0x28, 0x11, 0x08, 0x09, 0x07, 0x09, 0xE6, 0x08,
    0xC6, 0x08, 0xA5, 0x08, 0xA4, 0x08, 0x84, 0x00, 0x83, 0x00, 0x63, 0x00, 0x62, 0x00, 0x42, 0x00, 0x42, 0x00, 0x41,
    0x00, 0x21, 0x00, 0x21, 0x00, 0x21, 0x00, 0x00, 0x00, 0x00, 0x00, 0x00, 0x00, 0x00, 0x00, 0x00, 0x00, 0x00, 0x00,
    0x00, 0x00, 0x00, 0x00, 0x00, 0x00, 0x00, 0x00, 0x00, 0x00, 0x00, 0x00, 0x00, 0x00, 0x00, 0x00, 0x00, 0x00, 0x00,
    0x00, 0x00, 0x00, 0x00, 0x00, 0x00, 0x00, 0x20, 0x00, 0x21, 0x00, 0x21, 0x00, 0x21, 0x00, 0x42, 0x00, 0x42, 0x00,
    0x42, 0x00, 0x63, 0x00, 0x83, 0x00, 0x84, 0x00, 0xA4, 0x08, 0xA5, 0x08, 0xC5, 0x08, 0xE6, 0x08, 0xE7, 0x08, 0x07,
    0x09, 0x28, 0x09, 0x49, 0x11, 0x49, 0x11, 0x8A, 0x11, 0x6A, 0x11, 0xF8, 0x3B, 0x5F, 0x55, 0x1E, 0x4D, 0x3F, 0x4D,
    0x3F, 0x4D, 0x3F, 0x4D, 0x3F, 0x4D, 0x3F, 0x4D, 0x3F, 0x4D, 0x3F, 0x4D, 0x3F, 0x4D, 0x3F, 0x4D, 0x3F, 0x4D, 0x3F,
    0x4D, 0x3F, 0x4D, 0x3F, 0x4D, 0x3F, 0x4D, 0x3F, 0x4D, 0x3F, 0x4D, 0x3F, 0x4D, 0x3F, 0x4D, 0x3F, 0x4D, 0x3F, 0x4D,
    0x3F, 0x4D, 0x3F, 0x4D, 0x3F, 0x4D, 0x3F, 0x4D, 0x3F, 0x4D, 0x3F, 0x4D, 0x3F, 0x4D, 0x3F, 0x4D, 0x3F, 0x4D, 0x3F,
    0x4D, 0x3F, 0x4D, 0x3F, 0x4D, 0x3F, 0x4D, 0x3F, 0x4D, 0x3F, 0x4D, 0x3F, 0x4D, 0x3F, 0x4D, 0x3F, 0x4D, 0x3F, 0x4D,
    0x3F, 0x4D, 0x3F, 0x4D, 0x3F, 0x4D, 0x3F, 0x4D, 0x3F, 0x4D, 0x3F, 0x4D, 0x3F, 0x4D, 0x3F, 0x4D, 0x3F, 0x4D, 0x3F,
    0x4D, 0x3F, 0x4D, 0x3F, 0x4D, 0x3F, 0x4D, 0x3F, 0x4D, 0x3F, 0x4D, 0x3F, 0x4D, 0x3F, 0x4D, 0x3F, 0x4D, 0x3F, 0x4D,
    0x3F, 0x4D, 0x3F, 0x4D, 0x3F, 0x4D, 0x3F, 0x4D, 0x3F, 0x4D, 0x3F, 0x4D, 0x3F, 0x4D, 0x3F, 0x4D, 0x3F, 0x4D, 0x3F,
    0x4D, 0x3F, 0x4D, 0x3F, 0x4D, 0x3F, 0x4D, 0x3F, 0x4D, 0x3F, 0x4D, 0x3F, 0x4D, 0x3F, 0x4D, 0x3F, 0x4D, 0x3F, 0x4D,
    0x3F, 0x4D, 0x3F, 0x4D, 0x3F, 0x4D, 0x3F, 0x4D, 0x3F, 0x4D, 0x3F, 0x4D, 0x3F, 0x4D, 0x3F, 0x4D, 0x3F, 0x4D, 0x3F,
    0x4D, 0x3F, 0x4D, 0x3F, 0x4D, 0x3F, 0x4D, 0x3F, 0x4D, 0x3F, 0x4D, 0x3F, 0x4D, 0x3F, 0x4D, 0x3F, 0x4D, 0x3F, 0x4D,
    0x3F, 0x4D, 0x3F, 0x4D, 0x3F, 0x4D, 0x3F, 0x4D, 0x3F, 0x4D, 0x3F, 0x4D, 0x3F, 0x4D, 0x3F, 0x4D, 0x3F, 0x4D, 0x3F,
    0x4D, 0x3F, 0x4D, 0x3F, 0x4D, 0x3F, 0x4D, 0x3F, 0x4D, 0x3F, 0x4D, 0x3F, 0x4D, 0x3F, 0x4D, 0x3F, 0x4D, 0x3F, 0x4D,
    0x3F, 0x4D, 0x3F, 0x4D, 0x3F, 0x4D, 0x3F, 0x4D, 0x3F, 0x4D, 0x3F, 0x4D, 0x3F, 0x4D, 0x3F, 0x4D, 0x3F, 0x4D, 0x3F,
    0x4D, 0x3F, 0x4D, 0x3F, 0x4D, 0x3F, 0x4D, 0x3F, 0x4D, 0x3F, 0x4D, 0x3F, 0x4D, 0x3F, 0x4D, 0x3F, 0x4D, 0x3F, 0x4D,
    0x1E, 0x4D, 0x5F, 0x55, 0xF8, 0x3B, 0x6A, 0x11, 0x8A, 0x11, 0x49, 0x11, 0x49, 0x11, 0x28, 0x09, 0x07, 0x09, 0xE7,
    0x08, 0xE6, 0x08, 0xC5, 0x08, 0xA5, 0x08, 0xA4, 0x08, 0x84, 0x00, 0x83, 0x00, 0x63, 0x00, 0x42, 0x00, 0x42, 0x00,
    0x42, 0x00, 0x21, 0x00, 0x21, 0x00, 0x21, 0x00, 0x20, 0x00, 0x00, 0x00, 0x00, 0x00, 0x00, 0x00, 0x00, 0x00, 0x00,
    0x00, 0x00, 0x00, 0x00, 0x00, 0x00, 0x00, 0x00, 0x00, 0x00, 0x00, 0x00, 0x00, 0x00, 0x00, 0x00, 0x00, 0x00, 0x00,
    0x00, 0x00, 0x00, 0x00, 0x00, 0x00, 0x00, 0x00, 0x20, 0x00, 0x21, 0x00, 0x21, 0x00, 0x21, 0x00, 0x42, 0x00, 0x42,
    0x00, 0x62, 0x00, 0x63, 0x00, 0x83, 0x00, 0x84, 0x00, 0xA4, 0x08, 0xA5, 0x08, 0xC6, 0x08, 0xE6, 0x08, 0x07, 0x09,
    0x28, 0x09, 0x28, 0x11, 0x49, 0x11, 0x6A, 0x11, 0x4A, 0x11, 0x90, 0x22, 0x5F, 0x55, 0x1E, 0x4D, 0x1F, 0x4D, 0x1F,
    0x4D, 0x1F, 0x4D, 0x1F, 0x4D, 0x1F, 0x4D, 0x1F, 0x4D, 0x1F, 0x4D, 0x1F, 0x4D, 0x1F, 0x4D, 0x1F, 0x4D, 0x1F, 0x4D,
    0x1F, 0x4D, 0x1F, 0x4D, 0x1F, 0x4D, 0x1F, 0x4D, 0x1F, 0x4D, 0x1F, 0x4D, 0x1F, 0x4D, 0x1F, 0x4D, 0x1F, 0x4D, 0x1F,
    0x4D, 0x1F, 0x4D, 0x1F, 0x4D, 0x1F, 0x4D, 0x1F, 0x4D, 0x1F, 0x4D, 0x1F, 0x4D, 0x1F, 0x4D, 0x1F, 0x4D, 0x1F, 0x4D,
    0x1F, 0x4D, 0x1F, 0x4D, 0x1F, 0x4D, 0x1F, 0x4D, 0x1F, 0x4D, 0x1F, 0x4D, 0x1F, 0x4D, 0x1F, 0x4D, 0x1F, 0x4D, 0x1F,
    0x4D, 0x1F, 0x4D, 0x1F, 0x4D, 0x1F, 0x4D, 0x1F, 0x4D, 0x1F, 0x4D, 0x1F, 0x4D, 0x1F, 0x4D, 0x1F, 0x4D, 0x1F, 0x4D,
    0x1F, 0x4D, 0x1F, 0x4D, 0x1F, 0x4D, 0x1F, 0x4D, 0x1F, 0x4D, 0x1F, 0x4D, 0x1F, 0x4D, 0x1F, 0x4D, 0x1F, 0x4D, 0x1F,
    0x4D, 0x1F, 0x4D, 0x1F, 0x4D, 0x1F, 0x4D, 0x1F, 0x4D, 0x1F, 0x4D, 0x1F, 0x4D, 0x1F, 0x4D, 0x1F, 0x4D, 0x1F, 0x4D,
    0x1F, 0x4D, 0x1F, 0x4D, 0x1F, 0x4D, 0x1F, 0x4D, 0x1F, 0x4D, 0x1F, 0x4D, 0x1F, 0x4D, 0x1F, 0x4D, 0x1F, 0x4D, 0x1F,
    0x4D, 0x1F, 0x4D, 0x1F, 0x4D, 0x1F, 0x4D, 0x1F, 0x4D, 0x1F, 0x4D, 0x1F, 0x4D, 0x1F, 0x4D, 0x1F, 0x4D, 0x1F, 0x4D,
    0x1F, 0x4D, 0x1F, 0x4D, 0x1F, 0x4D, 0x1F, 0x4D, 0x1F, 0x4D, 0x1F, 0x4D, 0x1F, 0x4D, 0x1F, 0x4D, 0x1F, 0x4D, 0x1F,
    0x4D, 0x1F, 0x4D, 0x1F, 0x4D, 0x1F, 0x4D, 0x1F, 0x4D, 0x1F, 0x4D, 0x1F, 0x4D, 0x1F, 0x4D, 0x1F, 0x4D, 0x1F, 0x4D,
    0x1F, 0x4D, 0x1F, 0x4D, 0x1F, 0x4D, 0x1F, 0x4D, 0x1F, 0x4D, 0x1F, 0x4D, 0x1F, 0x4D, 0x1F, 0x4D, 0x1F, 0x4D, 0x1F,
    0x4D, 0x1F, 0x4D, 0x1F, 0x4D, 0x1F, 0x4D, 0x1F, 0x4D, 0x1F, 0x4D, 0x1F, 0x4D, 0x1F, 0x4D, 0x1F, 0x4D, 0x1F, 0x4D,
    0x1F, 0x4D, 0x1F, 0x4D, 0x1F, 0x4D, 0x1F, 0x4D, 0x1F, 0x4D, 0x1F, 0x4D, 0x1F, 0x4D, 0x1F, 0x4D, 0x1F, 0x4D, 0x1F,
    0x4D, 0x1F, 0x4D, 0x1E, 0x4D, 0x5F, 0x55, 0x90, 0x22, 0x4A, 0x11, 0x6A, 0x11, 0x49, 0x11, 0x28, 0x11, 0x28, 0x09,
    0x07, 0x09, 0xE6, 0x08, 0xC6, 0x08, 0xA5, 0x08, 0xA4, 0x08, 0x84, 0x00, 0x83, 0x00, 0x63, 0x00, 0x62, 0x00, 0x42,
    0x00, 0x42, 0x00, 0x21, 0x00, 0x21, 0x00, 0x21, 0x00, 0x20, 0x00, 0x00, 0x00, 0x00, 0x00, 0x00, 0x00, 0x00, 0x00,
    0x00, 0x00, 0x00, 0x00, 0x00, 0x00, 0x00, 0x00, 0x00, 0x00, 0x00, 0x00, 0x00, 0x00, 0x00, 0x00, 0x00, 0x00, 0x00,
    0x00, 0x00, 0x00, 0x00, 0x00, 0x00, 0x00, 0x20, 0x00, 0x21, 0x00, 0x21, 0x00, 0x21, 0x00, 0x41, 0x00, 0x42, 0x00,
    0x42, 0x00, 0x63, 0x00, 0x63, 0x00, 0x83, 0x00, 0x84, 0x08, 0xA5, 0x08, 0xC5, 0x08, 0xE6, 0x08, 0xE7, 0x08, 0x07,
    0x09, 0x28, 0x09, 0x49, 0x11, 0x4A, 0x11, 0x8A, 0x11, 0x6A, 0x11, 0x3A, 0x44, 0x5F, 0x55, 0x1E, 0x4D, 0x1F, 0x4D,
    0x1F, 0x4D, 0x1F, 0x4D, 0x1F, 0x4D, 0x1F, 0x4D, 0x1F, 0x4D, 0x1F, 0x4D, 0x1F, 0x4D, 0x1F, 0x4D, 0x1F, 0x4D, 0x1F,
    0x4D, 0x1F, 0x4D, 0x1F, 0x4D, 0x1F, 0x4D, 0x1F, 0x4D, 0x1F, 0x4D, 0x1F, 0x4D, 0x1F, 0x4D, 0x1F, 0x4D, 0x1F, 0x4D,
    0x1F, 0x4D, 0x1F, 0x4D, 0x1F, 0x4D, 0x1F, 0x4D, 0x1F, 0x4D, 0x1F, 0x4D, 0x1F, 0x4D, 0x1F, 0x4D, 0x1F, 0x4D, 0x1F,
    0x4D, 0x1F, 0x4D, 0x1F, 0x4D, 0x1F, 0x4D, 0x1F, 0x4D, 0x1F, 0x4D, 0x1F, 0x4D, 0x1F, 0x4D, 0x1F, 0x4D, 0x1F, 0x4D,
    0x1F, 0x4D, 0x1F, 0x4D, 0x1F, 0x4D, 0x1F, 0x4D, 0x1F, 0x4D, 0x1F, 0x4D, 0x1F, 0x4D, 0x1F, 0x4D, 0x1F, 0x4D, 0x1F,
    0x4D, 0x1F, 0x4D, 0x1F, 0x4D, 0x1F, 0x4D, 0x1F, 0x4D, 0x1F, 0x4D, 0x1F, 0x4D, 0x1F, 0x4D, 0x1F, 0x4D, 0x1F, 0x4D,
    0x1F, 0x4D, 0x1F, 0x4D, 0x1F, 0x4D, 0x1F, 0x4D, 0x1F, 0x4D, 0x1F, 0x4D, 0x1F, 0x4D, 0x1F, 0x4D, 0x1F, 0x4D, 0x1F,
    0x4D, 0x1F, 0x4D, 0x1F, 0x4D, 0x1F, 0x4D, 0x1F, 0x4D, 0x1F, 0x4D, 0x1F, 0x4D, 0x1F, 0x4D, 0x1F, 0x4D, 0x1F, 0x4D,
    0x1F, 0x4D, 0x1F, 0x4D, 0x1F, 0x4D, 0x1F, 0x4D, 0x1F, 0x4D, 0x1F, 0x4D, 0x1F, 0x4D, 0x1F, 0x4D, 0x1F, 0x4D, 0x1F,
    0x4D, 0x1F, 0x4D, 0x1F, 0x4D, 0x1F, 0x4D, 0x1F, 0x4D, 0x1F, 0x4D, 0x1F, 0x4D, 0x1F, 0x4D, 0x1F, 0x4D, 0x1F, 0x4D,
    0x1F, 0x4D, 0x1F, 0x4D, 0x1F, 0x4D, 0x1F, 0x4D, 0x1F, 0x4D, 0x1F, 0x4D, 0x1F, 0x4D, 0x1F, 0x4D, 0x1F, 0x4D, 0x1F,
    0x4D, 0x1F, 0x4D, 0x1F, 0x4D, 0x1F, 0x4D, 0x1F, 0x4D, 0x1F, 0x4D, 0x1F, 0x4D, 0x1F, 0x4D, 0x1F, 0x4D, 0x1F, 0x4D,
    0x1F, 0x4D, 0x1F, 0x4D, 0x1F, 0x4D, 0x1F, 0x4D, 0x1F, 0x4D, 0x1F, 0x4D, 0x1F, 0x4D, 0x1F, 0x4D, 0x1F, 0x4D, 0x1F,
    0x4D, 0x1F, 0x4D, 0x1F, 0x4D, 0x1F, 0x4D, 0x1F, 0x4D, 0x1F, 0x4D, 0x1F, 0x4D, 0x1F, 0x4D, 0x1F, 0x4D, 0x1F, 0x4D,
    0x1F, 0x4D, 0x1F, 0x4D, 0x1E, 0x4D, 0x5F, 0x55, 0x3A, 0x44, 0x6A, 0x11, 0x8A, 0x11, 0x4A, 0x11, 0x49, 0x11, 0x28,
    0x09, 0x07, 0x09, 0xE7, 0x08, 0xE6, 0x08, 0xC5, 0x08, 0xA5, 0x08, 0x84, 0x08, 0x83, 0x00, 0x63, 0x00, 0x63, 0x00,
    0x42, 0x00, 0x42, 0x00, 0x41, 0x00, 0x21, 0x00, 0x21, 0x00, 0x21, 0x00, 0x20, 0x00, 0x00, 0x00, 0x00, 0x00, 0x00,
    0x00, 0x00, 0x00, 0x00, 0x00, 0x00, 0x00, 0x00, 0x00, 0x00, 0x00, 0x00, 0x00, 0x00, 0x00, 0x00, 0x00, 0x00, 0x00,
    0x00, 0x00, 0x00, 0x00, 0x00, 0x00, 0x00, 0x00, 0x20, 0x00, 0x21, 0x00, 0x21, 0x00, 0x21, 0x00, 0x42, 0x00, 0x42,
    0x00, 0x62, 0x00, 0x63, 0x00, 0x83, 0x00, 0x84, 0x00, 0xA4, 0x08, 0xA5, 0x08, 0xC6, 0x08, 0xE6, 0x08, 0x07, 0x09,
    0x08, 0x09, 0x28, 0x11, 0x49, 0x11, 0x6A, 0x11, 0x4A, 0x11, 0x90, 0x22, 0x3F, 0x55, 0x1E, 0x4D, 0x1F, 0x4D, 0x1F,
    0x4D, 0x1F, 0x4D, 0x1F, 0x4D, 0x1F, 0x4D, 0x1F, 0x4D, 0x1F, 0x4D, 0x1F, 0x4D, 0x1F, 0x4D, 0x1F, 0x4D, 0x1F, 0x4D,
    0x1F, 0x4D, 0x1F, 0x4D, 0x1F, 0x4D, 0x1F, 0x4D, 0x1F, 0x4D, 0x1F, 0x4D, 0x1F, 0x4D, 0x1F, 0x4D, 0x1F, 0x4D, 0x1F,
    0x4D, 0x1F, 0x4D, 0x1F, 0x4D, 0x1F, 0x4D, 0x1F, 0x4D, 0x1F, 0x4D, 0x1F, 0x4D, 0x1F, 0x4D, 0x1F, 0x4D, 0x1F, 0x4D,
    0x1F, 0x4D, 0x1F, 0x4D, 0x1F, 0x4D, 0x1F, 0x4D, 0x1F, 0x4D, 0x1F, 0x4D, 0x1F, 0x4D, 0x1F, 0x4D, 0x1F, 0x4D, 0x1F,
    0x4D, 0x1F, 0x4D, 0x1F, 0x4D, 0x1F, 0x4D, 0x1F, 0x4D, 0x1F, 0x4D, 0x1F, 0x4D, 0x1F, 0x4D, 0x1F, 0x4D, 0x1F, 0x4D,
    0x1F, 0x4D, 0x1F, 0x4D, 0x1F, 0x4D, 0x1F, 0x4D, 0x1F, 0x4D, 0x1F, 0x4D, 0x1F, 0x4D, 0x1F, 0x4D, 0x1F, 0x4D, 0x1F,
    0x4D, 0x1F, 0x4D, 0x1F, 0x4D, 0x1F, 0x4D, 0x1F, 0x4D, 0x1F, 0x4D, 0x1F, 0x4D, 0x1F, 0x4D, 0x1F, 0x4D, 0x1F, 0x4D,
    0x1F, 0x4D, 0x1F, 0x4D, 0x1F, 0x4D, 0x1F, 0x4D, 0x1F, 0x4D, 0x1F, 0x4D, 0x1F, 0x4D, 0x1F, 0x4D, 0x1F, 0x4D, 0x1F,
    0x4D, 0x1F, 0x4D, 0x1F, 0x4D, 0x1F, 0x4D, 0x1F, 0x4D, 0x1F, 0x4D, 0x1F, 0x4D, 0x1F, 0x4D, 0x1F, 0x4D, 0x1F, 0x4D,
    0x1F, 0x4D, 0x1F, 0x4D, 0x1F, 0x4D, 0x1F, 0x4D, 0x1F, 0x4D, 0x1F, 0x4D, 0x1F, 0x4D, 0x1F, 0x4D, 0x1F, 0x4D, 0x1F,
    0x4D, 0x1F, 0x4D, 0x1F, 0x4D, 0x1F, 0x4D, 0x1F, 0x4D, 0x1F, 0x4D, 0x1F, 0x4D, 0x1F, 0x4D, 0x1F, 0x4D, 0x1F, 0x4D,
    0x1F, 0x4D, 0x1F, 0x4D, 0x1F, 0x4D, 0x1F, 0x4D, 0x1F, 0x4D, 0x1F, 0x4D, 0x1F, 0x4D, 0x1F, 0x4D, 0x1F, 0x4D, 0x1F,
    0x4D, 0x1F, 0x4D, 0x1F, 0x4D, 0x1F, 0x4D, 0x1F, 0x4D, 0x1F, 0x4D, 0x1F, 0x4D, 0x1F, 0x4D, 0x1F, 0x4D, 0x1F, 0x4D,
    0x1F, 0x4D, 0x1F, 0x4D, 0x1F, 0x4D, 0x1F, 0x4D, 0x1F, 0x4D, 0x1F, 0x4D, 0x1F, 0x4D, 0x1F, 0x4D, 0x1F, 0x4D, 0x1F,
    0x4D, 0x1F, 0x4D, 0x1F, 0x4D, 0x1F, 0x4D, 0x1E, 0x4D, 0x3F, 0x55, 0x90, 0x22, 0x4A, 0x11, 0x6A, 0x11, 0x49, 0x11,
    0x28, 0x11, 0x08, 0x09, 0x07, 0x09, 0xE6, 0x08, 0xC6, 0x08, 0xA5, 0x08, 0xA4, 0x08, 0x84, 0x00, 0x83, 0x00, 0x63,
    0x00, 0x62, 0x00, 0x42, 0x00, 0x42, 0x00, 0x21, 0x00, 0x21, 0x00, 0x21, 0x00, 0x20, 0x00, 0x00, 0x00, 0x00, 0x00,
    0x00, 0x00, 0x00, 0x00, 0x00, 0x00, 0x00, 0x00, 0x00, 0x00, 0x00, 0x00, 0x00, 0x00, 0x00, 0x00, 0x00, 0x00, 0x00,
    0x00, 0x00, 0x00, 0x00, 0x00, 0x00, 0x00, 0x00, 0x00, 0x20, 0x00, 0x21, 0x00, 0x21, 0x00, 0x21, 0x00, 0x42, 0x00,
    0x42, 0x00, 0x62, 0x00, 0x63, 0x00, 0x83, 0x00, 0x84, 0x00, 0xA5, 0x08, 0xC5, 0x08, 0xC6, 0x08, 0xE6, 0x08, 0x07,
    0x09, 0x28, 0x09, 0x49, 0x11, 0x49, 0x11, 0x8A, 0x11, 0x6A, 0x11, 0x3A, 0x44, 0x5F, 0x55, 0x1E, 0x4D, 0x1E, 0x4D,
    0x1E, 0x4D, 0x1E, 0x4D, 0x1E, 0x4D, 0x1E, 0x4D, 0x1E, 0x4D, 0x1E, 0x4D, 0x1E, 0x4D, 0x1E, 0x4D, 0x1E, 0x4D, 0x1E,
    0x4D, 0x1E, 0x4D, 0x1E, 0x4D, 0x1E, 0x4D, 0x1E, 0x4D, 0x1E, 0x4D, 0x1E, 0x4D, 0x1E, 0x4D, 0x1E, 0x4D, 0x1E, 0x4D,
    0x1E, 0x4D, 0x1E, 0x4D, 0x1E, 0x4D, 0x1E, 0x4D, 0x1E, 0x4D, 0x1E, 0x4D, 0x1E, 0x4D, 0x1E, 0x4D, 0x1E, 0x4D, 0x1E,
    0x4D, 0x1E, 0x4D, 0x1E, 0x4D, 0x1E, 0x4D, 0x1E, 0x4D, 0x1E, 0x4D, 0x1E, 0x4D, 0x1E, 0x4D, 0x1E, 0x4D, 0x1E, 0x4D,
    0x1E, 0x4D, 0x1E, 0x4D, 0x1E, 0x4D, 0x1E, 0x4D, 0x1E, 0x4D, 0x1E, 0x4D, 0x1E, 0x4D, 0x1E, 0x4D, 0x1E, 0x4D, 0x1E,
    0x4D, 0x1E, 0x4D, 0x1E, 0x4D, 0x1E, 0x4D, 0x1E, 0x4D, 0x1E, 0x4D, 0x1E, 0x4D, 0x1E, 0x4D, 0x1E, 0x4D, 0x1E, 0x4D,
    0x1E, 0x4D, 0x1E, 0x4D, 0x1E, 0x4D, 0x1E, 0x4D, 0x1E, 0x4D, 0x1E, 0x4D, 0x1E, 0x4D, 0x1E, 0x4D, 0x1E, 0x4D, 0x1E,
    0x4D, 0x1E, 0x4D, 0x1E, 0x4D, 0x1E, 0x4D, 0x1E, 0x4D, 0x1E, 0x4D, 0x1E, 0x4D, 0x1E, 0x4D, 0x1E, 0x4D, 0x1E, 0x4D,
    0x1E, 0x4D, 0x1E, 0x4D, 0x1E, 0x4D, 0x1E, 0x4D, 0x1E, 0x4D, 0x1E, 0x4D, 0x1E, 0x4D, 0x1E, 0x4D, 0x1E, 0x4D, 0x1E,
    0x4D, 0x1E, 0x4D, 0x1E, 0x4D, 0x1E, 0x4D, 0x1E, 0x4D, 0x1E, 0x4D, 0x1E, 0x4D, 0x1E, 0x4D, 0x1E, 0x4D, 0x1E, 0x4D,
    0x1E, 0x4D, 0x1E, 0x4D, 0x1E, 0x4D, 0x1E, 0x4D, 0x1E, 0x4D, 0x1E, 0x4D, 0x1E, 0x4D, 0x1E, 0x4D, 0x1E, 0x4D, 0x1E,
    0x4D, 0x1E, 0x4D, 0x1E, 0x4D, 0x1E, 0x4D, 0x1E, 0x4D, 0x1E, 0x4D, 0x1E, 0x4D, 0x1E, 0x4D, 0x1E, 0x4D, 0x1E, 0x4D,
    0x1E, 0x4D, 0x1E, 0x4D, 0x1E, 0x4D, 0x1E, 0x4D, 0x1E, 0x4D, 0x1E, 0x4D, 0x1E, 0x4D, 0x1E, 0x4D, 0x1E, 0x4D, 0x1E,
    0x4D, 0x1E, 0x4D, 0x1E, 0x4D, 0x1E, 0x4D, 0x1E, 0x4D, 0x1E, 0x4D, 0x1E, 0x4D, 0x1E, 0x4D, 0x1E, 0x4D, 0x1E, 0x4D,
    0x1E, 0x4D, 0x1E, 0x4D, 0x1E, 0x4D, 0x1E, 0x4D, 0x1E, 0x4D, 0x5F, 0x55, 0x3A, 0x44, 0x6A, 0x11, 0x8A, 0x11, 0x49,
    0x11, 0x49, 0x11, 0x28, 0x09, 0x07, 0x09, 0xE6, 0x08, 0xC6, 0x08, 0xC5, 0x08, 0xA5, 0x08, 0x84, 0x00, 0x83, 0x00,
    0x63, 0x00, 0x62, 0x00, 0x42, 0x00, 0x42, 0x00, 0x21, 0x00, 0x21, 0x00, 0x21, 0x00, 0x20, 0x00, 0x00, 0x00, 0x00,
    0x00, 0x00, 0x00, 0x00, 0x00, 0x00, 0x00, 0x00, 0x00, 0x00, 0x00, 0x00, 0x00, 0x00, 0x00, 0x00, 0x00, 0x00, 0x00,
    0x00, 0x00, 0x00, 0x00, 0x00, 0x00, 0x00, 0x00, 0x20, 0x00, 0x21, 0x00, 0x21, 0x00, 0x21, 0x00, 0x41, 0x00, 0x42,
    0x00, 0x42, 0x00, 0x63, 0x00, 0x83, 0x00, 0x84, 0x00, 0xA4, 0x08, 0xA5, 0x08, 0xC5, 0x08, 0xE6, 0x08, 0xE7, 0x08,
    0x07, 0x09, 0x28, 0x11, 0x49, 0x11, 0x6A, 0x11, 0x4A, 0x11, 0x90, 0x22, 0x3F, 0x55, 0x1E, 0x4D, 0x1E, 0x4D, 0x1E,
    0x4D, 0x1E, 0x4D, 0x1E, 0x4D, 0x1E, 0x4D, 0x1E, 0x4D, 0x1E, 0x4D, 0x1E, 0x4D, 0x1E, 0x4D, 0x1E, 0x4D, 0x1E, 0x4D,
    0x1E, 0x4D, 0x1E, 0x4D, 0x1E, 0x4D, 0x1E, 0x4D, 0x1E, 0x4D, 0x1E, 0x4D, 0x1E, 0x4D, 0x1E, 0x4D, 0x1E, 0x4D, 0x1E,
    0x4D, 0x1E, 0x4D, 0x1E, 0x4D, 0x1E, 0x4D, 0x1E, 0x4D, 0x1E, 0x4D, 0x1E, 0x4D, 0x1E, 0x4D, 0x1E, 0x4D, 0x1E, 0x4D,
    0x1E, 0x4D, 0x1E, 0x4D, 0x1E, 0x4D, 0x1E, 0x4D, 0x1E, 0x4D, 0x1E, 0x4D, 0x1E, 0x4D, 0x1E, 0x4D, 0x1E, 0x4D, 0x1E,
    0x4D, 0x1E, 0x4D, 0x1E, 0x4D, 0x1E, 0x4D, 0x1E, 0x4D, 0x1E, 0x4D, 0x1E, 0x4D, 0x1E, 0x4D, 0x1E, 0x4D, 0x1E, 0x4D,
    0x1E, 0x4D, 0x1E, 0x4D, 0x1E, 0x4D, 0x1E, 0x4D, 0x1E, 0x4D, 0x1E, 0x4D, 0x1E, 0x4D, 0x1E, 0x4D, 0x1E, 0x4D, 0x1E,
    0x4D, 0x1E, 0x4D, 0x1E, 0x4D, 0x1E, 0x4D, 0x1E, 0x4D, 0x1E, 0x4D, 0x1E, 0x4D, 0x1E, 0x4D, 0x1E, 0x4D, 0x1E, 0x4D,
    0x1E, 0x4D, 0x1E, 0x4D, 0x1E, 0x4D, 0x1E, 0x4D, 0x1E, 0x4D, 0x1E, 0x4D, 0x1E, 0x4D, 0x1E, 0x4D, 0x1E, 0x4D, 0x1E,
    0x4D, 0x1E, 0x4D, 0x1E, 0x4D, 0x1E, 0x4D, 0x1E, 0x4D, 0x1E, 0x4D, 0x1E, 0x4D, 0x1E, 0x4D, 0x1E, 0x4D, 0x1E, 0x4D,
    0x1E, 0x4D, 0x1E, 0x4D, 0x1E, 0x4D, 0x1E, 0x4D, 0x1E, 0x4D, 0x1E, 0x4D, 0x1E, 0x4D, 0x1E, 0x4D, 0x1E, 0x4D, 0x1E,
    0x4D, 0x1E, 0x4D, 0x1E, 0x4D, 0x1E, 0x4D, 0x1E, 0x4D, 0x1E, 0x4D, 0x1E, 0x4D, 0x1E, 0x4D, 0x1E, 0x4D, 0x1E, 0x4D,
    0x1E, 0x4D, 0x1E, 0x4D, 0x1E, 0x4D, 0x1E, 0x4D, 0x1E, 0x4D, 0x1E, 0x4D, 0x1E, 0x4D, 0x1E, 0x4D, 0x1E, 0x4D, 0x1E,
    0x4D, 0x1E, 0x4D, 0x1E, 0x4D, 0x1E, 0x4D, 0x1E, 0x4D, 0x1E, 0x4D, 0x1E, 0x4D, 0x1E, 0x4D, 0x1E, 0x4D, 0x1E, 0x4D,
    0x1E, 0x4D, 0x1E, 0x4D, 0x1E, 0x4D, 0x1E, 0x4D, 0x1E, 0x4D, 0x1E, 0x4D, 0x1E, 0x4D, 0x1E, 0x4D, 0x1E, 0x4D, 0x1E,
    0x4D, 0x1E, 0x4D, 0x1E, 0x4D, 0x1E, 0x4D, 0x1E, 0x4D, 0x1E, 0x4D, 0x1E, 0x4D, 0x3F, 0x55, 0x90, 0x22, 0x4A, 0x11,
    0x6A, 0x11, 0x49, 0x11, 0x28, 0x11, 0x07, 0x09, 0xE7, 0x08, 0xE6, 0x08, 0xC5, 0x08, 0xA5, 0x08, 0xA4, 0x08, 0x84,
    0x00, 0x83, 0x00, 0x63, 0x00, 0x42, 0x00, 0x42, 0x00, 0x41, 0x00, 0x21, 0x00, 0x21, 0x00, 0x21, 0x00, 0x20, 0x00,
    0x00, 0x00, 0x00, 0x00, 0x00, 0x00, 0x00, 0x00, 0x00, 0x00, 0x00, 0x00, 0x00, 0x00, 0x00, 0x00, 0x00, 0x00, 0x00,
    0x00, 0x00, 0x00, 0x00, 0x00, 0x00, 0x00, 0x00, 0x00, 0x20, 0x00, 0x21, 0x00, 0x21, 0x00, 0x21, 0x00, 0x42, 0x00,
    0x42, 0x00, 0x62, 0x00, 0x63, 0x00, 0x83, 0x00, 0x84, 0x00, 0xA4, 0x08, 0xA5, 0x08, 0xC6, 0x08, 0xE6, 0x08, 0x07,
    0x09, 0x28, 0x09, 0x29, 0x11, 0x49, 0x11, 0x8A, 0x11, 0x6A, 0x11, 0xD8, 0x3B, 0x5F, 0x55, 0xFE, 0x4C, 0x1E, 0x4D,
    0x1E, 0x4D, 0x1E, 0x4D, 0x1E, 0x4D, 0x1E, 0x4D, 0x1E, 0x4D, 0x1E, 0x4D, 0x1E, 0x4D, 0x1E, 0x4D, 0x1E, 0x4D, 0x1E,
    0x4D, 0x1E, 0x4D, 0x1E, 0x4D, 0x1E, 0x4D, 0x1E, 0x4D, 0x1E, 0x4D, 0x1E, 0x4D, 0x1E, 0x4D, 0x1E, 0x4D, 0x1E, 0x4D,
    0x1E, 0x4D, 0x1E, 0x4D, 0x1E, 0x4D, 0x1E, 0x4D, 0x1E, 0x4D, 0x1E, 0x4D, 0x1E, 0x4D, 0x1E, 0x4D, 0x1E, 0x4D, 0x1E,
    0x4D, 0x1E, 0x4D, 0x1E, 0x4D, 0x1E, 0x4D, 0x1E, 0x4D, 0x1E, 0x4D, 0x1E, 0x4D, 0x1E, 0x4D, 0x1E, 0x4D, 0x1E, 0x4D,
    0x1E, 0x4D, 0x1E, 0x4D, 0x1E, 0x4D, 0x1E, 0x4D, 0x1E, 0x4D, 0x1E, 0x4D, 0x1E, 0x4D, 0x1E, 0x4D, 0x1E, 0x4D, 0x1E,
    0x4D, 0x1E, 0x4D, 0x1E, 0x4D, 0x1E, 0x4D, 0x1E, 0x4D, 0x1E, 0x4D, 0x1E, 0x4D, 0x1E, 0x4D, 0x1E, 0x4D, 0x1E, 0x4D,
    0x1E, 0x4D, 0x1E, 0x4D, 0x1E, 0x4D, 0x1E, 0x4D, 0x1E, 0x4D, 0x1E, 0x4D, 0x1E, 0x4D, 0x1E, 0x4D, 0x1E, 0x4D, 0x1E,
    0x4D, 0x1E, 0x4D, 0x1E, 0x4D, 0x1E, 0x4D, 0x1E, 0x4D, 0x1E, 0x4D, 0x1E, 0x4D, 0x1E, 0x4D, 0x1E, 0x4D, 0x1E, 0x4D,
    0x1E, 0x4D, 0x1E, 0x4D, 0x1E, 0x4D, 0x1E, 0x4D, 0x1E, 0x4D, 0x1E, 0x4D, 0x1E, 0x4D, 0x1E, 0x4D, 0x1E, 0x4D, 0x1E,
    0x4D, 0x1E, 0x4D, 0x1E, 0x4D, 0x1E, 0x4D, 0x1E, 0x4D, 0x1E, 0x4D, 0x1E, 0x4D, 0x1E, 0x4D, 0x1E, 0x4D, 0x1E, 0x4D,
    0x1E, 0x4D, 0x1E, 0x4D, 0x1E, 0x4D, 0x1E, 0x4D, 0x1E, 0x4D, 0x1E, 0x4D, 0x1E, 0x4D, 0x1E, 0x4D, 0x1E, 0x4D, 0x1E,
    0x4D, 0x1E, 0x4D, 0x1E, 0x4D, 0x1E, 0x4D, 0x1E, 0x4D, 0x1E, 0x4D, 0x1E, 0x4D, 0x1E, 0x4D, 0x1E, 0x4D, 0x1E, 0x4D,
    0x1E, 0x4D, 0x1E, 0x4D, 0x1E, 0x4D, 0x1E, 0x4D, 0x1E, 0x4D, 0x1E, 0x4D, 0x1E, 0x4D, 0x1E, 0x4D, 0x1E, 0x4D, 0x1E,
    0x4D, 0x1E, 0x4D, 0x1E, 0x4D, 0x1E, 0x4D, 0x1E, 0x4D, 0x1E, 0x4D, 0x1E, 0x4D, 0x1E, 0x4D, 0x1E, 0x4D, 0x1E, 0x4D,
    0x1E, 0x4D, 0x1E, 0x4D, 0x1E, 0x4D, 0x1E, 0x4D, 0x1E, 0x4D, 0x1E, 0x4D, 0xFE, 0x4C, 0x5F, 0x55, 0xD8, 0x3B, 0x6A,
    0x11, 0x8A, 0x11, 0x49, 0x11, 0x29, 0x11, 0x28, 0x09, 0x07, 0x09, 0xE6, 0x08, 0xC6, 0x08, 0xA5, 0x08, 0xA4, 0x08,
    0x84, 0x00, 0x83, 0x00, 0x63, 0x00, 0x62, 0x00, 0x42, 0x00, 0x42, 0x00, 0x21, 0x00, 0x21, 0x00, 0x21, 0x00, 0x20,
    0x00, 0x00, 0x00, 0x00, 0x00, 0x00, 0x00, 0x00, 0x00, 0x00, 0x00, 0x00, 0x00, 0x00, 0x00, 0x00, 0x00, 0x00, 0x00,
    0x00, 0x00, 0x00, 0x00, 0x00, 0x00, 0x00, 0x00, 0x00, 0x00, 0x20, 0x00, 0x21, 0x00, 0x21, 0x00, 0x21, 0x00, 0x42,
    0x00, 0x42, 0x00, 0x62, 0x00, 0x63, 0x00, 0x83, 0x00, 0x84, 0x00, 0xA5, 0x08, 0xC5, 0x08, 0xC6, 0x08, 0xE7, 0x08,
    0x07, 0x09, 0x28, 0x09, 0x49, 0x11, 0x6A, 0x11, 0x6A, 0x11, 0xED, 0x19, 0xFE, 0x4C, 0x1F, 0x4D, 0x1E, 0x4D, 0x1E,
    0x4D, 0x1E, 0x4D, 0x1E, 0x4D, 0x1E, 0x4D, 0x1E, 0x4D, 0x1E, 0x4D, 0x1E, 0x4D, 0x1E, 0x4D, 0x1E, 0x4D, 0x1E, 0x4D,
    0x1E, 0x4D, 0x1E, 0x4D, 0x1E, 0x4D, 0x1E, 0x4D, 0x1E, 0x4D, 0x1E, 0x4D, 0x1E, 0x4D, 0x1E, 0x4D, 0x1E, 0x4D, 0x1E,
    0x4D, 0x1E, 0x4D, 0x1E, 0x4D, 0x1E, 0x4D, 0x1E, 0x4D, 0x1E, 0x4D, 0x1E, 0x4D, 0x1E, 0x4D, 0x1E, 0x4D, 0x1E, 0x4D,
    0x1E, 0x4D, 0x1E, 0x4D, 0x1E, 0x4D, 0x1E, 0x4D, 0x1E, 0x4D, 0x1E, 0x4D, 0x1E, 0x4D, 0x1E, 0x4D, 0x1E, 0x4D, 0x1E,
    0x4D, 0x1E, 0x4D, 0x1E, 0x4D, 0x1E, 0x4D, 0x1E, 0x4D, 0x1E, 0x4D, 0x1E, 0x4D, 0x1E, 0x4D, 0x1E, 0x4D, 0x1E, 0x4D,
    0x1E, 0x4D, 0x1E, 0x4D, 0x1E, 0x4D, 0x1E, 0x4D, 0x1E, 0x4D, 0x1E, 0x4D, 0x1E, 0x4D, 0x1E, 0x4D, 0x1E, 0x4D, 0x1E,
    0x4D, 0x1E, 0x4D, 0x1E, 0x4D, 0x1E, 0x4D, 0x1E, 0x4D, 0x1E, 0x4D, 0x1E, 0x4D, 0x1E, 0x4D, 0x1E, 0x4D, 0x1E, 0x4D,
    0x1E, 0x4D, 0x1E, 0x4D, 0x1E, 0x4D, 0x1E, 0x4D, 0x1E, 0x4D, 0x1E, 0x4D, 0x1E, 0x4D, 0x1E, 0x4D, 0x1E, 0x4D, 0x1E,
    0x4D, 0x1E, 0x4D, 0x1E, 0x4D, 0x1E, 0x4D, 0x1E, 0x4D, 0x1E, 0x4D, 0x1E, 0x4D, 0x1E, 0x4D, 0x1E, 0x4D, 0x1E, 0x4D,
    0x1E, 0x4D, 0x1E, 0x4D, 0x1E, 0x4D, 0x1E, 0x4D, 0x1E, 0x4D, 0x1E, 0x4D, 0x1E, 0x4D, 0x1E, 0x4D, 0x1E, 0x4D, 0x1E,
    0x4D, 0x1E, 0x4D, 0x1E, 0x4D, 0x1E, 0x4D, 0x1E, 0x4D, 0x1E, 0x4D, 0x1E, 0x4D, 0x1E, 0x4D, 0x1E, 0x4D, 0x1E, 0x4D,
    0x1E, 0x4D, 0x1E, 0x4D, 0x1E, 0x4D, 0x1E, 0x4D, 0x1E, 0x4D, 0x1E, 0x4D, 0x1E, 0x4D, 0x1E, 0x4D, 0x1E, 0x4D, 0x1E,
    0x4D, 0x1E, 0x4D, 0x1E, 0x4D, 0x1E, 0x4D, 0x1E, 0x4D, 0x1E, 0x4D, 0x1E, 0x4D, 0x1E, 0x4D, 0x1E, 0x4D, 0x1E, 0x4D,
    0x1E, 0x4D, 0x1E, 0x4D, 0x1E, 0x4D, 0x1E, 0x4D, 0x1E, 0x4D, 0x1E, 0x4D, 0x1E, 0x4D, 0x1E, 0x4D, 0x1E, 0x4D, 0x1E,
    0x4D, 0x1E, 0x4D, 0x1E, 0x4D, 0x1E, 0x4D, 0x1E, 0x4D, 0x1E, 0x4D, 0x1E, 0x4D, 0x1E, 0x4D, 0x1F, 0x4D, 0xFE, 0x4C,
    0xED, 0x19, 0x6A, 0x11, 0x6A, 0x11, 0x49, 0x11, 0x28, 0x09, 0x07, 0x09, 0xE7, 0x08, 0xC6, 0x08, 0xC5, 0x08, 0xA5,
    0x08, 0x84, 0x00, 0x83, 0x00, 0x63, 0x00, 0x62, 0x00, 0x42, 0x00, 0x42, 0x00, 0x21, 0x00, 0x21, 0x00, 0x21, 0x00,
    0x20, 0x00, 0x00, 0x00, 0x00, 0x00, 0x00, 0x00, 0x00, 0x00, 0x00, 0x00, 0x00, 0x00, 0x00, 0x00, 0x00, 0x00, 0x00,
    0x00, 0x00, 0x00, 0x00, 0x00, 0x00, 0x00, 0x00, 0x00, 0x20, 0x00, 0x21, 0x00, 0x21, 0x00, 0x21, 0x00, 0x41, 0x00,
    0x42, 0x00, 0x42, 0x00, 0x63, 0x00, 0x63, 0x00, 0x84, 0x00, 0xA4, 0x08, 0xA5, 0x08, 0xC5, 0x08, 0xE6, 0x08, 0xE7,
    0x08, 0x08, 0x09, 0x28, 0x11, 0x49, 0x11, 0x6A, 0x11, 0x4A, 0x11, 0xF3, 0x2A, 0x3F, 0x4D, 0xFE, 0x4C, 0x1E, 0x4D,
    0x1E, 0x4D, 0x1E, 0x4D, 0x1E, 0x4D, 0x1E, 0x4D, 0x1E, 0x4D, 0x1E, 0x4D, 0x1E, 0x4D, 0x1E, 0x4D, 0x1E, 0x4D, 0x1E,
    0x4D, 0x1E, 0x4D, 0x1E, 0x4D, 0x1E, 0x4D, 0x1E, 0x4D, 0x1E, 0x4D, 0x1E, 0x4D, 0x1E, 0x4D, 0x1E, 0x4D, 0x1E, 0x4D,
    0x1E, 0x4D, 0x1E, 0x4D, 0x1E, 0x4D, 0x1E, 0x4D, 0x1E, 0x4D, 0x1E, 0x4D, 0x1E, 0x4D, 0x1E, 0x4D, 0x1E, 0x4D, 0x1E,
    0x4D, 0x1E, 0x4D, 0x1E, 0x4D, 0x1E, 0x4D, 0x1E, 0x4D, 0x1E, 0x4D, 0x1E, 0x4D, 0x1E, 0x4D, 0x1E, 0x4D, 0x1E, 0x4D,
    0x1E, 0x4D, 0x1E, 0x4D, 0x1E, 0x4D, 0x1E, 0x4D, 0x1E, 0x4D, 0x1E, 0x4D, 0x1E, 0x4D, 0x1E, 0x4D, 0x1E, 0x4D, 0x1E,
    0x4D, 0x1E, 0x4D, 0x1E, 0x4D, 0x1E, 0x4D, 0x1E, 0x4D, 0x1E, 0x4D, 0x1E, 0x4D, 0x1E, 0x4D, 0x1E, 0x4D, 0x1E, 0x4D,
    0x1E, 0x4D, 0x1E, 0x4D, 0x1E, 0x4D, 0x1E, 0x4D, 0x1E, 0x4D, 0x1E, 0x4D, 0x1E, 0x4D, 0x1E, 0x4D, 0x1E, 0x4D, 0x1E,
    0x4D, 0x1E, 0x4D, 0x1E, 0x4D, 0x1E, 0x4D, 0x1E, 0x4D, 0x1E, 0x4D, 0x1E, 0x4D, 0x1E, 0x4D, 0x1E, 0x4D, 0x1E, 0x4D,
    0x1E, 0x4D, 0x1E, 0x4D, 0x1E, 0x4D, 0x1E, 0x4D, 0x1E, 0x4D, 0x1E, 0x4D, 0x1E, 0x4D, 0x1E, 0x4D, 0x1E, 0x4D, 0x1E,
    0x4D, 0x1E, 0x4D, 0x1E, 0x4D, 0x1E, 0x4D, 0x1E, 0x4D, 0x1E, 0x4D, 0x1E, 0x4D, 0x1E, 0x4D, 0x1E, 0x4D, 0x1E, 0x4D,
    0x1E, 0x4D, 0x1E, 0x4D, 0x1E, 0x4D, 0x1E, 0x4D, 0x1E, 0x4D, 0x1E, 0x4D, 0x1E, 0x4D, 0x1E, 0x4D, 0x1E, 0x4D, 0x1E,
    0x4D, 0x1E, 0x4D, 0x1E, 0x4D, 0x1E, 0x4D, 0x1E, 0x4D, 0x1E, 0x4D, 0x1E, 0x4D, 0x1E, 0x4D, 0x1E, 0x4D, 0x1E, 0x4D,
    0x1E, 0x4D, 0x1E, 0x4D, 0x1E, 0x4D, 0x1E, 0x4D, 0x1E, 0x4D, 0x1E, 0x4D, 0x1E, 0x4D, 0x1E, 0x4D, 0x1E, 0x4D, 0x1E,
    0x4D, 0x1E, 0x4D, 0x1E, 0x4D, 0x1E, 0x4D, 0x1E, 0x4D, 0x1E, 0x4D, 0x1E, 0x4D, 0x1E, 0x4D, 0x1E, 0x4D, 0x1E, 0x4D,
    0x1E, 0x4D, 0x1E, 0x4D, 0x1E, 0x4D, 0x1E, 0x4D, 0x1E, 0x4D, 0x1E, 0x4D, 0x1E, 0x4D, 0x1E, 0x4D, 0xFE, 0x4C, 0x3F,
    0x4D, 0xF3, 0x2A, 0x4A, 0x11, 0x6A, 0x11, 0x49, 0x11, 0x28, 0x11, 0x08, 0x09, 0xE7, 0x08, 0xE6, 0x08, 0xC5, 0x08,
    0xA5, 0x08, 0xA4, 0x08, 0x84, 0x00, 0x63, 0x00, 0x63, 0x00, 0x42, 0x00, 0x42, 0x00, 0x41, 0x00, 0x21, 0x00, 0x21,
    0x00, 0x21, 0x00, 0x20, 0x00, 0x00, 0x00, 0x00, 0x00, 0x00, 0x00, 0x00, 0x00, 0x00, 0x00, 0x00, 0x00, 0x00, 0x00,
    0x00, 0x00, 0x00, 0x00, 0x00, 0x00, 0x00, 0x00, 0x00, 0x00, 0x20, 0x00, 0x21, 0x00, 0x21, 0x00, 0x21, 0x00, 0x42,
    0x00, 0x42, 0x00, 0x42, 0x00, 0x63, 0x00, 0x83, 0x00, 0x84, 0x00, 0xA4, 0x08, 0xA5, 0x08, 0xC6, 0x08, 0xE6, 0x08,
    0x07, 0x09, 0x28, 0x09, 0x49, 0x11, 0x49, 0x11, 0x8A, 0x11, 0x6A, 0x11, 0x3A, 0x3C, 0x3F, 0x4D, 0xFE, 0x4C, 0xFE,
    0x4C, 0xFE, 0x4C, 0xFE, 0x4C, 0xFE, 0x4C, 0xFE, 0x4C, 0xFE, 0x4C, 0xFE, 0x4C, 0xFE, 0x4C, 0xFE, 0x4C, 0xFE, 0x4C,
    0xFE, 0x4C, 0xFE, 0x4C, 0xFE, 0x4C, 0xFE, 0x4C, 0xFE, 0x4C, 0xFE, 0x4C, 0xFE, 0x4C, 0xFE, 0x4C, 0xFE, 0x4C, 0xFE,
    0x4C, 0xFE, 0x4C, 0xFE, 0x4C, 0xFE, 0x4C, 0xFE, 0x4C, 0xFE, 0x4C, 0xFE, 0x4C, 0xFE, 0x4C, 0xFE, 0x4C, 0xFE, 0x4C,
    0xFE, 0x4C, 0xFE, 0x4C, 0xFE, 0x4C, 0xFE, 0x4C, 0xFE, 0x4C, 0xFE, 0x4C, 0xFE, 0x4C, 0xFE, 0x4C, 0xFE, 0x4C, 0xFE,
    0x4C, 0xFE, 0x4C, 0xFE, 0x4C, 0xFE, 0x4C, 0xFE, 0x4C, 0xFE, 0x4C, 0xFE, 0x4C, 0xFE, 0x4C, 0xFE, 0x4C, 0xFE, 0x4C,
    0xFE, 0x4C, 0xFE, 0x4C, 0xFE, 0x4C, 0xFE, 0x4C, 0xFE, 0x4C, 0xFE, 0x4C, 0xFE, 0x4C, 0xFE, 0x4C, 0xFE, 0x4C, 0xFE,
    0x4C, 0xFE, 0x4C, 0xFE, 0x4C, 0xFE, 0x4C, 0xFE, 0x4C, 0xFE, 0x4C, 0xFE, 0x4C, 0xFE, 0x4C, 0xFE, 0x4C, 0xFE, 0x4C,
    0xFE, 0x4C, 0xFE, 0x4C, 0xFE, 0x4C, 0xFE, 0x4C, 0xFE, 0x4C, 0xFE, 0x4C, 0xFE, 0x4C, 0xFE, 0x4C, 0xFE, 0x4C, 0xFE,
    0x4C, 0xFE, 0x4C, 0xFE, 0x4C, 0xFE, 0x4C, 0xFE, 0x4C, 0xFE, 0x4C, 0xFE, 0x4C, 0xFE, 0x4C, 0xFE, 0x4C, 0xFE, 0x4C,
    0xFE, 0x4C, 0xFE, 0x4C, 0xFE, 0x4C, 0xFE, 0x4C, 0xFE, 0x4C, 0xFE, 0x4C, 0xFE, 0x4C, 0xFE, 0x4C, 0xFE, 0x4C, 0xFE,
    0x4C, 0xFE, 0x4C, 0xFE, 0x4C, 0xFE, 0x4C, 0xFE, 0x4C, 0xFE, 0x4C, 0xFE, 0x4C, 0xFE, 0x4C, 0xFE, 0x4C, 0xFE, 0x4C,
    0xFE, 0x4C, 0xFE, 0x4C, 0xFE, 0x4C, 0xFE, 0x4C, 0xFE, 0x4C, 0xFE, 0x4C, 0xFE, 0x4C, 0xFE, 0x4C, 0xFE, 0x4C, 0xFE,
    0x4C, 0xFE, 0x4C, 0xFE, 0x4C, 0xFE, 0x4C, 0xFE, 0x4C, 0xFE, 0x4C, 0xFE, 0x4C, 0xFE, 0x4C, 0xFE, 0x4C, 0xFE, 0x4C,
    0xFE, 0x4C, 0xFE, 0x4C, 0xFE, 0x4C, 0xFE, 0x4C, 0xFE, 0x4C, 0xFE, 0x4C, 0xFE, 0x4C, 0xFE, 0x4C, 0xFE, 0x4C, 0xFE,
    0x4C, 0xFE, 0x4C, 0xFE, 0x4C, 0xFE, 0x4C, 0xFE, 0x4C, 0xFE, 0x4C, 0xFE, 0x4C, 0xFE, 0x4C, 0xFE, 0x4C, 0xFE, 0x4C,
    0x3F, 0x4D, 0x3A, 0x3C, 0x6A, 0x11, 0x8A, 0x11, 0x49, 0x11, 0x49, 0x11, 0x28, 0x09, 0x07, 0x09, 0xE6, 0x08, 0xC6,
    0x08, 0xA5, 0x08, 0xA4, 0x08, 0x84, 0x00, 0x83, 0x00, 0x63, 0x00, 0x42, 0x00, 0x42, 0x00, 0x42, 0x00, 0x21, 0x00,
    0x21, 0x00, 0x21, 0x00, 0x20, 0x00, 0x00, 0x00, 0x00, 0x00, 0x00, 0x00, 0x00, 0x00, 0x00, 0x00, 0x00, 0x00, 0x00,
    0x00, 0x00, 0x00, 0x00, 0x00, 0x00, 0x00, 0x00, 0x00, 0x00, 0x00, 0x20, 0x00, 0x21, 0x00, 0x21, 0x00, 0x21, 0x00,
    0x42, 0x00, 0x42, 0x00, 0x62, 0x00, 0x63, 0x00, 0x83, 0x00, 0x84, 0x00, 0xA4, 0x08, 0xC5, 0x08, 0xC6, 0x08, 0xE6,
    0x08, 0x07, 0x09, 0x28, 0x09, 0x49, 0x11, 0x6A, 0x11, 0x6A, 0x11, 0xED, 0x19, 0xDD, 0x4C, 0x1F, 0x4D, 0xFE, 0x4C,
    0xFE, 0x4C, 0xFE, 0x4C, 0xFE, 0x4C, 0xFE, 0x4C, 0xFE, 0x4C, 0xFE, 0x4C, 0xFE, 0x4C, 0xFE, 0x4C, 0xFE, 0x4C, 0xFE,
    0x4C, 0xFE, 0x4C, 0xFE, 0x4C, 0xFE, 0x4C, 0xFE, 0x4C, 0xFE, 0x4C, 0xFE, 0x4C, 0xFE, 0x4C, 0xFE, 0x4C, 0xFE, 0x4C,
    0xFE, 0x4C, 0xFE, 0x4C, 0xFE, 0x4C, 0xFE, 0x4C, 0xFE, 0x4C, 0xFE, 0x4C, 0xFE, 0x4C, 0xFE, 0x4C, 0xFE, 0x4C, 0xFE,
    0x4C, 0xFE, 0x4C, 0xFE, 0x4C, 0xFE, 0x4C, 0xFE, 0x4C, 0xFE, 0x4C, 0xFE, 0x4C, 0xFE, 0x4C, 0xFE, 0x4C, 0xFE, 0x4C,
    0xFE, 0x4C, 0xFE, 0x4C, 0xFE, 0x4C, 0xFE, 0x4C, 0xFE, 0x4C, 0xFE, 0x4C, 0xFE, 0x4C, 0xFE, 0x4C, 0xFE, 0x4C, 0xFE,
    0x4C, 0xFE, 0x4C, 0xFE, 0x4C, 0xFE, 0x4C, 0xFE, 0x4C, 0xFE, 0x4C, 0xFE, 0x4C, 0xFE, 0x4C, 0xFE, 0x4C, 0xFE, 0x4C,
    0xFE, 0x4C, 0xFE, 0x4C, 0xFE, 0x4C, 0xFE, 0x4C, 0xFE, 0x4C, 0xFE, 0x4C, 0xFE, 0x4C, 0xFE, 0x4C, 0xFE, 0x4C, 0xFE,
    0x4C, 0xFE, 0x4C, 0xFE, 0x4C, 0xFE, 0x4C, 0xFE, 0x4C, 0xFE, 0x4C, 0xFE, 0x4C, 0xFE, 0x4C, 0xFE, 0x4C, 0xFE, 0x4C,
    0xFE, 0x4C, 0xFE, 0x4C, 0xFE, 0x4C, 0xFE, 0x4C, 0xFE, 0x4C, 0xFE, 0x4C, 0xFE, 0x4C, 0xFE, 0x4C, 0xFE, 0x4C, 0xFE,
    0x4C, 0xFE, 0x4C, 0xFE, 0x4C, 0xFE, 0x4C, 0xFE, 0x4C, 0xFE, 0x4C, 0xFE, 0x4C, 0xFE, 0x4C, 0xFE, 0x4C, 0xFE, 0x4C,
    0xFE, 0x4C, 0xFE, 0x4C, 0xFE, 0x4C, 0xFE, 0x4C, 0xFE, 0x4C, 0xFE, 0x4C, 0xFE, 0x4C, 0xFE, 0x4C, 0xFE, 0x4C, 0xFE,
    0x4C, 0xFE, 0x4C, 0xFE, 0x4C, 0xFE, 0x4C, 0xFE, 0x4C, 0xFE, 0x4C, 0xFE, 0x4C, 0xFE, 0x4C, 0xFE, 0x4C, 0xFE, 0x4C,
    0xFE, 0x4C, 0xFE, 0x4C, 0xFE, 0x4C, 0xFE, 0x4C, 0xFE, 0x4C, 0xFE, 0x4C, 0xFE, 0x4C, 0xFE, 0x4C, 0xFE, 0x4C, 0xFE,
    0x4C, 0xFE, 0x4C, 0xFE, 0x4C, 0xFE, 0x4C, 0xFE, 0x4C, 0xFE, 0x4C, 0xFE, 0x4C, 0xFE, 0x4C, 0xFE, 0x4C, 0xFE, 0x4C,
    0xFE, 0x4C, 0xFE, 0x4C, 0xFE, 0x4C, 0xFE, 0x4C, 0xFE, 0x4C, 0xFE, 0x4C, 0xFE, 0x4C, 0xFE, 0x4C, 0xFE, 0x4C, 0xFE,
    0x4C, 0x1F, 0x4D, 0xDD, 0x4C, 0xED, 0x19, 0x6A, 0x11, 0x6A, 0x11, 0x49, 0x11, 0x28, 0x09, 0x07, 0x09, 0xE6, 0x08,
    0xC6, 0x08, 0xC5, 0x08, 0xA4, 0x08, 0x84, 0x00, 0x83, 0x00, 0x63, 0x00, 0x62, 0x00, 0x42, 0x00, 0x42, 0x00, 0x21,
    0x00, 0x21, 0x00, 0x21, 0x00, 0x20, 0x00, 0x00, 0x00, 0x00, 0x00, 0x00, 0x00, 0x00, 0x00, 0x00, 0x00, 0x00, 0x00,
    0x00, 0x00, 0x00, 0x00, 0x00, 0x00, 0x00, 0x00, 0x00, 0x00, 0x00, 0x00, 0x20, 0x00, 0x21, 0x00, 0x21, 0x00, 0x21,
    0x00, 0x42, 0x00, 0x42, 0x00, 0x62, 0x00, 0x63, 0x00, 0x83, 0x00, 0xA4, 0x08, 0xA5, 0x08, 0xC5, 0x08, 0xE6, 0x08,
    0xE7, 0x08, 0x07, 0x09, 0x28, 0x11, 0x49, 0x11, 0x6A, 0x11, 0x4A, 0x11, 0xF2, 0x2A, 0x3F, 0x4D, 0xFE, 0x4C, 0xFE,
    0x4C, 0xFE, 0x4C, 0xFE, 0x4C, 0xFE, 0x4C, 0xFE, 0x4C, 0xFE, 0x4C, 0xFE, 0x4C, 0xFE, 0x4C, 0xFE, 0x4C, 0xFE, 0x4C,
    0xFE, 0x4C, 0xFE, 0x4C, 0xFE, 0x4C, 0xFE, 0x4C, 0xFE, 0x4C, 0xFE, 0x4C, 0xFE, 0x4C, 0xFE, 0x4C, 0xFE, 0x4C, 0xFE,
    0x4C, 0xFE, 0x4C, 0xFE, 0x4C, 0xFE, 0x4C, 0xFE, 0x4C, 0xFE, 0x4C, 0xFE, 0x4C, 0xFE, 0x4C, 0xFE, 0x4C, 0xFE, 0x4C,
    0xFE, 0x4C, 0xFE, 0x4C, 0xFE, 0x4C, 0xFE, 0x4C, 0xFE, 0x4C, 0xFE, 0x4C, 0xFE, 0x4C, 0xFE, 0x4C, 0xFE, 0x4C, 0xFE,
    0x4C, 0xFE, 0x4C, 0xFE, 0x4C, 0xFE, 0x4C, 0xFE, 0x4C, 0xFE, 0x4C, 0xFE, 0x4C, 0xFE, 0x4C, 0xFE, 0x4C, 0xFE, 0x4C,
    0xFE, 0x4C, 0xFE, 0x4C, 0xFE, 0x4C, 0xFE, 0x4C, 0xFE, 0x4C, 0xFE, 0x4C, 0xFE, 0x4C, 0xFE, 0x4C, 0xFE, 0x4C, 0xFE,
    0x4C, 0xFE, 0x4C, 0xFE, 0x4C, 0xFE, 0x4C, 0xFE, 0x4C, 0xFE, 0x4C, 0xFE, 0x4C, 0xFE, 0x4C, 0xFE, 0x4C, 0xFE, 0x4C,
    0xFE, 0x4C, 0xFE, 0x4C, 0xFE, 0x4C, 0xFE, 0x4C, 0xFE, 0x4C, 0xFE, 0x4C, 0xFE, 0x4C, 0xFE, 0x4C, 0xFE, 0x4C, 0xFE,
    0x4C, 0xFE, 0x4C, 0xFE, 0x4C, 0xFE, 0x4C, 0xFE, 0x4C, 0xFE, 0x4C, 0xFE, 0x4C, 0xFE, 0x4C, 0xFE, 0x4C, 0xFE, 0x4C,
    0xFE, 0x4C, 0xFE, 0x4C, 0xFE, 0x4C, 0xFE, 0x4C, 0xFE, 0x4C, 0xFE, 0x4C, 0xFE, 0x4C, 0xFE, 0x4C, 0xFE, 0x4C, 0xFE,
    0x4C, 0xFE, 0x4C, 0xFE, 0x4C, 0xFE, 0x4C, 0xFE, 0x4C, 0xFE, 0x4C, 0xFE, 0x4C, 0xFE, 0x4C, 0xFE, 0x4C, 0xFE, 0x4C,
    0xFE, 0x4C, 0xFE, 0x4C, 0xFE, 0x4C, 0xFE, 0x4C, 0xFE, 0x4C, 0xFE, 0x4C, 0xFE, 0x4C, 0xFE, 0x4C, 0xFE, 0x4C, 0xFE,
    0x4C, 0xFE, 0x4C, 0xFE, 0x4C, 0xFE, 0x4C, 0xFE, 0x4C, 0xFE, 0x4C, 0xFE, 0x4C, 0xFE, 0x4C, 0xFE, 0x4C, 0xFE, 0x4C,
    0xFE, 0x4C, 0xFE, 0x4C, 0xFE, 0x4C, 0xFE, 0x4C, 0xFE, 0x4C, 0xFE, 0x4C, 0xFE, 0x4C, 0xFE, 0x4C, 0xFE, 0x4C, 0xFE,
    0x4C, 0xFE, 0x4C, 0xFE, 0x4C, 0xFE, 0x4C, 0xFE, 0x4C, 0xFE, 0x4C, 0xFE, 0x4C, 0xFE, 0x4C, 0xFE, 0x4C, 0xFE, 0x4C,
    0xFE, 0x4C, 0xFE, 0x4C, 0x3F, 0x4D, 0xF2, 0x2A, 0x4A, 0x11, 0x6A, 0x11, 0x49, 0x11, 0x28, 0x11, 0x07, 0x09, 0xE7,
    0x08, 0xE6, 0x08, 0xC5, 0x08, 0xA5, 0x08, 0xA4, 0x08, 0x83, 0x00, 0x63, 0x00, 0x62, 0x00, 0x42, 0x00, 0x42, 0x00,
    0x21, 0x00, 0x21, 0x00, 0x21, 0x00, 0x20, 0x00, 0x00, 0x00, 0x00, 0x00, 0x00, 0x00, 0x00, 0x00, 0x00, 0x00, 0x00,
    0x00, 0x00, 0x00, 0x00, 0x00, 0x00, 0x00, 0x00, 0x00, 0x00, 0x00, 0x00, 0x00, 0x21, 0x00, 0x21, 0x00, 0x21, 0x00,
    0x41, 0x00, 0x42, 0x00, 0x42, 0x00, 0x63, 0x00, 0x63, 0x00, 0x84, 0x00, 0xA4, 0x08, 0xA5, 0x08, 0xC5, 0x08, 0xE6,
    0x08, 0x07, 0x09, 0x28, 0x09, 0x29, 0x11, 0x49, 0x11, 0x8A, 0x11, 0x6A, 0x11, 0xB7, 0x33, 0x3F, 0x4D, 0xFE, 0x4C,
    0xFE, 0x4C, 0xFE, 0x4C, 0xFE, 0x4C, 0xFE, 0x4C, 0xFE, 0x4C, 0xFE, 0x4C, 0xFE, 0x4C, 0xFE, 0x4C, 0xFE, 0x4C, 0xFE,
    0x4C, 0xFE, 0x4C, 0xFE, 0x4C, 0xFE, 0x4C, 0xFE, 0x4C, 0xFE, 0x4C, 0xFE, 0x4C, 0xFE, 0x4C, 0xFE, 0x4C, 0xFE, 0x4C,
    0xFE, 0x4C, 0xFE, 0x4C, 0xFE, 0x4C, 0xFE, 0x4C, 0xFE, 0x4C, 0xFE, 0x4C, 0xFE, 0x4C, 0xFE, 0x4C, 0xFE, 0x4C, 0xFE,
    0x4C, 0xFE, 0x4C, 0xFE, 0x4C, 0xFE, 0x4C, 0xFE, 0x4C, 0xFE, 0x4C, 0xFE, 0x4C, 0xFE, 0x4C, 0xFE, 0x4C, 0xFE, 0x4C,
    0xFE, 0x4C, 0xFE, 0x4C, 0xFE, 0x4C, 0xFE, 0x4C, 0xFE, 0x4C, 0xFE, 0x4C, 0xFE, 0x4C, 0xFE, 0x4C, 0xFE, 0x4C, 0xFE,
    0x4C, 0xFE, 0x4C, 0xFE, 0x4C, 0xFE, 0x4C, 0xFE, 0x4C, 0xFE, 0x4C, 0xFE, 0x4C, 0xFE, 0x4C, 0xFE, 0x4C, 0xFE, 0x4C,
    0xFE, 0x4C, 0xFE, 0x4C, 0xFE, 0x4C, 0xFE, 0x4C, 0xFE, 0x4C, 0xFE, 0x4C, 0xFE, 0x4C, 0xFE, 0x4C, 0xFE, 0x4C, 0xFE,
    0x4C, 0xFE, 0x4C, 0xFE, 0x4C, 0xFE, 0x4C, 0xFE, 0x4C, 0xFE, 0x4C, 0xFE, 0x4C, 0xFE, 0x4C, 0xFE, 0x4C, 0xFE, 0x4C,
    0xFE, 0x4C, 0xFE, 0x4C, 0xFE, 0x4C, 0xFE, 0x4C, 0xFE, 0x4C, 0xFE, 0x4C, 0xFE, 0x4C, 0xFE, 0x4C, 0xFE, 0x4C, 0xFE,
    0x4C, 0xFE, 0x4C, 0xFE, 0x4C, 0xFE, 0x4C, 0xFE, 0x4C, 0xFE, 0x4C, 0xFE, 0x4C, 0xFE, 0x4C, 0xFE, 0x4C, 0xFE, 0x4C,
    0xFE, 0x4C, 0xFE, 0x4C, 0xFE, 0x4C, 0xFE, 0x4C, 0xFE, 0x4C, 0xFE, 0x4C, 0xFE, 0x4C, 0xFE, 0x4C, 0xFE, 0x4C, 0xFE,
    0x4C, 0xFE, 0x4C, 0xFE, 0x4C, 0xFE, 0x4C, 0xFE, 0x4C, 0xFE, 0x4C, 0xFE, 0x4C, 0xFE, 0x4C, 0xFE, 0x4C, 0xFE, 0x4C,
    0xFE, 0x4C, 0xFE, 0x4C, 0xFE, 0x4C, 0xFE, 0x4C, 0xFE, 0x4C, 0xFE, 0x4C, 0xFE, 0x4C, 0xFE, 0x4C, 0xFE, 0x4C, 0xFE,
    0x4C, 0xFE, 0x4C, 0xFE, 0x4C, 0xFE, 0x4C, 0xFE, 0x4C, 0xFE, 0x4C, 0xFE, 0x4C, 0xFE, 0x4C, 0xFE, 0x4C, 0xFE, 0x4C,
    0xFE, 0x4C, 0xFE, 0x4C, 0xFE, 0x4C, 0xFE, 0x4C, 0xFE, 0x4C, 0xFE, 0x4C, 0xFE, 0x4C, 0xFE, 0x4C, 0xFE, 0x4C, 0xFE,
    0x4C, 0xFE, 0x4C, 0xFE, 0x4C, 0x3F, 0x4D, 0xB7, 0x33, 0x6A, 0x11, 0x8A, 0x11, 0x49, 0x11, 0x29, 0x11, 0x28, 0x09,
    0x07, 0x09, 0xE6, 0x08, 0xC5, 0x08, 0xA5, 0x08, 0xA4, 0x08, 0x84, 0x00, 0x63, 0x00, 0x63, 0x00, 0x42, 0x00, 0x42,
    0x00, 0x41, 0x00, 0x21, 0x00, 0x21, 0x00, 0x21, 0x00, 0x00, 0x00, 0x00, 0x00, 0x00, 0x00, 0x00, 0x00, 0x00, 0x00,
    0x00, 0x00, 0x00, 0x00, 0x00, 0x00, 0x00, 0x00, 0x00, 0x00, 0x00, 0x00, 0x20, 0x00, 0x21, 0x00, 0x21, 0x00, 0x21,
    0x00, 0x41, 0x00, 0x42, 0x00, 0x42, 0x00, 0x63, 0x00, 0x83, 0x00, 0x84, 0x00, 0xA4, 0x08, 0xC5, 0x08, 0xC6, 0x08,
    0xE6, 0x08, 0x07, 0x09, 0x28, 0x09, 0x49, 0x11, 0x6A, 0x11, 0x6A, 0x11, 0xAB, 0x11, 0x7B, 0x44, 0x1F, 0x4D, 0xFE,
    0x4C, 0xFE, 0x4C, 0xFE, 0x4C, 0xFE, 0x4C, 0xFE, 0x4C, 0xFE, 0x4C, 0xFE, 0x4C, 0xFE, 0x4C, 0xFE, 0x4C, 0xFE, 0x4C,
    0xFE, 0x4C, 0xFE, 0x4C, 0xFE, 0x4C, 0xFE, 0x4C, 0xFE, 0x4C, 0xFE, 0x4C, 0xFE, 0x4C, 0xFE, 0x4C, 0xFE, 0x4C, 0xFE,
    0x4C, 0xFE, 0x4C, 0xFE, 0x4C, 0xFE, 0x4C, 0xFE, 0x4C, 0xFE, 0x4C, 0xFE, 0x4C, 0xFE, 0x4C, 0xFE, 0x4C, 0xFE, 0x4C,
    0xFE, 0x4C, 0xFE, 0x4C, 0xFE, 0x4C, 0xFE, 0x4C, 0xFE, 0x4C, 0xFE, 0x4C, 0xFE, 0x4C, 0xFE, 0x4C, 0xFE, 0x4C, 0xFE,
    0x4C, 0xFE, 0x4C, 0xFE, 0x4C, 0xFE, 0x4C, 0xFE, 0x4C, 0xFE, 0x4C, 0xFE, 0x4C, 0xFE, 0x4C, 0xFE, 0x4C, 0xFE, 0x4C,
    0xFE, 0x4C, 0xFE, 0x4C, 0xFE, 0x4C, 0xFE, 0x4C, 0xFE, 0x4C, 0xFE, 0x4C, 0xFE, 0x4C, 0xFE, 0x4C, 0xFE, 0x4C, 0xFE,
    0x4C, 0xFE, 0x4C, 0xFE, 0x4C, 0xFE, 0x4C, 0xFE, 0x4C, 0xFE, 0x4C, 0xFE, 0x4C, 0xFE, 0x4C, 0xFE, 0x4C, 0xFE, 0x4C,
    0xFE, 0x4C, 0xFE, 0x4C, 0xFE, 0x4C, 0xFE, 0x4C, 0xFE, 0x4C, 0xFE, 0x4C, 0xFE, 0x4C, 0xFE, 0x4C, 0xFE, 0x4C, 0xFE,
    0x4C, 0xFE, 0x4C, 0xFE, 0x4C, 0xFE, 0x4C, 0xFE, 0x4C, 0xFE, 0x4C, 0xFE, 0x4C, 0xFE, 0x4C, 0xFE, 0x4C, 0xFE, 0x4C,
    0xFE, 0x4C, 0xFE, 0x4C, 0xFE, 0x4C, 0xFE, 0x4C, 0xFE, 0x4C, 0xFE, 0x4C, 0xFE, 0x4C, 0xFE, 0x4C, 0xFE, 0x4C, 0xFE,
    0x4C, 0xFE, 0x4C, 0xFE, 0x4C, 0xFE, 0x4C, 0xFE, 0x4C, 0xFE, 0x4C, 0xFE, 0x4C, 0xFE, 0x4C, 0xFE, 0x4C, 0xFE, 0x4C,
    0xFE, 0x4C, 0xFE, 0x4C, 0xFE, 0x4C, 0xFE, 0x4C, 0xFE, 0x4C, 0xFE, 0x4C, 0xFE, 0x4C, 0xFE, 0x4C, 0xFE, 0x4C, 0xFE,
    0x4C, 0xFE, 0x4C, 0xFE, 0x4C, 0xFE, 0x4C, 0xFE, 0x4C, 0xFE, 0x4C, 0xFE, 0x4C, 0xFE, 0x4C, 0xFE, 0x4C, 0xFE, 0x4C,
    0xFE, 0x4C, 0xFE, 0x4C, 0xFE, 0x4C, 0xFE, 0x4C, 0xFE, 0x4C, 0xFE, 0x4C, 0xFE, 0x4C, 0xFE, 0x4C, 0xFE, 0x4C, 0xFE,
    0x4C, 0xFE, 0x4C, 0xFE, 0x4C, 0xFE, 0x4C, 0xFE, 0x4C, 0xFE, 0x4C, 0xFE, 0x4C, 0xFE, 0x4C, 0xFE, 0x4C, 0xFE, 0x4C,
    0xFE, 0x4C, 0xFE, 0x4C, 0xFE, 0x4C, 0x1F, 0x4D, 0x7B, 0x44, 0xAB, 0x11, 0x6A, 0x11, 0x6A, 0x11, 0x49, 0x11, 0x28,
    0x09, 0x07, 0x09, 0xE6, 0x08, 0xC6, 0x08, 0xC5, 0x08, 0xA4, 0x08, 0x84, 0x00, 0x83, 0x00, 0x63, 0x00, 0x42, 0x00,
    0x42, 0x00, 0x41, 0x00, 0x21, 0x00, 0x21, 0x00, 0x21, 0x00, 0x20, 0x00, 0x00, 0x00, 0x00, 0x00, 0x00, 0x00, 0x00,
    0x00, 0x00, 0x00, 0x00, 0x00, 0x00, 0x00, 0x00, 0x00, 0x00, 0x00, 0x00, 0x00, 0x20, 0x00, 0x21, 0x00, 0x21, 0x00,
    0x21, 0x00, 0x42, 0x00, 0x42, 0x00, 0x62, 0x00, 0x63, 0x00, 0x83, 0x00, 0x84, 0x00, 0xA4, 0x08, 0xC5, 0x08, 0xC6,
    0x08, 0xE7, 0x08, 0x07, 0x09, 0x28, 0x09, 0x49, 0x11, 0x6A, 0x11, 0x6A, 0x11, 0x0E, 0x1A, 0xDE, 0x4C, 0xFE, 0x4C,
    0xFE, 0x4C, 0xFE, 0x4C, 0xFE, 0x4C, 0xFE, 0x4C, 0xFE, 0x4C, 0xFE, 0x4C, 0xFE, 0x4C, 0xFE, 0x4C, 0xFE, 0x4C, 0xFE,
    0x4C, 0xFE, 0x4C, 0xFE, 0x4C, 0xFE, 0x4C, 0xFE, 0x4C, 0xFE, 0x4C, 0xFE, 0x4C, 0xFE, 0x4C, 0xFE, 0x4C, 0xFE, 0x4C,
    0xFE, 0x4C, 0xFE, 0x4C, 0xFE, 0x4C, 0xFE, 0x4C, 0xFE, 0x4C, 0xFE, 0x4C, 0xFE, 0x4C, 0xFE, 0x4C, 0xFE, 0x4C, 0xFE,
    0x4C, 0xFE, 0x4C, 0xFE, 0x4C, 0xFE, 0x4C, 0xFE, 0x4C, 0xFE, 0x4C, 0xFE, 0x4C, 0xFE, 0x4C, 0xFE, 0x4C, 0xFE, 0x4C,
    0xFE, 0x4C, 0xFE, 0x4C, 0xFE, 0x4C, 0xFE, 0x4C, 0xFE, 0x4C, 0xFE, 0x4C, 0xFE, 0x4C, 0xFE, 0x4C, 0xFE, 0x4C, 0xFE,
    0x4C, 0xFE, 0x4C, 0xFE, 0x4C, 0xFE, 0x4C, 0xFE, 0x4C, 0xFE, 0x4C, 0xFE, 0x4C, 0xFE, 0x4C, 0xFE, 0x4C, 0xFE, 0x4C,
    0xFE, 0x4C, 0xFE, 0x4C, 0xFE, 0x4C, 0xFE, 0x4C, 0xFE, 0x4C, 0xFE, 0x4C, 0xFE, 0x4C, 0xFE, 0x4C, 0xFE, 0x4C, 0xFE,
    0x4C, 0xFE, 0x4C, 0xFE, 0x4C, 0xFE, 0x4C, 0xFE, 0x4C, 0xFE, 0x4C, 0xFE, 0x4C, 0xFE, 0x4C, 0xFE, 0x4C, 0xFE, 0x4C,
    0xFE, 0x4C, 0xFE, 0x4C, 0xFE, 0x4C, 0xFE, 0x4C, 0xFE, 0x4C, 0xFE, 0x4C, 0xFE, 0x4C, 0xFE, 0x4C, 0xFE, 0x4C, 0xFE,
    0x4C, 0xFE, 0x4C, 0xFE, 0x4C, 0xFE, 0x4C, 0xFE, 0x4C, 0xFE, 0x4C, 0xFE, 0x4C, 0xFE, 0x4C, 0xFE, 0x4C, 0xFE, 0x4C,
    0xFE, 0x4C, 0xFE, 0x4C, 0xFE, 0x4C, 0xFE, 0x4C, 0xFE, 0x4C, 0xFE, 0x4C, 0xFE, 0x4C, 0xFE, 0x4C, 0xFE, 0x4C, 0xFE,
    0x4C, 0xFE, 0x4C, 0xFE, 0x4C, 0xFE, 0x4C, 0xFE, 0x4C, 0xFE, 0x4C, 0xFE, 0x4C, 0xFE, 0x4C, 0xFE, 0x4C, 0xFE, 0x4C,
    0xFE, 0x4C, 0xFE, 0x4C, 0xFE, 0x4C, 0xFE, 0x4C, 0xFE, 0x4C, 0xFE, 0x4C, 0xFE, 0x4C, 0xFE, 0x4C, 0xFE, 0x4C, 0xFE,
    0x4C, 0xFE, 0x4C, 0xFE, 0x4C, 0xFE, 0x4C, 0xFE, 0x4C, 0xFE, 0x4C, 0xFE, 0x4C, 0xFE, 0x4C, 0xFE, 0x4C, 0xFE, 0x4C,
    0xFE, 0x4C, 0xFE, 0x4C, 0xFE, 0x4C, 0xFE, 0x4C, 0xFE, 0x4C, 0xFE, 0x4C, 0xFE, 0x4C, 0xFE, 0x4C, 0xFE, 0x4C, 0xFE,
    0x4C, 0xFE, 0x4C, 0xFE, 0x4C, 0xFE, 0x4C, 0xFE, 0x4C, 0xDE, 0x4C, 0x0E, 0x1A, 0x6A, 0x11, 0x6A, 0x11, 0x49, 0x11,
    0x28, 0x09, 0x07, 0x09, 0xE7, 0x08, 0xC6, 0x08, 0xC5, 0x08, 0xA4, 0x08, 0x84, 0x00, 0x83, 0x00, 0x63, 0x00, 0x62,
    0x00, 0x42, 0x00, 0x42, 0x00, 0x21, 0x00, 0x21, 0x00, 0x21, 0x00, 0x20, 0x00, 0x00, 0x00, 0x00, 0x00, 0x00, 0x00,
    0x00, 0x00, 0x00, 0x00, 0x00, 0x00, 0x00, 0x00, 0x00, 0x00, 0x00, 0x00, 0x00, 0x00, 0x20, 0x00, 0x21, 0x00, 0x21,
    0x00, 0x21, 0x00, 0x42, 0x00, 0x42, 0x00, 0x62, 0x00, 0x63, 0x00, 0x83, 0x00, 0x84, 0x08, 0xA5, 0x08, 0xC5, 0x08,
    0xE6, 0x08, 0xE7, 0x08, 0x07, 0x09, 0x28, 0x11, 0x49, 0x11, 0x6A, 0x11, 0x6A, 0x11, 0x91, 0x22, 0x1F, 0x4D, 0xDE,
    0x4C, 0xFE, 0x4C, 0xFE, 0x4C, 0xFE, 0x4C, 0xFE, 0x4C, 0xFE, 0x4C, 0xFE, 0x4C, 0xFE, 0x4C, 0xFE, 0x4C, 0xFE, 0x4C,
    0xFE, 0x4C, 0xFE, 0x4C, 0xFE, 0x4C, 0xFE, 0x4C, 0xFE, 0x4C, 0xFE, 0x4C, 0xFE, 0x4C, 0xFE, 0x4C, 0xFE, 0x4C, 0xFE,
    0x4C, 0xFE, 0x4C, 0xFE, 0x4C, 0xFE, 0x4C, 0xFE, 0x4C, 0xFE, 0x4C, 0xFE, 0x4C, 0xFE, 0x4C, 0xFE, 0x4C, 0xFE, 0x4C,
    0xFE, 0x4C, 0xFE, 0x4C, 0xFE, 0x4C, 0xFE, 0x4C, 0xFE, 0x4C, 0xFE, 0x4C, 0xFE, 0x4C, 0xFE, 0x4C, 0xFE, 0x4C, 0xFE,
    0x4C, 0xFE, 0x4C, 0xFE, 0x4C, 0xFE, 0x4C, 0xFE, 0x4C, 0xFE, 0x4C, 0xFE, 0x4C, 0xFE, 0x4C, 0xFE, 0x4C, 0xFE, 0x4C,
    0xFE, 0x4C, 0xFE, 0x4C, 0xFE, 0x4C, 0xFE, 0x4C, 0xFE, 0x4C, 0xFE, 0x4C, 0xFE, 0x4C, 0xFE, 0x4C, 0xFE, 0x4C, 0xFE,
    0x4C, 0xFE, 0x4C, 0xFE, 0x4C, 0xFE, 0x4C, 0xFE, 0x4C, 0xFE, 0x4C, 0xFE, 0x4C, 0xFE, 0x4C, 0xFE, 0x4C, 0xFE, 0x4C,
    0xFE, 0x4C, 0xFE, 0x4C, 0xFE, 0x4C, 0xFE, 0x4C, 0xFE, 0x4C, 0xFE, 0x4C, 0xFE, 0x4C, 0xFE, 0x4C, 0xFE, 0x4C, 0xFE,
    0x4C, 0xFE, 0x4C, 0xFE, 0x4C, 0xFE, 0x4C, 0xFE, 0x4C, 0xFE, 0x4C, 0xFE, 0x4C, 0xFE, 0x4C, 0xFE, 0x4C, 0xFE, 0x4C,
    0xFE, 0x4C, 0xFE, 0x4C, 0xFE, 0x4C, 0xFE, 0x4C, 0xFE, 0x4C, 0xFE, 0x4C, 0xFE, 0x4C, 0xFE, 0x4C, 0xFE, 0x4C, 0xFE,
    0x4C, 0xFE, 0x4C, 0xFE, 0x4C, 0xFE, 0x4C, 0xFE, 0x4C, 0xFE, 0x4C, 0xFE, 0x4C, 0xFE, 0x4C, 0xFE, 0x4C, 0xFE, 0x4C,
    0xFE, 0x4C, 0xFE, 0x4C, 0xFE, 0x4C, 0xFE, 0x4C, 0xFE, 0x4C, 0xFE, 0x4C, 0xFE, 0x4C, 0xFE, 0x4C, 0xFE, 0x4C, 0xFE,
    0x4C, 0xFE, 0x4C, 0xFE, 0x4C, 0xFE, 0x4C, 0xFE, 0x4C, 0xFE, 0x4C, 0xFE, 0x4C, 0xFE, 0x4C, 0xFE, 0x4C, 0xFE, 0x4C,
    0xFE, 0x4C, 0xFE, 0x4C, 0xFE, 0x4C, 0xFE, 0x4C, 0xFE, 0x4C, 0xFE, 0x4C, 0xFE, 0x4C, 0xFE, 0x4C, 0xFE, 0x4C, 0xFE,
    0x4C, 0xFE, 0x4C, 0xFE, 0x4C, 0xFE, 0x4C, 0xFE, 0x4C, 0xFE, 0x4C, 0xFE, 0x4C, 0xFE, 0x4C, 0xFE, 0x4C, 0xFE, 0x4C,
    0xFE, 0x4C, 0xFE, 0x4C, 0xFE, 0x4C, 0xFE, 0x4C, 0xDE, 0x4C, 0x1F, 0x4D, 0x91, 0x22, 0x6A, 0x11, 0x6A, 0x11, 0x49,
    0x11, 0x28, 0x11, 0x07, 0x09, 0xE7, 0x08, 0xE6, 0x08, 0xC5, 0x08, 0xA5, 0x08, 0x84, 0x08, 0x83, 0x00, 0x63, 0x00,
    0x62, 0x00, 0x42, 0x00, 0x42, 0x00, 0x21, 0x00, 0x21, 0x00, 0x21, 0x00, 0x20, 0x00, 0x00, 0x00, 0x00, 0x00, 0x00,
    0x00, 0x00, 0x00, 0x00, 0x00, 0x00, 0x00, 0x00, 0x00, 0x00, 0x00, 0x00, 0x00, 0x00, 0x00, 0x20, 0x00, 0x21, 0x00,
    0x21, 0x00, 0x21, 0x00, 0x42, 0x00, 0x42, 0x00, 0x62, 0x00, 0x63, 0x00, 0x83, 0x00, 0x84, 0x08, 0xA5, 0x08, 0xC5,
    0x08, 0xE6, 0x08, 0x07, 0x09, 0x08, 0x09, 0x28, 0x11, 0x49, 0x11, 0x8A, 0x11, 0x4A, 0x11, 0x34, 0x2B, 0x1F, 0x4D,
    0xDE, 0x4C, 0xDE, 0x4C, 0xDE, 0x4C, 0xDE, 0x4C, 0xDE, 0x4C, 0xDE, 0x4C, 0xDE, 0x4C, 0xDE, 0x4C, 0xDE, 0x4C, 0xDE,
    0x4C, 0xDE, 0x4C, 0xDE, 0x4C, 0xDE, 0x4C, 0xDE, 0x4C, 0xDE, 0x4C, 0xDE, 0x4C, 0xDE, 0x4C, 0xDE, 0x4C, 0xDE, 0x4C,
    0xDE, 0x4C, 0xDE, 0x4C, 0xDE, 0x4C, 0xDE, 0x4C, 0xDE, 0x4C, 0xDE, 0x4C, 0xDE, 0x4C, 0xDE, 0x4C, 0xDE, 0x4C, 0xDE,
    0x4C, 0xDE, 0x4C, 0xDE, 0x4C, 0xDE, 0x4C, 0xDE, 0x4C, 0xDE, 0x4C, 0xDE, 0x4C, 0xDE, 0x4C, 0xDE, 0x4C, 0xDE, 0x4C,
    0xDE, 0x4C, 0xDE, 0x4C, 0xDE, 0x4C, 0xDE, 0x4C, 0xDE, 0x4C, 0xDE, 0x4C, 0xDE, 0x4C, 0xDE, 0x4C, 0xDE, 0x4C, 0xDE,
    0x4C, 0xDE, 0x4C, 0xDE, 0x4C, 0xDE, 0x4C, 0xDE, 0x4C, 0xDE, 0x4C, 0xDE, 0x4C, 0xDE, 0x4C, 0xDE, 0x4C, 0xDE, 0x4C,
    0xDE, 0x4C, 0xDE, 0x4C, 0xDE, 0x4C, 0xDE, 0x4C, 0xDE, 0x4C, 0xDE, 0x4C, 0xDE, 0x4C, 0xDE, 0x4C, 0xDE, 0x4C, 0xDE,
    0x4C, 0xDE, 0x4C, 0xDE, 0x4C, 0xDE, 0x4C, 0xDE, 0x4C, 0xDE, 0x4C, 0xDE, 0x4C, 0xDE, 0x4C, 0xDE, 0x4C, 0xDE, 0x4C,
    0xDE, 0x4C, 0xDE, 0x4C, 0xDE, 0x4C, 0xDE, 0x4C, 0xDE, 0x4C, 0xDE, 0x4C, 0xDE, 0x4C, 0xDE, 0x4C, 0xDE, 0x4C, 0xDE,
    0x4C, 0xDE, 0x4C, 0xDE, 0x4C, 0xDE, 0x4C, 0xDE, 0x4C, 0xDE, 0x4C, 0xDE, 0x4C, 0xDE, 0x4C, 0xDE, 0x4C, 0xDE, 0x4C,
    0xDE, 0x4C, 0xDE, 0x4C, 0xDE, 0x4C, 0xDE, 0x4C, 0xDE, 0x4C, 0xDE, 0x4C, 0xDE, 0x4C, 0xDE, 0x4C, 0xDE, 0x4C, 0xDE,
    0x4C, 0xDE, 0x4C, 0xDE, 0x4C, 0xDE, 0x4C, 0xDE, 0x4C, 0xDE, 0x4C, 0xDE, 0x4C, 0xDE, 0x4C, 0xDE, 0x4C, 0xDE, 0x4C,
    0xDE, 0x4C, 0xDE, 0x4C, 0xDE, 0x4C, 0xDE, 0x4C, 0xDE, 0x4C, 0xDE, 0x4C, 0xDE, 0x4C, 0xDE, 0x4C, 0xDE, 0x4C, 0xDE,
    0x4C, 0xDE, 0x4C, 0xDE, 0x4C, 0xDE, 0x4C, 0xDE, 0x4C, 0xDE, 0x4C, 0xDE, 0x4C, 0xDE, 0x4C, 0xDE, 0x4C, 0xDE, 0x4C,
    0xDE, 0x4C, 0xDE, 0x4C, 0xDE, 0x4C, 0xDE, 0x4C, 0xDE, 0x4C, 0xDE, 0x4C, 0xDE, 0x4C, 0xDE, 0x4C, 0xDE, 0x4C, 0xDE,
    0x4C, 0xDE, 0x4C, 0xDE, 0x4C, 0xDE, 0x4C, 0xDE, 0x4C, 0xDE, 0x4C, 0x1F, 0x4D, 0x34, 0x2B, 0x4A, 0x11, 0x8A, 0x11,
    0x49, 0x11, 0x28, 0x11, 0x08, 0x09, 0x07, 0x09, 0xE6, 0x08, 0xC5, 0x08, 0xA5, 0x08, 0x84, 0x08, 0x83, 0x00, 0x63,
    0x00, 0x62, 0x00, 0x42, 0x00, 0x42, 0x00, 0x21, 0x00, 0x21, 0x00, 0x21, 0x00, 0x20, 0x00, 0x00, 0x00, 0x00, 0x00,
    0x00, 0x00, 0x00, 0x00, 0x00, 0x00, 0x00, 0x00, 0x00, 0x00, 0x00, 0x00, 0x00, 0x00, 0x00, 0x00, 0x20, 0x00, 0x21,
    0x00, 0x21, 0x00, 0x41, 0x00, 0x42, 0x00, 0x42, 0x00, 0x63, 0x00, 0x63, 0x00, 0x84, 0x00, 0xA4, 0x08, 0xA5, 0x08,
    0xC5, 0x08, 0xE6, 0x08, 0x07, 0x09, 0x28, 0x09, 0x29, 0x11, 0x49, 0x11, 0x8B, 0x11, 0x6A, 0x11, 0x76, 0x33, 0x1F,
    0x4D, 0xDE, 0x4C, 0xDE, 0x4C, 0xDE, 0x4C, 0xDE, 0x4C, 0xDE, 0x4C, 0xDE, 0x4C, 0xDE, 0x4C, 0xDE, 0x4C, 0xDE, 0x4C,
    0xDE, 0x4C, 0xDE, 0x4C, 0xDE, 0x4C, 0xDE, 0x4C, 0xDE, 0x4C, 0xDE, 0x4C, 0xDE, 0x4C, 0xDE, 0x4C, 0xDE, 0x4C, 0xDE,
    0x4C, 0xDE, 0x4C, 0xDE, 0x4C, 0xDE, 0x4C, 0xDE, 0x4C, 0xDE, 0x4C, 0xDE, 0x4C, 0xDE, 0x4C, 0xDE, 0x4C, 0xDE, 0x4C,
    0xDE, 0x4C, 0xDE, 0x4C, 0xDE, 0x4C, 0xDE, 0x4C, 0xDE, 0x4C, 0xDE, 0x4C, 0xDE, 0x4C, 0xDE, 0x4C, 0xDE, 0x4C, 0xDE,
    0x4C, 0xDE, 0x4C, 0xDE, 0x4C, 0xDE, 0x4C, 0xDE, 0x4C, 0xDE, 0x4C, 0xDE, 0x4C, 0xDE, 0x4C, 0xDE, 0x4C, 0xDE, 0x4C,
    0xDE, 0x4C, 0xDE, 0x4C, 0xDE, 0x4C, 0xDE, 0x4C, 0xDE, 0x4C, 0xDE, 0x4C, 0xDE, 0x4C, 0xDE, 0x4C, 0xDE, 0x4C, 0xDE,
    0x4C, 0xDE, 0x4C, 0xDE, 0x4C, 0xDE, 0x4C, 0xDE, 0x4C, 0xDE, 0x4C, 0xDE, 0x4C, 0xDE, 0x4C, 0xDE, 0x4C, 0xDE, 0x4C,
    0xDE, 0x4C, 0xDE, 0x4C, 0xDE, 0x4C, 0xDE, 0x4C, 0xDE, 0x4C, 0xDE, 0x4C, 0xDE, 0x4C, 0xDE, 0x4C, 0xDE, 0x4C, 0xDE,
    0x4C, 0xDE, 0x4C, 0xDE, 0x4C, 0xDE, 0x4C, 0xDE, 0x4C, 0xDE, 0x4C, 0xDE, 0x4C, 0xDE, 0x4C, 0xDE, 0x4C, 0xDE, 0x4C,
    0xDE, 0x4C, 0xDE, 0x4C, 0xDE, 0x4C, 0xDE, 0x4C, 0xDE, 0x4C, 0xDE, 0x4C, 0xDE, 0x4C, 0xDE, 0x4C, 0xDE, 0x4C, 0xDE,
    0x4C, 0xDE, 0x4C, 0xDE, 0x4C, 0xDE, 0x4C, 0xDE, 0x4C, 0xDE, 0x4C, 0xDE, 0x4C, 0xDE, 0x4C, 0xDE, 0x4C, 0xDE, 0x4C,
    0xDE, 0x4C, 0xDE, 0x4C, 0xDE, 0x4C, 0xDE, 0x4C, 0xDE, 0x4C, 0xDE, 0x4C, 0xDE, 0x4C, 0xDE, 0x4C, 0xDE, 0x4C, 0xDE,
    0x4C, 0xDE, 0x4C, 0xDE, 0x4C, 0xDE, 0x4C, 0xDE, 0x4C, 0xDE, 0x4C, 0xDE, 0x4C, 0xDE, 0x4C, 0xDE, 0x4C, 0xDE, 0x4C,
    0xDE, 0x4C, 0xDE, 0x4C, 0xDE, 0x4C, 0xDE, 0x4C, 0xDE, 0x4C, 0xDE, 0x4C, 0xDE, 0x4C, 0xDE, 0x4C, 0xDE, 0x4C, 0xDE,
    0x4C, 0xDE, 0x4C, 0xDE, 0x4C, 0xDE, 0x4C, 0xDE, 0x4C, 0xDE, 0x4C, 0xDE, 0x4C, 0xDE, 0x4C, 0xDE, 0x4C, 0xDE, 0x4C,
    0xDE, 0x4C, 0xDE, 0x4C, 0xDE, 0x4C, 0xDE, 0x4C, 0xDE, 0x4C, 0xDE, 0x4C, 0x1F, 0x4D, 0x76, 0x33, 0x6A, 0x11, 0x8B,
    0x11, 0x49, 0x11, 0x29, 0x11, 0x28, 0x09, 0x07, 0x09, 0xE6, 0x08, 0xC5, 0x08, 0xA5, 0x08, 0xA4, 0x08, 0x84, 0x00,
    0x63, 0x00, 0x63, 0x00, 0x42, 0x00, 0x42, 0x00, 0x41, 0x00, 0x21, 0x00, 0x21, 0x00, 0x20, 0x00, 0x00, 0x00, 0x00,
    0x00, 0x00, 0x00, 0x00, 0x00, 0x00, 0x00, 0x00, 0x00, 0x00, 0x00, 0x00, 0x00, 0x00, 0x00, 0x00, 0x00, 0x21, 0x00,
    0x21, 0x00, 0x21, 0x00, 0x41, 0x00, 0x42, 0x00, 0x42, 0x00, 0x63, 0x00, 0x83, 0x00, 0x84, 0x00, 0xA4, 0x08, 0xA5,
    0x08, 0xC6, 0x08, 0xE6, 0x08, 0x07, 0x09, 0x28, 0x09, 0x49, 0x11, 0x6A, 0x11, 0x8B, 0x11, 0x8B, 0x11, 0x1A, 0x3C,
    0xFF, 0x4C, 0xDE, 0x4C, 0xDE, 0x4C, 0xDE, 0x4C, 0xDE, 0x4C, 0xDE, 0x4C, 0xDE, 0x4C, 0xDE, 0x4C, 0xDE, 0x4C, 0xDE,
    0x4C, 0xDE, 0x4C, 0xDE, 0x4C, 0xDE, 0x4C, 0xDE, 0x4C, 0xDE, 0x4C, 0xDE, 0x4C, 0xDE, 0x4C, 0xDE, 0x4C, 0xDE, 0x4C,
    0xDE, 0x4C, 0xDE, 0x4C, 0xDE, 0x4C, 0xDE, 0x4C, 0xDE, 0x4C, 0xDE, 0x4C, 0xDE, 0x4C, 0xDE, 0x4C, 0xDE, 0x4C, 0xDE,
    0x4C, 0xDE, 0x4C, 0xDE, 0x4C, 0xDE, 0x4C, 0xDE, 0x4C, 0xDE, 0x4C, 0xDE, 0x4C, 0xDE, 0x4C, 0xDE, 0x4C, 0xDE, 0x4C,
    0xDE, 0x4C, 0xDE, 0x4C, 0xDE, 0x4C, 0xDE, 0x4C, 0xDE, 0x4C, 0xDE, 0x4C, 0xDE, 0x4C, 0xDE, 0x4C, 0xDE, 0x4C, 0xDE,
    0x4C, 0xDE, 0x4C, 0xDE, 0x4C, 0xDE, 0x4C, 0xDE, 0x4C, 0xDE, 0x4C, 0xDE, 0x4C, 0xDE, 0x4C, 0xDE, 0x4C, 0xDE, 0x4C,
    0xDE, 0x4C, 0xDE, 0x4C, 0xDE, 0x4C, 0xDE, 0x4C, 0xDE, 0x4C, 0xDE, 0x4C, 0xDE, 0x4C, 0xDE, 0x4C, 0xDE, 0x4C, 0xDE,
    0x4C, 0xDE, 0x4C, 0xDE, 0x4C, 0xDE, 0x4C, 0xDE, 0x4C, 0xDE, 0x4C, 0xDE, 0x4C, 0xDE, 0x4C, 0xDE, 0x4C, 0xDE, 0x4C,
    0xDE, 0x4C, 0xDE, 0x4C, 0xDE, 0x4C, 0xDE, 0x4C, 0xDE, 0x4C, 0xDE, 0x4C, 0xDE, 0x4C, 0xDE, 0x4C, 0xDE, 0x4C, 0xDE,
    0x4C, 0xDE, 0x4C, 0xDE, 0x4C, 0xDE, 0x4C, 0xDE, 0x4C, 0xDE, 0x4C, 0xDE, 0x4C, 0xDE, 0x4C, 0xDE, 0x4C, 0xDE, 0x4C,
    0xDE, 0x4C, 0xDE, 0x4C, 0xDE, 0x4C, 0xDE, 0x4C, 0xDE, 0x4C, 0xDE, 0x4C, 0xDE, 0x4C, 0xDE, 0x4C, 0xDE, 0x4C, 0xDE,
    0x4C, 0xDE, 0x4C, 0xDE, 0x4C, 0xDE, 0x4C, 0xDE, 0x4C, 0xDE, 0x4C, 0xDE, 0x4C, 0xDE, 0x4C, 0xDE, 0x4C, 0xDE, 0x4C,
    0xDE, 0x4C, 0xDE, 0x4C, 0xDE, 0x4C, 0xDE, 0x4C, 0xDE, 0x4C, 0xDE, 0x4C, 0xDE, 0x4C, 0xDE, 0x4C, 0xDE, 0x4C, 0xDE,
    0x4C, 0xDE, 0x4C, 0xDE, 0x4C, 0xDE, 0x4C, 0xDE, 0x4C, 0xDE, 0x4C, 0xDE, 0x4C, 0xDE, 0x4C, 0xDE, 0x4C, 0xDE, 0x4C,
    0xDE, 0x4C, 0xDE, 0x4C, 0xDE, 0x4C, 0xDE, 0x4C, 0xDE, 0x4C, 0xDE, 0x4C, 0xDE, 0x4C, 0xDE, 0x4C, 0xDE, 0x4C, 0xDE,
    0x4C, 0xDE, 0x4C, 0xDE, 0x4C, 0xDE, 0x4C, 0xDE, 0x4C, 0xDE, 0x4C, 0xDE, 0x4C, 0xFF, 0x4C, 0x1A, 0x3C, 0x8B, 0x11,
    0x8B, 0x11, 0x6A, 0x11, 0x49, 0x11, 0x28, 0x09, 0x07, 0x09, 0xE6, 0x08, 0xC6, 0x08, 0xA5, 0x08, 0xA4, 0x08, 0x84,
    0x00, 0x83, 0x00, 0x63, 0x00, 0x42, 0x00, 0x42, 0x00, 0x41, 0x00, 0x21, 0x00, 0x21, 0x00, 0x21, 0x00, 0x00, 0x00,
    0x00, 0x00, 0x00, 0x00, 0x00, 0x00, 0x00, 0x00, 0x00, 0x00, 0x00, 0x00, 0x00, 0x00, 0x00, 0x00, 0x00, 0x00, 0x21,
    0x00, 0x21, 0x00, 0x21, 0x00, 0x41, 0x00, 0x42, 0x00, 0x42, 0x00, 0x63, 0x00, 0x83, 0x00, 0x84, 0x00, 0xA4, 0x08,
    0xC5, 0x08, 0xC6, 0x08, 0xE6, 0x08, 0x07, 0x09, 0x28, 0x09, 0x49, 0x11, 0x6A, 0x11, 0x8B, 0x11, 0x6B, 0x11, 0x19,
    0x3C, 0xFF, 0x4C, 0xDE, 0x4C, 0xDE, 0x4C, 0xDE, 0x4C, 0xDE, 0x4C, 0xDE, 0x4C, 0xDE, 0x4C, 0xDE, 0x4C, 0xDE, 0x4C,
    0xDE, 0x4C, 0xDE, 0x4C, 0xDE, 0x4C, 0xDE, 0x4C, 0xDE, 0x4C, 0xDE, 0x4C, 0xDE, 0x4C, 0xDE, 0x4C, 0xDE, 0x4C, 0xDE,
    0x4C, 0xDE, 0x4C, 0xDE, 0x4C, 0xDE, 0x4C, 0xDE, 0x4C, 0xDE, 0x4C, 0xDE, 0x4C, 0xDE, 0x4C, 0xDE, 0x4C, 0xDE, 0x4C,
    0xDE, 0x4C, 0xDE, 0x4C, 0xDE, 0x4C, 0xDE, 0x4C, 0xDE, 0x4C, 0xDE, 0x4C, 0xDE, 0x4C, 0xDE, 0x4C, 0xDE, 0x4C, 0xDE,
    0x4C, 0xDE, 0x4C, 0xDE, 0x4C, 0xDE, 0x4C, 0xDE, 0x4C, 0xDE, 0x4C, 0xDE, 0x4C, 0xDE, 0x4C, 0xDE, 0x4C, 0xDE, 0x4C,
    0xDE, 0x4C, 0xDE, 0x4C, 0xDE, 0x4C, 0xDE, 0x4C, 0xDE, 0x4C, 0xDE, 0x4C, 0xDE, 0x4C, 0xDE, 0x4C, 0xDE, 0x4C, 0xDE,
    0x4C, 0xDE, 0x4C, 0xDE, 0x4C, 0xDE, 0x4C, 0xDE, 0x4C, 0xDE, 0x4C, 0xDE, 0x4C, 0xDE, 0x4C, 0xDE, 0x4C, 0xDE, 0x4C,
    0xDE, 0x4C, 0xDE, 0x4C, 0xDE, 0x4C, 0xDE, 0x4C, 0xDE, 0x4C, 0xDE, 0x4C, 0xDE, 0x4C, 0xDE, 0x4C, 0xDE, 0x4C, 0xDE,
    0x4C, 0xDE, 0x4C, 0xDE, 0x4C, 0xDE, 0x4C, 0xDE, 0x4C, 0xDE, 0x4C, 0xDE, 0x4C, 0xDE, 0x4C, 0xDE, 0x4C, 0xDE, 0x4C,
    0xDE, 0x4C, 0xDE, 0x4C, 0xDE, 0x4C, 0xDE, 0x4C, 0xDE, 0x4C, 0xDE, 0x4C, 0xDE, 0x4C, 0xDE, 0x4C, 0xDE, 0x4C, 0xDE,
    0x4C, 0xDE, 0x4C, 0xDE, 0x4C, 0xDE, 0x4C, 0xDE, 0x4C, 0xDE, 0x4C, 0xDE, 0x4C, 0xDE, 0x4C, 0xDE, 0x4C, 0xDE, 0x4C,
    0xDE, 0x4C, 0xDE, 0x4C, 0xDE, 0x4C, 0xDE, 0x4C, 0xDE, 0x4C, 0xDE, 0x4C, 0xDE, 0x4C, 0xDE, 0x4C, 0xDE, 0x4C, 0xDE,
    0x4C, 0xDE, 0x4C, 0xDE, 0x4C, 0xDE, 0x4C, 0xDE, 0x4C, 0xDE, 0x4C, 0xDE, 0x4C, 0xDE, 0x4C, 0xDE, 0x4C, 0xDE, 0x4C,
    0xDE, 0x4C, 0xDE, 0x4C, 0xDE, 0x4C, 0xDE, 0x4C, 0xDE, 0x4C, 0xDE, 0x4C, 0xDE, 0x4C, 0xDE, 0x4C, 0xDE, 0x4C, 0xDE,
    0x4C, 0xDE, 0x4C, 0xDE, 0x4C, 0xDE, 0x4C, 0xDE, 0x4C, 0xDE, 0x4C, 0xDE, 0x4C, 0xDE, 0x4C, 0xDE, 0x4C, 0xDE, 0x4C,
    0xDE, 0x4C, 0xDE, 0x4C, 0xDE, 0x4C, 0xDE, 0x4C, 0xDE, 0x4C, 0xDE, 0x4C, 0xDE, 0x4C, 0xFF, 0x4C, 0x19, 0x3C, 0x6B,
    0x11, 0x8B, 0x11, 0x6A, 0x11, 0x49, 0x11, 0x28, 0x09, 0x07, 0x09, 0xE6, 0x08, 0xC6, 0x08, 0xC5, 0x08, 0xA4, 0x08,
    0x84, 0x00, 0x83, 0x00, 0x63, 0x00, 0x42, 0x00, 0x42, 0x00, 0x41, 0x00, 0x21, 0x00, 0x21, 0x00, 0x21, 0x00, 0x00,
    0x00, 0x00, 0x00, 0x00, 0x00, 0x00, 0x00, 0x00, 0x00, 0x00, 0x00, 0x00, 0x00, 0x00, 0x00, 0x00, 0x00, 0x00, 0x00,
    0x21, 0x00, 0x21, 0x00, 0x21, 0x00, 0x41, 0x00, 0x42, 0x00, 0x62, 0x00, 0x63, 0x00, 0x83, 0x00, 0x84, 0x00, 0xA4,
    0x08, 0xC5, 0x08, 0xC6, 0x08, 0xE7, 0x08, 0x07, 0x09, 0x28, 0x09, 0x49, 0x11, 0x6A, 0x11, 0x8B, 0x11, 0xCC, 0x19,
    0x7C, 0x44, 0xFE, 0x4C, 0xDE, 0x4C, 0xDE, 0x4C, 0xDE, 0x4C, 0xDE, 0x4C, 0xDE, 0x4C, 0xDE, 0x4C, 0xDE, 0x4C, 0xDE,
    0x4C, 0xDE, 0x4C, 0xDE, 0x4C, 0xDE, 0x4C, 0xDE, 0x4C, 0xDE, 0x4C, 0xDE, 0x4C, 0xDE, 0x4C, 0xDE, 0x4C, 0xDE, 0x4C,
    0xDE, 0x4C, 0xDE, 0x4C, 0xDE, 0x4C, 0xDE, 0x4C, 0xDE, 0x4C, 0xDE, 0x4C, 0xDE, 0x4C, 0xDE, 0x4C, 0xDE, 0x4C, 0xDE,
    0x4C, 0xDE, 0x4C, 0xDE, 0x4C, 0xDE, 0x4C, 0xDE, 0x4C, 0xDE, 0x4C, 0xDE, 0x4C, 0xDE, 0x4C, 0xDE, 0x4C, 0xDE, 0x4C,
    0xDE, 0x4C, 0xDE, 0x4C, 0xDE, 0x4C, 0xDE, 0x4C, 0xDE, 0x4C, 0xDE, 0x4C, 0xDE, 0x4C, 0xDE, 0x4C, 0xDE, 0x4C, 0xDE,
    0x4C, 0xDE, 0x4C, 0xDE, 0x4C, 0xDE, 0x4C, 0xDE, 0x4C, 0xDE, 0x4C, 0xDE, 0x4C, 0xDE, 0x4C, 0xDE, 0x4C, 0xDE, 0x4C,
    0xDE, 0x4C, 0xDE, 0x4C, 0xDE, 0x4C, 0xDE, 0x4C, 0xDE, 0x4C, 0xDE, 0x4C, 0xDE, 0x4C, 0xDE, 0x4C, 0xDE, 0x4C, 0xDE,
    0x4C, 0xDE, 0x4C, 0xDE, 0x4C, 0xDE, 0x4C, 0xDE, 0x4C, 0xDE, 0x4C, 0xDE, 0x4C, 0xDE, 0x4C, 0xDE, 0x4C, 0xDE, 0x4C,
    0xDE, 0x4C, 0xDE, 0x4C, 0xDE, 0x4C, 0xDE, 0x4C, 0xDE, 0x4C, 0xDE, 0x4C, 0xDE, 0x4C, 0xDE, 0x4C, 0xDE, 0x4C, 0xDE,
    0x4C, 0xDE, 0x4C, 0xDE, 0x4C, 0xDE, 0x4C, 0xDE, 0x4C, 0xDE, 0x4C, 0xDE, 0x4C, 0xDE, 0x4C, 0xDE, 0x4C, 0xDE, 0x4C,
    0xDE, 0x4C, 0xDE, 0x4C, 0xDE, 0x4C, 0xDE, 0x4C, 0xDE, 0x4C, 0xDE, 0x4C, 0xDE, 0x4C, 0xDE, 0x4C, 0xDE, 0x4C, 0xDE,
    0x4C, 0xDE, 0x4C, 0xDE, 0x4C, 0xDE, 0x4C, 0xDE, 0x4C, 0xDE, 0x4C, 0xDE, 0x4C, 0xDE, 0x4C, 0xDE, 0x4C, 0xDE, 0x4C,
    0xDE, 0x4C, 0xDE, 0x4C, 0xDE, 0x4C, 0xDE, 0x4C, 0xDE, 0x4C, 0xDE, 0x4C, 0xDE, 0x4C, 0xDE, 0x4C, 0xDE, 0x4C, 0xDE,
    0x4C, 0xDE, 0x4C, 0xDE, 0x4C, 0xDE, 0x4C, 0xDE, 0x4C, 0xDE, 0x4C, 0xDE, 0x4C, 0xDE, 0x4C, 0xDE, 0x4C, 0xDE, 0x4C,
    0xDE, 0x4C, 0xDE, 0x4C, 0xDE, 0x4C, 0xDE, 0x4C, 0xDE, 0x4C, 0xDE, 0x4C, 0xDE, 0x4C, 0xDE, 0x4C, 0xDE, 0x4C, 0xDE,
    0x4C, 0xDE, 0x4C, 0xDE, 0x4C, 0xDE, 0x4C, 0xDE, 0x4C, 0xDE, 0x4C, 0xDE, 0x4C, 0xDE, 0x4C, 0xFE, 0x4C, 0x7C, 0x44,
    0xCC, 0x19, 0x8B, 0x11, 0x6A, 0x11, 0x49, 0x11, 0x28, 0x09, 0x07, 0x09, 0xE7, 0x08, 0xC6, 0x08, 0xC5, 0x08, 0xA4,
    0x08, 0x84, 0x00, 0x83, 0x00, 0x63, 0x00, 0x62, 0x00, 0x42, 0x00, 0x41, 0x00, 0x21, 0x00, 0x21, 0x00, 0x21, 0x00,
    0x00, 0x00, 0x00, 0x00, 0x00, 0x00, 0x00, 0x00, 0x00, 0x00, 0x00, 0x00, 0x00, 0x00, 0x00, 0x00, 0x00, 0x00, 0x00,
    0x00, 0x21, 0x00, 0x21, 0x00, 0x21, 0x00, 0x41, 0x00, 0x42, 0x00, 0x62, 0x00, 0x63, 0x00, 0x83, 0x00, 0x84, 0x00,
    0xA4, 0x08, 0xC5, 0x08, 0xE6, 0x08, 0xE7, 0x08, 0x07, 0x09, 0x28, 0x11, 0x49, 0x11, 0x6A, 0x11, 0x8B, 0x11, 0xED,
    0x19, 0xBD, 0x44, 0xDE, 0x4C, 0xDE, 0x4C, 0xDE, 0x4C, 0xDE, 0x4C, 0xDE, 0x4C, 0xDE, 0x4C, 0xDE, 0x4C, 0xDE, 0x4C,
    0xDE, 0x4C, 0xDE, 0x4C, 0xDE, 0x4C, 0xDE, 0x4C, 0xDE, 0x4C, 0xDE, 0x4C, 0xDE, 0x4C, 0xDE, 0x4C, 0xDE, 0x4C, 0xDE,
    0x4C, 0xDE, 0x4C, 0xDE, 0x4C, 0xDE, 0x4C, 0xDE, 0x4C, 0xDE, 0x4C, 0xDE, 0x4C, 0xDE, 0x4C, 0xDE, 0x4C, 0xDE, 0x4C,
    0xDE, 0x4C, 0xDE, 0x4C, 0xDE, 0x4C, 0xDE, 0x4C, 0xDE, 0x4C, 0xDE, 0x4C, 0xDE, 0x4C, 0xDE, 0x4C, 0xDE, 0x4C, 0xDE,
    0x4C, 0xDE, 0x4C, 0xDE, 0x4C, 0xDE, 0x4C, 0xDE, 0x4C, 0xDE, 0x4C, 0xDE, 0x4C, 0xDE, 0x4C, 0xDE, 0x4C, 0xDE, 0x4C,
    0xDE, 0x4C, 0xDE, 0x4C, 0xDE, 0x4C, 0xDE, 0x4C, 0xDE, 0x4C, 0xDE, 0x4C, 0xDE, 0x4C, 0xDE, 0x4C, 0xDE, 0x4C, 0xDE,
    0x4C, 0xDE, 0x4C, 0xDE, 0x4C, 0xDE, 0x4C, 0xDE, 0x4C, 0xDE, 0x4C, 0xDE, 0x4C, 0xDE, 0x4C, 0xDE, 0x4C, 0xDE, 0x4C,
    0xDE, 0x4C, 0xDE, 0x4C, 0xDE, 0x4C, 0xDE, 0x4C, 0xDE, 0x4C, 0xDE, 0x4C, 0xDE, 0x4C, 0xDE, 0x4C, 0xDE, 0x4C, 0xDE,
    0x4C, 0xDE, 0x4C, 0xDE, 0x4C, 0xDE, 0x4C, 0xDE, 0x4C, 0xDE, 0x4C, 0xDE, 0x4C, 0xDE, 0x4C, 0xDE, 0x4C, 0xDE, 0x4C,
    0xDE, 0x4C, 0xDE, 0x4C, 0xDE, 0x4C, 0xDE, 0x4C, 0xDE, 0x4C, 0xDE, 0x4C, 0xDE, 0x4C, 0xDE, 0x4C, 0xDE, 0x4C, 0xDE,
    0x4C, 0xDE, 0x4C, 0xDE, 0x4C, 0xDE, 0x4C, 0xDE, 0x4C, 0xDE, 0x4C, 0xDE, 0x4C, 0xDE, 0x4C, 0xDE, 0x4C, 0xDE, 0x4C,
    0xDE, 0x4C, 0xDE, 0x4C, 0xDE, 0x4C, 0xDE, 0x4C, 0xDE, 0x4C, 0xDE, 0x4C, 0xDE, 0x4C, 0xDE, 0x4C, 0xDE, 0x4C, 0xDE,
    0x4C, 0xDE, 0x4C, 0xDE, 0x4C, 0xDE, 0x4C, 0xDE, 0x4C, 0xDE, 0x4C, 0xDE, 0x4C, 0xDE, 0x4C, 0xDE, 0x4C, 0xDE, 0x4C,
    0xDE, 0x4C, 0xDE, 0x4C, 0xDE, 0x4C, 0xDE, 0x4C, 0xDE, 0x4C, 0xDE, 0x4C, 0xDE, 0x4C, 0xDE, 0x4C, 0xDE, 0x4C, 0xDE,
    0x4C, 0xDE, 0x4C, 0xDE, 0x4C, 0xDE, 0x4C, 0xDE, 0x4C, 0xDE, 0x4C, 0xDE, 0x4C, 0xDE, 0x4C, 0xDE, 0x4C, 0xDE, 0x4C,
    0xDE, 0x4C, 0xDE, 0x4C, 0xDE, 0x4C, 0xDE, 0x4C, 0xDE, 0x4C, 0xDE, 0x4C, 0xDE, 0x4C, 0xDE, 0x4C, 0xDE, 0x4C, 0xBD,
    0x44, 0xED, 0x19, 0x8B, 0x11, 0x6A, 0x11, 0x49, 0x11, 0x28, 0x11, 0x07, 0x09, 0xE7, 0x08, 0xE6, 0x08, 0xC5, 0x08,
    0xA4, 0x08, 0x84, 0x00, 0x83, 0x00, 0x63, 0x00, 0x62, 0x00, 0x42, 0x00, 0x41, 0x00, 0x21, 0x00, 0x21, 0x00, 0x21,
    0x00, 0x00, 0x00, 0x00, 0x00, 0x00, 0x00, 0x00, 0x00, 0x00, 0x00, 0x00, 0x00, 0x00, 0x00, 0x00, 0x00, 0x00, 0x00,
    0x00, 0x00, 0x21, 0x00, 0x21, 0x00, 0x21, 0x00, 0x42, 0x00, 0x42, 0x00, 0x62, 0x00, 0x63, 0x00, 0x83, 0x00, 0x84,
    0x00, 0xA5, 0x08, 0xC5, 0x08, 0xE6, 0x08, 0xE7, 0x08, 0x07, 0x09, 0x28, 0x11, 0x49, 0x11, 0x6A, 0x11, 0x8B, 0x11,
    0xED, 0x19, 0x9D, 0x44, 0xDE, 0x4C, 0xDE, 0x4C, 0xDE, 0x4C, 0xDE, 0x4C, 0xDE, 0x4C, 0xDE, 0x4C, 0xDE, 0x4C, 0xDE,
    0x4C, 0xDE, 0x4C, 0xDE, 0x4C, 0xDE, 0x4C, 0xDE, 0x4C, 0xDE, 0x4C, 0xDE, 0x4C, 0xDE, 0x4C, 0xDE, 0x4C, 0xDE, 0x4C,
    0xDE, 0x4C, 0xDE, 0x4C, 0xDE, 0x4C, 0xDE, 0x4C, 0xDE, 0x4C, 0xDE, 0x4C, 0xDE, 0x4C, 0xDE, 0x4C, 0xDE, 0x4C, 0xDE,
    0x4C, 0xDE, 0x4C, 0xDE, 0x4C, 0xDE, 0x4C, 0xDE, 0x4C, 0xDE, 0x4C, 0xDE, 0x4C, 0xDE, 0x4C, 0xDE, 0x4C, 0xDE, 0x4C,
    0xDE, 0x4C, 0xDE, 0x4C, 0xDE, 0x4C, 0xDE, 0x4C, 0xDE, 0x4C, 0xDE, 0x4C, 0xDE, 0x4C, 0xDE, 0x4C, 0xDE, 0x4C, 0xDE,
    0x4C, 0xDE, 0x4C, 0xDE, 0x4C, 0xDE, 0x4C, 0xDE, 0x4C, 0xDE, 0x4C, 0xDE, 0x4C, 0xDE, 0x4C, 0xDE, 0x4C, 0xDE, 0x4C,
    0xDE, 0x4C, 0xDE, 0x4C, 0xDE, 0x4C, 0xDE, 0x4C, 0xDE, 0x4C, 0xDE, 0x4C, 0xDE, 0x4C, 0xDE, 0x4C, 0xDE, 0x4C, 0xDE,
    0x4C, 0xDE, 0x4C, 0xDE, 0x4C, 0xDE, 0x4C, 0xDE, 0x4C, 0xDE, 0x4C, 0xDE, 0x4C, 0xDE, 0x4C, 0xDE, 0x4C, 0xDE, 0x4C,
    0xDE, 0x4C, 0xDE, 0x4C, 0xDE, 0x4C, 0xDE, 0x4C, 0xDE, 0x4C, 0xDE, 0x4C, 0xDE, 0x4C, 0xDE, 0x4C, 0xDE, 0x4C, 0xDE,
    0x4C, 0xDE, 0x4C, 0xDE, 0x4C, 0xDE, 0x4C, 0xDE, 0x4C, 0xDE, 0x4C, 0xDE, 0x4C, 0xDE, 0x4C, 0xDE, 0x4C, 0xDE, 0x4C,
    0xDE, 0x4C, 0xDE, 0x4C, 0xDE, 0x4C, 0xDE, 0x4C, 0xDE, 0x4C, 0xDE, 0x4C, 0xDE, 0x4C, 0xDE, 0x4C, 0xDE, 0x4C, 0xDE,
    0x4C, 0xDE, 0x4C, 0xDE, 0x4C, 0xDE, 0x4C, 0xDE, 0x4C, 0xDE, 0x4C, 0xDE, 0x4C, 0xDE, 0x4C, 0xDE, 0x4C, 0xDE, 0x4C,
    0xDE, 0x4C, 0xDE, 0x4C, 0xDE, 0x4C, 0xDE, 0x4C, 0xDE, 0x4C, 0xDE, 0x4C, 0xDE, 0x4C, 0xDE, 0x4C, 0xDE, 0x4C, 0xDE,
    0x4C, 0xDE, 0x4C, 0xDE, 0x4C, 0xDE, 0x4C, 0xDE, 0x4C, 0xDE, 0x4C, 0xDE, 0x4C, 0xDE, 0x4C, 0xDE, 0x4C, 0xDE, 0x4C,
    0xDE, 0x4C, 0xDE, 0x4C, 0xDE, 0x4C, 0xDE, 0x4C, 0xDE, 0x4C, 0xDE, 0x4C, 0xDE, 0x4C, 0xDE, 0x4C, 0xDE, 0x4C, 0xDE,
    0x4C, 0xDE, 0x4C, 0xDE, 0x4C, 0xDE, 0x4C, 0xDE, 0x4C, 0xDE, 0x4C, 0xDE, 0x4C, 0xDE, 0x4C, 0xDE, 0x4C, 0xDE, 0x4C,
    0x9D, 0x44, 0xED, 0x19, 0x8B, 0x11, 0x6A, 0x11, 0x49, 0x11, 0x28, 0x11, 0x07, 0x09, 0xE7, 0x08, 0xE6, 0x08, 0xC5,
    0x08, 0xA5, 0x08, 0x84, 0x00, 0x83, 0x00, 0x63, 0x00, 0x62, 0x00, 0x42, 0x00, 0x42, 0x00, 0x21, 0x00, 0x21, 0x00,
    0x21, 0x00, 0x00, 0x00, 0x00, 0x00, 0x00, 0x00, 0x00, 0x00, 0x00, 0x00, 0x00, 0x00, 0x00, 0x00, 0x00, 0x00, 0x00,
    0x00, 0x20, 0x00, 0x21, 0x00, 0x21, 0x00, 0x21, 0x00, 0x42, 0x00, 0x42, 0x00, 0x62, 0x00, 0x63, 0x00, 0x83, 0x00,
    0x84, 0x00, 0xA5, 0x08, 0xC5, 0x08, 0xE6, 0x08, 0xE7, 0x08, 0x08, 0x09, 0x28, 0x11, 0x49, 0x11, 0x6A, 0x11, 0x8B,
    0x11, 0xED, 0x19, 0x9D, 0x44, 0xDE, 0x4C, 0xDE, 0x4C, 0xDE, 0x4C, 0xDE, 0x4C, 0xDE, 0x4C, 0xDE, 0x4C, 0xDE, 0x4C,
    0xDE, 0x4C, 0xDE, 0x4C, 0xDE, 0x4C, 0xDE, 0x4C, 0xDE, 0x4C, 0xDE, 0x4C, 0xDE, 0x4C, 0xDE, 0x4C, 0xDE, 0x4C, 0xDE,
    0x4C, 0xDE, 0x4C, 0xDE, 0x4C, 0xDE, 0x4C, 0xDE, 0x4C, 0xDE, 0x4C, 0xDE, 0x4C, 0xDE, 0x4C, 0xDE, 0x4C, 0xDE, 0x4C,
    0xDE, 0x4C, 0xDE, 0x4C, 0xDE, 0x4C, 0xDE, 0x4C, 0xDE, 0x4C, 0xDE, 0x4C, 0xDE, 0x4C, 0xDE, 0x4C, 0xDE, 0x4C, 0xDE,
    0x4C, 0xDE, 0x4C, 0xDE, 0x4C, 0xDE, 0x4C, 0xDE, 0x4C, 0xDE, 0x4C, 0xDE, 0x4C, 0xDE, 0x4C, 0xDE, 0x4C, 0xDE, 0x4C,
    0xDE, 0x4C, 0xDE, 0x4C, 0xDE, 0x4C, 0xDE, 0x4C, 0xDE, 0x4C, 0xDE, 0x4C, 0xDE, 0x4C, 0xDE, 0x4C, 0xDE, 0x4C, 0xDE,
    0x4C, 0xDE, 0x4C, 0xDE, 0x4C, 0xDE, 0x4C, 0xDE, 0x4C, 0xDE, 0x4C, 0xDE, 0x4C, 0xDE, 0x4C, 0xDE, 0x4C, 0xDE, 0x4C,
    0xDE, 0x4C, 0xDE, 0x4C, 0xDE, 0x4C, 0xDE, 0x4C, 0xDE, 0x4C, 0xDE, 0x4C, 0xDE, 0x4C, 0xDE, 0x4C, 0xDE, 0x4C, 0xDE,
    0x4C, 0xDE, 0x4C, 0xDE, 0x4C, 0xDE, 0x4C, 0xDE, 0x4C, 0xDE, 0x4C, 0xDE, 0x4C, 0xDE, 0x4C, 0xDE, 0x4C, 0xDE, 0x4C,
    0xDE, 0x4C, 0xDE, 0x4C, 0xDE, 0x4C, 0xDE, 0x4C, 0xDE, 0x4C, 0xDE, 0x4C, 0xDE, 0x4C, 0xDE, 0x4C, 0xDE, 0x4C, 0xDE,
    0x4C, 0xDE, 0x4C, 0xDE, 0x4C, 0xDE, 0x4C, 0xDE, 0x4C, 0xDE, 0x4C, 0xDE, 0x4C, 0xDE, 0x4C, 0xDE, 0x4C, 0xDE, 0x4C,
    0xDE, 0x4C, 0xDE, 0x4C, 0xDE, 0x4C, 0xDE, 0x4C, 0xDE, 0x4C, 0xDE, 0x4C, 0xDE, 0x4C, 0xDE, 0x4C, 0xDE, 0x4C, 0xDE,
    0x4C, 0xDE, 0x4C, 0xDE, 0x4C, 0xDE, 0x4C, 0xDE, 0x4C, 0xDE, 0x4C, 0xDE, 0x4C, 0xDE, 0x4C, 0xDE, 0x4C, 0xDE, 0x4C,
    0xDE, 0x4C, 0xDE, 0x4C, 0xDE, 0x4C, 0xDE, 0x4C, 0xDE, 0x4C, 0xDE, 0x4C, 0xDE, 0x4C, 0xDE, 0x4C, 0xDE, 0x4C, 0xDE,
    0x4C, 0xDE, 0x4C, 0xDE, 0x4C, 0xDE, 0x4C, 0xDE, 0x4C, 0xDE, 0x4C, 0xDE, 0x4C, 0xDE, 0x4C, 0xDE, 0x4C, 0xDE, 0x4C,
    0xDE, 0x4C, 0xDE, 0x4C, 0xDE, 0x4C, 0xDE, 0x4C, 0xDE, 0x4C, 0xDE, 0x4C, 0xDE, 0x4C, 0xDE, 0x4C, 0xDE, 0x4C, 0xDE,
    0x4C, 0x9D, 0x44, 0xED, 0x19, 0x8B, 0x11, 0x6A, 0x11, 0x49, 0x11, 0x28, 0x11, 0x08, 0x09, 0xE7, 0x08, 0xE6, 0x08,
    0xC5, 0x08, 0xA5, 0x08, 0x84, 0x00, 0x83, 0x00, 0x63, 0x00, 0x62, 0x00, 0x42, 0x00, 0x42, 0x00, 0x21, 0x00, 0x21,
    0x00, 0x21, 0x00, 0x20, 0x00, 0x00, 0x00, 0x00, 0x00, 0x00, 0x00, 0x00, 0x00, 0x00, 0x00, 0x00, 0x00, 0x00, 0x00,
    0x00, 0x00, 0x20, 0x00, 0x21, 0x00, 0x21, 0x00, 0x21, 0x00, 0x42, 0x00, 0x42, 0x00, 0x62, 0x00, 0x63, 0x00, 0x83,
    0x00, 0x84, 0x08, 0xA5, 0x08, 0xC5, 0x08, 0xE6, 0x08, 0x07, 0x09, 0x28, 0x09, 0x28, 0x11, 0x49, 0x11, 0x6A, 0x11,
    0x8B, 0x11, 0xED, 0x19, 0x9D, 0x44, 0xDE, 0x4C, 0xBE, 0x44, 0xBE, 0x44, 0xBE, 0x44, 0xBE, 0x44, 0xBE, 0x44, 0xBE,
    0x44, 0xBE, 0x44, 0xBE, 0x44, 0xBE, 0x44, 0xBE, 0x44, 0xBE, 0x44, 0xBE, 0x44, 0xBE, 0x44, 0xBE, 0x44, 0xBE, 0x44,
    0xBE, 0x44, 0xBE, 0x44, 0xBE, 0x44, 0xBE, 0x44, 0xBE, 0x44, 0xBE, 0x44, 0xBE, 0x44, 0xBE, 0x44, 0xBE, 0x44, 0xBE,
    0x44, 0xBE, 0x44, 0xBE, 0x44, 0xBE, 0x44, 0xBE, 0x44, 0xBE, 0x44, 0xBE, 0x44, 0xBE, 0x44, 0xBE, 0x44, 0xBE, 0x44,
    0xBE, 0x44, 0xBE, 0x44, 0xBE, 0x44, 0xBE, 0x44, 0xBE, 0x44, 0xBE, 0x44, 0xBE, 0x44, 0xBE, 0x44, 0xBE, 0x44, 0xBE,
    0x44, 0xBE, 0x44, 0xBE, 0x44, 0xBE, 0x44, 0xBE, 0x44, 0xBE, 0x44, 0xBE, 0x44, 0xBE, 0x44, 0xBE, 0x44, 0xBE, 0x44,
    0xBE, 0x44, 0xBE, 0x44, 0xBE, 0x44, 0xBE, 0x44, 0xBE, 0x44, 0xBE, 0x44, 0xBE, 0x44, 0xBE, 0x44, 0xBE, 0x44, 0xBE,
    0x44, 0xBE, 0x44, 0xBE, 0x44, 0xBE, 0x44, 0xBE, 0x44, 0xBE, 0x44, 0xBE, 0x44, 0xBE, 0x44, 0xBE, 0x44, 0xBE, 0x44,
    0xBE, 0x44, 0xBE, 0x44, 0xBE, 0x44, 0xBE, 0x44, 0xBE, 0x44, 0xBE, 0x44, 0xBE, 0x44, 0xBE, 0x44, 0xBE, 0x44, 0xBE,
    0x44, 0xBE, 0x44, 0xBE, 0x44, 0xBE, 0x44, 0xBE, 0x44, 0xBE, 0x44, 0xBE, 0x44, 0xBE, 0x44, 0xBE, 0x44, 0xBE, 0x44,
    0xBE, 0x44, 0xBE, 0x44, 0xBE, 0x44, 0xBE, 0x44, 0xBE, 0x44, 0xBE, 0x44, 0xBE, 0x44, 0xBE, 0x44, 0xBE, 0x44, 0xBE,
    0x44, 0xBE, 0x44, 0xBE, 0x44, 0xBE, 0x44, 0xBE, 0x44, 0xBE, 0x44, 0xBE, 0x44, 0xBE, 0x44, 0xBE, 0x44, 0xBE, 0x44,
    0xBE, 0x44, 0xBE, 0x44, 0xBE, 0x44, 0xBE, 0x44, 0xBE, 0x44, 0xBE, 0x44, 0xBE, 0x44, 0xBE, 0x44, 0xBE, 0x44, 0xBE,
    0x44, 0xBE, 0x44, 0xBE, 0x44, 0xBE, 0x44, 0xBE, 0x44, 0xBE, 0x44, 0xBE, 0x44, 0xBE, 0x44, 0xBE, 0x44, 0xBE, 0x44,
    0xBE, 0x44, 0xBE, 0x44, 0xBE, 0x44, 0xBE, 0x44, 0xBE, 0x44, 0xBE, 0x44, 0xBE, 0x44, 0xBE, 0x44, 0xBE, 0x44, 0xBE,
    0x44, 0xBE, 0x44, 0xBE, 0x44, 0xBE, 0x44, 0xBE, 0x44, 0xBE, 0x44, 0xBE, 0x44, 0xBE, 0x44, 0xBE, 0x44, 0xBE, 0x44,
    0xDE, 0x4C, 0x9D, 0x44, 0xED, 0x19, 0x8B, 0x11, 0x6A, 0x11, 0x49, 0x11, 0x28, 0x11, 0x28, 0x09, 0x07, 0x09, 0xE6,
    0x08, 0xC5, 0x08, 0xA5, 0x08, 0x84, 0x08, 0x83, 0x00, 0x63, 0x00, 0x62, 0x00, 0x42, 0x00, 0x42, 0x00, 0x21, 0x00,
    0x21, 0x00, 0x21, 0x00, 0x20, 0x00, 0x00, 0x00, 0x00, 0x00, 0x00, 0x00, 0x00, 0x00, 0x00, 0x00, 0x00, 0x00, 0x00,
    0x00, 0x00, 0x00, 0x20, 0x00, 0x21, 0x00, 0x21, 0x00, 0x21, 0x00, 0x42, 0x00, 0x42, 0x00, 0x62, 0x00, 0x63, 0x00,
    0x83, 0x00, 0xA4, 0x08, 0xA5, 0x08, 0xC5, 0x08, 0xE6, 0x08, 0x07, 0x09, 0x28, 0x09, 0x29, 0x11, 0x49, 0x11, 0x8A,
    0x11, 0x8B, 0x11, 0xED, 0x19, 0x9D, 0x44, 0xDE, 0x4C, 0xBE, 0x44, 0xBE, 0x44, 0xBE, 0x44, 0xBE, 0x44, 0xBE, 0x44,
    0xBE, 0x44, 0xBE, 0x44, 0xBE, 0x44, 0xBE, 0x44, 0xBE, 0x44, 0xBE, 0x44, 0xBE, 0x44, 0xBE, 0x44, 0xBE, 0x44, 0xBE,
    0x44, 0xBE, 0x44, 0xBE, 0x44, 0xBE, 0x44, 0xBE, 0x44, 0xBE, 0x44, 0xBE, 0x44, 0xBE, 0x44, 0xBE, 0x44, 0xBE, 0x44,
    0xBE, 0x44, 0xBE, 0x44, 0xBE, 0x44, 0xBE, 0x44, 0xBE, 0x44, 0xBE, 0x44, 0xBE, 0x44, 0xBE, 0x44, 0xBE, 0x44, 0xBE,
    0x44, 0xBE, 0x44, 0xBE, 0x44, 0xBE, 0x44, 0xBE, 0x44, 0xBE, 0x44, 0xBE, 0x44, 0xBE, 0x44, 0xBE, 0x44, 0xBE, 0x44,
    0xBE, 0x44, 0xBE, 0x44, 0xBE, 0x44, 0xBE, 0x44, 0xBE, 0x44, 0xBE, 0x44, 0xBE, 0x44, 0xBE, 0x44, 0xBE, 0x44, 0xBE,
    0x44, 0xBE, 0x44, 0xBE, 0x44, 0xBE, 0x44, 0xBE, 0x44, 0xBE, 0x44, 0xBE, 0x44, 0xBE, 0x44, 0xBE, 0x44, 0xBE, 0x44,
    0xBE, 0x44, 0xBE, 0x44, 0xBE, 0x44, 0xBE, 0x44, 0xBE, 0x44, 0xBE, 0x44, 0xBE, 0x44, 0xBE, 0x44, 0xBE, 0x44, 0xBE,
    0x44, 0xBE, 0x44, 0xBE, 0x44, 0xBE, 0x44, 0xBE, 0x44, 0xBE, 0x44, 0xBE, 0x44, 0xBE, 0x44, 0xBE, 0x44, 0xBE, 0x44,
    0xBE, 0x44, 0xBE, 0x44, 0xBE, 0x44, 0xBE, 0x44, 0xBE, 0x44, 0xBE, 0x44, 0xBE, 0x44, 0xBE, 0x44, 0xBE, 0x44, 0xBE,
    0x44, 0xBE, 0x44, 0xBE, 0x44, 0xBE, 0x44, 0xBE, 0x44, 0xBE, 0x44, 0xBE, 0x44, 0xBE, 0x44, 0xBE, 0x44, 0xBE, 0x44,
    0xBE, 0x44, 0xBE, 0x44, 0xBE, 0x44, 0xBE, 0x44, 0xBE, 0x44, 0xBE, 0x44, 0xBE, 0x44, 0xBE, 0x44, 0xBE, 0x44, 0xBE,
    0x44, 0xBE, 0x44, 0xBE, 0x44, 0xBE, 0x44, 0xBE, 0x44, 0xBE, 0x44, 0xBE, 0x44, 0xBE, 0x44, 0xBE, 0x44, 0xBE, 0x44,
    0xBE, 0x44, 0xBE, 0x44, 0xBE, 0x44, 0xBE, 0x44, 0xBE, 0x44, 0xBE, 0x44, 0xBE, 0x44, 0xBE, 0x44, 0xBE, 0x44, 0xBE,
    0x44, 0xBE, 0x44, 0xBE, 0x44, 0xBE, 0x44, 0xBE, 0x44, 0xBE, 0x44, 0xBE, 0x44, 0xBE, 0x44, 0xBE, 0x44, 0xBE, 0x44,
    0xBE, 0x44, 0xBE, 0x44, 0xBE, 0x44, 0xBE, 0x44, 0xBE, 0x44, 0xBE, 0x44, 0xBE, 0x44, 0xBE, 0x44, 0xBE, 0x44, 0xBE,
    0x44, 0xDE, 0x4C, 0x9D, 0x44, 0xED, 0x19, 0x8B, 0x11, 0x8A, 0x11, 0x49, 0x11, 0x29, 0x11, 0x28, 0x09, 0x07, 0x09,
    0xE6, 0x08, 0xC5, 0x08, 0xA5, 0x08, 0xA4, 0x08, 0x83, 0x00, 0x63, 0x00, 0x62, 0x00, 0x42, 0x00, 0x42, 0x00, 0x21,
    0x00, 0x21, 0x00, 0x21, 0x00, 0x20, 0x00, 0x00, 0x00, 0x00, 0x00, 0x00, 0x00, 0x00, 0x00, 0x00, 0x00, 0x00, 0x00,
    0x00, 0x00, 0x00, 0x00, 0x20, 0x00, 0x21, 0x00, 0x21, 0x00, 0x21, 0x00, 0x42, 0x00, 0x42, 0x00, 0x62, 0x00, 0x63,
    0x00, 0x84, 0x00, 0xA4, 0x08, 0xA5, 0x08, 0xC5, 0x08, 0xE6, 0x08, 0x07, 0x09, 0x28, 0x09, 0x29, 0x11, 0x4A, 0x11,
    0x8A, 0x11, 0x8B, 0x11, 0xED, 0x19, 0x9D, 0x44, 0xDE, 0x4C, 0xBE, 0x44, 0xBE, 0x44, 0xBE, 0x44, 0xBE, 0x44, 0xBE,
    0x44, 0xBE, 0x44, 0xBE, 0x44, 0xBE, 0x44, 0xBE, 0x44, 0xBE, 0x44, 0xBE, 0x44, 0xBE, 0x44, 0xBE, 0x44, 0xBE, 0x44,
    0xBE, 0x44, 0xBE, 0x44, 0xBE, 0x44, 0xBE, 0x44, 0xBE, 0x44, 0xBE, 0x44, 0xBE, 0x44, 0xBE, 0x44, 0xBE, 0x44, 0xBE,
    0x44, 0xBE, 0x44, 0xBE, 0x44, 0xBE, 0x44, 0xBE, 0x44, 0xBE, 0x44, 0xBE, 0x44, 0xBE, 0x44, 0xBE, 0x44, 0xBE, 0x44,
    0xBE, 0x44, 0xBE, 0x44, 0xBE, 0x44, 0xBE, 0x44, 0xBE, 0x44, 0xBE, 0x4C, 0xDE, 0x4C, 0xDE, 0x4C, 0xDE, 0x4C, 0xBE,
    0x4C, 0xBE, 0x4C, 0xBE, 0x44, 0xBE, 0x44, 0xBE, 0x44, 0xBE, 0x44, 0xBE, 0x44, 0xBE, 0x44, 0xBE, 0x44, 0xBE, 0x44,
    0xBE, 0x44, 0xBE, 0x44, 0xBE, 0x44, 0xBE, 0x44, 0xBE, 0x44, 0xBE, 0x44, 0xBE, 0x44, 0xBE, 0x44, 0xBE, 0x44, 0xBE,
    0x44, 0xBE, 0x44, 0xBE, 0x44, 0xBE, 0x44, 0xBE, 0x44, 0xBE, 0x44, 0xBE, 0x44, 0xBE, 0x44, 0xBE, 0x44, 0xBE, 0x44,
    0xBE, 0x44, 0xBE, 0x44, 0xBE, 0x44, 0xBE, 0x44, 0xBE, 0x44, 0xBE, 0x44, 0xBE, 0x44, 0xBE, 0x44, 0xBE, 0x44, 0xBE,
    0x44, 0xBE, 0x44, 0xBE, 0x44, 0xBE, 0x44, 0xBE, 0x44, 0xBE, 0x44, 0xBE, 0x44, 0xBE, 0x44, 0xBE, 0x44, 0xBE, 0x44,
    0xBE, 0x44, 0xBE, 0x44, 0xBE, 0x44, 0xBE, 0x44, 0xBE, 0x44, 0xBE, 0x44, 0xBE, 0x44, 0xBE, 0x44, 0xBE, 0x44, 0xBE,
    0x44, 0xBE, 0x44, 0xBE, 0x44, 0xBE, 0x44, 0xBE, 0x44, 0xBE, 0x44, 0xBE, 0x44, 0xBE, 0x44, 0xBE, 0x44, 0xBE, 0x44,
    0xBE, 0x44, 0xBE, 0x44, 0xBE, 0x44, 0xBE, 0x44, 0xBE, 0x44, 0xBE, 0x44, 0xBE, 0x44, 0xBE, 0x44, 0xBE, 0x44, 0xBE,
    0x44, 0xBE, 0x44, 0xBE, 0x44, 0xBE, 0x44, 0xBE, 0x44, 0xBE, 0x44, 0xBE, 0x44, 0xBE, 0x44, 0xBE, 0x44, 0xBE, 0x44,
    0xBE, 0x44, 0xBE, 0x44, 0xBE, 0x44, 0xBE, 0x44, 0xBE, 0x44, 0xBE, 0x44, 0xBE, 0x44, 0xBE, 0x44, 0xBE, 0x44, 0xBE,
    0x44, 0xBE, 0x44, 0xBE, 0x44, 0xBE, 0x44, 0xBE, 0x44, 0xBE, 0x44, 0xBE, 0x44, 0xBE, 0x44, 0xBE, 0x44, 0xBE, 0x44,
    0xBE, 0x44, 0xDE, 0x4C, 0x9D, 0x44, 0xED, 0x19, 0x8B, 0x11, 0x8A, 0x11, 0x4A, 0x11, 0x29, 0x11, 0x28, 0x09, 0x07,
    0x09, 0xE6, 0x08, 0xC5, 0x08, 0xA5, 0x08, 0xA4, 0x08, 0x84, 0x00, 0x63, 0x00, 0x62, 0x00, 0x42, 0x00, 0x42, 0x00,
    0x21, 0x00, 0x21, 0x00, 0x21, 0x00, 0x20, 0x00, 0x00, 0x00, 0x00, 0x00, 0x00, 0x00, 0x00, 0x00, 0x00, 0x00, 0x00,
    0x00, 0x00, 0x00, 0x00, 0x00, 0x20, 0x00, 0x21, 0x00, 0x21, 0x00, 0x41, 0x00, 0x42, 0x00, 0x42, 0x00, 0x63, 0x00,
    0x63, 0x00, 0x84, 0x00, 0xA4, 0x08, 0xA5, 0x08, 0xC6, 0x08, 0xE6, 0x08, 0x07, 0x09, 0x28, 0x09, 0x49, 0x11, 0x4A,
    0x11, 0x8B, 0x11, 0x8B, 0x11, 0xED, 0x19, 0x9D, 0x44, 0xDE, 0x4C, 0xBE, 0x44, 0xBE, 0x44, 0xBE, 0x44, 0xBE, 0x44,
    0xBE, 0x44, 0xBE, 0x44, 0xBE, 0x44, 0xBE, 0x44, 0xBE, 0x44, 0xBE, 0x44, 0xBE, 0x44, 0xBE, 0x44, 0xBE, 0x44, 0xBE,
    0x44, 0xBE, 0x44, 0xBE, 0x44, 0xBE, 0x44, 0xBE, 0x44, 0xBE, 0x44, 0xBE, 0x44, 0xBE, 0x44, 0xBE, 0x44, 0xBE, 0x44,
    0xBE, 0x44, 0xBE, 0x44, 0xBE, 0x44, 0xBE, 0x44, 0xBE, 0x44, 0xBE, 0x44, 0xBE, 0x44, 0xBE, 0x44, 0xBE, 0x44, 0xBE,
    0x44, 0xBE, 0x44, 0xBE, 0x44, 0xBE, 0x44, 0xBE, 0x4C, 0xBE, 0x44, 0x9E, 0x3C, 0x7E, 0x3C, 0x7E, 0x3C, 0x7E, 0x3C,
    0x9E, 0x3C, 0xBE, 0x44, 0xBE, 0x4C, 0xBE, 0x44, 0xBE, 0x44, 0xBE, 0x44, 0xBE, 0x44, 0xBE, 0x44, 0xBE, 0x44, 0xBE,
    0x44, 0xBE, 0x44, 0xBE, 0x44, 0xBE, 0x44, 0xBE, 0x44, 0xBE, 0x44, 0xBE, 0x44, 0xBE, 0x44, 0xBE, 0x44, 0xBE, 0x44,
    0xBE, 0x44, 0xBE, 0x44, 0xBE, 0x44, 0xBE, 0x44, 0xBE, 0x44, 0xBE, 0x44, 0xBE, 0x44, 0xBE, 0x44, 0xBE, 0x44, 0xBE,
    0x44, 0xBE, 0x44, 0xBE, 0x44, 0xBE, 0x44, 0xBE, 0x44, 0xBE, 0x44, 0xBE, 0x44, 0xBE, 0x44, 0xBE, 0x44, 0xBE, 0x44,
    0xBE, 0x44, 0xBE, 0x44, 0xBE, 0x44, 0xBE, 0x44, 0xBE, 0x44, 0xBE, 0x44, 0xBE, 0x44, 0xBE, 0x44, 0xBE, 0x44, 0xBE,
    0x44, 0xBE, 0x44, 0xBE, 0x44, 0xBE, 0x44, 0xBE, 0x44, 0xBE, 0x44, 0xBE, 0x44, 0xBE, 0x44, 0xBE, 0x44, 0xBE, 0x44,
    0xBE, 0x44, 0xBE, 0x44, 0xBE, 0x44, 0xBE, 0x44, 0xBE, 0x44, 0xBE, 0x44, 0xBE, 0x44, 0xBE, 0x44, 0xBE, 0x44, 0xBE,
    0x44, 0xBE, 0x44, 0xBE, 0x44, 0xBE, 0x44, 0xBE, 0x44, 0xBE, 0x44, 0xBE, 0x44, 0xBE, 0x44, 0xBE, 0x44, 0xBE, 0x44,
    0xBE, 0x44, 0xBE, 0x44, 0xBE, 0x44, 0xBE, 0x44, 0xBE, 0x44, 0xBE, 0x44, 0xBE, 0x44, 0xBE, 0x44, 0xBE, 0x44, 0xBE,
    0x44, 0xBE, 0x44, 0xBE, 0x44, 0xBE, 0x44, 0xBE, 0x44, 0xBE, 0x44, 0xBE, 0x44, 0xBE, 0x44, 0xBE, 0x44, 0xBE, 0x44,
    0xBE, 0x44, 0xBE, 0x44, 0xBE, 0x44, 0xBE, 0x44, 0xBE, 0x44, 0xBE, 0x44, 0xBE, 0x44, 0xBE, 0x44, 0xBE, 0x44, 0xBE,
    0x44, 0xBE, 0x44, 0xDE, 0x4C, 0x9D, 0x44, 0xED, 0x19, 0x8B, 0x11, 0x8B, 0x11, 0x4A, 0x11, 0x49, 0x11, 0x28, 0x09,
    0x07, 0x09, 0xE6, 0x08, 0xC6, 0x08, 0xA5, 0x08, 0xA4, 0x08, 0x84, 0x00, 0x63, 0x00, 0x63, 0x00, 0x42, 0x00, 0x42,
    0x00, 0x41, 0x00, 0x21, 0x00, 0x21, 0x00, 0x20, 0x00, 0x00, 0x00, 0x00, 0x00, 0x00, 0x00, 0x00, 0x00, 0x00, 0x00,
    0x00, 0x00, 0x00, 0x00, 0x00, 0x00, 0x20, 0x00, 0x21, 0x00, 0x21, 0x00, 0x41, 0x00, 0x42, 0x00, 0x42, 0x00, 0x63,
    0x00, 0x63, 0x00, 0x84, 0x00, 0xA4, 0x08, 0xA5, 0x08, 0xC6, 0x08, 0xE6, 0x08, 0x07, 0x09, 0x28, 0x09, 0x49, 0x11,
    0x6A, 0x11, 0x8B, 0x11, 0x8B, 0x11, 0xED, 0x19, 0x7D, 0x44, 0xBE, 0x44, 0xBE, 0x44, 0xBE, 0x44, 0xBE, 0x44, 0xBE,
    0x44, 0xBE, 0x44, 0xBE, 0x44, 0xBE, 0x44, 0xBE, 0x44, 0xBE, 0x44, 0xBE, 0x44, 0xBE, 0x44, 0xBE, 0x44, 0xBE, 0x44,
    0xBE, 0x44, 0xBE, 0x44, 0xBE, 0x44, 0xBE, 0x44, 0xBE, 0x44, 0xBE, 0x44, 0xBE, 0x44, 0xBE, 0x44, 0xBE, 0x44, 0xBE,
    0x44, 0xBE, 0x44, 0xBE, 0x44, 0xBE, 0x44, 0xBE, 0x44, 0xBE, 0x44, 0xBE, 0x44, 0xBE, 0x44, 0xBE, 0x44, 0xBE, 0x44,
    0xBE, 0x44, 0xBE, 0x44, 0xBE, 0x44, 0xBE, 0x4C, 0x7E, 0x3C, 0xBE, 0x44, 0x5E, 0x6D, 0x1E, 0x96, 0x5F, 0xA6, 0x5F,
    0x9E, 0x9E, 0x75, 0xDE, 0x4C, 0x7E, 0x3C, 0xBE, 0x44, 0xBE, 0x44, 0xBE, 0x44, 0xBE, 0x44, 0xBE, 0x44, 0xBE, 0x44,
    0xBE, 0x44, 0xBE, 0x44, 0xBE, 0x44, 0xBE, 0x44, 0xBE, 0x44, 0xBE, 0x44, 0xBE, 0x44, 0xBE, 0x44, 0xBE, 0x44, 0xBE,
    0x44, 0xBE, 0x44, 0xBE, 0x44, 0xBE, 0x44, 0xBE, 0x44, 0xBE, 0x44, 0xBE, 0x44, 0xBE, 0x44, 0xBE, 0x44, 0xBE, 0x44,
    0xBE, 0x44, 0xBE, 0x44, 0xBE, 0x44, 0xBE, 0x44, 0xBE, 0x44, 0xBE, 0x44, 0xBE, 0x44, 0xBE, 0x44, 0xBE, 0x44, 0xBE,
    0x44, 0xBE, 0x44, 0xBE, 0x44, 0xBE, 0x44, 0xBE, 0x44, 0xBE, 0x44, 0xBE, 0x44, 0xBE, 0x44, 0xBE, 0x44, 0xBE, 0x44,
    0xBE, 0x44, 0xBE, 0x44, 0xBE, 0x44, 0xBE, 0x44, 0xBE, 0x44, 0xBE, 0x44, 0xBE, 0x44, 0xBE, 0x44, 0xBE, 0x44, 0xBE,
    0x44, 0xBE, 0x44, 0xBE, 0x44, 0xBE, 0x44, 0xBE, 0x44, 0xBE, 0x44, 0xBE, 0x44, 0xBE, 0x44, 0xBE, 0x44, 0xBE, 0x44,
    0xBE, 0x44, 0xBE, 0x44, 0xBE, 0x44, 0xBE, 0x44, 0xBE, 0x44, 0xBE, 0x44, 0xBE, 0x44, 0xBE, 0x44, 0xBE, 0x44, 0xBE,
    0x44, 0xBE, 0x44, 0xBE, 0x44, 0xBE, 0x44, 0xBE, 0x44, 0xBE, 0x44, 0xBE, 0x44, 0xBE, 0x44, 0xBE, 0x44, 0xBE, 0x44,
    0xBE, 0x44, 0xBE, 0x44, 0xBE, 0x44, 0xBE, 0x44, 0xBE, 0x44, 0xBE, 0x44, 0xBE, 0x44, 0xBE, 0x44, 0xBE, 0x44, 0xBE,
    0x44, 0xBE, 0x44, 0xBE, 0x44, 0xBE, 0x44, 0xBE, 0x44, 0xBE, 0x44, 0xBE, 0x44, 0xBE, 0x44, 0xBE, 0x44, 0xBE, 0x44,
    0xBE, 0x44, 0xBE, 0x44, 0xBE, 0x44, 0x7D, 0x44, 0xED, 0x19, 0x8B, 0x11, 0x8B, 0x11, 0x6A, 0x11, 0x49, 0x11, 0x28,
    0x09, 0x07, 0x09, 0xE6, 0x08, 0xC6, 0x08, 0xA5, 0x08, 0xA4, 0x08, 0x84, 0x00, 0x63, 0x00, 0x63, 0x00, 0x42, 0x00,
    0x42, 0x00, 0x41, 0x00, 0x21, 0x00, 0x21, 0x00, 0x20, 0x00, 0x00, 0x00, 0x00, 0x00, 0x00, 0x00, 0x00, 0x00, 0x00,
    0x00, 0x00, 0x00, 0x00, 0x00, 0x00, 0x00, 0x21, 0x00, 0x21, 0x00, 0x21, 0x00, 0x41, 0x00, 0x42, 0x00, 0x42, 0x00,
    0x63, 0x00, 0x63, 0x00, 0x84, 0x00, 0xA4, 0x08, 0xA5, 0x08, 0xC6, 0x08, 0xE6, 0x08, 0x07, 0x09, 0x28, 0x11, 0x49,
    0x11, 0x6A, 0x11, 0x8B, 0x11, 0x8B, 0x11, 0xED, 0x19, 0x7D, 0x44, 0xBE, 0x44, 0xBE, 0x44, 0xBE, 0x44, 0xBE, 0x44,
    0xBE, 0x44, 0xBE, 0x44, 0xBE, 0x44, 0xBE, 0x44, 0xBE, 0x44, 0xBE, 0x44, 0xBE, 0x44, 0xBE, 0x44, 0xBE, 0x44, 0xBE,
    0x44, 0xBE, 0x44, 0xBE, 0x44, 0xBE, 0x44, 0xBE, 0x44, 0xBE, 0x44, 0xBE, 0x44, 0xBE, 0x44, 0xBE, 0x44, 0xBE, 0x44,
    0xBE, 0x44, 0xBE, 0x44, 0xBE, 0x44, 0xBE, 0x44, 0xBE, 0x44, 0xBE, 0x44, 0xBE, 0x44, 0xBE, 0x44, 0xBE, 0x44, 0xBE,
    0x44, 0xBE, 0x44, 0xBE, 0x44, 0xBE, 0x44, 0x7E, 0x3C, 0xBE, 0x85, 0x7F, 0xDF, 0xFF, 0xFF, 0xFF, 0xFF, 0xFF, 0xFF,
    0xFF, 0xFF, 0xFF, 0xFF, 0xBF, 0xEF, 0x3F, 0x9E, 0x9E, 0x44, 0x9E, 0x44, 0xBE, 0x4C, 0xBE, 0x44, 0xBE, 0x44, 0xBE,
    0x44, 0xBE, 0x44, 0xBE, 0x44, 0xBE, 0x44, 0xBE, 0x44, 0xBE, 0x44, 0xBE, 0x44, 0xBE, 0x44, 0xBE, 0x44, 0xBE, 0x44,
    0xBE, 0x44, 0xBE, 0x44, 0xBE, 0x44, 0xBE, 0x44, 0xBE, 0x44, 0xBE, 0x44, 0xBE, 0x44, 0xBE, 0x44, 0xBE, 0x44, 0xBE,
    0x44, 0xBE, 0x44, 0xBE, 0x44, 0xBE, 0x44, 0xBE, 0x44, 0xBE, 0x44, 0xBE, 0x44, 0xBE, 0x44, 0xBE, 0x44, 0xBE, 0x44,
    0xBE, 0x44, 0xBE, 0x44, 0xBE, 0x44, 0xBE, 0x44, 0xBE, 0x44, 0xBE, 0x44, 0xBE, 0x44, 0xBE, 0x44, 0xBE, 0x44, 0xBE,
    0x44, 0xBE, 0x44, 0xBE, 0x44, 0xBE, 0x44, 0xBE, 0x44, 0xBE, 0x44, 0xBE, 0x44, 0xBE, 0x44, 0xBE, 0x44, 0xBE, 0x44,
    0xBE, 0x44, 0xBE, 0x44, 0xBE, 0x44, 0xBE, 0x44, 0xBE, 0x44, 0xBE, 0x44, 0xBE, 0x44, 0xBE, 0x44, 0xBE, 0x44, 0xBE,
    0x44, 0xBE, 0x44, 0xBE, 0x44, 0xBE, 0x44, 0xBE, 0x44, 0xBE, 0x44, 0xBE, 0x44, 0xBE, 0x44, 0xBE, 0x44, 0xBE, 0x44,
    0xBE, 0x44, 0xBE, 0x44, 0xBE, 0x44, 0xBE, 0x44, 0xBE, 0x44, 0xBE, 0x44, 0xBE, 0x44, 0xBE, 0x44, 0xBE, 0x44, 0xBE,
    0x44, 0xBE, 0x44, 0xBE, 0x44, 0xBE, 0x44, 0xBE, 0x44, 0xBE, 0x44, 0xBE, 0x44, 0xBE, 0x44, 0xBE, 0x44, 0xBE, 0x44,
    0xBE, 0x44, 0xBE, 0x44, 0xBE, 0x44, 0xBE, 0x44, 0xBE, 0x44, 0xBE, 0x44, 0xBE, 0x44, 0xBE, 0x44, 0xBE, 0x44, 0xBE,
    0x44, 0xBE, 0x44, 0xBE, 0x44, 0xBE, 0x44, 0x7D, 0x44, 0xED, 0x19, 0x8B, 0x11, 0x8B, 0x11, 0x6A, 0x11, 0x49, 0x11,
    0x28, 0x11, 0x07, 0x09, 0xE6, 0x08, 0xC6, 0x08, 0xA5, 0x08, 0xA4, 0x08, 0x84, 0x00, 0x63, 0x00, 0x63, 0x00, 0x42,
    0x00, 0x42, 0x00, 0x41, 0x00, 0x21, 0x00, 0x21, 0x00, 0x21, 0x00, 0x00, 0x00, 0x00, 0x00, 0x00, 0x00, 0x00, 0x00,
    0x00, 0x00, 0x00, 0x00, 0x00, 0x00, 0x00, 0x00, 0x21, 0x00, 0x21, 0x00, 0x21, 0x00, 0x41, 0x00, 0x42, 0x00, 0x42,
    0x00, 0x63, 0x00, 0x83, 0x00, 0x84, 0x00, 0xA4, 0x08, 0xA5, 0x08, 0xC6, 0x08, 0xE6, 0x08, 0x07, 0x09, 0x28, 0x11,
    0x49, 0x11, 0x6A, 0x11, 0x8B, 0x11, 0x8B, 0x11, 0xED, 0x19, 0x7C, 0x44, 0xBE, 0x44, 0xBD, 0x44, 0xBE, 0x44, 0xBE,
    0x44, 0xBE, 0x44, 0xBE, 0x44, 0xBE, 0x44, 0xBE, 0x44, 0xBE, 0x44, 0xBE, 0x44, 0xBE, 0x44, 0xBE, 0x44, 0xBE, 0x44,
    0xBE, 0x44, 0xBE, 0x44, 0xBE, 0x44, 0xBE, 0x44, 0xBE, 0x44, 0xBE, 0x44, 0xBE, 0x44, 0xBE, 0x44, 0xBE, 0x44, 0xBE,
    0x44, 0xBE, 0x44, 0xBE, 0x44, 0xBE, 0x44, 0xBE, 0x44, 0xBE, 0x44, 0xBE, 0x44, 0xBE, 0x44, 0xBE, 0x44, 0xBE, 0x44,
    0xBE, 0x44, 0xBE, 0x44, 0xBE, 0x44, 0x9E, 0x44, 0x7F, 0xAE, 0xFF, 0xFF, 0xFF, 0xFF, 0xFF, 0xFF, 0xFF, 0xFF, 0xFF,
    0xFF, 0xFF, 0xFF, 0xFF, 0xFF, 0xFF, 0xFF, 0xFF, 0xFF, 0x1F, 0xCF, 0xDE, 0x54, 0x9E, 0x44, 0xBE, 0x44, 0xBE, 0x44,
    0xBE, 0x44, 0xBE, 0x44, 0xBE, 0x44, 0xBE, 0x44, 0xBE, 0x44, 0xBE, 0x44, 0xBE, 0x44, 0xBE, 0x44, 0xBE, 0x44, 0xBE,
    0x44, 0xBE, 0x44, 0xBE, 0x44, 0xBE, 0x44, 0xBE, 0x44, 0xBE, 0x44, 0xBE, 0x44, 0xBE, 0x44, 0xBE, 0x44, 0xBE, 0x44,
    0xBE, 0x44, 0xBE, 0x44, 0xBE, 0x44, 0xBE, 0x44, 0xBE, 0x44, 0xBE, 0x44, 0xBE, 0x44, 0xBE, 0x44, 0xBE, 0x44, 0xBE,
    0x44, 0xBE, 0x44, 0xBE, 0x44, 0xBE, 0x44, 0xBE, 0x44, 0xBE, 0x44, 0xBE, 0x44, 0xBE, 0x44, 0xBE, 0x44, 0xBE, 0x44,
    0xBE, 0x44, 0xBE, 0x44, 0xBE, 0x44, 0xBE, 0x44, 0xBE, 0x44, 0xBE, 0x44, 0xBE, 0x44, 0xBE, 0x44, 0xBE, 0x44, 0xBE,
    0x44, 0xBE, 0x44, 0xBE, 0x44, 0xBE, 0x44, 0xBE, 0x44, 0xBE, 0x44, 0xBE, 0x44, 0xBE, 0x44, 0xBE, 0x44, 0xBE, 0x44,
    0xBE, 0x44, 0xBE, 0x44, 0xBE, 0x44, 0xBE, 0x44, 0xBE, 0x44, 0xBE, 0x44, 0xBE, 0x44, 0xBE, 0x44, 0xBE, 0x44, 0xBE,
    0x44, 0xBE, 0x44, 0xBE, 0x44, 0xBE, 0x44, 0xBE, 0x44, 0xBE, 0x44, 0xBE, 0x44, 0xBE, 0x44, 0xBE, 0x44, 0xBE, 0x44,
    0xBE, 0x44, 0xBE, 0x44, 0xBE, 0x44, 0xBE, 0x44, 0xBE, 0x44, 0xBE, 0x44, 0xBE, 0x44, 0xBE, 0x44, 0xBE, 0x44, 0xBE,
    0x44, 0xBE, 0x44, 0xBE, 0x44, 0xBE, 0x44, 0xBE, 0x44, 0xBE, 0x44, 0xBE, 0x44, 0xBE, 0x44, 0xBE, 0x44, 0xBE, 0x44,
    0xBE, 0x44, 0xBE, 0x44, 0xBD, 0x44, 0xBE, 0x44, 0x7C, 0x44, 0xED, 0x19, 0x8B, 0x11, 0x8B, 0x11, 0x6A, 0x11, 0x49,
    0x11, 0x28, 0x11, 0x07, 0x09, 0xE6, 0x08, 0xC6, 0x08, 0xA5, 0x08, 0xA4, 0x08, 0x84, 0x00, 0x83, 0x00, 0x63, 0x00,
    0x42, 0x00, 0x42, 0x00, 0x41, 0x00, 0x21, 0x00, 0x21, 0x00, 0x21, 0x00, 0x00, 0x00, 0x00, 0x00, 0x00, 0x00, 0x00,
    0x00, 0x00, 0x00, 0x00, 0x00, 0x00, 0x00, 0x00, 0x00, 0x21, 0x00, 0x21, 0x00, 0x21, 0x00, 0x41, 0x00, 0x42, 0x00,
    0x42, 0x00, 0x63, 0x00, 0x83, 0x00, 0x84, 0x00, 0xA4, 0x08, 0xA5, 0x08, 0xC6, 0x08, 0xE6, 0x08, 0x07, 0x09, 0x28,
    0x11, 0x49, 0x11, 0x6A, 0x11, 0x8B, 0x11, 0x8B, 0x11, 0xEE, 0x19, 0x7D, 0x44, 0xBE, 0x44, 0x9D, 0x44, 0x9E, 0x44,
    0x9E, 0x44, 0x9E, 0x44, 0x9E, 0x44, 0x9E, 0x44, 0x9E, 0x44, 0x9E, 0x44, 0x9E, 0x44, 0x9E, 0x44, 0x9E, 0x44, 0x9E,
    0x44, 0x9E, 0x44, 0x9E, 0x44, 0x9E, 0x44, 0x9E, 0x44, 0x9E, 0x44, 0x9E, 0x44, 0x9E, 0x44, 0x9E, 0x44, 0x9E, 0x44,
    0x9E, 0x44, 0x9E, 0x44, 0x9E, 0x44, 0x9E, 0x44, 0x9E, 0x44, 0x9E, 0x44, 0x9E, 0x44, 0x9E, 0x44, 0x9E, 0x44, 0x9E,
    0x44, 0x9E, 0x44, 0xBE, 0x4C, 0x5D, 0x3C, 0x5F, 0xA6, 0xFF, 0xFF, 0xFF, 0xFF, 0xFF, 0xFF, 0xFF, 0xFF, 0xFF, 0xFF,
    0xFF, 0xFF, 0xFF, 0xFF, 0xFF, 0xFF, 0xFF, 0xFF, 0xFF, 0xFF, 0xFF, 0xFF, 0x1F, 0xCF, 0x7D, 0x3C, 0xBE, 0x44, 0x9E,
    0x44, 0x9E, 0x44, 0x9E, 0x44, 0x9E, 0x44, 0x9E, 0x44, 0x9E, 0x44, 0x9E, 0x44, 0x9E, 0x44, 0x9E, 0x44, 0x9E, 0x44,
    0x9E, 0x44, 0x9E, 0x44, 0x9E, 0x44, 0x9E, 0x44, 0x9E, 0x44, 0x9E, 0x44, 0x9E, 0x44, 0x9E, 0x44, 0x9E, 0x44, 0x9E,
    0x44, 0x9E, 0x44, 0x9E, 0x44, 0x9E, 0x44, 0x9E, 0x44, 0x9E, 0x44, 0x9E, 0x44, 0x9E, 0x44, 0x9E, 0x44, 0x9E, 0x44,
    0x9E, 0x44, 0x9E, 0x44, 0x9E, 0x44, 0x9E, 0x44, 0x9E, 0x44, 0x9E, 0x44, 0x9E, 0x44, 0x9E, 0x44, 0x9E, 0x44, 0x9E,
    0x44, 0x9E, 0x44, 0x9E, 0x44, 0x9E, 0x44, 0x9E, 0x44, 0x9E, 0x44, 0x9E, 0x44, 0x9E, 0x44, 0x9E, 0x44, 0x9E, 0x44,
    0x9E, 0x44, 0x9E, 0x44, 0x9E, 0x44, 0x9E, 0x44, 0x9E, 0x44, 0x9E, 0x44, 0x9E, 0x44, 0x9E, 0x44, 0x9E, 0x44, 0x9E,
    0x44, 0x9E, 0x44, 0x9E, 0x44, 0x9E, 0x44, 0x9E, 0x44, 0x9E, 0x44, 0x9E, 0x44, 0x9E, 0x44, 0x9E, 0x44, 0x9E, 0x44,
    0x9E, 0x44, 0x9E, 0x44, 0x9E, 0x44, 0x9E, 0x44, 0x9E, 0x44, 0x9E, 0x44, 0x9E, 0x44, 0x9E, 0x44, 0x9E, 0x44, 0x9E,
    0x44, 0x9E, 0x44, 0x9E, 0x44, 0x9E, 0x44, 0x9E, 0x44, 0x9E, 0x44, 0x9E, 0x44, 0x9E, 0x44, 0x9E, 0x44, 0x9E, 0x44,
    0x9E, 0x44, 0x9E, 0x44, 0x9E, 0x44, 0x9E, 0x44, 0x9E, 0x44, 0x9E, 0x44, 0x9E, 0x44, 0x9E, 0x44, 0x9E, 0x44, 0x9E,
    0x44, 0x9E, 0x44, 0x9E, 0x44, 0x9D, 0x44, 0xBE, 0x44, 0x7D, 0x44, 0xEE, 0x19, 0x8B, 0x11, 0x8B, 0x11, 0x6A, 0x11,
    0x49, 0x11, 0x28, 0x11, 0x07, 0x09, 0xE6, 0x08, 0xC6, 0x08, 0xA5, 0x08, 0xA4, 0x08, 0x84, 0x00, 0x83, 0x00, 0x63,
    0x00, 0x42, 0x00, 0x42, 0x00, 0x41, 0x00, 0x21, 0x00, 0x21, 0x00, 0x21, 0x00, 0x00, 0x00, 0x00, 0x00, 0x00, 0x00,
    0x00, 0x00, 0x00, 0x00, 0x00, 0x00, 0x00, 0x00, 0x00, 0x00, 0x21, 0x00, 0x21, 0x00, 0x21, 0x00, 0x41, 0x00, 0x42,
    0x00, 0x42, 0x00, 0x63, 0x00, 0x83, 0x00, 0x84, 0x00, 0xA4, 0x08, 0xC5, 0x08, 0xC6, 0x08, 0xE6, 0x08, 0x07, 0x09,
    0x28, 0x11, 0x49, 0x11, 0x6A, 0x11, 0x8B, 0x11, 0x8B, 0x11, 0xEE, 0x19, 0x7D, 0x44, 0xBE, 0x44, 0x9D, 0x44, 0x9E,
    0x44, 0x9E, 0x44, 0x9E, 0x44, 0x9E, 0x44, 0x9E, 0x44, 0x9E, 0x44, 0x9E, 0x44, 0x9E, 0x44, 0x9E, 0x44, 0x9E, 0x44,
    0x9E, 0x44, 0x9E, 0x44, 0x9E, 0x44, 0x9E, 0x44, 0x9E, 0x44, 0x9E, 0x44, 0x9E, 0x44, 0x9E, 0x44, 0x9E, 0x44, 0x9E,
    0x44, 0x9E, 0x44, 0x9E, 0x44, 0x9E, 0x44, 0x9E, 0x44, 0x9E, 0x44, 0x9E, 0x44, 0x9E, 0x44, 0x9E, 0x44, 0x9E, 0x44,
    0x9E, 0x44, 0xBE, 0x44, 0x7D, 0x3C, 0x7E, 0x75, 0xFF, 0xFF, 0xFF, 0xFF, 0xFF, 0xFF, 0xFF, 0xFF, 0xFF, 0xFF, 0xFF,
    0xFF, 0xFF, 0xFF, 0xFF, 0xFF, 0xFF, 0xFF, 0xFF, 0xFF, 0xFF, 0xFF, 0xFF, 0xFF, 0xFF, 0xFF, 0x3F, 0x9E, 0x7D, 0x3C,
    0xBE, 0x4C, 0x9E, 0x44, 0x9E, 0x44, 0x9E, 0x44, 0x9E, 0x44, 0x9E, 0x44, 0x9E, 0x44, 0x9E, 0x44, 0x9E, 0x44, 0x9E,
    0x44, 0x9E, 0x44, 0x9E, 0x44, 0x9E, 0x44, 0x9E, 0x44, 0x9E, 0x44, 0x9E, 0x44, 0x9E, 0x44, 0x9E, 0x44, 0x9E, 0x44,
    0x9E, 0x44, 0x9E, 0x44, 0x9E, 0x44, 0x9E, 0x44, 0x9E, 0x44, 0x9E, 0x44, 0x9E, 0x44, 0x9E, 0x44, 0x9E, 0x44, 0x9E,
    0x44, 0x9E, 0x44, 0x9E, 0x44, 0x9E, 0x44, 0x9E, 0x44, 0x9E, 0x44, 0x9E, 0x44, 0x9E, 0x44, 0x9E, 0x44, 0x9E, 0x44,
    0x9E, 0x44, 0x9E, 0x44, 0x9E, 0x44, 0x9E, 0x44, 0x9E, 0x44, 0x9E, 0x44, 0x9E, 0x44, 0x9E, 0x44, 0x9E, 0x44, 0x9E,
    0x44, 0x9E, 0x44, 0x9E, 0x44, 0x9E, 0x44, 0x9E, 0x44, 0x9E, 0x44, 0x9E, 0x44, 0x9E, 0x44, 0x9E, 0x44, 0x9E, 0x44,
    0x9E, 0x44, 0x9E, 0x44, 0x9E, 0x44, 0x9E, 0x44, 0x9E, 0x44, 0x9E, 0x44, 0x9E, 0x44, 0x9E, 0x44, 0x9E, 0x44, 0x9E,
    0x44, 0x9E, 0x44, 0x9E, 0x44, 0x9E, 0x44, 0x9E, 0x44, 0x9E, 0x44, 0x9E, 0x44, 0x9E, 0x44, 0x9E, 0x44, 0x9E, 0x44,
    0x9E, 0x44, 0x9E, 0x44, 0x9E, 0x44, 0x9E, 0x44, 0x9E, 0x44, 0x9E, 0x44, 0x9E, 0x44, 0x9E, 0x44, 0x9E, 0x44, 0x9E,
    0x44, 0x9E, 0x44, 0x9E, 0x44, 0x9E, 0x44, 0x9E, 0x44, 0x9E, 0x44, 0x9E, 0x44, 0x9E, 0x44, 0x9E, 0x44, 0x9E, 0x44,
    0x9E, 0x44, 0x9E, 0x44, 0x9E, 0x44, 0x9D, 0x44, 0xBE, 0x44, 0x7D, 0x44, 0xEE, 0x19, 0x8B, 0x11, 0x8B, 0x11, 0x6A,
    0x11, 0x49, 0x11, 0x28, 0x11, 0x07, 0x09, 0xE6, 0x08, 0xC6, 0x08, 0xC5, 0x08, 0xA4, 0x08, 0x84, 0x00, 0x83, 0x00,
    0x63, 0x00, 0x42, 0x00, 0x42, 0x00, 0x41, 0x00, 0x21, 0x00, 0x21, 0x00, 0x21, 0x00, 0x00, 0x00, 0x00, 0x00, 0x00,
    0x00, 0x00, 0x00, 0x00, 0x00, 0x00, 0x00, 0x00, 0x00, 0x00, 0x00, 0x21, 0x00, 0x21, 0x00, 0x21, 0x00, 0x41, 0x00,
    0x42, 0x00, 0x42, 0x00, 0x63, 0x00, 0x83, 0x00, 0x84, 0x00, 0xA4, 0x08, 0xC5, 0x08, 0xC6, 0x08, 0xE6, 0x08, 0x07,
    0x09, 0x28, 0x11, 0x49, 0x11, 0x6A, 0x11, 0x8B, 0x11, 0x8B, 0x11, 0xEE, 0x19, 0x7D, 0x44, 0x9E, 0x44, 0x9D, 0x44,
    0x9E, 0x44, 0x9E, 0x44, 0x9E, 0x44, 0x9E, 0x44, 0x9E, 0x44, 0x9E, 0x44, 0x9E, 0x44, 0x9E, 0x44, 0x9E, 0x44, 0x9E,
    0x44, 0x9E, 0x44, 0x9E, 0x44, 0x9E, 0x44, 0x9E, 0x44, 0x9E, 0x44, 0x9E, 0x44, 0x9E, 0x44, 0x9E, 0x44, 0x9E, 0x44,
    0x9E, 0x44, 0x9E, 0x44, 0x9E, 0x44, 0x9E, 0x44, 0x9E, 0x44, 0x9E, 0x44, 0x9E, 0x44, 0x9E, 0x44, 0x9E, 0x44, 0x9E,
    0x44, 0x9E, 0x44, 0xBE, 0x44, 0x7D, 0x3C, 0x1F, 0xCF, 0xFF, 0xFF, 0xFF, 0xFF, 0xFF, 0xFF, 0xFF, 0xFF, 0xFF, 0xFF,
    0xFF, 0xFF, 0xFF, 0xFF, 0xFF, 0xFF, 0xFF, 0xFF, 0xFF, 0xFF, 0xFF, 0xFF, 0xFF, 0xFF, 0xFF, 0xFF, 0xBF, 0xEF, 0xBE,
    0x4C, 0x9E, 0x44, 0x9E, 0x44, 0x9E, 0x44, 0x9E, 0x44, 0x9E, 0x44, 0x9E, 0x44, 0x9E, 0x44, 0x9E, 0x44, 0x9E, 0x44,
    0x9E, 0x44, 0x9E, 0x44, 0x9E, 0x44, 0x9E, 0x44, 0x9E, 0x44, 0x9E, 0x44, 0x9E, 0x44, 0x9E, 0x44, 0x9E, 0x44, 0x9E,
    0x44, 0x9E, 0x44, 0x9E, 0x44, 0x9E, 0x44, 0x9E, 0x44, 0x9E, 0x44, 0x9E, 0x44, 0x9E, 0x44, 0x9E, 0x44, 0x9E, 0x44,
    0x9E, 0x44, 0x9E, 0x44, 0x9E, 0x44, 0x9E, 0x44, 0x9E, 0x44, 0x9E, 0x44, 0x9E, 0x44, 0x9E, 0x44, 0x9E, 0x44, 0x9E,
    0x44, 0x9E, 0x44, 0x9E, 0x44, 0x9E, 0x44, 0x9E, 0x44, 0x9E, 0x44, 0x9E, 0x44, 0x9E, 0x44, 0x9E, 0x44, 0x9E, 0x44,
    0x9E, 0x44, 0x9E, 0x44, 0x9E, 0x44, 0x9E, 0x44, 0x9E, 0x44, 0x9E, 0x44, 0x9E, 0x44, 0x9E, 0x44, 0x9E, 0x44, 0x9E,
    0x44, 0x9E, 0x44, 0x9E, 0x44, 0x9E, 0x44, 0x9E, 0x44, 0x9E, 0x44, 0x9E, 0x44, 0x9E, 0x44, 0x9E, 0x44, 0x9E, 0x44,
    0x9E, 0x44, 0x9E, 0x44, 0x9E, 0x44, 0x9E, 0x44, 0x9E, 0x44, 0x9E, 0x44, 0x9E, 0x44, 0x9E, 0x44, 0x9E, 0x44, 0x9E,
    0x44, 0x9E, 0x44, 0x9E, 0x44, 0x9E, 0x44, 0x9E, 0x44, 0x9E, 0x44, 0x9E, 0x44, 0x9E, 0x44, 0x9E, 0x44, 0x9E, 0x44,
    0x9E, 0x44, 0x9E, 0x44, 0x9E, 0x44, 0x9E, 0x44, 0x9E, 0x44, 0x9E, 0x44, 0x9E, 0x44, 0x9E, 0x44, 0x9E, 0x44, 0x9E,
    0x44, 0x9E, 0x44, 0x9E, 0x44, 0x9E, 0x44, 0x9D, 0x44, 0x9E, 0x44, 0x7D, 0x44, 0xEE, 0x19, 0x8B, 0x11, 0x8B, 0x11,
    0x6A, 0x11, 0x49, 0x11, 0x28, 0x11, 0x07, 0x09, 0xE6, 0x08, 0xC6, 0x08, 0xC5, 0x08, 0xA4, 0x08, 0x84, 0x00, 0x83,
    0x00, 0x63, 0x00, 0x42, 0x00, 0x42, 0x00, 0x41, 0x00, 0x21, 0x00, 0x21, 0x00, 0x21, 0x00, 0x00, 0x00, 0x00, 0x00,
    0x00, 0x00, 0x00, 0x00, 0x00, 0x00, 0x00, 0x00, 0x00, 0x00, 0x00, 0x00, 0x21, 0x00, 0x21, 0x00, 0x21, 0x00, 0x41,
    0x00, 0x42, 0x00, 0x42, 0x00, 0x63, 0x00, 0x83, 0x00, 0x84, 0x00, 0xA4, 0x08, 0xC5, 0x08, 0xC6, 0x08, 0xE6, 0x08,
    0x07, 0x09, 0x28, 0x11, 0x49, 0x11, 0x6A, 0x11, 0x8B, 0x11, 0x8B, 0x11, 0xEE, 0x19, 0x7C, 0x44, 0x9E, 0x44, 0x9D,
    0x44, 0x9D, 0x44, 0x9D, 0x44, 0x9D, 0x44, 0x9D, 0x44, 0x9D, 0x44, 0x9D, 0x44, 0x9D, 0x44, 0x9D, 0x44, 0x9D, 0x44,
    0x9D, 0x44, 0x9D, 0x44, 0x9D, 0x44, 0x9D, 0x44, 0x9D, 0x44, 0x9D, 0x44, 0x9D, 0x44, 0x9D, 0x44, 0x9D, 0x44, 0x9D,
    0x44, 0x9D, 0x44, 0x9D, 0x44, 0x9D, 0x44, 0x9D, 0x44, 0x9D, 0x44, 0x9D, 0x44, 0x9D, 0x44, 0x9D, 0x44, 0x9D, 0x44,
    0x9D, 0x44, 0x9D, 0x44, 0x9D, 0x44, 0xDE, 0x54, 0xDF, 0xF7, 0xFF, 0xFF, 0xFF, 0xFF, 0xFF, 0xFF, 0xFF, 0xFF, 0xFF,
    0xFF, 0xFF, 0xFF, 0xFF, 0xFF, 0xFF, 0xFF, 0xFF, 0xFF, 0xFF, 0xFF, 0xFF, 0xFF, 0xFF, 0xFF, 0xFF, 0xFF, 0xFF, 0xFF,
    0x7E, 0x75, 0x7D, 0x3C, 0x9D, 0x44, 0x9D, 0x44, 0x9D, 0x44, 0x9D, 0x44, 0x9D, 0x44, 0x9D, 0x44, 0x9D, 0x44, 0x9D,
    0x44, 0x9D, 0x44, 0x9D, 0x44, 0x9D, 0x44, 0x9D, 0x44, 0x9D, 0x44, 0x9D, 0x44, 0x9D, 0x44, 0x9D, 0x44, 0x9D, 0x44,
    0x9D, 0x44, 0x9D, 0x44, 0x9D, 0x44, 0x9D, 0x44, 0x9D, 0x44, 0x9D, 0x44, 0x9D, 0x44, 0x9D, 0x44, 0x9D, 0x44, 0x9D,
    0x44, 0x9D, 0x44, 0x9D, 0x44, 0x9D, 0x44, 0x9D, 0x44, 0x9D, 0x44, 0x9D, 0x44, 0x9D, 0x44, 0x9D, 0x44, 0x9D, 0x44,
    0x9D, 0x44, 0x9D, 0x44, 0x9D, 0x44, 0x9D, 0x44, 0x9D, 0x44, 0x9D, 0x44, 0x9D, 0x44, 0x9D, 0x44, 0x9D, 0x44, 0x9D,
    0x44, 0x9D, 0x44, 0x9D, 0x44, 0x9D, 0x44, 0x9D, 0x44, 0x9D, 0x44, 0x9D, 0x44, 0x9D, 0x44, 0x9D, 0x44, 0x9D, 0x44,
    0x9D, 0x44, 0x9D, 0x44, 0x9D, 0x44, 0x9D, 0x44, 0x9D, 0x44, 0x9D, 0x44, 0x9D, 0x44, 0x9D, 0x44, 0x9D, 0x44, 0x9D,
    0x44, 0x9D, 0x44, 0x9D, 0x44, 0x9D, 0x44, 0x9D, 0x44, 0x9D, 0x44, 0x9D, 0x44, 0x9D, 0x44, 0x9D, 0x44, 0x9D, 0x44,
    0x9D, 0x44, 0x9D, 0x44, 0x9D, 0x44, 0x9D, 0x44, 0x9D, 0x44, 0x9D, 0x44, 0x9D, 0x44, 0x9D, 0x44, 0x9D, 0x44, 0x9D,
    0x44, 0x9D, 0x44, 0x9D, 0x44, 0x9D, 0x44, 0x9D, 0x44, 0x9D, 0x44, 0x9D, 0x44, 0x9D, 0x44, 0x9D, 0x44, 0x9D, 0x44,
    0x9D, 0x44, 0x9D, 0x44, 0x9D, 0x44, 0x9D, 0x44, 0x9D, 0x44, 0x9E, 0x44, 0x7C, 0x44, 0xEE, 0x19, 0x8B, 0x11, 0x8B,
    0x11, 0x6A, 0x11, 0x49, 0x11, 0x28, 0x11, 0x07, 0x09, 0xE6, 0x08, 0xC6, 0x08, 0xC5, 0x08, 0xA4, 0x08, 0x84, 0x00,
    0x83, 0x00, 0x63, 0x00, 0x42, 0x00, 0x42, 0x00, 0x41, 0x00, 0x21, 0x00, 0x21, 0x00, 0x21, 0x00, 0x00, 0x00, 0x00,
    0x00, 0x00, 0x00, 0x00, 0x00, 0x00, 0x00, 0x00, 0x00, 0x00, 0x00, 0x00, 0x00, 0x21, 0x00, 0x21, 0x00, 0x21, 0x00,
    0x41, 0x00, 0x42, 0x00, 0x42, 0x00, 0x63, 0x00, 0x83, 0x00, 0x84, 0x00, 0xA4, 0x08, 0xC5, 0x08, 0xC6, 0x08, 0xE6,
    0x08, 0x07, 0x09, 0x28, 0x11, 0x49, 0x11, 0x6A, 0x11, 0x8B, 0x11, 0x8B, 0x11, 0xEE, 0x19, 0x5C, 0x44, 0x9E, 0x44,
    0x9D, 0x44, 0x9D, 0x44, 0x9D, 0x44, 0x9D, 0x44, 0x9D, 0x44, 0x9D, 0x44, 0x9D, 0x44, 0x9D, 0x44, 0x9D, 0x44, 0x9D,
    0x44, 0x9D, 0x44, 0x9D, 0x44, 0x9D, 0x44, 0x9D, 0x44, 0x9D, 0x44, 0x9D, 0x44, 0x9D, 0x44, 0x9D, 0x44, 0x9D, 0x44,
    0x9D, 0x44, 0x9D, 0x44, 0x9D, 0x44, 0x9D, 0x44, 0x9D, 0x44, 0x9D, 0x44, 0x9D, 0x44, 0x9D, 0x44, 0x9D, 0x44, 0x9D,
    0x44, 0x9D, 0x44, 0x9D, 0x44, 0x5D, 0x3C, 0x7E, 0x75, 0xFF, 0xFF, 0xFF, 0xFF, 0xFF, 0xFF, 0xFF, 0xFF, 0xFF, 0xFF,
    0xFF, 0xFF, 0xFF, 0xFF, 0xFF, 0xFF, 0xFF, 0xFF, 0xFF, 0xFF, 0xFF, 0xFF, 0xFF, 0xFF, 0xFF, 0xFF, 0xFF, 0xFF, 0xFF,
    0xFF, 0x3E, 0x9E, 0x5D, 0x34, 0x9D, 0x44, 0x9D, 0x44, 0x9D, 0x44, 0x9D, 0x44, 0x9D, 0x44, 0x9D, 0x44, 0x9D, 0x44,
    0x9D, 0x44, 0x9D, 0x44, 0x9D, 0x44, 0x9D, 0x44, 0x9D, 0x44, 0x9D, 0x44, 0x9D, 0x44, 0x9D, 0x44, 0x9D, 0x44, 0x9D,
    0x44, 0x9D, 0x44, 0x9D, 0x44, 0x9D, 0x44, 0x9D, 0x44, 0x9D, 0x44, 0x9D, 0x44, 0x9D, 0x44, 0x9D, 0x44, 0x9D, 0x44,
    0x9D, 0x44, 0x9D, 0x44, 0x9D, 0x44, 0x9D, 0x44, 0x9D, 0x44, 0x9D, 0x44, 0x9D, 0x44, 0x9D, 0x44, 0x9D, 0x44, 0x9D,
    0x44, 0x9D, 0x44, 0x9D, 0x44, 0x9D, 0x44, 0x9D, 0x44, 0x9D, 0x44, 0x9D, 0x44, 0x9D, 0x44, 0x9D, 0x44, 0x9D, 0x44,
    0x9D, 0x44, 0x9D, 0x44, 0x9D, 0x44, 0x9D, 0x44, 0x9D, 0x44, 0x9D, 0x44, 0x9D, 0x44, 0x9D, 0x44, 0x9D, 0x44, 0x9D,
    0x44, 0x9D, 0x44, 0x9D, 0x44, 0x9D, 0x44, 0x9D, 0x44, 0x9D, 0x44, 0x9D, 0x44, 0x9D, 0x44, 0x9D, 0x44, 0x9D, 0x44,
    0x9D, 0x44, 0x9D, 0x44, 0x9D, 0x44, 0x9D, 0x44, 0x9D, 0x44, 0x9D, 0x44, 0x9D, 0x44, 0x9D, 0x44, 0x9D, 0x44, 0x9D,
    0x44, 0x9D, 0x44, 0x9D, 0x44, 0x9D, 0x44, 0x9D, 0x44, 0x9D, 0x44, 0x9D, 0x44, 0x9D, 0x44, 0x9D, 0x44, 0x9D, 0x44,
    0x9D, 0x44, 0x9D, 0x44, 0x9D, 0x44, 0x9D, 0x44, 0x9D, 0x44, 0x9D, 0x44, 0x9D, 0x44, 0x9D, 0x44, 0x9D, 0x44, 0x9D,
    0x44, 0x9D, 0x44, 0x9D, 0x44, 0x9D, 0x44, 0x9D, 0x44, 0x9D, 0x44, 0x9E, 0x44, 0x5C, 0x44, 0xEE, 0x19, 0x8B, 0x11,
    0x8B, 0x11, 0x6A, 0x11, 0x49, 0x11, 0x28, 0x11, 0x07, 0x09, 0xE6, 0x08, 0xC6, 0x08, 0xC5, 0x08, 0xA4, 0x08, 0x84,
    0x00, 0x83, 0x00, 0x63, 0x00, 0x42, 0x00, 0x42, 0x00, 0x41, 0x00, 0x21, 0x00, 0x21, 0x00, 0x21, 0x00, 0x00, 0x00,
    0x00, 0x00, 0x00, 0x00, 0x00, 0x00, 0x00, 0x00, 0x00, 0x00, 0x00, 0x00, 0x00, 0x00, 0x21, 0x00, 0x21, 0x00, 0x21,
    0x00, 0x41, 0x00, 0x42, 0x00, 0x42, 0x00, 0x63, 0x00, 0x83, 0x00, 0x84, 0x00, 0xA4, 0x08, 0xC5, 0x08, 0xC6, 0x08,
    0xE6, 0x08, 0x07, 0x09, 0x28, 0x11, 0x49, 0x11, 0x6A, 0x11, 0x8B, 0x11, 0x8B, 0x11, 0xEE, 0x19, 0x5C, 0x44, 0x9E,
    0x44, 0x9D, 0x44, 0x9D, 0x44, 0x9D, 0x44, 0x9D, 0x44, 0x9D, 0x44, 0x9D, 0x44, 0x9D, 0x44, 0x9D, 0x44, 0x9D, 0x44,
    0x9D, 0x44, 0x9D, 0x44, 0x9D, 0x44, 0x9D, 0x44, 0x9D, 0x44, 0x9D, 0x44, 0x9D, 0x44, 0x9D, 0x44, 0x9D, 0x44, 0x9D,
    0x44, 0x9D, 0x44, 0x9D, 0x44, 0x9D, 0x44, 0x9D, 0x44, 0x9D, 0x44, 0x9D, 0x44, 0x9D, 0x44, 0x9D, 0x44, 0x9D, 0x44,
    0x9D, 0x44, 0x9D, 0x44, 0x9D, 0x44, 0x5D, 0x3C, 0x7E, 0x75, 0xFF, 0xFF, 0xFF, 0xFF, 0xFF, 0xFF, 0xFF, 0xFF, 0xFF,
    0xFF, 0xFF, 0xFF, 0xFF, 0xFF, 0xFF, 0xFF, 0xFF, 0xFF, 0xFF, 0xFF, 0xFF, 0xFF, 0xFF, 0xFF, 0xFF, 0xFF, 0xFF, 0xFF,
    0xFF, 0xFF, 0x5E, 0xA6, 0x5D, 0x34, 0x9D, 0x44, 0x9D, 0x44, 0x9D, 0x44, 0x9D, 0x44, 0x9D, 0x44, 0x9D, 0x44, 0x9D,
    0x44, 0x9D, 0x44, 0x9D, 0x44, 0x9D, 0x44, 0x9D, 0x44, 0x9D, 0x44, 0x9D, 0x44, 0x9D, 0x44, 0x9D, 0x44, 0x9D, 0x44,
    0x9D, 0x44, 0x9D, 0x44, 0x9D, 0x44, 0x9D, 0x44, 0x9D, 0x44, 0x9D, 0x44, 0x9D, 0x44, 0x9D, 0x44, 0x9D, 0x44, 0x9D,
    0x44, 0x9D, 0x44, 0x9D, 0x44, 0x9D, 0x44, 0x9D, 0x44, 0x9D, 0x44, 0x9D, 0x44, 0x9D, 0x44, 0x9D, 0x44, 0x9D, 0x44,
    0x9D, 0x44, 0x9D, 0x44, 0x9D, 0x44, 0x9D, 0x44, 0x9D, 0x44, 0x9D, 0x44, 0x9D, 0x44, 0x9D, 0x44, 0x9D, 0x44, 0x9D,
    0x44, 0x9D, 0x44, 0x9D, 0x44, 0x9D, 0x44, 0x9D, 0x44, 0x9D, 0x44, 0x9D, 0x44, 0x9D, 0x44, 0x9D, 0x44, 0x9D, 0x44,
    0x9D, 0x44, 0x9D, 0x44, 0x9D, 0x44, 0x9D, 0x44, 0x9D, 0x44, 0x9D, 0x44, 0x9D, 0x44, 0x9D, 0x44, 0x9D, 0x44, 0x9D,
    0x44, 0x9D, 0x44, 0x9D, 0x44, 0x9D, 0x44, 0x9D, 0x44, 0x9D, 0x44, 0x9D, 0x44, 0x9D, 0x44, 0x9D, 0x44, 0x9D, 0x44,
    0x9D, 0x44, 0x9D, 0x44, 0x9D, 0x44, 0x9D, 0x44, 0x9D, 0x44, 0x9D, 0x44, 0x9D, 0x44, 0x9D, 0x44, 0x9D, 0x44, 0x9D,
    0x44, 0x9D, 0x44, 0x9D, 0x44, 0x9D, 0x44, 0x9D, 0x44, 0x9D, 0x44, 0x9D, 0x44, 0x9D, 0x44, 0x9D, 0x44, 0x9D, 0x44,
    0x9D, 0x44, 0x9D, 0x44, 0x9D, 0x44, 0x9D, 0x44, 0x9D, 0x44, 0x9D, 0x44, 0x9E, 0x44, 0x5C, 0x44, 0xEE, 0x19, 0x8B,
    0x11, 0x8B, 0x11, 0x6A, 0x11, 0x49, 0x11, 0x28, 0x11, 0x07, 0x09, 0xE6, 0x08, 0xC6, 0x08, 0xC5, 0x08, 0xA4, 0x08,
    0x84, 0x00, 0x83, 0x00, 0x63, 0x00, 0x42, 0x00, 0x42, 0x00, 0x41, 0x00, 0x21, 0x00, 0x21, 0x00, 0x21, 0x00, 0x00,
    0x00, 0x00, 0x00, 0x00, 0x00, 0x00, 0x00, 0x00, 0x00, 0x00, 0x00, 0x00, 0x00, 0x00, 0x00, 0x21, 0x00, 0x21, 0x00,
    0x21, 0x00, 0x41, 0x00, 0x42, 0x00, 0x42, 0x00, 0x63, 0x00, 0x83, 0x00, 0x84, 0x00, 0xA4, 0x08, 0xC5, 0x08, 0xC6,
    0x08, 0xE6, 0x08, 0x07, 0x09, 0x28, 0x11, 0x49, 0x11, 0x6A, 0x11, 0x8B, 0x11, 0x8B, 0x11, 0xEE, 0x19, 0x5C, 0x44,
    0x9E, 0x44, 0x9D, 0x44, 0x9D, 0x44, 0x9D, 0x44, 0x9D, 0x44, 0x9D, 0x44, 0x9D, 0x44, 0x9D, 0x44, 0x9D, 0x44, 0x9D,
    0x44, 0x9D, 0x44, 0x9D, 0x44, 0x9D, 0x44, 0x9D, 0x44, 0x9D, 0x44, 0x9D, 0x44, 0x9D, 0x44, 0x9D, 0x44, 0x9D, 0x44,
    0x9D, 0x44, 0x9D, 0x44, 0x9D, 0x44, 0x9D, 0x44, 0x9D, 0x44, 0x9D, 0x44, 0x9D, 0x44, 0x9D, 0x44, 0x9D, 0x44, 0x9D,
    0x44, 0x9D, 0x44, 0x9D, 0x44, 0x9D, 0x44, 0x5D, 0x3C, 0x7E, 0x75, 0xFF, 0xFF, 0xFF, 0xFF, 0xFF, 0xFF, 0xFF, 0xFF,
    0xFF, 0xFF, 0xFF, 0xFF, 0xFF, 0xFF, 0xFF, 0xFF, 0xFF, 0xFF, 0xFF, 0xFF, 0xFF, 0xFF, 0xFF, 0xFF, 0xFF, 0xFF, 0xFF,
    0xFF, 0xFF, 0xFF, 0x5E, 0xA6, 0x5D, 0x34, 0x9D, 0x44, 0x9D, 0x44, 0x9D, 0x44, 0x9D, 0x44, 0x9D, 0x44, 0x9D, 0x44,
    0x9D, 0x44, 0x9D, 0x44, 0x9D, 0x44, 0x9D, 0x44, 0x9D, 0x44, 0x9D, 0x44, 0x9D, 0x44, 0x9D, 0x44, 0x9D, 0x44, 0x9D,
    0x44, 0x9D, 0x44, 0x9D, 0x44, 0x9D, 0x44, 0x9D, 0x44, 0x9D, 0x44, 0x9D, 0x44, 0x9D, 0x44, 0x9D, 0x44, 0x9D, 0x44,
    0x9D, 0x44, 0x9D, 0x44, 0x9D, 0x44, 0x9D, 0x44, 0x9D, 0x44, 0x9D, 0x44, 0x9D, 0x44, 0x9D, 0x44, 0x9D, 0x44, 0x9D,
    0x44, 0x9D, 0x44, 0x9D, 0x44, 0x9D, 0x44, 0x9D, 0x44, 0x9D, 0x44, 0x9D, 0x44, 0x9D, 0x44, 0x9D, 0x44, 0x9D, 0x44,
    0x9D, 0x44, 0x9D, 0x44, 0x9D, 0x44, 0x9D, 0x44, 0x9D, 0x44, 0x9D, 0x44, 0x9D, 0x44, 0x9D, 0x44, 0x9D, 0x44, 0x9D,
    0x44, 0x9D, 0x44, 0x9D, 0x44, 0x9D, 0x44, 0x9D, 0x44, 0x9D, 0x44, 0x9D, 0x44, 0x9D, 0x44, 0x9D, 0x44, 0x9D, 0x44,
    0x9D, 0x44, 0x9D, 0x44, 0x9D, 0x44, 0x9D, 0x44, 0x9D, 0x44, 0x9D, 0x44, 0x9D, 0x44, 0x9D, 0x44, 0x9D, 0x44, 0x9D,
    0x44, 0x9D, 0x44, 0x9D, 0x44, 0x9D, 0x44, 0x9D, 0x44, 0x9D, 0x44, 0x9D, 0x44, 0x9D, 0x44, 0x9D, 0x44, 0x9D, 0x44,
    0x9D, 0x44, 0x9D, 0x44, 0x9D, 0x44, 0x9D, 0x44, 0x9D, 0x44, 0x9D, 0x44, 0x9D, 0x44, 0x9D, 0x44, 0x9D, 0x44, 0x9D,
    0x44, 0x9D, 0x44, 0x9D, 0x44, 0x9D, 0x44, 0x9D, 0x44, 0x9D, 0x44, 0x9D, 0x44, 0x9E, 0x44, 0x5C, 0x44, 0xEE, 0x19,
    0x8B, 0x11, 0x8B, 0x11, 0x6A, 0x11, 0x49, 0x11, 0x28, 0x11, 0x07, 0x09, 0xE6, 0x08, 0xC6, 0x08, 0xC5, 0x08, 0xA4,
    0x08, 0x84, 0x00, 0x83, 0x00, 0x63, 0x00, 0x42, 0x00, 0x42, 0x00, 0x41, 0x00, 0x21, 0x00, 0x21, 0x00, 0x21, 0x00,
    0x00, 0x00, 0x00, 0x00, 0x00, 0x00, 0x00, 0x00, 0x00, 0x00, 0x00, 0x00, 0x00, 0x00, 0x00, 0x00, 0x21, 0x00, 0x21,
    0x00, 0x21, 0x00, 0x41, 0x00, 0x42, 0x00, 0x42, 0x00, 0x63, 0x00, 0x83, 0x00, 0x84, 0x00, 0xA4, 0x08, 0xC5, 0x08,
    0xC6, 0x08, 0xE6, 0x08, 0x07, 0x09, 0x28, 0x11, 0x49, 0x11, 0x6A, 0x11, 0x8B, 0x11, 0x8B, 0x11, 0xEE, 0x19, 0x5C,
    0x44, 0x9E, 0x44, 0x9D, 0x44, 0x9D, 0x44, 0x9D, 0x44, 0x9D, 0x44, 0x9D, 0x44, 0x9D, 0x44, 0x9D, 0x44, 0x9D, 0x44,
    0x9D, 0x44, 0x9D, 0x44, 0x9D, 0x44, 0x9D, 0x44, 0x9D, 0x44, 0x9D, 0x44, 0x9D, 0x44, 0x9D, 0x44, 0x9D, 0x44, 0x9D,
    0x44, 0x9D, 0x44, 0x9D, 0x44, 0x9D, 0x44, 0x9D, 0x44, 0x9D, 0x44, 0x9D, 0x44, 0x9D, 0x44, 0x9D, 0x44, 0x9D, 0x44,
    0x9D, 0x44, 0x9D, 0x44, 0x9D, 0x44, 0x9D, 0x44, 0x5D, 0x3C, 0x7E, 0x75, 0xFF, 0xFF, 0xFF, 0xFF, 0xFF, 0xFF, 0xFF,
    0xFF, 0xFF, 0xFF, 0xFF, 0xFF, 0xFF, 0xFF, 0xFF, 0xFF, 0xFF, 0xFF, 0xFF, 0xFF, 0xFF, 0xFF, 0xFF, 0xFF, 0xFF, 0xFF,
    0xFF, 0xFF, 0xFF, 0xFF, 0x5E, 0xA6, 0x5D, 0x34, 0x9D, 0x44, 0x9D, 0x44, 0x9D, 0x44, 0x9D, 0x44, 0x9D, 0x44, 0x9D,
    0x44, 0x9D, 0x44, 0x9D, 0x44, 0x9D, 0x44, 0x9D, 0x44, 0x9D, 0x44, 0x9D, 0x44, 0x9D, 0x44, 0x9D, 0x44, 0x9D, 0x44,
    0x9D, 0x44, 0x9D, 0x44, 0x9D, 0x44, 0x9D, 0x44, 0x9D, 0x44, 0x9D, 0x44, 0x9D, 0x44, 0x9D, 0x44, 0x9D, 0x44, 0x9D,
    0x44, 0x9D, 0x44, 0x9D, 0x44, 0x9D, 0x44, 0x9D, 0x44, 0x9D, 0x44, 0x9D, 0x44, 0x9D, 0x44, 0x9D, 0x44, 0x9D, 0x44,
    0x9D, 0x44, 0x9D, 0x44, 0x9D, 0x44, 0x9D, 0x44, 0x9D, 0x44, 0x9D, 0x44, 0x9D, 0x44, 0x9D, 0x44, 0x9D, 0x44, 0x9D,
    0x44, 0x9D, 0x44, 0x9D, 0x44, 0x9D, 0x44, 0x9D, 0x44, 0x9D, 0x44, 0x9D, 0x44, 0x9D, 0x44, 0x9D, 0x44, 0x9D, 0x44,
    0x9D, 0x44, 0x9D, 0x44, 0x9D, 0x44, 0x9D, 0x44, 0x9D, 0x44, 0x9D, 0x44, 0x9D, 0x44, 0x9D, 0x44, 0x9D, 0x44, 0x9D,
    0x44, 0x9D, 0x44, 0x9D, 0x44, 0x9D, 0x44, 0x9D, 0x44, 0x9D, 0x44, 0x9D, 0x44, 0x9D, 0x44, 0x9D, 0x44, 0x9D, 0x44,
    0x9D, 0x44, 0x9D, 0x44, 0x9D, 0x44, 0x9D, 0x44, 0x9D, 0x44, 0x9D, 0x44, 0x9D, 0x44, 0x9D, 0x44, 0x9D, 0x44, 0x9D,
    0x44, 0x9D, 0x44, 0x9D, 0x44, 0x9D, 0x44, 0x9D, 0x44, 0x9D, 0x44, 0x9D, 0x44, 0x9D, 0x44, 0x9D, 0x44, 0x9D, 0x44,
    0x9D, 0x44, 0x9D, 0x44, 0x9D, 0x44, 0x9D, 0x44, 0x9D, 0x44, 0x9D, 0x44, 0x9D, 0x44, 0x9E, 0x44, 0x5C, 0x44, 0xEE,
    0x19, 0x8B, 0x11, 0x8B, 0x11, 0x6A, 0x11, 0x49, 0x11, 0x28, 0x11, 0x07, 0x09, 0xE6, 0x08, 0xC6, 0x08, 0xC5, 0x08,
    0xA4, 0x08, 0x84, 0x00, 0x83, 0x00, 0x63, 0x00, 0x42, 0x00, 0x42, 0x00, 0x41, 0x00, 0x21, 0x00, 0x21, 0x00, 0x21,
    0x00, 0x00, 0x00, 0x00, 0x00, 0x00, 0x00, 0x00, 0x00, 0x00, 0x00, 0x00, 0x00, 0x00, 0x00, 0x00, 0x00, 0x21, 0x00,
    0x21, 0x00, 0x21, 0x00, 0x41, 0x00, 0x42, 0x00, 0x42, 0x00, 0x63, 0x00, 0x83, 0x00, 0x84, 0x00, 0xA4, 0x08, 0xC5,
    0x08, 0xC6, 0x08, 0xE6, 0x08, 0x07, 0x09, 0x28, 0x11, 0x49, 0x11, 0x6A, 0x11, 0x8B, 0x11, 0x8B, 0x11, 0xEE, 0x19,
    0x5C, 0x44, 0x9E, 0x44, 0x7D, 0x44, 0x7D, 0x44, 0x7D, 0x44, 0x7D, 0x44, 0x7D, 0x44, 0x7D, 0x44, 0x7D, 0x44, 0x7D,
    0x44, 0x7D, 0x44, 0x7D, 0x44, 0x7D, 0x44, 0x7D, 0x44, 0x7D, 0x44, 0x7D, 0x44, 0x7D, 0x44, 0x7D, 0x44, 0x7D, 0x44,
    0x7D, 0x44, 0x7D, 0x44, 0x7D, 0x44, 0x7D, 0x44, 0x7D, 0x44, 0x7D, 0x44, 0x7D, 0x44, 0x7D, 0x44, 0x7D, 0x44, 0x7D,
    0x44, 0x7D, 0x44, 0x7D, 0x44, 0x7D, 0x44, 0x9D, 0x44, 0x5D, 0x3C, 0x7E, 0x75, 0xFF, 0xFF, 0xFF, 0xFF, 0xFF, 0xFF,
    0xFF, 0xFF, 0xFF, 0xFF, 0xFF, 0xFF, 0xFF, 0xFF, 0xFF, 0xFF, 0xFF, 0xFF, 0xFF, 0xFF, 0xFF, 0xFF, 0xFF, 0xFF, 0xFF,
    0xFF, 0xFF, 0xFF, 0xFF, 0xFF, 0x3E, 0xA6, 0x3D, 0x34, 0x9D, 0x44, 0x7D, 0x44, 0x7D, 0x44, 0x7D, 0x44, 0x7D, 0x44,
    0x7D, 0x44, 0x7D, 0x44, 0x7D, 0x44, 0x7D, 0x44, 0x7D, 0x44, 0x7D, 0x44, 0x7D, 0x44, 0x7D, 0x44, 0x7D, 0x44, 0x7D,
    0x44, 0x7D, 0x44, 0x7D, 0x44, 0x7D, 0x44, 0x7D, 0x44, 0x7D, 0x44, 0x7D, 0x44, 0x7D, 0x44, 0x7D, 0x44, 0x7D, 0x44,
    0x7D, 0x44, 0x7D, 0x44, 0x7D, 0x44, 0x7D, 0x44, 0x7D, 0x44, 0x7D, 0x44, 0x7D, 0x44, 0x7D, 0x44, 0x7D, 0x44, 0x7D,
    0x44, 0x7D, 0x44, 0x7D, 0x44, 0x7D, 0x44, 0x7D, 0x44, 0x7D, 0x44, 0x7D, 0x44, 0x7D, 0x44, 0x7D, 0x44, 0x7D, 0x44,
    0x7D, 0x44, 0x7D, 0x44, 0x7D, 0x44, 0x7D, 0x44, 0x7D, 0x44, 0x7D, 0x44, 0x7D, 0x44, 0x7D, 0x44, 0x7D, 0x44, 0x7D,
    0x44, 0x7D, 0x44, 0x7D, 0x44, 0x7D, 0x44, 0x7D, 0x44, 0x7D, 0x44, 0x7D, 0x44, 0x7D, 0x44, 0x7D, 0x44, 0x7D, 0x44,
    0x7D, 0x44, 0x7D, 0x44, 0x7D, 0x44, 0x7D, 0x44, 0x7D, 0x44, 0x7D, 0x44, 0x7D, 0x44, 0x7D, 0x44, 0x7D, 0x44, 0x7D,
    0x44, 0x7D, 0x44, 0x7D, 0x44, 0x7D, 0x44, 0x7D, 0x44, 0x7D, 0x44, 0x7D, 0x44, 0x7D, 0x44, 0x7D, 0x44, 0x7D, 0x44,
    0x7D, 0x44, 0x7D, 0x44, 0x7D, 0x44, 0x7D, 0x44, 0x7D, 0x44, 0x7D, 0x44, 0x7D, 0x44, 0x7D, 0x44, 0x7D, 0x44, 0x7D,
    0x44, 0x7D, 0x44, 0x7D, 0x44, 0x7D, 0x44, 0x7D, 0x44, 0x7D, 0x44, 0x7D, 0x44, 0x7D, 0x44, 0x9E, 0x44, 0x5C, 0x44,
    0xEE, 0x19, 0x8B, 0x11, 0x8B, 0x11, 0x6A, 0x11, 0x49, 0x11, 0x28, 0x11, 0x07, 0x09, 0xE6, 0x08, 0xC6, 0x08, 0xC5,
    0x08, 0xA4, 0x08, 0x84, 0x00, 0x83, 0x00, 0x63, 0x00, 0x42, 0x00, 0x42, 0x00, 0x41, 0x00, 0x21, 0x00, 0x21, 0x00,
    0x21, 0x00, 0x00, 0x00, 0x00, 0x00, 0x00, 0x00, 0x00, 0x00, 0x00, 0x00, 0x00, 0x00, 0x00, 0x00, 0x00, 0x00, 0x21,
    0x00, 0x21, 0x00, 0x21, 0x00, 0x41, 0x00, 0x42, 0x00, 0x42, 0x00, 0x63, 0x00, 0x83, 0x00, 0x84, 0x00, 0xA4, 0x08,
    0xC5, 0x08, 0xC6, 0x08, 0xE6, 0x08, 0x07, 0x09, 0x28, 0x11, 0x49, 0x11, 0x6A, 0x11, 0x8B, 0x11, 0x8B, 0x11, 0xEE,
    0x19, 0x5C, 0x44, 0x9E, 0x44, 0x7D, 0x44, 0x7D, 0x44, 0x7D, 0x44, 0x7D, 0x44, 0x7D, 0x44, 0x7D, 0x44, 0x7D, 0x44,
    0x7D, 0x44, 0x7D, 0x44, 0x7D, 0x44, 0x7D, 0x44, 0x7D, 0x44, 0x7D, 0x44, 0x7D, 0x44, 0x7D, 0x44, 0x7D, 0x44, 0x7D,
    0x44, 0x7D, 0x44, 0x7D, 0x44, 0x7D, 0x44, 0x7D, 0x44, 0x7D, 0x44, 0x7D, 0x44, 0x7D, 0x44, 0x7D, 0x44, 0x7D, 0x44,
    0x7D, 0x44, 0x7D, 0x44, 0x7D, 0x44, 0x7D, 0x44, 0x9D, 0x44, 0x5D, 0x3C, 0x7E, 0x75, 0xFF, 0xFF, 0xFF, 0xFF, 0xFF,
    0xFF, 0xFF, 0xFF, 0xFF, 0xFF, 0xFF, 0xFF, 0xFF, 0xFF, 0xFF, 0xFF, 0xFF, 0xFF, 0xFF, 0xFF, 0xFF, 0xFF, 0xFF, 0xFF,
    0xFF, 0xFF, 0xFF, 0xFF, 0xFF, 0xFF, 0x3E, 0xA6, 0x3D, 0x34, 0x9D, 0x44, 0x7D, 0x44, 0x7D, 0x44, 0x7D, 0x44, 0x7D,
    0x44, 0x7D, 0x44, 0x7D, 0x44, 0x7D, 0x44, 0x7D, 0x44, 0x7D, 0x44, 0x7D, 0x44, 0x7D, 0x44, 0x7D, 0x44, 0x7D, 0x44,
    0x7D, 0x44, 0x7D, 0x44, 0x7D, 0x44, 0x7D, 0x44, 0x7D, 0x44, 0x7D, 0x44, 0x7D, 0x44, 0x7D, 0x44, 0x7D, 0x44, 0x7D,
    0x44, 0x7D, 0x44, 0x7D, 0x44, 0x7D, 0x44, 0x7D, 0x44, 0x7D, 0x44, 0x7D, 0x44, 0x7D, 0x44, 0x7D, 0x44, 0x7D, 0x44,
    0x7D, 0x44, 0x7D, 0x44, 0x7D, 0x44, 0x7D, 0x44, 0x7D, 0x44, 0x7D, 0x44, 0x7D, 0x44, 0x7D, 0x44, 0x7D, 0x44, 0x7D,
    0x44, 0x7D, 0x44, 0x7D, 0x44, 0x7D, 0x44, 0x7D, 0x44, 0x7D, 0x44, 0x7D, 0x44, 0x7D, 0x44, 0x7D, 0x44, 0x7D, 0x44,
    0x7D, 0x44, 0x7D, 0x44, 0x7D, 0x44, 0x7D, 0x44, 0x7D, 0x44, 0x7D, 0x44, 0x7D, 0x44, 0x7D, 0x44, 0x7D, 0x44, 0x7D,
    0x44, 0x7D, 0x44, 0x7D, 0x44, 0x7D, 0x44, 0x7D, 0x44, 0x7D, 0x44, 0x7D, 0x44, 0x7D, 0x44, 0x7D, 0x44, 0x7D, 0x44,
    0x7D, 0x44, 0x7D, 0x44, 0x7D, 0x44, 0x7D, 0x44, 0x7D, 0x44, 0x7D, 0x44, 0x7D, 0x44, 0x7D, 0x44, 0x7D, 0x44, 0x7D,
    0x44, 0x7D, 0x44, 0x7D, 0x44, 0x7D, 0x44, 0x7D, 0x44, 0x7D, 0x44, 0x7D, 0x44, 0x7D, 0x44, 0x7D, 0x44, 0x7D, 0x44,
    0x7D, 0x44, 0x7D, 0x44, 0x7D, 0x44, 0x7D, 0x44, 0x7D, 0x44, 0x7D, 0x44, 0x7D, 0x44, 0x7D, 0x44, 0x9E, 0x44, 0x5C,
    0x44, 0xEE, 0x19, 0x8B, 0x11, 0x8B, 0x11, 0x6A, 0x11, 0x49, 0x11, 0x28, 0x11, 0x07, 0x09, 0xE6, 0x08, 0xC6, 0x08,
    0xC5, 0x08, 0xA4, 0x08, 0x84, 0x00, 0x83, 0x00, 0x63, 0x00, 0x42, 0x00, 0x42, 0x00, 0x41, 0x00, 0x21, 0x00, 0x21,
    0x00, 0x21, 0x00, 0x00, 0x00, 0x00, 0x00, 0x00, 0x00, 0x00, 0x00, 0x00, 0x00, 0x00, 0x00, 0x00, 0x00, 0x00, 0x00,
    0x21, 0x00, 0x21, 0x00, 0x21, 0x00, 0x41, 0x00, 0x42, 0x00, 0x42, 0x00, 0x63, 0x00, 0x83, 0x00, 0x84, 0x00, 0xA4,
    0x08, 0xC5, 0x08, 0xC6, 0x08, 0xE6, 0x08, 0x07, 0x09, 0x28, 0x11, 0x49, 0x11, 0x6A, 0x11, 0x8B, 0x11, 0x8B, 0x11,
    0xEE, 0x19, 0x5C, 0x3C, 0x7D, 0x44, 0x7D, 0x44, 0x7D, 0x44, 0x7D, 0x44, 0x7D, 0x44, 0x7D, 0x44, 0x7D, 0x44, 0x7D,
    0x44, 0x7D, 0x44, 0x7D, 0x44, 0x7D, 0x44, 0x7D, 0x44, 0x7D, 0x44, 0x7D, 0x44, 0x7D, 0x44, 0x7D, 0x44, 0x7D, 0x44,
    0x7D, 0x44, 0x7D, 0x44, 0x7D, 0x44, 0x7D, 0x44, 0x7D, 0x44, 0x7D, 0x44, 0x7D, 0x44, 0x7D, 0x44, 0x7D, 0x44, 0x7D,
    0x44, 0x7D, 0x44, 0x7D, 0x44, 0x7D, 0x44, 0x7D, 0x44, 0x7D, 0x44, 0x5D, 0x3C, 0x5E, 0x75, 0xFF, 0xFF, 0xFF, 0xFF,
    0xFF, 0xFF, 0xFF, 0xFF, 0xFF, 0xFF, 0xFF, 0xFF, 0xFF, 0xFF, 0xFF, 0xFF, 0xFF, 0xFF, 0xFF, 0xFF, 0xFF, 0xFF, 0xFF,
    0xFF, 0xFF, 0xFF, 0xFF, 0xFF, 0xFF, 0xFF, 0x3E, 0xA6, 0x3D, 0x34, 0x9D, 0x44, 0x7D, 0x44, 0x7D, 0x44, 0x7D, 0x44,
    0x7D, 0x44, 0x7D, 0x44, 0x7D, 0x44, 0x7D, 0x44, 0x7D, 0x44, 0x7D, 0x44, 0x7D, 0x44, 0x7D, 0x44, 0x7D, 0x44, 0x7D,
    0x44, 0x7D, 0x44, 0x7D, 0x44, 0x7D, 0x44, 0x7D, 0x44, 0x7D, 0x44, 0x7D, 0x44, 0x7D, 0x44, 0x7D, 0x44, 0x7D, 0x44,
    0x7D, 0x44, 0x7D, 0x44, 0x7D, 0x44, 0x7D, 0x44, 0x7D, 0x44, 0x7D, 0x44, 0x7D, 0x44, 0x7D, 0x44, 0x7D, 0x44, 0x7D,
    0x44, 0x7D, 0x44, 0x7D, 0x44, 0x7D, 0x44, 0x7D, 0x44, 0x7D, 0x44, 0x7D, 0x44, 0x7D, 0x44, 0x7D, 0x44, 0x7D, 0x44,
    0x7D, 0x44, 0x7D, 0x44, 0x7D, 0x44, 0x7D, 0x44, 0x7D, 0x44, 0x7D, 0x44, 0x7D, 0x44, 0x7D, 0x44, 0x7D, 0x44, 0x7D,
    0x44, 0x7D, 0x44, 0x7D, 0x44, 0x7D, 0x44, 0x7D, 0x44, 0x7D, 0x44, 0x7D, 0x44, 0x7D, 0x44, 0x7D, 0x44, 0x7D, 0x44,
    0x7D, 0x44, 0x7D, 0x44, 0x7D, 0x44, 0x7D, 0x44, 0x7D, 0x44, 0x7D, 0x44, 0x7D, 0x44, 0x7D, 0x44, 0x7D, 0x44, 0x7D,
    0x44, 0x7D, 0x44, 0x7D, 0x44, 0x7D, 0x44, 0x7D, 0x44, 0x7D, 0x44, 0x7D, 0x44, 0x7D, 0x44, 0x7D, 0x44, 0x7D, 0x44,
    0x7D, 0x44, 0x7D, 0x44, 0x7D, 0x44, 0x7D, 0x44, 0x7D, 0x44, 0x7D, 0x44, 0x7D, 0x44, 0x7D, 0x44, 0x7D, 0x44, 0x7D,
    0x44, 0x7D, 0x44, 0x7D, 0x44, 0x7D, 0x44, 0x7D, 0x44, 0x7D, 0x44, 0x7D, 0x44, 0x7D, 0x44, 0x7D, 0x44, 0x7D, 0x44,
    0x5C, 0x3C, 0xEE, 0x19, 0x8B, 0x11, 0x8B, 0x11, 0x6A, 0x11, 0x49, 0x11, 0x28, 0x11, 0x07, 0x09, 0xE6, 0x08, 0xC6,
    0x08, 0xC5, 0x08, 0xA4, 0x08, 0x84, 0x00, 0x83, 0x00, 0x63, 0x00, 0x42, 0x00, 0x42, 0x00, 0x41, 0x00, 0x21, 0x00,
    0x21, 0x00, 0x21, 0x00, 0x00, 0x00, 0x00, 0x00, 0x00, 0x00, 0x00, 0x00, 0x00, 0x00, 0x00, 0x00, 0x00, 0x00, 0x00,
    0x00, 0x21, 0x00, 0x21, 0x00, 0x21, 0x00, 0x41, 0x00, 0x42, 0x00, 0x42, 0x00, 0x63, 0x00, 0x83, 0x00, 0x84, 0x00,
    0xA4, 0x08, 0xC5, 0x08, 0xC6, 0x08, 0xE6, 0x08, 0x07, 0x09, 0x28, 0x11, 0x49, 0x11, 0x6A, 0x11, 0x8B, 0x11, 0x8B,
    0x11, 0xEE, 0x19, 0x5C, 0x3C, 0x7D, 0x44, 0x7D, 0x44, 0x7D, 0x44, 0x7D, 0x44, 0x7D, 0x44, 0x7D, 0x44, 0x7D, 0x44,
    0x7D, 0x44, 0x7D, 0x44, 0x7D, 0x44, 0x7D, 0x44, 0x7D, 0x44, 0x7D, 0x44, 0x7D, 0x44, 0x7D, 0x44, 0x7D, 0x44, 0x7D,
    0x44, 0x7D, 0x44, 0x7D, 0x44, 0x7D, 0x44, 0x7D, 0x44, 0x7D, 0x44, 0x7D, 0x44, 0x7D, 0x44, 0x7D, 0x44, 0x7D, 0x44,
    0x7D, 0x44, 0x7D, 0x44, 0x7D, 0x44, 0x7D, 0x44, 0x7D, 0x44, 0x7D, 0x44, 0x3D, 0x3C, 0x5E, 0x75, 0xFF, 0xFF, 0xFF,
    0xFF, 0xFF, 0xFF, 0xFF, 0xFF, 0xFF, 0xFF, 0xFF, 0xFF, 0xFF, 0xFF, 0xFF, 0xFF, 0xFF, 0xFF, 0xFF, 0xFF, 0xFF, 0xFF,
    0xFF, 0xFF, 0xFF, 0xFF, 0xFF, 0xFF, 0xFF, 0xFF, 0x3E, 0xA6, 0x3D, 0x34, 0x7D, 0x44, 0x7D, 0x44, 0x7D, 0x44, 0x7D,
    0x44, 0x7D, 0x44, 0x7D, 0x44, 0x7D, 0x44, 0x7D, 0x44, 0x7D, 0x44, 0x7D, 0x44, 0x7D, 0x44, 0x7D, 0x44, 0x7D, 0x44,
    0x7D, 0x44, 0x7D, 0x44, 0x7D, 0x44, 0x7D, 0x44, 0x7D, 0x44, 0x7D, 0x44, 0x7D, 0x44, 0x7D, 0x44, 0x7D, 0x44, 0x7D,
    0x44, 0x7D, 0x44, 0x7D, 0x44, 0x7D, 0x44, 0x7D, 0x44, 0x7D, 0x44, 0x7D, 0x44, 0x7D, 0x44, 0x7D, 0x44, 0x7D, 0x44,
    0x7D, 0x44, 0x7D, 0x44, 0x7D, 0x44, 0x7D, 0x44, 0x7D, 0x44, 0x7D, 0x44, 0x7D, 0x44, 0x7D, 0x44, 0x7D, 0x44, 0x7D,
    0x44, 0x7D, 0x44, 0x7D, 0x44, 0x7D, 0x44, 0x7D, 0x44, 0x7D, 0x44, 0x7D, 0x44, 0x7D, 0x44, 0x7D, 0x44, 0x7D, 0x44,
    0x7D, 0x44, 0x7D, 0x44, 0x7D, 0x44, 0x7D, 0x44, 0x7D, 0x44, 0x7D, 0x44, 0x7D, 0x44, 0x7D, 0x44, 0x7D, 0x44, 0x7D,
    0x44, 0x7D, 0x44, 0x7D, 0x44, 0x7D, 0x44, 0x7D, 0x44, 0x7D, 0x44, 0x7D, 0x44, 0x7D, 0x44, 0x7D, 0x44, 0x7D, 0x44,
    0x7D, 0x44, 0x7D, 0x44, 0x7D, 0x44, 0x7D, 0x44, 0x7D, 0x44, 0x7D, 0x44, 0x7D, 0x44, 0x7D, 0x44, 0x7D, 0x44, 0x7D,
    0x44, 0x7D, 0x44, 0x7D, 0x44, 0x7D, 0x44, 0x7D, 0x44, 0x7D, 0x44, 0x7D, 0x44, 0x7D, 0x44, 0x7D, 0x44, 0x7D, 0x44,
    0x7D, 0x44, 0x7D, 0x44, 0x7D, 0x44, 0x7D, 0x44, 0x7D, 0x44, 0x7D, 0x44, 0x7D, 0x44, 0x7D, 0x44, 0x7D, 0x44, 0x7D,
    0x44, 0x5C, 0x3C, 0xEE, 0x19, 0x8B, 0x11, 0x8B, 0x11, 0x6A, 0x11, 0x49, 0x11, 0x28, 0x11, 0x07, 0x09, 0xE6, 0x08,
    0xC6, 0x08, 0xC5, 0x08, 0xA4, 0x08, 0x84, 0x00, 0x83, 0x00, 0x63, 0x00, 0x42, 0x00, 0x42, 0x00, 0x41, 0x00, 0x21,
    0x00, 0x21, 0x00, 0x21, 0x00, 0x00, 0x00, 0x00, 0x00, 0x00, 0x00, 0x00, 0x00, 0x00, 0x00, 0x00, 0x00, 0x00, 0x00,
    0x00, 0x00, 0x21, 0x00, 0x21, 0x00, 0x21, 0x00, 0x41, 0x00, 0x42, 0x00, 0x42, 0x00, 0x63, 0x00, 0x83, 0x00, 0x84,
    0x00, 0xA4, 0x08, 0xC5, 0x08, 0xC6, 0x08, 0xE6, 0x08, 0x07, 0x09, 0x28, 0x11, 0x49, 0x11, 0x6A, 0x11, 0x8B, 0x11,
    0x8B, 0x11, 0xEE, 0x19, 0x5C, 0x3C, 0x7D, 0x44, 0x7D, 0x44, 0x7D, 0x44, 0x7D, 0x44, 0x7D, 0x44, 0x7D, 0x44, 0x7D,
    0x44, 0x7D, 0x44, 0x7D, 0x44, 0x7D, 0x44, 0x7D, 0x44, 0x7D, 0x44, 0x7D, 0x44, 0x7D, 0x44, 0x7D, 0x44, 0x7D, 0x44,
    0x7D, 0x44, 0x7D, 0x44, 0x7D, 0x44, 0x7D, 0x44, 0x7D, 0x44, 0x7D, 0x44, 0x7D, 0x44, 0x7D, 0x44, 0x7D, 0x44, 0x7D,
    0x44, 0x7D, 0x44, 0x7D, 0x44, 0x7D, 0x44, 0x7D, 0x44, 0x7D, 0x44, 0x7D, 0x44, 0x3D, 0x3C, 0x5E, 0x75, 0xFF, 0xFF,
    0xFF, 0xFF, 0xFF, 0xFF, 0xFF, 0xFF, 0xFF, 0xFF, 0xFF, 0xFF, 0xFF, 0xFF, 0xFF, 0xFF, 0xFF, 0xFF, 0xFF, 0xFF, 0xFF,
    0xFF, 0xFF, 0xFF, 0xFF, 0xFF, 0xFF, 0xFF, 0xFF, 0xFF, 0x3E, 0xA6, 0x3D, 0x34, 0x7D, 0x44, 0x7D, 0x44, 0x7D, 0x44,
    0x7D, 0x44, 0x7D, 0x44, 0x7D, 0x44, 0x7D, 0x44, 0x7D, 0x44, 0x7D, 0x44, 0x7D, 0x44, 0x7D, 0x44, 0x7D, 0x44, 0x7D,
    0x44, 0x7D, 0x44, 0x7D, 0x44, 0x7D, 0x44, 0x7D, 0x44, 0x7D, 0x44, 0x7D, 0x44, 0x7D, 0x44, 0x7D, 0x44, 0x7D, 0x44,
    0x7D, 0x44, 0x7D, 0x44, 0x7D, 0x44, 0x7D, 0x44, 0x7D, 0x44, 0x7D, 0x44, 0x7D, 0x44, 0x7D, 0x44, 0x7D, 0x44, 0x7D,
    0x44, 0x7D, 0x44, 0x7D, 0x44, 0x7D, 0x44, 0x7D, 0x44, 0x7D, 0x44, 0x7D, 0x44, 0x7D, 0x44, 0x7D, 0x44, 0x7D, 0x44,
    0x7D, 0x44, 0x7D, 0x44, 0x7D, 0x44, 0x7D, 0x44, 0x7D, 0x44, 0x7D, 0x44, 0x7D, 0x44, 0x7D, 0x44, 0x7D, 0x44, 0x7D,
    0x44, 0x7D, 0x44, 0x7D, 0x44, 0x7D, 0x44, 0x7D, 0x44, 0x7D, 0x44, 0x7D, 0x44, 0x7D, 0x44, 0x7D, 0x44, 0x7D, 0x44,
    0x7D, 0x44, 0x7D, 0x44, 0x7D, 0x44, 0x7D, 0x44, 0x7D, 0x44, 0x7D, 0x44, 0x7D, 0x44, 0x7D, 0x44, 0x7D, 0x44, 0x7D,
    0x44, 0x7D, 0x44, 0x7D, 0x44, 0x7D, 0x44, 0x7D, 0x44, 0x7D, 0x44, 0x7D, 0x44, 0x7D, 0x44, 0x7D, 0x44, 0x7D, 0x44,
    0x7D, 0x44, 0x7D, 0x44, 0x7D, 0x44, 0x7D, 0x44, 0x7D, 0x44, 0x7D, 0x44, 0x7D, 0x44, 0x7D, 0x44, 0x7D, 0x44, 0x7D,
    0x44, 0x7D, 0x44, 0x7D, 0x44, 0x7D, 0x44, 0x7D, 0x44, 0x7D, 0x44, 0x7D, 0x44, 0x7D, 0x44, 0x7D, 0x44, 0x7D, 0x44,
    0x7D, 0x44, 0x5C, 0x3C, 0xEE, 0x19, 0x8B, 0x11, 0x8B, 0x11, 0x6A, 0x11, 0x49, 0x11, 0x28, 0x11, 0x07, 0x09, 0xE6,
    0x08, 0xC6, 0x08, 0xC5, 0x08, 0xA4, 0x08, 0x84, 0x00, 0x83, 0x00, 0x63, 0x00, 0x42, 0x00, 0x42, 0x00, 0x41, 0x00,
    0x21, 0x00, 0x21, 0x00, 0x21, 0x00, 0x00, 0x00, 0x00, 0x00, 0x00, 0x00, 0x00, 0x00, 0x00, 0x00, 0x00, 0x00, 0x00,
    0x00, 0x00, 0x00, 0x21, 0x00, 0x21, 0x00, 0x21, 0x00, 0x41, 0x00, 0x42, 0x00, 0x42, 0x00, 0x63, 0x00, 0x83, 0x00,
    0x84, 0x00, 0xA4, 0x08, 0xC5, 0x08, 0xC6, 0x08, 0xE6, 0x08, 0x07, 0x09, 0x28, 0x11, 0x49, 0x11, 0x6A, 0x11, 0x8B,
    0x11, 0xAB, 0x11, 0xEE, 0x19, 0x5C, 0x3C, 0x7D, 0x44, 0x7D, 0x44, 0x7D, 0x44, 0x7D, 0x44, 0x7D, 0x44, 0x7D, 0x44,
    0x7D, 0x44, 0x7D, 0x44, 0x7D, 0x44, 0x7D, 0x44, 0x7D, 0x44, 0x7D, 0x44, 0x7D, 0x44, 0x7D, 0x44, 0x7D, 0x44, 0x7D,
    0x44, 0x7D, 0x44, 0x7D, 0x44, 0x7D, 0x44, 0x7D, 0x44, 0x7D, 0x44, 0x7D, 0x44, 0x7D, 0x44, 0x7D, 0x44, 0x7D, 0x44,
    0x7D, 0x44, 0x7D, 0x44, 0x7D, 0x44, 0x7D, 0x44, 0x7D, 0x44, 0x7D, 0x44, 0x7D, 0x44, 0x5D, 0x3C, 0x5E, 0x75, 0xFF,
    0xFF, 0xFF, 0xFF, 0xFF, 0xFF, 0xFF, 0xFF, 0xFF, 0xFF, 0xFF, 0xFF, 0xFF, 0xFF, 0xFF, 0xFF, 0xFF, 0xFF, 0xFF, 0xFF,
    0xFF, 0xFF, 0xFF, 0xFF, 0xFF, 0xFF, 0xFF, 0xFF, 0xFF, 0xFF, 0x3E, 0xA6, 0x3D, 0x34, 0x9D, 0x44, 0x7D, 0x44, 0x7D,
    0x44, 0x7D, 0x44, 0x7D, 0x44, 0x7D, 0x44, 0x7D, 0x44, 0x7D, 0x44, 0x7D, 0x44, 0x7D, 0x44, 0x7D, 0x44, 0x7D, 0x44,
    0x7D, 0x44, 0x7D, 0x44, 0x7D, 0x44, 0x7D, 0x44, 0x7D, 0x44, 0x7D, 0x44, 0x7D, 0x44, 0x7D, 0x44, 0x7D, 0x44, 0x7D,
    0x44, 0x7D, 0x44, 0x7D, 0x44, 0x7D, 0x44, 0x7D, 0x44, 0x7D, 0x44, 0x7D, 0x44, 0x7D, 0x44, 0x7D, 0x44, 0x7D, 0x44,
    0x7D, 0x44, 0x7D, 0x44, 0x7D, 0x44, 0x7D, 0x44, 0x7D, 0x44, 0x7D, 0x44, 0x7D, 0x44, 0x7D, 0x44, 0x7D, 0x44, 0x7D,
    0x44, 0x7D, 0x44, 0x7D, 0x44, 0x7D, 0x44, 0x7D, 0x44, 0x7D, 0x44, 0x7D, 0x44, 0x7D, 0x44, 0x7D, 0x44, 0x7D, 0x44,
    0x7D, 0x44, 0x7D, 0x44, 0x7D, 0x44, 0x7D, 0x44, 0x7D, 0x44, 0x7D, 0x44, 0x7D, 0x44, 0x7D, 0x44, 0x7D, 0x44, 0x7D,
    0x44, 0x7D, 0x44, 0x7D, 0x44, 0x7D, 0x44, 0x7D, 0x44, 0x7D, 0x44, 0x7D, 0x44, 0x7D, 0x44, 0x7D, 0x44, 0x7D, 0x44,
    0x7D, 0x44, 0x7D, 0x44, 0x7D, 0x44, 0x7D, 0x44, 0x7D, 0x44, 0x7D, 0x44, 0x7D, 0x44, 0x7D, 0x44, 0x7D, 0x44, 0x7D,
    0x44, 0x7D, 0x44, 0x7D, 0x44, 0x7D, 0x44, 0x7D, 0x44, 0x7D, 0x44, 0x7D, 0x44, 0x7D, 0x44, 0x7D, 0x44, 0x7D, 0x44,
    0x7D, 0x44, 0x7D, 0x44, 0x7D, 0x44, 0x7D, 0x44, 0x7D, 0x44, 0x7D, 0x44, 0x7D, 0x44, 0x7D, 0x44, 0x7D, 0x44, 0x7D,
    0x44, 0x7D, 0x44, 0x5C, 0x3C, 0xEE, 0x19, 0xAB, 0x11, 0x8B, 0x11, 0x6A, 0x11, 0x49, 0x11, 0x28, 0x11, 0x07, 0x09,
    0xE6, 0x08, 0xC6, 0x08, 0xC5, 0x08, 0xA4, 0x08, 0x84, 0x00, 0x83, 0x00, 0x63, 0x00, 0x42, 0x00, 0x42, 0x00, 0x41,
    0x00, 0x21, 0x00, 0x21, 0x00, 0x21, 0x00, 0x00, 0x00, 0x00, 0x00, 0x00, 0x00, 0x00, 0x00, 0x00, 0x00, 0x00, 0x00,
    0x00, 0x00, 0x00, 0x00, 0x21, 0x00, 0x21, 0x00, 0x21, 0x00, 0x41, 0x00, 0x42, 0x00, 0x42, 0x00, 0x63, 0x00, 0x83,
    0x00, 0x84, 0x00, 0xA4, 0x08, 0xC5, 0x08, 0xC6, 0x08, 0xE6, 0x08, 0x07, 0x09, 0x28, 0x11, 0x49, 0x11, 0x6A, 0x11,
    0x8B, 0x11, 0xAB, 0x11, 0xEE, 0x19, 0x3C, 0x3C, 0x7D, 0x44, 0x7D, 0x44, 0x7D, 0x44, 0x7D, 0x44, 0x7D, 0x44, 0x7D,
    0x44, 0x7D, 0x44, 0x7D, 0x44, 0x7D, 0x44, 0x7D, 0x44, 0x7D, 0x44, 0x7D, 0x44, 0x7D, 0x44, 0x7D, 0x44, 0x7D, 0x44,
    0x7D, 0x44, 0x7D, 0x44, 0x7D, 0x44, 0x7D, 0x44, 0x7D, 0x44, 0x5D, 0x3C, 0x3D, 0x34, 0x3D, 0x34, 0x3D, 0x3C, 0x3D,
    0x3C, 0x3D, 0x3C, 0x3D, 0x3C, 0x3D, 0x3C, 0x3D, 0x3C, 0x3D, 0x3C, 0x3D, 0x3C, 0x5D, 0x3C, 0x1D, 0x2C, 0x3E, 0x6D,
    0xFF, 0xFF, 0xFF, 0xFF, 0xFF, 0xFF, 0xFF, 0xFF, 0xFF, 0xFF, 0xFF, 0xFF, 0xFF, 0xFF, 0xFF, 0xFF, 0xFF, 0xFF, 0xFF,
    0xFF, 0xFF, 0xFF, 0xFF, 0xFF, 0xFF, 0xFF, 0xFF, 0xFF, 0xFF, 0xFF, 0x1E, 0x9E, 0xFD, 0x2B, 0x5D, 0x3C, 0x3D, 0x3C,
    0x3D, 0x3C, 0x3D, 0x3C, 0x3D, 0x3C, 0x3D, 0x3C, 0x3D, 0x3C, 0x3D, 0x3C, 0x3D, 0x3C, 0x3D, 0x34, 0x3D, 0x34, 0x5D,
    0x3C, 0x7D, 0x44, 0x7D, 0x44, 0x7D, 0x44, 0x7D, 0x44, 0x7D, 0x44, 0x7D, 0x44, 0x7D, 0x44, 0x7D, 0x44, 0x7D, 0x44,
    0x7D, 0x44, 0x7D, 0x44, 0x7D, 0x44, 0x7D, 0x44, 0x7D, 0x44, 0x7D, 0x44, 0x7D, 0x44, 0x7D, 0x44, 0x7D, 0x44, 0x7D,
    0x44, 0x7D, 0x44, 0x7D, 0x44, 0x7D, 0x44, 0x7D, 0x44, 0x7D, 0x44, 0x5D, 0x3C, 0x3D, 0x34, 0x3D, 0x34, 0x3D, 0x3C,
    0x3D, 0x3C, 0x3D, 0x3C, 0x3D, 0x3C, 0x3D, 0x3C, 0x3D, 0x3C, 0x3D, 0x3C, 0x3D, 0x3C, 0x3D, 0x3C, 0x3D, 0x3C, 0x3D,
    0x3C, 0x3D, 0x3C, 0x3D, 0x3C, 0x3D, 0x3C, 0x3D, 0x3C, 0x3D, 0x3C, 0x3D, 0x3C, 0x3D, 0x3C, 0x3D, 0x3C, 0x3D, 0x3C,
    0x3D, 0x3C, 0x3D, 0x3C, 0x3D, 0x3C, 0x3D, 0x3C, 0x3D, 0x3C, 0x3D, 0x3C, 0x3D, 0x3C, 0x3D, 0x3C, 0x3D, 0x3C, 0x3D,
    0x3C, 0x3D, 0x3C, 0x3D, 0x3C, 0x3D, 0x3C, 0x3D, 0x3C, 0x3D, 0x3C, 0x3D, 0x3C, 0x3D, 0x3C, 0x3D, 0x34, 0x3D, 0x34,
    0x5D, 0x3C, 0x7D, 0x44, 0x7D, 0x44, 0x7D, 0x44, 0x7D, 0x44, 0x7D, 0x44, 0x7D, 0x44, 0x7D, 0x44, 0x7D, 0x44, 0x7D,
    0x44, 0x7D, 0x44, 0x7D, 0x44, 0x7D, 0x44, 0x7D, 0x44, 0x7D, 0x44, 0x7D, 0x44, 0x7D, 0x44, 0x7D, 0x44, 0x7D, 0x44,
    0x7D, 0x44, 0x7D, 0x44, 0x3C, 0x3C, 0xEE, 0x19, 0xAB, 0x11, 0x8B, 0x11, 0x6A, 0x11, 0x49, 0x11, 0x28, 0x11, 0x07,
    0x09, 0xE6, 0x08, 0xC6, 0x08, 0xC5, 0x08, 0xA4, 0x08, 0x84, 0x00, 0x83, 0x00, 0x63, 0x00, 0x42, 0x00, 0x42, 0x00,
    0x41, 0x00, 0x21, 0x00, 0x21, 0x00, 0x21, 0x00, 0x00, 0x00, 0x00, 0x00, 0x00, 0x00, 0x00, 0x00, 0x00, 0x00, 0x00,
    0x00, 0x00, 0x00, 0x00, 0x00, 0x21, 0x00, 0x21, 0x00, 0x21, 0x00, 0x41, 0x00, 0x42, 0x00, 0x42, 0x00, 0x63, 0x00,
    0x83, 0x00, 0x84, 0x00, 0xA4, 0x08, 0xC5, 0x08, 0xC6, 0x08, 0xE6, 0x08, 0x07, 0x09, 0x28, 0x11, 0x49, 0x11, 0x6A,
    0x11, 0x8B, 0x11, 0xAB, 0x11, 0xEE, 0x19, 0x3C, 0x3C, 0x7D, 0x44, 0x7D, 0x44, 0x7D, 0x44, 0x7D, 0x44, 0x7D, 0x44,
    0x7D, 0x44, 0x7D, 0x44, 0x7D, 0x44, 0x7D, 0x44, 0x7D, 0x44, 0x7D, 0x44, 0x7D, 0x44, 0x7D, 0x44, 0x7D, 0x44, 0x7D,
    0x44, 0x7D, 0x44, 0x5D, 0x44, 0x7D, 0x44, 0x7D, 0x44, 0x3D, 0x34, 0xBD, 0x4C, 0xBE, 0x85, 0x9F, 0xB6, 0x1F, 0xCF,
    0x1F, 0xCF, 0x1F, 0xCF, 0x1F, 0xCF, 0x1F, 0xCF, 0x1F, 0xCF, 0x1F, 0xCF, 0x1F, 0xCF, 0x1F, 0xCF, 0x1F, 0xCF, 0x5F,
    0xDF, 0xFF, 0xFF, 0xFF, 0xFF, 0xFF, 0xFF, 0xFF, 0xFF, 0xFF, 0xFF, 0xFF, 0xFF, 0xFF, 0xFF, 0xFF, 0xFF, 0xFF, 0xFF,
    0xFF, 0xFF, 0xFF, 0xFF, 0xFF, 0xFF, 0xFF, 0xFF, 0xFF, 0xFF, 0xFF, 0xFF, 0x9F, 0xE7, 0xFF, 0xCE, 0x1F, 0xCF, 0x1F,
    0xCF, 0x1F, 0xCF, 0x1F, 0xCF, 0x1F, 0xCF, 0x1F, 0xCF, 0x1F, 0xCF, 0x1F, 0xCF, 0x1F, 0xCF, 0x9F, 0xB6, 0xBE, 0x85,
    0xBD, 0x4C, 0x3D, 0x34, 0x7D, 0x44, 0x7D, 0x44, 0x5D, 0x44, 0x7D, 0x44, 0x7D, 0x44, 0x7D, 0x44, 0x7D, 0x44, 0x7D,
    0x44, 0x7D, 0x44, 0x7D, 0x44, 0x7D, 0x44, 0x7D, 0x44, 0x7D, 0x44, 0x7D, 0x44, 0x7D, 0x44, 0x7D, 0x44, 0x7D, 0x44,
    0x7D, 0x44, 0x7D, 0x44, 0x5D, 0x44, 0x7D, 0x44, 0x7D, 0x44, 0x3D, 0x34, 0xBD, 0x4C, 0xBE, 0x85, 0x9F, 0xB6, 0x1F,
    0xCF, 0x1F, 0xCF, 0x1F, 0xCF, 0x1F, 0xCF, 0x1F, 0xCF, 0x1F, 0xCF, 0x1F, 0xCF, 0x1F, 0xCF, 0x1F, 0xCF, 0x1F, 0xCF,
    0x1F, 0xCF, 0x1F, 0xCF, 0x1F, 0xCF, 0x1F, 0xCF, 0x1F, 0xCF, 0x1F, 0xCF, 0x1F, 0xCF, 0x1F, 0xCF, 0x1F, 0xCF, 0x1F,
    0xCF, 0x1F, 0xCF, 0x1F, 0xCF, 0x1F, 0xCF, 0x1F, 0xCF, 0x1F, 0xCF, 0x1F, 0xCF, 0x1F, 0xCF, 0x1F, 0xCF, 0x1F, 0xCF,
    0x1F, 0xCF, 0x1F, 0xCF, 0x1F, 0xCF, 0x1F, 0xCF, 0x1F, 0xCF, 0x1F, 0xCF, 0x1F, 0xCF, 0x1F, 0xCF, 0x9F, 0xB6, 0xBE,
    0x85, 0xBD, 0x4C, 0x3D, 0x34, 0x7D, 0x44, 0x7D, 0x44, 0x5D, 0x44, 0x7D, 0x44, 0x7D, 0x44, 0x7D, 0x44, 0x7D, 0x44,
    0x7D, 0x44, 0x7D, 0x44, 0x7D, 0x44, 0x7D, 0x44, 0x7D, 0x44, 0x7D, 0x44, 0x7D, 0x44, 0x7D, 0x44, 0x7D, 0x44, 0x7D,
    0x44, 0x7D, 0x44, 0x7D, 0x44, 0x3C, 0x3C, 0xEE, 0x19, 0xAB, 0x11, 0x8B, 0x11, 0x6A, 0x11, 0x49, 0x11, 0x28, 0x11,
    0x07, 0x09, 0xE6, 0x08, 0xC6, 0x08, 0xC5, 0x08, 0xA4, 0x08, 0x84, 0x00, 0x83, 0x00, 0x63, 0x00, 0x42, 0x00, 0x42,
    0x00, 0x41, 0x00, 0x21, 0x00, 0x21, 0x00, 0x21, 0x00, 0x00, 0x00, 0x00, 0x00, 0x00, 0x00, 0x00, 0x00, 0x00, 0x00,
    0x00, 0x00, 0x00, 0x00, 0x00, 0x00, 0x21, 0x00, 0x21, 0x00, 0x21, 0x00, 0x41, 0x00, 0x42, 0x00, 0x42, 0x00, 0x63,
    0x00, 0x83, 0x00, 0x84, 0x00, 0xA4, 0x08, 0xC5, 0x08, 0xC6, 0x08, 0xE6, 0x08, 0x07, 0x09, 0x28, 0x11, 0x49, 0x11,
    0x6A, 0x11, 0x8B, 0x11, 0xAB, 0x11, 0xEE, 0x19, 0x3C, 0x3C, 0x7D, 0x44, 0x5D, 0x44, 0x5D, 0x44, 0x5D, 0x44, 0x5D,
    0x44, 0x5D, 0x44, 0x5D, 0x44, 0x5D, 0x44, 0x5D, 0x44, 0x5D, 0x44, 0x5D, 0x44, 0x5D, 0x44, 0x5D, 0x44, 0x5D, 0x44,
    0x5D, 0x44, 0x5D, 0x44, 0x7D, 0x44, 0x5D, 0x44, 0x3D, 0x3C, 0xDE, 0x95, 0xBF, 0xEF, 0xFF, 0xFF, 0xFF, 0xFF, 0xFF,
    0xFF, 0xFF, 0xFF, 0xFF, 0xFF, 0xFF, 0xFF, 0xFF, 0xFF, 0xFF, 0xFF, 0xFF, 0xFF, 0xFF, 0xFF, 0xFF, 0xFF, 0xFF, 0xFF,
    0xFF, 0xFF, 0xFF, 0xFF, 0xFF, 0xFF, 0xFF, 0xFF, 0xFF, 0xFF, 0xFF, 0xFF, 0xFF, 0xFF, 0xFF, 0xFF, 0xFF, 0xFF, 0xFF,
    0xFF, 0xFF, 0xFF, 0xFF, 0xFF, 0xFF, 0xFF, 0xFF, 0xFF, 0xFF, 0xFF, 0xFF, 0xFF, 0xFF, 0xFF, 0xFF, 0xFF, 0xFF, 0xFF,
    0xFF, 0xFF, 0xFF, 0xFF, 0xFF, 0xFF, 0xFF, 0xFF, 0xFF, 0xFF, 0xFF, 0xFF, 0xFF, 0xFF, 0xFF, 0xFF, 0xFF, 0xFF, 0xFF,
    0xFF, 0xBF, 0xEF, 0xDE, 0x95, 0x3D, 0x3C, 0x5D, 0x44, 0x7D, 0x44, 0x5D, 0x44, 0x5D, 0x44, 0x5D, 0x44, 0x5D, 0x44,
    0x5D, 0x44, 0x5D, 0x44, 0x5D, 0x44, 0x5D, 0x44, 0x5D, 0x44, 0x5D, 0x44, 0x5D, 0x44, 0x5D, 0x44, 0x5D, 0x44, 0x5D,
    0x44, 0x5D, 0x44, 0x5D, 0x44, 0x7D, 0x44, 0x5D, 0x44, 0x3D, 0x3C, 0xDE, 0x95, 0xBF, 0xEF, 0xFF, 0xFF, 0xFF, 0xFF,
    0xFF, 0xFF, 0xFF, 0xFF, 0xFF, 0xFF, 0xFF, 0xFF, 0xFF, 0xFF, 0xFF, 0xFF, 0xFF, 0xFF, 0xFF, 0xFF, 0xFF, 0xFF, 0xFF,
    0xFF, 0xFF, 0xFF, 0xFF, 0xFF, 0xFF, 0xFF, 0xFF, 0xFF, 0xFF, 0xFF, 0xFF, 0xFF, 0xFF, 0xFF, 0xFF, 0xFF, 0xFF, 0xFF,
    0xFF, 0xFF, 0xFF, 0xFF, 0xFF, 0xFF, 0xFF, 0xFF, 0xFF, 0xFF, 0xFF, 0xFF, 0xFF, 0xFF, 0xFF, 0xFF, 0xFF, 0xFF, 0xFF,
    0xFF, 0xFF, 0xFF, 0xFF, 0xFF, 0xFF, 0xFF, 0xFF, 0xFF, 0xFF, 0xFF, 0xFF, 0xFF, 0xFF, 0xFF, 0xFF, 0xFF, 0xFF, 0xFF,
    0xFF, 0xFF, 0xBF, 0xEF, 0xDE, 0x95, 0x3D, 0x3C, 0x5D, 0x44, 0x7D, 0x44, 0x5D, 0x44, 0x5D, 0x44, 0x5D, 0x44, 0x5D,
    0x44, 0x5D, 0x44, 0x5D, 0x44, 0x5D, 0x44, 0x5D, 0x44, 0x5D, 0x44, 0x5D, 0x44, 0x5D, 0x44, 0x5D, 0x44, 0x5D, 0x44,
    0x5D, 0x44, 0x5D, 0x44, 0x7D, 0x44, 0x3C, 0x3C, 0xEE, 0x19, 0xAB, 0x11, 0x8B, 0x11, 0x6A, 0x11, 0x49, 0x11, 0x28,
    0x11, 0x07, 0x09, 0xE6, 0x08, 0xC6, 0x08, 0xC5, 0x08, 0xA4, 0x08, 0x84, 0x00, 0x83, 0x00, 0x63, 0x00, 0x42, 0x00,
    0x42, 0x00, 0x41, 0x00, 0x21, 0x00, 0x21, 0x00, 0x21, 0x00, 0x00, 0x00, 0x00, 0x00, 0x00, 0x00, 0x00, 0x00, 0x00,
    0x00, 0x00, 0x00, 0x00, 0x00, 0x00, 0x00, 0x21, 0x00, 0x21, 0x00, 0x21, 0x00, 0x41, 0x00, 0x42, 0x00, 0x42, 0x00,
    0x63, 0x00, 0x83, 0x00, 0x84, 0x00, 0xA4, 0x08, 0xC5, 0x08, 0xC6, 0x08, 0xE6, 0x08, 0x07, 0x09, 0x28, 0x11, 0x49,
    0x11, 0x6A, 0x11, 0x8B, 0x11, 0xAB, 0x11, 0xEE, 0x19, 0x3C, 0x3C, 0x5D, 0x44, 0x5D, 0x44, 0x5D, 0x44, 0x5D, 0x44,
    0x5D, 0x44, 0x5D, 0x44, 0x5D, 0x44, 0x5D, 0x44, 0x5D, 0x44, 0x5D, 0x44, 0x5D, 0x44, 0x5D, 0x44, 0x5D, 0x44, 0x5D,
    0x44, 0x5D, 0x44, 0x5D, 0x44, 0x5D, 0x44, 0x3D, 0x3C, 0x9F, 0xB6, 0xFF, 0xFF, 0xFF, 0xFF, 0xFF, 0xFF, 0xFF, 0xFF,
    0xFF, 0xFF, 0xFF, 0xFF, 0xFF, 0xFF, 0xFF, 0xFF, 0xFF, 0xFF, 0xFF, 0xFF, 0xFF, 0xFF, 0xFF, 0xFF, 0xFF, 0xFF, 0xFF,
    0xFF, 0xFF, 0xFF, 0xFF, 0xFF, 0xFF, 0xFF, 0xFF, 0xFF, 0xFF, 0xFF, 0xFF, 0xFF, 0xFF, 0xFF, 0xFF, 0xFF, 0xFF, 0xFF,
    0xFF, 0xFF, 0xFF, 0xFF, 0xFF, 0xFF, 0xFF, 0xFF, 0xFF, 0xFF, 0xFF, 0xFF, 0xFF, 0xFF, 0xFF, 0xFF, 0xFF, 0xFF, 0xFF,
    0xFF, 0xFF, 0xFF, 0xFF, 0xFF, 0xFF, 0xFF, 0xFF, 0xFF, 0xFF, 0xFF, 0xFF, 0xFF, 0xFF, 0xFF, 0xFF, 0xFF, 0xFF, 0xFF,
    0xFF, 0xFF, 0xFF, 0xFF, 0xFF, 0xFF, 0x9F, 0xB6, 0x3D, 0x3C, 0x5D, 0x44, 0x5D, 0x44, 0x5D, 0x44, 0x5D, 0x44, 0x5D,
    0x44, 0x5D, 0x44, 0x5D, 0x44, 0x5D, 0x44, 0x5D, 0x44, 0x5D, 0x44, 0x5D, 0x44, 0x5D, 0x44, 0x5D, 0x44, 0x5D, 0x44,
    0x5D, 0x44, 0x5D, 0x44, 0x5D, 0x44, 0x5D, 0x44, 0x3D, 0x3C, 0x9F, 0xB6, 0xFF, 0xFF, 0xFF, 0xFF, 0xFF, 0xFF, 0xFF,
    0xFF, 0xFF, 0xFF, 0xFF, 0xFF, 0xFF, 0xFF, 0xFF, 0xFF, 0xFF, 0xFF, 0xFF, 0xFF, 0xFF, 0xFF, 0xFF, 0xFF, 0xFF, 0xFF,
    0xFF, 0xFF, 0xFF, 0xFF, 0xFF, 0xFF, 0xFF, 0xFF, 0xFF, 0xFF, 0xFF, 0xFF, 0xFF, 0xFF, 0xFF, 0xFF, 0xFF, 0xFF, 0xFF,
    0xFF, 0xFF, 0xFF, 0xFF, 0xFF, 0xFF, 0xFF, 0xFF, 0xFF, 0xFF, 0xFF, 0xFF, 0xFF, 0xFF, 0xFF, 0xFF, 0xFF, 0xFF, 0xFF,
    0xFF, 0xFF, 0xFF, 0xFF, 0xFF, 0xFF, 0xFF, 0xFF, 0xFF, 0xFF, 0xFF, 0xFF, 0xFF, 0xFF, 0xFF, 0xFF, 0xFF, 0xFF, 0xFF,
    0xFF, 0xFF, 0xFF, 0xFF, 0xFF, 0xFF, 0xFF, 0x9F, 0xB6, 0x3D, 0x3C, 0x5D, 0x44, 0x5D, 0x44, 0x5D, 0x44, 0x5D, 0x44,
    0x5D, 0x44, 0x5D, 0x44, 0x5D, 0x44, 0x5D, 0x44, 0x5D, 0x44, 0x5D, 0x44, 0x5D, 0x44, 0x5D, 0x44, 0x5D, 0x44, 0x5D,
    0x44, 0x5D, 0x44, 0x5D, 0x44, 0x5D, 0x44, 0x3C, 0x3C, 0xEE, 0x19, 0xAB, 0x11, 0x8B, 0x11, 0x6A, 0x11, 0x49, 0x11,
    0x28, 0x11, 0x07, 0x09, 0xE6, 0x08, 0xC6, 0x08, 0xC5, 0x08, 0xA4, 0x08, 0x84, 0x00, 0x83, 0x00, 0x63, 0x00, 0x42,
    0x00, 0x42, 0x00, 0x41, 0x00, 0x21, 0x00, 0x21, 0x00, 0x21, 0x00, 0x00, 0x00, 0x00, 0x00, 0x00, 0x00, 0x00, 0x00,
    0x00, 0x00, 0x00, 0x00, 0x00, 0x00, 0x00, 0x00, 0x21, 0x00, 0x21, 0x00, 0x21, 0x00, 0x41, 0x00, 0x42, 0x00, 0x42,
    0x00, 0x63, 0x00, 0x83, 0x00, 0x84, 0x00, 0xA4, 0x08, 0xC5, 0x08, 0xC6, 0x08, 0xE6, 0x08, 0x07, 0x09, 0x28, 0x11,
    0x49, 0x11, 0x6A, 0x11, 0x8B, 0x11, 0xAB, 0x11, 0xEE, 0x19, 0x3C, 0x3C, 0x5D, 0x44, 0x5D, 0x44, 0x5D, 0x44, 0x5D,
    0x44, 0x5D, 0x44, 0x5D, 0x44, 0x5D, 0x44, 0x5D, 0x44, 0x5D, 0x44, 0x5D, 0x44, 0x5D, 0x44, 0x5D, 0x44, 0x5D, 0x44,
    0x5D, 0x44, 0x5D, 0x44, 0x7D, 0x44, 0x1D, 0x34, 0x3E, 0xA6, 0xFF, 0xFF, 0xFF, 0xFF, 0xFF, 0xFF, 0xFF, 0xFF, 0xFF,
    0xFF, 0xFF, 0xFF, 0xFF, 0xFF, 0xFF, 0xFF, 0xFF, 0xFF, 0xFF, 0xFF, 0xFF, 0xFF, 0xFF, 0xFF, 0xFF, 0xFF, 0xFF, 0xFF,
    0xFF, 0xFF, 0xFF, 0xFF, 0xFF, 0xFF, 0xFF, 0xFF, 0xFF, 0xFF, 0xFF, 0xFF, 0xFF, 0xFF, 0xFF, 0xFF, 0xFF, 0xFF, 0xFF,
    0xFF, 0xFF, 0xFF, 0xFF, 0xFF, 0xFF, 0xFF, 0xFF, 0xFF, 0xFF, 0xFF, 0xFF, 0xFF, 0xFF, 0xFF, 0xFF, 0xFF, 0xFF, 0xFF,
    0xFF, 0xFF, 0xFF, 0xFF, 0xFF, 0xFF, 0xFF, 0xFF, 0xFF, 0xFF, 0xFF, 0xFF, 0xFF, 0xFF, 0xFF, 0xFF, 0xFF, 0xFF, 0xFF,
    0xFF, 0xFF, 0xFF, 0xFF, 0xFF, 0xFF, 0xFF, 0xFF, 0xFF, 0x3E, 0xA6, 0x1D, 0x34, 0x7D, 0x44, 0x5D, 0x44, 0x5D, 0x44,
    0x5D, 0x44, 0x5D, 0x44, 0x5D, 0x44, 0x5D, 0x44, 0x5D, 0x44, 0x5D, 0x44, 0x5D, 0x44, 0x5D, 0x44, 0x5D, 0x44, 0x5D,
    0x44, 0x5D, 0x44, 0x5D, 0x44, 0x7D, 0x44, 0x1D, 0x34, 0x3E, 0xA6, 0xFF, 0xFF, 0xFF, 0xFF, 0xFF, 0xFF, 0xFF, 0xFF,
    0xFF, 0xFF, 0xFF, 0xFF, 0xFF, 0xFF, 0xFF, 0xFF, 0xFF, 0xFF, 0xFF, 0xFF, 0xFF, 0xFF, 0xFF, 0xFF, 0xFF, 0xFF, 0xFF,
    0xFF, 0xFF, 0xFF, 0xFF, 0xFF, 0xFF, 0xFF, 0xFF, 0xFF, 0xFF, 0xFF, 0xFF, 0xFF, 0xFF, 0xFF, 0xFF, 0xFF, 0xFF, 0xFF,
    0xFF, 0xFF, 0xFF, 0xFF, 0xFF, 0xFF, 0xFF, 0xFF, 0xFF, 0xFF, 0xFF, 0xFF, 0xFF, 0xFF, 0xFF, 0xFF, 0xFF, 0xFF, 0xFF,
    0xFF, 0xFF, 0xFF, 0xFF, 0xFF, 0xFF, 0xFF, 0xFF, 0xFF, 0xFF, 0xFF, 0xFF, 0xFF, 0xFF, 0xFF, 0xFF, 0xFF, 0xFF, 0xFF,
    0xFF, 0xFF, 0xFF, 0xFF, 0xFF, 0xFF, 0xFF, 0xFF, 0xFF, 0xFF, 0x3E, 0xA6, 0x1D, 0x34, 0x7D, 0x44, 0x5D, 0x44, 0x5D,
    0x44, 0x5D, 0x44, 0x5D, 0x44, 0x5D, 0x44, 0x5D, 0x44, 0x5D, 0x44, 0x5D, 0x44, 0x5D, 0x44, 0x5D, 0x44, 0x5D, 0x44,
    0x5D, 0x44, 0x5D, 0x44, 0x5D, 0x44, 0x5D, 0x44, 0x3C, 0x3C, 0xEE, 0x19, 0xAB, 0x11, 0x8B, 0x11, 0x6A, 0x11, 0x49,
    0x11, 0x28, 0x11, 0x07, 0x09, 0xE6, 0x08, 0xC6, 0x08, 0xC5, 0x08, 0xA4, 0x08, 0x84, 0x00, 0x83, 0x00, 0x63, 0x00,
    0x42, 0x00, 0x42, 0x00, 0x41, 0x00, 0x21, 0x00, 0x21, 0x00, 0x21, 0x00, 0x00, 0x00, 0x00, 0x00, 0x00, 0x00, 0x00,
    0x00, 0x00, 0x00, 0x00, 0x00, 0x00, 0x00, 0x00, 0x00, 0x21, 0x00, 0x21, 0x00, 0x21, 0x00, 0x41, 0x00, 0x42, 0x00,
    0x42, 0x00, 0x63, 0x00, 0x83, 0x00, 0x84, 0x00, 0xA4, 0x08, 0xC5, 0x08, 0xC6, 0x08, 0xE6, 0x08, 0x07, 0x09, 0x28,
    0x11, 0x49, 0x11, 0x6A, 0x11, 0x8B, 0x11, 0xAB, 0x11, 0xEE, 0x19, 0x3C, 0x3C, 0x5D, 0x44, 0x5D, 0x44, 0x5D, 0x44,
    0x5D, 0x44, 0x5D, 0x44, 0x5D, 0x44, 0x5D, 0x44, 0x5D, 0x44, 0x5D, 0x44, 0x5D, 0x44, 0x5D, 0x44, 0x5D, 0x44, 0x5D,
    0x44, 0x5D, 0x44, 0x5D, 0x44, 0x3D, 0x3C, 0xFD, 0x5C, 0xFF, 0xFF, 0xFF, 0xFF, 0xFF, 0xFF, 0xFF, 0xFF, 0xFF, 0xFF,
    0xFF, 0xFF, 0xFF, 0xFF, 0xFF, 0xFF, 0xFF, 0xFF, 0xFF, 0xFF, 0xFF, 0xFF, 0xFF, 0xFF, 0xFF, 0xFF, 0xFF, 0xFF, 0xFF,
    0xFF, 0xFF, 0xFF, 0xFF, 0xFF, 0xFF, 0xFF, 0xFF, 0xFF, 0xFF, 0xFF, 0xFF, 0xFF, 0xFF, 0xFF, 0xFF, 0xFF, 0xFF, 0xFF,
    0xFF, 0xFF, 0xFF, 0xFF, 0xFF, 0xFF, 0xFF, 0xFF, 0xFF, 0xFF, 0xFF, 0xFF, 0xFF, 0xFF, 0xFF, 0xFF, 0xFF, 0xFF, 0xFF,
    0xFF, 0xFF, 0xFF, 0xFF, 0xFF, 0xFF, 0xFF, 0xFF, 0xFF, 0xFF, 0xFF, 0xFF, 0xFF, 0xFF, 0xFF, 0xFF, 0xFF, 0xFF, 0xFF,
    0xFF, 0xFF, 0xFF, 0xFF, 0xFF, 0xFF, 0xFF, 0xFF, 0xFF, 0xFF, 0xFF, 0xFF, 0xFD, 0x5C, 0x3D, 0x3C, 0x5D, 0x44, 0x5D,
    0x44, 0x5D, 0x44, 0x5D, 0x44, 0x5D, 0x44, 0x5D, 0x44, 0x5D, 0x44, 0x5D, 0x44, 0x5D, 0x44, 0x5D, 0x44, 0x5D, 0x44,
    0x5D, 0x44, 0x5D, 0x44, 0x5D, 0x44, 0x3D, 0x3C, 0xFD, 0x5C, 0xFF, 0xFF, 0xFF, 0xFF, 0xFF, 0xFF, 0xFF, 0xFF, 0xFF,
    0xFF, 0xFF, 0xFF, 0xFF, 0xFF, 0xFF, 0xFF, 0xFF, 0xFF, 0xFF, 0xFF, 0xFF, 0xFF, 0xFF, 0xFF, 0xFF, 0xFF, 0xFF, 0xFF,
    0xFF, 0xFF, 0xFF, 0xFF, 0xFF, 0xFF, 0xFF, 0xFF, 0xFF, 0xFF, 0xFF, 0xFF, 0xFF, 0xFF, 0xFF, 0xFF, 0xFF, 0xFF, 0xFF,
    0xFF, 0xFF, 0xFF, 0xFF, 0xFF, 0xFF, 0xFF, 0xFF, 0xFF, 0xFF, 0xFF, 0xFF, 0xFF, 0xFF, 0xFF, 0xFF, 0xFF, 0xFF, 0xFF,
    0xFF, 0xFF, 0xFF, 0xFF, 0xFF, 0xFF, 0xFF, 0xFF, 0xFF, 0xFF, 0xFF, 0xFF, 0xFF, 0xFF, 0xFF, 0xFF, 0xFF, 0xFF, 0xFF,
    0xFF, 0xFF, 0xFF, 0xFF, 0xFF, 0xFF, 0xFF, 0xFF, 0xFF, 0xFF, 0xFF, 0xFF, 0xFF, 0xFD, 0x5C, 0x3D, 0x3C, 0x5D, 0x44,
    0x5D, 0x44, 0x5D, 0x44, 0x5D, 0x44, 0x5D, 0x44, 0x5D, 0x44, 0x5D, 0x44, 0x5D, 0x44, 0x5D, 0x44, 0x5D, 0x44, 0x5D,
    0x44, 0x5D, 0x44, 0x5D, 0x44, 0x5D, 0x44, 0x5D, 0x44, 0x3C, 0x3C, 0xEE, 0x19, 0xAB, 0x11, 0x8B, 0x11, 0x6A, 0x11,
    0x49, 0x11, 0x28, 0x11, 0x07, 0x09, 0xE6, 0x08, 0xC6, 0x08, 0xC5, 0x08, 0xA4, 0x08, 0x84, 0x00, 0x83, 0x00, 0x63,
    0x00, 0x42, 0x00, 0x42, 0x00, 0x41, 0x00, 0x21, 0x00, 0x21, 0x00, 0x21, 0x00, 0x00, 0x00, 0x00, 0x00, 0x00, 0x00,
    0x00, 0x00, 0x00, 0x00, 0x00, 0x00, 0x00, 0x00, 0x00, 0x00, 0x21, 0x00, 0x21, 0x00, 0x21, 0x00, 0x41, 0x00, 0x42,
    0x00, 0x42, 0x00, 0x63, 0x00, 0x83, 0x00, 0x84, 0x00, 0xA4, 0x08, 0xC5, 0x08, 0xC6, 0x08, 0xE6, 0x08, 0x07, 0x09,
    0x28, 0x11, 0x49, 0x11, 0x6A, 0x11, 0x8B, 0x11, 0xAB, 0x11, 0xEE, 0x19, 0x3C, 0x3C, 0x5D, 0x44, 0x5D, 0x3C, 0x5D,
    0x3C, 0x5D, 0x3C, 0x5D, 0x3C, 0x5D, 0x3C, 0x5D, 0x3C, 0x5D, 0x3C, 0x5D, 0x3C, 0x5D, 0x3C, 0x5D, 0x3C, 0x5D, 0x3C,
    0x5D, 0x3C, 0x5D, 0x3C, 0x5D, 0x44, 0x1D, 0x34, 0x5E, 0xAE, 0xFF, 0xFF, 0xFF, 0xFF, 0xFF, 0xFF, 0xFF, 0xFF, 0xFF,
    0xFF, 0xFF, 0xFF, 0xFF, 0xFF, 0xFF, 0xFF, 0xFF, 0xFF, 0xFF, 0xFF, 0xFF, 0xFF, 0xFF, 0xFF, 0xFF, 0xFF, 0xFF, 0xFF,
    0xFF, 0xFF, 0xFF, 0xFF, 0xFF, 0xFF, 0xFF, 0xFF, 0xFF, 0xFF, 0xFF, 0xFF, 0xFF, 0xFF, 0xFF, 0xFF, 0xFF, 0xFF, 0xFF,
    0xFF, 0xFF, 0xFF, 0xFF, 0xFF, 0xFF, 0xFF, 0xFF, 0xFF, 0xFF, 0xFF, 0xFF, 0xFF, 0xFF, 0xFF, 0xFF, 0xFF, 0xFF, 0xFF,
    0xFF, 0xFF, 0xFF, 0xFF, 0xFF, 0xFF, 0xFF, 0xFF, 0xFF, 0xFF, 0xFF, 0xFF, 0xFF, 0xFF, 0xFF, 0xFF, 0xFF, 0xFF, 0xFF,
    0xFF, 0xFF, 0xFF, 0xFF, 0xFF, 0xFF, 0xFF, 0xFF, 0xFF, 0xFF, 0xFF, 0xFF, 0xFF, 0x5E, 0xAE, 0x1D, 0x34, 0x5D, 0x44,
    0x5D, 0x3C, 0x5D, 0x3C, 0x5D, 0x3C, 0x5D, 0x3C, 0x5D, 0x3C, 0x5D, 0x3C, 0x5D, 0x3C, 0x5D, 0x3C, 0x5D, 0x3C, 0x5D,
    0x3C, 0x5D, 0x3C, 0x5D, 0x3C, 0x5D, 0x44, 0x1D, 0x34, 0x5E, 0xAE, 0xFF, 0xFF, 0xFF, 0xFF, 0xFF, 0xFF, 0xFF, 0xFF,
    0xFF, 0xFF, 0xFF, 0xFF, 0xFF, 0xFF, 0xFF, 0xFF, 0xFF, 0xFF, 0xFF, 0xFF, 0xFF, 0xFF, 0xFF, 0xFF, 0xFF, 0xFF, 0xFF,
    0xFF, 0xFF, 0xFF, 0xFF, 0xFF, 0xFF, 0xFF, 0xFF, 0xFF, 0xFF, 0xFF, 0xFF, 0xFF, 0xFF, 0xFF, 0xFF, 0xFF, 0xFF, 0xFF,
    0xFF, 0xFF, 0xFF, 0xFF, 0xFF, 0xFF, 0xFF, 0xFF, 0xFF, 0xFF, 0xFF, 0xFF, 0xFF, 0xFF, 0xFF, 0xFF, 0xFF, 0xFF, 0xFF,
    0xFF, 0xFF, 0xFF, 0xFF, 0xFF, 0xFF, 0xFF, 0xFF, 0xFF, 0xFF, 0xFF, 0xFF, 0xFF, 0xFF, 0xFF, 0xFF, 0xFF, 0xFF, 0xFF,
    0xFF, 0xFF, 0xFF, 0xFF, 0xFF, 0xFF, 0xFF, 0xFF, 0xFF, 0xFF, 0xFF, 0xFF, 0xFF, 0xFF, 0x5E, 0xAE, 0x1D, 0x34, 0x5D,
    0x44, 0x5D, 0x3C, 0x5D, 0x3C, 0x5D, 0x3C, 0x5D, 0x3C, 0x5D, 0x3C, 0x5D, 0x3C, 0x5D, 0x3C, 0x5D, 0x3C, 0x5D, 0x3C,
    0x5D, 0x3C, 0x5D, 0x3C, 0x5D, 0x3C, 0x5D, 0x3C, 0x5D, 0x44, 0x3C, 0x3C, 0xEE, 0x19, 0xAB, 0x11, 0x8B, 0x11, 0x6A,
    0x11, 0x49, 0x11, 0x28, 0x11, 0x07, 0x09, 0xE6, 0x08, 0xC6, 0x08, 0xC5, 0x08, 0xA4, 0x08, 0x84, 0x00, 0x83, 0x00,
    0x63, 0x00, 0x42, 0x00, 0x42, 0x00, 0x41, 0x00, 0x21, 0x00, 0x21, 0x00, 0x21, 0x00, 0x00, 0x00, 0x00, 0x00, 0x00,
    0x00, 0x00, 0x00, 0x00, 0x00, 0x00, 0x00, 0x00, 0x00, 0x00, 0x00, 0x21, 0x00, 0x21, 0x00, 0x21, 0x00, 0x41, 0x00,
    0x42, 0x00, 0x42, 0x00, 0x63, 0x00, 0x83, 0x00, 0x84, 0x00, 0xA4, 0x08, 0xC5, 0x08, 0xC6, 0x08, 0xE6, 0x08, 0x07,
    0x09, 0x28, 0x11, 0x49, 0x11, 0x6A, 0x11, 0x8B, 0x11, 0xAB, 0x11, 0xEE, 0x19, 0x1C, 0x3C, 0x5D, 0x44, 0x5D, 0x3C,
    0x5D, 0x3C, 0x5D, 0x3C, 0x5D, 0x3C, 0x5D, 0x3C, 0x5D, 0x3C, 0x5D, 0x3C, 0x5D, 0x3C, 0x5D, 0x3C, 0x5D, 0x3C, 0x5D,
    0x3C, 0x5D, 0x3C, 0x5D, 0x3C, 0x5D, 0x44, 0x3D, 0x3C, 0x3F, 0xDF, 0xFF, 0xFF, 0xFF, 0xFF, 0xFF, 0xFF, 0xFF, 0xFF,
    0xFF, 0xFF, 0xFF, 0xFF, 0xFF, 0xFF, 0xFF, 0xFF, 0xFF, 0xFF, 0xFF, 0xFF, 0xFF, 0xFF, 0xFF, 0xFF, 0xFF, 0xFF, 0xFF,
    0xFF, 0xFF, 0xFF, 0xFF, 0xFF, 0xFF, 0xFF, 0xFF, 0xFF, 0xFF, 0xFF, 0xFF, 0xFF, 0xFF, 0xFF, 0xFF, 0xFF, 0xFF, 0xFF,
    0xFF, 0xFF, 0xFF, 0xFF, 0xFF, 0xFF, 0xFF, 0xFF, 0xFF, 0xFF, 0xFF, 0xFF, 0xFF, 0xFF, 0xFF, 0xFF, 0xFF, 0xFF, 0xFF,
    0xFF, 0xFF, 0xFF, 0xFF, 0xFF, 0xFF, 0xFF, 0xFF, 0xFF, 0xFF, 0xFF, 0xFF, 0xFF, 0xFF, 0xFF, 0xFF, 0xFF, 0xFF, 0xFF,
    0xFF, 0xFF, 0xFF, 0xFF, 0xFF, 0xFF, 0xFF, 0xFF, 0xFF, 0xFF, 0xFF, 0xFF, 0xFF, 0xFF, 0x3F, 0xDF, 0x3D, 0x3C, 0x5D,
    0x44, 0x5D, 0x3C, 0x5D, 0x3C, 0x5D, 0x3C, 0x5D, 0x3C, 0x5D, 0x3C, 0x5D, 0x3C, 0x5D, 0x3C, 0x5D, 0x3C, 0x5D, 0x3C,
    0x5D, 0x3C, 0x5D, 0x3C, 0x5D, 0x3C, 0x5D, 0x44, 0x3D, 0x3C, 0x3F, 0xDF, 0xFF, 0xFF, 0xFF, 0xFF, 0xFF, 0xFF, 0xFF,
    0xFF, 0xFF, 0xFF, 0xFF, 0xFF, 0xFF, 0xFF, 0xFF, 0xFF, 0xFF, 0xFF, 0xFF, 0xFF, 0xFF, 0xFF, 0xFF, 0xFF, 0xFF, 0xFF,
    0xFF, 0xFF, 0xFF, 0xFF, 0xFF, 0xFF, 0xFF, 0xFF, 0xFF, 0xFF, 0xFF, 0xFF, 0xFF, 0xFF, 0xFF, 0xFF, 0xFF, 0xFF, 0xFF,
    0xFF, 0xFF, 0xFF, 0xFF, 0xFF, 0xFF, 0xFF, 0xFF, 0xFF, 0xFF, 0xFF, 0xFF, 0xFF, 0xFF, 0xFF, 0xFF, 0xFF, 0xFF, 0xFF,
    0xFF, 0xFF, 0xFF, 0xFF, 0xFF, 0xFF, 0xFF, 0xFF, 0xFF, 0xFF, 0xFF, 0xFF, 0xFF, 0xFF, 0xFF, 0xFF, 0xFF, 0xFF, 0xFF,
    0xFF, 0xFF, 0xFF, 0xFF, 0xFF, 0xFF, 0xFF, 0xFF, 0xFF, 0xFF, 0xFF, 0xFF, 0xFF, 0xFF, 0xFF, 0x3F, 0xDF, 0x3D, 0x3C,
    0x5D, 0x44, 0x5D, 0x3C, 0x5D, 0x3C, 0x5D, 0x3C, 0x5D, 0x3C, 0x5D, 0x3C, 0x5D, 0x3C, 0x5D, 0x3C, 0x5D, 0x3C, 0x5D,
    0x3C, 0x5D, 0x3C, 0x5D, 0x3C, 0x5D, 0x3C, 0x5D, 0x3C, 0x5D, 0x44, 0x1C, 0x3C, 0xEE, 0x19, 0xAB, 0x11, 0x8B, 0x11,
    0x6A, 0x11, 0x49, 0x11, 0x28, 0x11, 0x07, 0x09, 0xE6, 0x08, 0xC6, 0x08, 0xC5, 0x08, 0xA4, 0x08, 0x84, 0x00, 0x83,
    0x00, 0x63, 0x00, 0x42, 0x00, 0x42, 0x00, 0x41, 0x00, 0x21, 0x00, 0x21, 0x00, 0x21, 0x00, 0x00, 0x00, 0x00, 0x00,
    0x00, 0x00, 0x00, 0x00, 0x00, 0x00, 0x00, 0x00, 0x00, 0x00, 0x00, 0x00, 0x21, 0x00, 0x21, 0x00, 0x21, 0x00, 0x41,
    0x00, 0x42, 0x00, 0x42, 0x00, 0x63, 0x00, 0x83, 0x00, 0x84, 0x00, 0xA4, 0x08, 0xC5, 0x08, 0xC6, 0x08, 0xE6, 0x08,
    0x07, 0x09, 0x28, 0x11, 0x49, 0x11, 0x6A, 0x11, 0x8B, 0x11, 0xAB, 0x11, 0xEE, 0x19, 0x1C, 0x3C, 0x5D, 0x44, 0x5D,
    0x3C, 0x5D, 0x3C, 0x5D, 0x3C, 0x5D, 0x3C, 0x5D, 0x3C, 0x5D, 0x3C, 0x5D, 0x3C, 0x5D, 0x3C, 0x5D, 0x3C, 0x5D, 0x3C,
    0x5D, 0x3C, 0x5D, 0x3C, 0x5D, 0x44, 0x3D, 0x3C, 0x9D, 0x4C, 0xBF, 0xF7, 0xFF, 0xFF, 0xFF, 0xFF, 0xFF, 0xFF, 0xFF,
    0xFF, 0xFF, 0xFF, 0xFF, 0xFF, 0xFF, 0xFF, 0xFF, 0xFF, 0xFF, 0xFF, 0xFF, 0xFF, 0xFF, 0xFF, 0xFF, 0xFF, 0xFF, 0xFF,
    0xFF, 0xFF, 0xFF, 0xFF, 0xFF, 0xFF, 0xFF, 0xFF, 0xFF, 0xFF, 0xFF, 0xFF, 0xFF, 0xFF, 0xFF, 0xFF, 0xFF, 0xFF, 0xFF,
    0xFF, 0xFF, 0xFF, 0xFF, 0xFF, 0xFF, 0xFF, 0xFF, 0xFF, 0xFF, 0xFF, 0xFF, 0xFF, 0xFF, 0xFF, 0xFF, 0xFF, 0xFF, 0xFF,
    0xFF, 0xFF, 0xFF, 0xFF, 0xFF, 0xFF, 0xFF, 0xFF, 0xFF, 0xFF, 0xFF, 0xFF, 0xFF, 0xFF, 0xFF, 0xFF, 0xFF, 0xFF, 0xFF,
    0xFF, 0xFF, 0xFF, 0xFF, 0xFF, 0xFF, 0xFF, 0xFF, 0xFF, 0xFF, 0xFF, 0xFF, 0xFF, 0xFF, 0xFF, 0xBF, 0xF7, 0x9D, 0x4C,
    0x3D, 0x3C, 0x5D, 0x44, 0x5D, 0x3C, 0x5D, 0x3C, 0x5D, 0x3C, 0x5D, 0x3C, 0x5D, 0x3C, 0x5D, 0x3C, 0x5D, 0x3C, 0x5D,
    0x3C, 0x5D, 0x3C, 0x5D, 0x3C, 0x5D, 0x44, 0x3D, 0x3C, 0x9D, 0x4C, 0xBF, 0xF7, 0xFF, 0xFF, 0xFF, 0xFF, 0xFF, 0xFF,
    0xFF, 0xFF, 0xFF, 0xFF, 0xFF, 0xFF, 0xFF, 0xFF, 0xFF, 0xFF, 0xFF, 0xFF, 0xFF, 0xFF, 0xFF, 0xFF, 0xFF, 0xFF, 0xFF,
    0xFF, 0xFF, 0xFF, 0xFF, 0xFF, 0xFF, 0xFF, 0xFF, 0xFF, 0xFF, 0xFF, 0xFF, 0xFF, 0xFF, 0xFF, 0xFF, 0xFF, 0xFF, 0xFF,
    0xFF, 0xFF, 0xFF, 0xFF, 0xFF, 0xFF, 0xFF, 0xFF, 0xFF, 0xFF, 0xFF, 0xFF, 0xFF, 0xFF, 0xFF, 0xFF, 0xFF, 0xFF, 0xFF,
    0xFF, 0xFF, 0xFF, 0xFF, 0xFF, 0xFF, 0xFF, 0xFF, 0xFF, 0xFF, 0xFF, 0xFF, 0xFF, 0xFF, 0xFF, 0xFF, 0xFF, 0xFF, 0xFF,
    0xFF, 0xFF, 0xFF, 0xFF, 0xFF, 0xFF, 0xFF, 0xFF, 0xFF, 0xFF, 0xFF, 0xFF, 0xFF, 0xFF, 0xFF, 0xFF, 0xBF, 0xF7, 0x9D,
    0x4C, 0x3D, 0x3C, 0x5D, 0x44, 0x5D, 0x3C, 0x5D, 0x3C, 0x5D, 0x3C, 0x5D, 0x3C, 0x5D, 0x3C, 0x5D, 0x3C, 0x5D, 0x3C,
    0x5D, 0x3C, 0x5D, 0x3C, 0x5D, 0x3C, 0x5D, 0x3C, 0x5D, 0x3C, 0x5D, 0x44, 0x1C, 0x3C, 0xEE, 0x19, 0xAB, 0x11, 0x8B,
    0x11, 0x6A, 0x11, 0x49, 0x11, 0x28, 0x11, 0x07, 0x09, 0xE6, 0x08, 0xC6, 0x08, 0xC5, 0x08, 0xA4, 0x08, 0x84, 0x00,
    0x83, 0x00, 0x63, 0x00, 0x42, 0x00, 0x42, 0x00, 0x41, 0x00, 0x21, 0x00, 0x21, 0x00, 0x21, 0x00, 0x00, 0x00, 0x00,
    0x00, 0x00, 0x00, 0x00, 0x00, 0x00, 0x00, 0x00, 0x00, 0x00, 0x00, 0x00, 0x00, 0x21, 0x00, 0x21, 0x00, 0x21, 0x00,
    0x41, 0x00, 0x42, 0x00, 0x42, 0x00, 0x63, 0x00, 0x83, 0x00, 0x84, 0x00, 0xA4, 0x08, 0xC5, 0x08, 0xC6, 0x08, 0xE6,
    0x08, 0x07, 0x09, 0x28, 0x11, 0x49, 0x11, 0x6A, 0x11, 0x8B, 0x11, 0xAB, 0x11, 0xEE, 0x19, 0x1C, 0x3C, 0x5D, 0x3C,
    0x3D, 0x3C, 0x3D, 0x3C, 0x3D, 0x3C, 0x3D, 0x3C, 0x3D, 0x3C, 0x3D, 0x3C, 0x3D, 0x3C, 0x3D, 0x3C, 0x3D, 0x3C, 0x3D,
    0x3C, 0x3D, 0x3C, 0x3D, 0x3C, 0x5D, 0x3C, 0x3D, 0x3C, 0x9D, 0x4C, 0xBF, 0xF7, 0xFF, 0xFF, 0xFF, 0xFF, 0xFF, 0xFF,
    0xFF, 0xFF, 0xFF, 0xFF, 0xFF, 0xFF, 0xFF, 0xFF, 0xFF, 0xFF, 0xFF, 0xFF, 0xFF, 0xFF, 0xFF, 0xFF, 0xFF, 0xFF, 0xFF,
    0xFF, 0xFF, 0xFF, 0xFF, 0xFF, 0xFF, 0xFF, 0xFF, 0xFF, 0xFF, 0xFF, 0xFF, 0xFF, 0xFF, 0xFF, 0xFF, 0xFF, 0xFF, 0xFF,
    0xFF, 0xFF, 0xFF, 0xFF, 0xFF, 0xFF, 0xFF, 0xFF, 0xFF, 0xFF, 0xFF, 0xFF, 0xFF, 0xFF, 0xFF, 0xFF, 0xFF, 0xFF, 0xFF,
    0xFF, 0xFF, 0xFF, 0xFF, 0xFF, 0xFF, 0xFF, 0xFF, 0xFF, 0xFF, 0xFF, 0xFF, 0xFF, 0xFF, 0xFF, 0xFF, 0xFF, 0xFF, 0xFF,
    0xFF, 0xFF, 0xFF, 0xFF, 0xFF, 0xFF, 0xFF, 0xFF, 0xFF, 0xFF, 0xFF, 0xFF, 0xFF, 0xFF, 0xFF, 0xFF, 0xBF, 0xF7, 0x9D,
    0x4C, 0x3D, 0x3C, 0x5D, 0x3C, 0x3D, 0x3C, 0x3D, 0x3C, 0x3D, 0x3C, 0x3D, 0x3C, 0x3D, 0x3C, 0x3D, 0x3C, 0x3D, 0x3C,
    0x3D, 0x3C, 0x3D, 0x3C, 0x3D, 0x3C, 0x5D, 0x3C, 0x3D, 0x3C, 0x9D, 0x4C, 0xBF, 0xF7, 0xFF, 0xFF, 0xFF, 0xFF, 0xFF,
    0xFF, 0xFF, 0xFF, 0xFF, 0xFF, 0xFF, 0xFF, 0xFF, 0xFF, 0xFF, 0xFF, 0xFF, 0xFF, 0xFF, 0xFF, 0xFF, 0xFF, 0xFF, 0xFF,
    0xFF, 0xFF, 0xFF, 0xFF, 0xFF, 0xFF, 0xFF, 0xFF, 0xFF, 0xFF, 0xFF, 0xFF, 0xFF, 0xFF, 0xFF, 0xFF, 0xFF, 0xFF, 0xFF,
    0xFF, 0xFF, 0xFF, 0xFF, 0xFF, 0xFF, 0xFF, 0xFF, 0xFF, 0xFF, 0xFF, 0xFF, 0xFF, 0xFF, 0xFF, 0xFF, 0xFF, 0xFF, 0xFF,
    0xFF, 0xFF, 0xFF, 0xFF, 0xFF, 0xFF, 0xFF, 0xFF, 0xFF, 0xFF, 0xFF, 0xFF, 0xFF, 0xFF, 0xFF, 0xFF, 0xFF, 0xFF, 0xFF,
    0xFF, 0xFF, 0xFF, 0xFF, 0xFF, 0xFF, 0xFF, 0xFF, 0xFF, 0xFF, 0xFF, 0xFF, 0xFF, 0xFF, 0xFF, 0xFF, 0xFF, 0xBF, 0xF7,
    0x9D, 0x4C, 0x3D, 0x3C, 0x5D, 0x3C, 0x3D, 0x3C, 0x3D, 0x3C, 0x3D, 0x3C, 0x3D, 0x3C, 0x3D, 0x3C, 0x3D, 0x3C, 0x3D,
    0x3C, 0x3D, 0x3C, 0x3D, 0x3C, 0x3D, 0x3C, 0x3D, 0x3C, 0x3D, 0x3C, 0x5D, 0x3C, 0x1C, 0x3C, 0xEE, 0x19, 0xAB, 0x11,
    0x8B, 0x11, 0x6A, 0x11, 0x49, 0x11, 0x28, 0x11, 0x07, 0x09, 0xE6, 0x08, 0xC6, 0x08, 0xC5, 0x08, 0xA4, 0x08, 0x84,
    0x00, 0x83, 0x00, 0x63, 0x00, 0x42, 0x00, 0x42, 0x00, 0x41, 0x00, 0x21, 0x00, 0x21, 0x00, 0x21, 0x00, 0x00, 0x00,
    0x00, 0x00, 0x00, 0x00, 0x00, 0x00, 0x00, 0x00, 0x00, 0x00, 0x00, 0x00, 0x00, 0x00, 0x21, 0x00, 0x21, 0x00, 0x21,
    0x00, 0x41, 0x00, 0x42, 0x00, 0x42, 0x00, 0x63, 0x00, 0x83, 0x00, 0x84, 0x00, 0xA4, 0x08, 0xC5, 0x08, 0xC6, 0x08,
    0xE6, 0x08, 0x07, 0x09, 0x28, 0x11, 0x49, 0x11, 0x6A, 0x11, 0x8B, 0x11, 0xAB, 0x11, 0xEE, 0x19, 0x1C, 0x3C, 0x5D,
    0x3C, 0x3D, 0x3C, 0x3D, 0x3C, 0x3D, 0x3C, 0x3D, 0x3C, 0x3D, 0x3C, 0x3D, 0x3C, 0x3D, 0x3C, 0x3D, 0x3C, 0x3D, 0x3C,
    0x3D, 0x3C, 0x3D, 0x3C, 0x3D, 0x3C, 0x3D, 0x3C, 0x3D, 0x3C, 0x3D, 0x3C, 0x3F, 0xDF, 0xFF, 0xFF, 0xFF, 0xFF, 0xFF,
    0xFF, 0xFF, 0xFF, 0xFF, 0xFF, 0xFF, 0xFF, 0xFF, 0xFF, 0xFF, 0xFF, 0xFF, 0xFF, 0xFF, 0xFF, 0xFF, 0xFF, 0xFF, 0xFF,
    0xFF, 0xFF, 0xFF, 0xFF, 0xFF, 0xFF, 0xFF, 0xFF, 0xFF, 0xFF, 0xFF, 0xFF, 0xFF, 0xFF, 0xFF, 0xFF, 0xFF, 0xFF, 0xFF,
    0xFF, 0xFF, 0xFF, 0xFF, 0xFF, 0xFF, 0xFF, 0xFF, 0xFF, 0xFF, 0xFF, 0xFF, 0xFF, 0xFF, 0xFF, 0xFF, 0xFF, 0xFF, 0xFF,
    0xFF, 0xFF, 0xFF, 0xFF, 0xFF, 0xFF, 0xFF, 0xFF, 0xFF, 0xFF, 0xFF, 0xFF, 0xFF, 0xFF, 0xFF, 0xFF, 0xFF, 0xFF, 0xFF,
    0xFF, 0xFF, 0xFF, 0xFF, 0xFF, 0xFF, 0xFF, 0xFF, 0xFF, 0xFF, 0xFF, 0xFF, 0xFF, 0xFF, 0xFF, 0xFF, 0xFF, 0x3F, 0xDF,
    0x3D, 0x3C, 0x3D, 0x3C, 0x3D, 0x3C, 0x3D, 0x3C, 0x3D, 0x3C, 0x3D, 0x3C, 0x3D, 0x3C, 0x3D, 0x3C, 0x3D, 0x3C, 0x3D,
    0x3C, 0x3D, 0x3C, 0x3D, 0x3C, 0x3D, 0x3C, 0x3D, 0x3C, 0x3D, 0x3C, 0x3D, 0x3C, 0x3F, 0xDF, 0xFF, 0xFF, 0xFF, 0xFF,
    0xFF, 0xFF, 0xFF, 0xFF, 0xFF, 0xFF, 0xFF, 0xFF, 0xFF, 0xFF, 0xFF, 0xFF, 0xFF, 0xFF, 0xFF, 0xFF, 0xFF, 0xFF, 0xFF,
    0xFF, 0xFF, 0xFF, 0xFF, 0xFF, 0xFF, 0xFF, 0xFF, 0xFF, 0xFF, 0xFF, 0xFF, 0xFF, 0xFF, 0xFF, 0xFF, 0xFF, 0xFF, 0xFF,
    0xFF, 0xFF, 0xFF, 0xFF, 0xFF, 0xFF, 0xFF, 0xFF, 0xFF, 0xFF, 0xFF, 0xFF, 0xFF, 0xFF, 0xFF, 0xFF, 0xFF, 0xFF, 0xFF,
    0xFF, 0xFF, 0xFF, 0xFF, 0xFF, 0xFF, 0xFF, 0xFF, 0xFF, 0xFF, 0xFF, 0xFF, 0xFF, 0xFF, 0xFF, 0xFF, 0xFF, 0xFF, 0xFF,
    0xFF, 0xFF, 0xFF, 0xFF, 0xFF, 0xFF, 0xFF, 0xFF, 0xFF, 0xFF, 0xFF, 0xFF, 0xFF, 0xFF, 0xFF, 0xFF, 0xFF, 0xFF, 0x3F,
    0xDF, 0x3D, 0x3C, 0x3D, 0x3C, 0x3D, 0x3C, 0x3D, 0x3C, 0x3D, 0x3C, 0x3D, 0x3C, 0x3D, 0x3C, 0x3D, 0x3C, 0x3D, 0x3C,
    0x3D, 0x3C, 0x3D, 0x3C, 0x3D, 0x3C, 0x3D, 0x3C, 0x3D, 0x3C, 0x3D, 0x3C, 0x5D, 0x3C, 0x1C, 0x3C, 0xEE, 0x19, 0xAB,
    0x11, 0x8B, 0x11, 0x6A, 0x11, 0x49, 0x11, 0x28, 0x11, 0x07, 0x09, 0xE6, 0x08, 0xC6, 0x08, 0xC5, 0x08, 0xA4, 0x08,
    0x84, 0x00, 0x83, 0x00, 0x63, 0x00, 0x42, 0x00, 0x42, 0x00, 0x41, 0x00, 0x21, 0x00, 0x21, 0x00, 0x21, 0x00, 0x00,
    0x00, 0x00, 0x00, 0x00, 0x00, 0x00, 0x00, 0x00, 0x00, 0x00, 0x00, 0x00, 0x00, 0x00, 0x00, 0x21, 0x00, 0x21, 0x00,
    0x21, 0x00, 0x41, 0x00, 0x42, 0x00, 0x42, 0x00, 0x63, 0x00, 0x83, 0x00, 0x84, 0x00, 0xA4, 0x08, 0xC5, 0x08, 0xC6,
    0x08, 0xE6, 0x08, 0x07, 0x09, 0x28, 0x11, 0x49, 0x11, 0x6A, 0x11, 0x8B, 0x11, 0xAB, 0x11, 0xEE, 0x19, 0x1C, 0x3C,
    0x3D, 0x3C, 0x3D, 0x3C, 0x3D, 0x3C, 0x3D, 0x3C, 0x3D, 0x3C, 0x3D, 0x3C, 0x3D, 0x3C, 0x3D, 0x3C, 0x3D, 0x3C, 0x3D,
    0x3C, 0x3D, 0x3C, 0x3D, 0x3C, 0x3D, 0x3C, 0x3D, 0x3C, 0x5D, 0x44, 0xFC, 0x2B, 0x5E, 0xAE, 0xFF, 0xFF, 0xFF, 0xFF,
    0xFF, 0xFF, 0xFF, 0xFF, 0xFF, 0xFF, 0xFF, 0xFF, 0xFF, 0xFF, 0xFF, 0xFF, 0xFF, 0xFF, 0xFF, 0xFF, 0xFF, 0xFF, 0xFF,
    0xFF, 0xFF, 0xFF, 0xFF, 0xFF, 0xFF, 0xFF, 0xFF, 0xFF, 0xFF, 0xFF, 0xFF, 0xFF, 0xFF, 0xFF, 0xFF, 0xFF, 0xFF, 0xFF,
    0xFF, 0xFF, 0xFF, 0xFF, 0xFF, 0xFF, 0xFF, 0xFF, 0xFF, 0xFF, 0xFF, 0xFF, 0xFF, 0xFF, 0xFF, 0xFF, 0xFF, 0xFF, 0xFF,
    0xFF, 0xFF, 0xFF, 0xFF, 0xFF, 0xFF, 0xFF, 0xFF, 0xFF, 0xFF, 0xFF, 0xFF, 0xFF, 0xFF, 0xFF, 0xFF, 0xFF, 0xFF, 0xFF,
    0xFF, 0xFF, 0xFF, 0xFF, 0xFF, 0xFF, 0xFF, 0xFF, 0xFF, 0xFF, 0xFF, 0xFF, 0xFF, 0xFF, 0xFF, 0xFF, 0xFF, 0xFF, 0x5E,
    0xAE, 0xFC, 0x2B, 0x5D, 0x44, 0x3D, 0x3C, 0x3D, 0x3C, 0x3D, 0x3C, 0x3D, 0x3C, 0x3D, 0x3C, 0x3D, 0x3C, 0x3D, 0x3C,
    0x3D, 0x3C, 0x3D, 0x3C, 0x3D, 0x3C, 0x3D, 0x3C, 0x3D, 0x3C, 0x5D, 0x44, 0xFC, 0x2B, 0x5E, 0xAE, 0xFF, 0xFF, 0xFF,
    0xFF, 0xFF, 0xFF, 0xFF, 0xFF, 0xFF, 0xFF, 0xFF, 0xFF, 0xFF, 0xFF, 0xFF, 0xFF, 0xFF, 0xFF, 0xFF, 0xFF, 0xFF, 0xFF,
    0xFF, 0xFF, 0xFF, 0xFF, 0xFF, 0xFF, 0xFF, 0xFF, 0xFF, 0xFF, 0xFF, 0xFF, 0xFF, 0xFF, 0xFF, 0xFF, 0xFF, 0xFF, 0xFF,
    0xFF, 0xFF, 0xFF, 0xFF, 0xFF, 0xFF, 0xFF, 0xFF, 0xFF, 0xFF, 0xFF, 0xFF, 0xFF, 0xFF, 0xFF, 0xFF, 0xFF, 0xFF, 0xFF,
    0xFF, 0xFF, 0xFF, 0xFF, 0xFF, 0xFF, 0xFF, 0xFF, 0xFF, 0xFF, 0xFF, 0xFF, 0xFF, 0xFF, 0xFF, 0xFF, 0xFF, 0xFF, 0xFF,
    0xFF, 0xFF, 0xFF, 0xFF, 0xFF, 0xFF, 0xFF, 0xFF, 0xFF, 0xFF, 0xFF, 0xFF, 0xFF, 0xFF, 0xFF, 0xFF, 0xFF, 0xFF, 0xFF,
    0x5E, 0xAE, 0xFC, 0x2B, 0x5D, 0x44, 0x3D, 0x3C, 0x3D, 0x3C, 0x3D, 0x3C, 0x3D, 0x3C, 0x3D, 0x3C, 0x3D, 0x3C, 0x3D,
    0x3C, 0x3D, 0x3C, 0x3D, 0x3C, 0x3D, 0x3C, 0x3D, 0x3C, 0x3D, 0x3C, 0x3D, 0x3C, 0x3D, 0x3C, 0x1C, 0x3C, 0xEE, 0x19,
    0xAB, 0x11, 0x8B, 0x11, 0x6A, 0x11, 0x49, 0x11, 0x28, 0x11, 0x07, 0x09, 0xE6, 0x08, 0xC6, 0x08, 0xC5, 0x08, 0xA4,
    0x08, 0x84, 0x00, 0x83, 0x00, 0x63, 0x00, 0x42, 0x00, 0x42, 0x00, 0x41, 0x00, 0x21, 0x00, 0x21, 0x00, 0x21, 0x00,
    0x00, 0x00, 0x00, 0x00, 0x00, 0x00, 0x00, 0x00, 0x00, 0x00, 0x00, 0x00, 0x00, 0x00, 0x00, 0x00, 0x21, 0x00, 0x21,
    0x00, 0x21, 0x00, 0x41, 0x00, 0x42, 0x00, 0x42, 0x00, 0x63, 0x00, 0x83, 0x00, 0x84, 0x00, 0xA4, 0x08, 0xC5, 0x08,
    0xC6, 0x08, 0xE6, 0x08, 0x07, 0x09, 0x28, 0x11, 0x49, 0x11, 0x6A, 0x11, 0x8B, 0x11, 0xAB, 0x11, 0xEE, 0x19, 0x1C,
    0x3C, 0x3D, 0x3C, 0x3D, 0x3C, 0x3D, 0x3C, 0x3D, 0x3C, 0x3D, 0x3C, 0x3D, 0x3C, 0x3D, 0x3C, 0x3D, 0x3C, 0x3D, 0x3C,
    0x3D, 0x3C, 0x3D, 0x3C, 0x3D, 0x3C, 0x3D, 0x3C, 0x3D, 0x3C, 0x3D, 0x3C, 0x1D, 0x34, 0xDD, 0x5C, 0xFF, 0xFF, 0xFF,
    0xFF, 0xFF, 0xFF, 0xFF, 0xFF, 0xFF, 0xFF, 0xFF, 0xFF, 0xFF, 0xFF, 0xFF, 0xFF, 0xFF, 0xFF, 0xFF, 0xFF, 0xFF, 0xFF,
    0xFF, 0xFF, 0xFF, 0xFF, 0xFF, 0xFF, 0xFF, 0xFF, 0xFF, 0xFF, 0xFF, 0xFF, 0xFF, 0xFF, 0xFF, 0xFF, 0xFF, 0xFF, 0xFF,
    0xFF, 0xFF, 0xFF, 0xFF, 0xFF, 0xFF, 0xFF, 0xFF, 0xFF, 0xFF, 0xFF, 0xFF, 0xFF, 0xFF, 0xFF, 0xFF, 0xFF, 0xFF, 0xFF,
    0xFF, 0xFF, 0xFF, 0xFF, 0xFF, 0xFF, 0xFF, 0xFF, 0xFF, 0xFF, 0xFF, 0xFF, 0xFF, 0xFF, 0xFF, 0xFF, 0xFF, 0xFF, 0xFF,
    0xFF, 0xFF, 0xFF, 0xFF, 0xFF, 0xFF, 0xFF, 0xFF, 0xFF, 0xFF, 0xFF, 0xFF, 0xFF, 0xFF, 0xFF, 0xFF, 0xFF, 0xFF, 0xFF,
    0xDD, 0x5C, 0x1D, 0x34, 0x3D, 0x3C, 0x3D, 0x3C, 0x3D, 0x3C, 0x3D, 0x3C, 0x3D, 0x3C, 0x3D, 0x3C, 0x3D, 0x3C, 0x3D,
    0x3C, 0x3D, 0x3C, 0x3D, 0x3C, 0x3D, 0x3C, 0x3D, 0x3C, 0x3D, 0x3C, 0x3D, 0x3C, 0x1D, 0x34, 0xDD, 0x5C, 0xFF, 0xFF,
    0xFF, 0xFF, 0xFF, 0xFF, 0xFF, 0xFF, 0xFF, 0xFF, 0xFF, 0xFF, 0xFF, 0xFF, 0xFF, 0xFF, 0xFF, 0xFF, 0xFF, 0xFF, 0xFF,
    0xFF, 0xFF, 0xFF, 0xFF, 0xFF, 0xFF, 0xFF, 0xFF, 0xFF, 0xFF, 0xFF, 0xFF, 0xFF, 0xFF, 0xFF, 0xFF, 0xFF, 0xFF, 0xFF,
    0xFF, 0xFF, 0xFF, 0xFF, 0xFF, 0xFF, 0xFF, 0xFF, 0xFF, 0xFF, 0xFF, 0xFF, 0xFF, 0xFF, 0xFF, 0xFF, 0xFF, 0xFF, 0xFF,
    0xFF, 0xFF, 0xFF, 0xFF, 0xFF, 0xFF, 0xFF, 0xFF, 0xFF, 0xFF, 0xFF, 0xFF, 0xFF, 0xFF, 0xFF, 0xFF, 0xFF, 0xFF, 0xFF,
    0xFF, 0xFF, 0xFF, 0xFF, 0xFF, 0xFF, 0xFF, 0xFF, 0xFF, 0xFF, 0xFF, 0xFF, 0xFF, 0xFF, 0xFF, 0xFF, 0xFF, 0xFF, 0xFF,
    0xFF, 0xDD, 0x5C, 0x1D, 0x34, 0x3D, 0x3C, 0x3D, 0x3C, 0x3D, 0x3C, 0x3D, 0x3C, 0x3D, 0x3C, 0x3D, 0x3C, 0x3D, 0x3C,
    0x3D, 0x3C, 0x3D, 0x3C, 0x3D, 0x3C, 0x3D, 0x3C, 0x3D, 0x3C, 0x3D, 0x3C, 0x3D, 0x3C, 0x3D, 0x3C, 0x1C, 0x3C, 0xEE,
    0x19, 0xAB, 0x11, 0x8B, 0x11, 0x6A, 0x11, 0x49, 0x11, 0x28, 0x11, 0x07, 0x09, 0xE6, 0x08, 0xC6, 0x08, 0xC5, 0x08,
    0xA4, 0x08, 0x84, 0x00, 0x83, 0x00, 0x63, 0x00, 0x42, 0x00, 0x42, 0x00, 0x41, 0x00, 0x21, 0x00, 0x21, 0x00, 0x21,
    0x00, 0x00, 0x00, 0x00, 0x00, 0x00, 0x00, 0x00, 0x00, 0x00, 0x00, 0x00, 0x00, 0x00, 0x00, 0x00, 0x00, 0x21, 0x00,
    0x21, 0x00, 0x21, 0x00, 0x41, 0x00, 0x42, 0x00, 0x42, 0x00, 0x63, 0x00, 0x83, 0x00, 0x84, 0x00, 0xA4, 0x08, 0xC5,
    0x08, 0xC6, 0x08, 0xE6, 0x08, 0x07, 0x09, 0x28, 0x11, 0x49, 0x11, 0x6A, 0x11, 0x8B, 0x11, 0xAB, 0x11, 0xEE, 0x19,
    0x1C, 0x3C, 0x3D, 0x3C, 0x3D, 0x3C, 0x3D, 0x3C, 0x3D, 0x3C, 0x3D, 0x3C, 0x3D, 0x3C, 0x3D, 0x3C, 0x3D, 0x3C, 0x3D,
    0x3C, 0x3D, 0x3C, 0x3D, 0x3C, 0x3D, 0x3C, 0x3D, 0x3C, 0x3D, 0x3C, 0x3D, 0x3C, 0x3D, 0x44, 0xFC, 0x2B, 0x1E, 0x9E,
    0xFF, 0xFF, 0xFF, 0xFF, 0xFF, 0xFF, 0xFF, 0xFF, 0xFF, 0xFF, 0xFF, 0xFF, 0xFF, 0xFF, 0xFF, 0xFF, 0xFF, 0xFF, 0xFF,
    0xFF, 0xFF, 0xFF, 0xFF, 0xFF, 0xFF, 0xFF, 0xFF, 0xFF, 0xFF, 0xFF, 0xFF, 0xFF, 0xFF, 0xFF, 0xFF, 0xFF, 0xFF, 0xFF,
    0xFF, 0xFF, 0xFF, 0xFF, 0xFF, 0xFF, 0xFF, 0xFF, 0xFF, 0xFF, 0xFF, 0xFF, 0xFF, 0xFF, 0xFF, 0xFF, 0xFF, 0xFF, 0xFF,
    0xFF, 0xFF, 0xFF, 0xFF, 0xFF, 0xFF, 0xFF, 0xFF, 0xFF, 0xFF, 0xFF, 0xFF, 0xFF, 0xFF, 0xFF, 0xFF, 0xFF, 0xFF, 0xFF,
    0xFF, 0xFF, 0xFF, 0xFF, 0xFF, 0xFF, 0xFF, 0xFF, 0xFF, 0xFF, 0xFF, 0xFF, 0xFF, 0xFF, 0xFF, 0xFF, 0xFF, 0xFF, 0x1E,
    0x9E, 0xFC, 0x2B, 0x3D, 0x44, 0x3D, 0x3C, 0x3D, 0x3C, 0x3D, 0x3C, 0x3D, 0x3C, 0x3D, 0x3C, 0x3D, 0x3C, 0x3D, 0x3C,
    0x3D, 0x3C, 0x3D, 0x3C, 0x3D, 0x3C, 0x3D, 0x3C, 0x3D, 0x3C, 0x3D, 0x3C, 0x3D, 0x3C, 0x3D, 0x44, 0xFC, 0x2B, 0x1E,
    0x9E, 0xFF, 0xFF, 0xFF, 0xFF, 0xFF, 0xFF, 0xFF, 0xFF, 0xFF, 0xFF, 0xFF, 0xFF, 0xFF, 0xFF, 0xFF, 0xFF, 0xFF, 0xFF,
    0xFF, 0xFF, 0xFF, 0xFF, 0xFF, 0xFF, 0xFF, 0xFF, 0xFF, 0xFF, 0xFF, 0xFF, 0xFF, 0xFF, 0xFF, 0xFF, 0xFF, 0xFF, 0xFF,
    0xFF, 0xFF, 0xFF, 0xFF, 0xFF, 0xFF, 0xFF, 0xFF, 0xFF, 0xFF, 0xFF, 0xFF, 0xFF, 0xFF, 0xFF, 0xFF, 0xFF, 0xFF, 0xFF,
    0xFF, 0xFF, 0xFF, 0xFF, 0xFF, 0xFF, 0xFF, 0xFF, 0xFF, 0xFF, 0xFF, 0xFF, 0xFF, 0xFF, 0xFF, 0xFF, 0xFF, 0xFF, 0xFF,
    0xFF, 0xFF, 0xFF, 0xFF, 0xFF, 0xFF, 0xFF, 0xFF, 0xFF, 0xFF, 0xFF, 0xFF, 0xFF, 0xFF, 0xFF, 0xFF, 0xFF, 0xFF, 0xFF,
    0x1E, 0x9E, 0xFC, 0x2B, 0x3D, 0x44, 0x3D, 0x3C, 0x3D, 0x3C, 0x3D, 0x3C, 0x3D, 0x3C, 0x3D, 0x3C, 0x3D, 0x3C, 0x3D,
    0x3C, 0x3D, 0x3C, 0x3D, 0x3C, 0x3D, 0x3C, 0x3D, 0x3C, 0x3D, 0x3C, 0x3D, 0x3C, 0x3D, 0x3C, 0x3D, 0x3C, 0x1C, 0x3C,
    0xEE, 0x19, 0xAB, 0x11, 0x8B, 0x11, 0x6A, 0x11, 0x49, 0x11, 0x28, 0x11, 0x07, 0x09, 0xE6, 0x08, 0xC6, 0x08, 0xC5,
    0x08, 0xA4, 0x08, 0x84, 0x00, 0x83, 0x00, 0x63, 0x00, 0x42, 0x00, 0x42, 0x00, 0x41, 0x00, 0x21, 0x00, 0x21, 0x00,
    0x21, 0x00, 0x00, 0x00, 0x00, 0x00, 0x00, 0x00, 0x00, 0x00, 0x00, 0x00, 0x00, 0x00, 0x00, 0x00, 0x00, 0x00, 0x21,
    0x00, 0x21, 0x00, 0x21, 0x00, 0x41, 0x00, 0x42, 0x00, 0x42, 0x00, 0x63, 0x00, 0x83, 0x00, 0x84, 0x00, 0xA4, 0x08,
    0xC5, 0x08, 0xC6, 0x08, 0xE6, 0x08, 0x07, 0x09, 0x28, 0x11, 0x49, 0x11, 0x6A, 0x11, 0x8B, 0x11, 0xAB, 0x11, 0xEE,
    0x19, 0x1C, 0x3C, 0x3D, 0x3C, 0x3D, 0x3C, 0x3D, 0x3C, 0x3D, 0x3C, 0x3D, 0x3C, 0x3D, 0x3C, 0x3D, 0x3C, 0x3D, 0x3C,
    0x3D, 0x3C, 0x3D, 0x3C, 0x3D, 0x3C, 0x3D, 0x3C, 0x3D, 0x3C, 0x3D, 0x3C, 0x3D, 0x3C, 0x3D, 0x3C, 0x3D, 0x3C, 0x1D,
    0x34, 0x7E, 0xB6, 0xFF, 0xFF, 0xFF, 0xFF, 0xFF, 0xFF, 0xFF, 0xFF, 0xFF, 0xFF, 0xFF, 0xFF, 0xFF, 0xFF, 0xFF, 0xFF,
    0xFF, 0xFF, 0xFF, 0xFF, 0xFF, 0xFF, 0xFF, 0xFF, 0xFF, 0xFF, 0xFF, 0xFF, 0xFF, 0xFF, 0xFF, 0xFF, 0xFF, 0xFF, 0xFF,
    0xFF, 0xFF, 0xFF, 0xFF, 0xFF, 0xFF, 0xFF, 0xFF, 0xFF, 0xFF, 0xFF, 0xFF, 0xFF, 0xFF, 0xFF, 0xFF, 0xFF, 0xFF, 0xFF,
    0xFF, 0xFF, 0xFF, 0xFF, 0xFF, 0xFF, 0xFF, 0xFF, 0xFF, 0xFF, 0xFF, 0xFF, 0xFF, 0xFF, 0xFF, 0xFF, 0xFF, 0xFF, 0xFF,
    0xFF, 0xFF, 0xFF, 0xFF, 0xFF, 0xFF, 0xFF, 0xFF, 0xFF, 0xFF, 0xFF, 0xFF, 0xFF, 0xFF, 0xFF, 0xFF, 0xFF, 0x7E, 0xB6,
    0x1D, 0x34, 0x3D, 0x3C, 0x3D, 0x3C, 0x3D, 0x3C, 0x3D, 0x3C, 0x3D, 0x3C, 0x3D, 0x3C, 0x3D, 0x3C, 0x3D, 0x3C, 0x3D,
    0x3C, 0x3D, 0x3C, 0x3D, 0x3C, 0x3D, 0x3C, 0x3D, 0x3C, 0x3D, 0x3C, 0x3D, 0x3C, 0x3D, 0x3C, 0x3D, 0x3C, 0x3D, 0x3C,
    0x1D, 0x34, 0x7E, 0xB6, 0xFF, 0xFF, 0xFF, 0xFF, 0xFF, 0xFF, 0xFF, 0xFF, 0xFF, 0xFF, 0xFF, 0xFF, 0xFF, 0xFF, 0xFF,
    0xFF, 0xFF, 0xFF, 0xFF, 0xFF, 0xFF, 0xFF, 0xFF, 0xFF, 0xFF, 0xFF, 0xFF, 0xFF, 0xFF, 0xFF, 0xFF, 0xFF, 0xFF, 0xFF,
    0xFF, 0xFF, 0xFF, 0xFF, 0xFF, 0xFF, 0xFF, 0xFF, 0xFF, 0xFF, 0xFF, 0xFF, 0xFF, 0xFF, 0xFF, 0xFF, 0xFF, 0xFF, 0xFF,
    0xFF, 0xFF, 0xFF, 0xFF, 0xFF, 0xFF, 0xFF, 0xFF, 0xFF, 0xFF, 0xFF, 0xFF, 0xFF, 0xFF, 0xFF, 0xFF, 0xFF, 0xFF, 0xFF,
    0xFF, 0xFF, 0xFF, 0xFF, 0xFF, 0xFF, 0xFF, 0xFF, 0xFF, 0xFF, 0xFF, 0xFF, 0xFF, 0xFF, 0xFF, 0xFF, 0xFF, 0xFF, 0x7E,
    0xB6, 0x1D, 0x34, 0x3D, 0x3C, 0x3D, 0x3C, 0x3D, 0x3C, 0x3D, 0x3C, 0x3D, 0x3C, 0x3D, 0x3C, 0x3D, 0x3C, 0x3D, 0x3C,
    0x3D, 0x3C, 0x3D, 0x3C, 0x3D, 0x3C, 0x3D, 0x3C, 0x3D, 0x3C, 0x3D, 0x3C, 0x3D, 0x3C, 0x3D, 0x3C, 0x3D, 0x3C, 0x1C,
    0x3C, 0xEE, 0x19, 0xAB, 0x11, 0x8B, 0x11, 0x6A, 0x11, 0x49, 0x11, 0x28, 0x11, 0x07, 0x09, 0xE6, 0x08, 0xC6, 0x08,
    0xC5, 0x08, 0xA4, 0x08, 0x84, 0x00, 0x83, 0x00, 0x63, 0x00, 0x42, 0x00, 0x42, 0x00, 0x41, 0x00, 0x21, 0x00, 0x21,
    0x00, 0x21, 0x00, 0x00, 0x00, 0x00, 0x00, 0x00, 0x00, 0x00, 0x00, 0x00, 0x00, 0x00, 0x00, 0x00, 0x00, 0x00, 0x00,
    0x21, 0x00, 0x21, 0x00, 0x21, 0x00, 0x41, 0x00, 0x42, 0x00, 0x42, 0x00, 0x63, 0x00, 0x83, 0x00, 0x84, 0x00, 0xA4,
    0x08, 0xC5, 0x08, 0xC6, 0x08, 0xE6, 0x08, 0x07, 0x09, 0x28, 0x11, 0x49, 0x11, 0x6A, 0x11, 0x8B, 0x11, 0xAB, 0x11,
    0xEE, 0x19, 0xFC, 0x3B, 0x3D, 0x3C, 0x3C, 0x3C, 0x3D, 0x3C, 0x3D, 0x3C, 0x3D, 0x3C, 0x3D, 0x3C, 0x3D, 0x3C, 0x3D,
    0x3C, 0x3D, 0x3C, 0x3D, 0x3C, 0x3D, 0x3C, 0x3D, 0x3C, 0x3D, 0x3C, 0x3D, 0x3C, 0x3D, 0x3C, 0x3D, 0x3C, 0x3D, 0x3C,
    0x1D, 0x3C, 0xFC, 0x33, 0xBE, 0x8D, 0xBF, 0xEF, 0xFF, 0xFF, 0xFF, 0xFF, 0xFF, 0xFF, 0xFF, 0xFF, 0xFF, 0xFF, 0xFF,
    0xFF, 0xFF, 0xFF, 0xFF, 0xFF, 0xFF, 0xFF, 0xFF, 0xFF, 0xFF, 0xFF, 0xFF, 0xFF, 0xFF, 0xFF, 0xFF, 0xFF, 0xFF, 0xFF,
    0xFF, 0xFF, 0xFF, 0xFF, 0xFF, 0xFF, 0xFF, 0xFF, 0xFF, 0xFF, 0xFF, 0xFF, 0xFF, 0xFF, 0xFF, 0xFF, 0xFF, 0xFF, 0xFF,
    0xFF, 0xFF, 0xFF, 0xFF, 0xFF, 0xFF, 0xFF, 0xFF, 0xFF, 0xFF, 0xFF, 0xFF, 0xFF, 0xFF, 0xFF, 0xFF, 0xFF, 0xFF, 0xFF,
    0xFF, 0xFF, 0xFF, 0xFF, 0xFF, 0xFF, 0xFF, 0xFF, 0xFF, 0xFF, 0xFF, 0xFF, 0xFF, 0xFF, 0xBF, 0xEF, 0xBE, 0x8D, 0xFC,
    0x33, 0x1D, 0x3C, 0x3D, 0x3C, 0x3D, 0x3C, 0x3D, 0x3C, 0x3D, 0x3C, 0x3D, 0x3C, 0x3D, 0x3C, 0x3D, 0x3C, 0x3D, 0x3C,
    0x3D, 0x3C, 0x3D, 0x3C, 0x3D, 0x3C, 0x3D, 0x3C, 0x3D, 0x3C, 0x3D, 0x3C, 0x3D, 0x3C, 0x3D, 0x3C, 0x3D, 0x3C, 0x3D,
    0x3C, 0x1D, 0x3C, 0xFC, 0x33, 0xBE, 0x8D, 0xBF, 0xEF, 0xFF, 0xFF, 0xFF, 0xFF, 0xFF, 0xFF, 0xFF, 0xFF, 0xFF, 0xFF,
    0xFF, 0xFF, 0xFF, 0xFF, 0xFF, 0xFF, 0xFF, 0xFF, 0xFF, 0xFF, 0xFF, 0xFF, 0xFF, 0xFF, 0xFF, 0xFF, 0xFF, 0xFF, 0xFF,
    0xFF, 0xFF, 0xFF, 0xFF, 0xFF, 0xFF, 0xFF, 0xFF, 0xFF, 0xFF, 0xFF, 0xFF, 0xFF, 0xFF, 0xFF, 0xFF, 0xFF, 0xFF, 0xFF,
    0xFF, 0xFF, 0xFF, 0xFF, 0xFF, 0xFF, 0xFF, 0xFF, 0xFF, 0xFF, 0xFF, 0xFF, 0xFF, 0xFF, 0xFF, 0xFF, 0xFF, 0xFF, 0xFF,
    0xFF, 0xFF, 0xFF, 0xFF, 0xFF, 0xFF, 0xFF, 0xFF, 0xFF, 0xFF, 0xFF, 0xFF, 0xFF, 0xFF, 0xFF, 0xBF, 0xEF, 0xBE, 0x8D,
    0xFC, 0x33, 0x1D, 0x3C, 0x3D, 0x3C, 0x3D, 0x3C, 0x3D, 0x3C, 0x3D, 0x3C, 0x3D, 0x3C, 0x3D, 0x3C, 0x3D, 0x3C, 0x3D,
    0x3C, 0x3D, 0x3C, 0x3D, 0x3C, 0x3D, 0x3C, 0x3D, 0x3C, 0x3D, 0x3C, 0x3D, 0x3C, 0x3D, 0x3C, 0x3C, 0x3C, 0x3D, 0x3C,
    0xFC, 0x3B, 0xEE, 0x19, 0xAB, 0x11, 0x8B, 0x11, 0x6A, 0x11, 0x49, 0x11, 0x28, 0x11, 0x07, 0x09, 0xE6, 0x08, 0xC6,
    0x08, 0xC5, 0x08, 0xA4, 0x08, 0x84, 0x00, 0x83, 0x00, 0x63, 0x00, 0x42, 0x00, 0x42, 0x00, 0x41, 0x00, 0x21, 0x00,
    0x21, 0x00, 0x21, 0x00, 0x00, 0x00, 0x00, 0x00, 0x00, 0x00, 0x00, 0x00, 0x00, 0x00, 0x00, 0x00, 0x00, 0x00, 0x00,
    0x00, 0x21, 0x00, 0x21, 0x00, 0x21, 0x00, 0x41, 0x00, 0x42, 0x00, 0x42, 0x00, 0x63, 0x00, 0x83, 0x00, 0x84, 0x00,
    0xA4, 0x08, 0xC5, 0x08, 0xC6, 0x08, 0xE6, 0x08, 0x07, 0x09, 0x28, 0x11, 0x49, 0x11, 0x6A, 0x11, 0x8B, 0x11, 0xAB,
    0x11, 0xEE, 0x19, 0xFC, 0x3B, 0x3D, 0x3C, 0x1C, 0x3C, 0x1D, 0x3C, 0x1D, 0x3C, 0x1D, 0x3C, 0x1D, 0x3C, 0x1D, 0x3C,
    0x1D, 0x3C, 0x1D, 0x3C, 0x1D, 0x3C, 0x1D, 0x3C, 0x1D, 0x3C, 0x1D, 0x3C, 0x1D, 0x3C, 0x1D, 0x3C, 0x3D, 0x3C, 0x1D,
    0x3C, 0x3D, 0x3C, 0x3D, 0x3C, 0xDC, 0x2B, 0x7D, 0x4C, 0x9E, 0x85, 0x9E, 0xB6, 0xFF, 0xCE, 0xFF, 0xCE, 0xFF, 0xCE,
    0xFF, 0xCE, 0xFF, 0xCE, 0xFF, 0xCE, 0xFF, 0xCE, 0xFF, 0xCE, 0xFF, 0xCE, 0xFF, 0xCE, 0x3F, 0xDF, 0xFF, 0xFF, 0xFF,
    0xFF, 0xFF, 0xFF, 0xFF, 0xFF, 0xFF, 0xFF, 0xFF, 0xFF, 0xFF, 0xFF, 0xFF, 0xFF, 0xFF, 0xFF, 0xFF, 0xFF, 0xFF, 0xFF,
    0xFF, 0xFF, 0xFF, 0xFF, 0xFF, 0xFF, 0xFF, 0xFF, 0x7F, 0xE7, 0xFF, 0xCE, 0x1F, 0xCF, 0xFF, 0xCE, 0xFF, 0xCE, 0xFF,
    0xCE, 0xFF, 0xCE, 0xFF, 0xCE, 0xFF, 0xCE, 0xFF, 0xCE, 0xFF, 0xCE, 0x9E, 0xB6, 0x9E, 0x85, 0x7D, 0x4C, 0xDC, 0x2B,
    0x3D, 0x3C, 0x3D, 0x3C, 0x1D, 0x3C, 0x3D, 0x3C, 0x1D, 0x3C, 0x1D, 0x3C, 0x1D, 0x3C, 0x1D, 0x3C, 0x1D, 0x3C, 0x1D,
    0x3C, 0x1D, 0x3C, 0x1D, 0x3C, 0x1D, 0x3C, 0x1D, 0x3C, 0x1D, 0x3C, 0x1D, 0x3C, 0x1D, 0x3C, 0x1D, 0x3C, 0x3D, 0x3C,
    0x1D, 0x3C, 0x3D, 0x3C, 0x3D, 0x3C, 0xDC, 0x2B, 0x7D, 0x4C, 0x9E, 0x85, 0x9E, 0xB6, 0xFF, 0xCE, 0xFF, 0xCE, 0xFF,
    0xCE, 0xFF, 0xCE, 0xFF, 0xCE, 0xFF, 0xCE, 0xFF, 0xCE, 0xFF, 0xCE, 0xFF, 0xCE, 0xFF, 0xCE, 0xFF, 0xCE, 0xFF, 0xCE,
    0xFF, 0xCE, 0xFF, 0xCE, 0xFF, 0xCE, 0xFF, 0xCE, 0xFF, 0xCE, 0xFF, 0xCE, 0xFF, 0xCE, 0xFF, 0xCE, 0xFF, 0xCE, 0xFF,
    0xCE, 0xFF, 0xCE, 0xFF, 0xCE, 0xFF, 0xCE, 0xFF, 0xCE, 0xFF, 0xCE, 0xFF, 0xCE, 0xFF, 0xCE, 0xFF, 0xCE, 0xFF, 0xCE,
    0xFF, 0xCE, 0xFF, 0xCE, 0xFF, 0xCE, 0xFF, 0xCE, 0xFF, 0xCE, 0xFF, 0xCE, 0x9E, 0xB6, 0x9E, 0x85, 0x7D, 0x4C, 0xDC,
    0x2B, 0x3D, 0x3C, 0x3D, 0x3C, 0x1D, 0x3C, 0x3D, 0x3C, 0x1D, 0x3C, 0x1D, 0x3C, 0x1D, 0x3C, 0x1D, 0x3C, 0x1D, 0x3C,
    0x1D, 0x3C, 0x1D, 0x3C, 0x1D, 0x3C, 0x1D, 0x3C, 0x1D, 0x3C, 0x1D, 0x3C, 0x1D, 0x3C, 0x1D, 0x3C, 0x1C, 0x3C, 0x3D,
    0x3C, 0xFC, 0x3B, 0xEE, 0x19, 0xAB, 0x11, 0x8B, 0x11, 0x6A, 0x11, 0x49, 0x11, 0x28, 0x11, 0x07, 0x09, 0xE6, 0x08,
    0xC6, 0x08, 0xC5, 0x08, 0xA4, 0x08, 0x84, 0x00, 0x83, 0x00, 0x63, 0x00, 0x42, 0x00, 0x42, 0x00, 0x41, 0x00, 0x21,
    0x00, 0x21, 0x00, 0x21, 0x00, 0x00, 0x00, 0x00, 0x00, 0x00, 0x00, 0x00, 0x00, 0x00, 0x00, 0x00, 0x00, 0x00, 0x00,
    0x00, 0x00, 0x21, 0x00, 0x21, 0x00, 0x21, 0x00, 0x41, 0x00, 0x42, 0x00, 0x42, 0x00, 0x63, 0x00, 0x83, 0x00, 0x84,
    0x00, 0xA4, 0x08, 0xC5, 0x08, 0xC6, 0x08, 0xE6, 0x08, 0x07, 0x09, 0x28, 0x11, 0x49, 0x11, 0x6A, 0x11, 0x8B, 0x11,
    0xAB, 0x11, 0xEE, 0x19, 0xFC, 0x3B, 0x3D, 0x3C, 0x1C, 0x3C, 0x1D, 0x3C, 0x1D, 0x3C, 0x1D, 0x3C, 0x1D, 0x3C, 0x1D,
    0x3C, 0x1D, 0x3C, 0x1D, 0x3C, 0x1D, 0x3C, 0x1D, 0x3C, 0x1D, 0x3C, 0x1D, 0x3C, 0x1D, 0x3C, 0x1D, 0x3C, 0x1D, 0x3C,
    0x1D, 0x3C, 0x1D, 0x3C, 0x1D, 0x3C, 0x3D, 0x3C, 0x1D, 0x3C, 0xDC, 0x2B, 0xFC, 0x33, 0xFC, 0x33, 0xFC, 0x33, 0xFC,
    0x33, 0xFC, 0x33, 0xFC, 0x33, 0xFC, 0x33, 0xFC, 0x33, 0xFC, 0x33, 0xFC, 0x33, 0xBC, 0x2B, 0xFD, 0x64, 0xFF, 0xFF,
    0xFF, 0xFF, 0xFF, 0xFF, 0xFF, 0xFF, 0xFF, 0xFF, 0xFF, 0xFF, 0xFF, 0xFF, 0xFF, 0xFF, 0xFF, 0xFF, 0xFF, 0xFF, 0xFF,
    0xFF, 0xFF, 0xFF, 0xFF, 0xFF, 0xFF, 0xFF, 0xFF, 0xFF, 0xFE, 0x9D, 0xBC, 0x23, 0x1C, 0x34, 0xFC, 0x33, 0xFC, 0x33,
    0xFC, 0x33, 0xFC, 0x33, 0xFC, 0x33, 0xFC, 0x33, 0xFC, 0x33, 0xFC, 0x33, 0xFC, 0x33, 0xDC, 0x2B, 0x1D, 0x3C, 0x3D,
    0x3C, 0x1D, 0x3C, 0x1D, 0x3C, 0x1D, 0x3C, 0x1D, 0x3C, 0x1D, 0x3C, 0x1D, 0x3C, 0x1D, 0x3C, 0x1D, 0x3C, 0x1D, 0x3C,
    0x1D, 0x3C, 0x1D, 0x3C, 0x1D, 0x3C, 0x1D, 0x3C, 0x1D, 0x3C, 0x1D, 0x3C, 0x1D, 0x3C, 0x1D, 0x3C, 0x1D, 0x3C, 0x1D,
    0x3C, 0x1D, 0x3C, 0x1D, 0x3C, 0x1D, 0x3C, 0x3D, 0x3C, 0x1D, 0x3C, 0xDC, 0x2B, 0xFC, 0x33, 0xFC, 0x33, 0xFC, 0x33,
    0xFC, 0x33, 0xFC, 0x33, 0xFC, 0x33, 0xFC, 0x33, 0xFC, 0x33, 0xFC, 0x33, 0xFC, 0x33, 0xFC, 0x33, 0xFC, 0x33, 0xFC,
    0x33, 0xFC, 0x33, 0xFC, 0x33, 0xFC, 0x33, 0xFC, 0x33, 0xFC, 0x33, 0xFC, 0x33, 0xFC, 0x33, 0xFC, 0x33, 0xFC, 0x33,
    0xFC, 0x33, 0xFC, 0x33, 0xFC, 0x33, 0xFC, 0x33, 0xFC, 0x33, 0xFC, 0x33, 0xFC, 0x33, 0xFC, 0x33, 0xFC, 0x33, 0xFC,
    0x33, 0xFC, 0x33, 0xFC, 0x33, 0xFC, 0x33, 0xFC, 0x33, 0xFC, 0x33, 0xFC, 0x33, 0xFC, 0x33, 0xDC, 0x2B, 0x1D, 0x3C,
    0x3D, 0x3C, 0x1D, 0x3C, 0x1D, 0x3C, 0x1D, 0x3C, 0x1D, 0x3C, 0x1D, 0x3C, 0x1D, 0x3C, 0x1D, 0x3C, 0x1D, 0x3C, 0x1D,
    0x3C, 0x1D, 0x3C, 0x1D, 0x3C, 0x1D, 0x3C, 0x1D, 0x3C, 0x1D, 0x3C, 0x1D, 0x3C, 0x1D, 0x3C, 0x1D, 0x3C, 0x1C, 0x3C,
    0x3D, 0x3C, 0xFC, 0x3B, 0xEE, 0x19, 0xAB, 0x11, 0x8B, 0x11, 0x6A, 0x11, 0x49, 0x11, 0x28, 0x11, 0x07, 0x09, 0xE6,
    0x08, 0xC6, 0x08, 0xC5, 0x08, 0xA4, 0x08, 0x84, 0x00, 0x83, 0x00, 0x63, 0x00, 0x42, 0x00, 0x42, 0x00, 0x41, 0x00,
    0x21, 0x00, 0x21, 0x00, 0x21, 0x00, 0x00, 0x00, 0x00, 0x00, 0x00, 0x00, 0x00, 0x00, 0x00, 0x00, 0x00, 0x00, 0x00,
    0x00, 0x00, 0x00, 0x21, 0x00, 0x21, 0x00, 0x21, 0x00, 0x41, 0x00, 0x42, 0x00, 0x42, 0x00, 0x63, 0x00, 0x83, 0x00,
    0x84, 0x00, 0xA4, 0x08, 0xC5, 0x08, 0xC6, 0x08, 0xE6, 0x08, 0x07, 0x09, 0x28, 0x11, 0x49, 0x11, 0x6A, 0x11, 0x8B,
    0x11, 0xAB, 0x11, 0xEE, 0x19, 0xFB, 0x3B, 0x3D, 0x3C, 0x1C, 0x3C, 0x1C, 0x3C, 0x1C, 0x3C, 0x1C, 0x3C, 0x1C, 0x3C,
    0x1C, 0x3C, 0x1C, 0x3C, 0x1C, 0x3C, 0x1C, 0x3C, 0x1C, 0x3C, 0x1C, 0x3C, 0x1C, 0x3C, 0x1C, 0x3C, 0x1C, 0x3C, 0x1C,
    0x3C, 0x1C, 0x3C, 0x1C, 0x3C, 0x1C, 0x3C, 0x1C, 0x3C, 0x1C, 0x3C, 0x3D, 0x3C, 0x3D, 0x3C, 0x3C, 0x3C, 0x3C, 0x3C,
    0x3C, 0x3C, 0x3C, 0x3C, 0x3C, 0x3C, 0x3C, 0x3C, 0x3C, 0x3C, 0x3C, 0x3C, 0x3C, 0x44, 0xFC, 0x33, 0x1D, 0x6D, 0xFF,
    0xFF, 0xFF, 0xFF, 0xFF, 0xFF, 0xFF, 0xFF, 0xFF, 0xFF, 0xFF, 0xFF, 0xFF, 0xFF, 0xFF, 0xFF, 0xFF, 0xFF, 0xFF, 0xFF,
    0xFF, 0xFF, 0xFF, 0xFF, 0xFF, 0xFF, 0xFF, 0xFF, 0xFF, 0xFF, 0x1E, 0x9E, 0xDC, 0x2B, 0x3C, 0x44, 0x3C, 0x3C, 0x3C,
    0x3C, 0x3C, 0x3C, 0x3C, 0x3C, 0x3C, 0x3C, 0x3C, 0x3C, 0x3C, 0x3C, 0x3C, 0x3C, 0x3D, 0x3C, 0x3D, 0x3C, 0x1C, 0x3C,
    0x1C, 0x3C, 0x1C, 0x3C, 0x1C, 0x3C, 0x1C, 0x3C, 0x1C, 0x3C, 0x1C, 0x3C, 0x1C, 0x3C, 0x1C, 0x3C, 0x1C, 0x3C, 0x1C,
    0x3C, 0x1C, 0x3C, 0x1C, 0x3C, 0x1C, 0x3C, 0x1C, 0x3C, 0x1C, 0x3C, 0x1C, 0x3C, 0x1C, 0x3C, 0x1C, 0x3C, 0x1C, 0x3C,
    0x1C, 0x3C, 0x1C, 0x3C, 0x1C, 0x3C, 0x1C, 0x3C, 0x1C, 0x3C, 0x1C, 0x3C, 0x3D, 0x3C, 0x3D, 0x3C, 0x3C, 0x3C, 0x3C,
    0x3C, 0x3C, 0x3C, 0x3C, 0x3C, 0x3C, 0x3C, 0x3C, 0x3C, 0x3C, 0x3C, 0x3C, 0x3C, 0x3C, 0x3C, 0x3C, 0x3C, 0x3C, 0x3C,
    0x3C, 0x3C, 0x3C, 0x3C, 0x3C, 0x3C, 0x3C, 0x3C, 0x3C, 0x3C, 0x3C, 0x3C, 0x3C, 0x3C, 0x3C, 0x3C, 0x3C, 0x3C, 0x3C,
    0x3C, 0x3C, 0x3C, 0x3C, 0x3C, 0x3C, 0x3C, 0x3C, 0x3C, 0x3C, 0x3C, 0x3C, 0x3C, 0x3C, 0x3C, 0x3C, 0x3C, 0x3C, 0x3C,
    0x3C, 0x3C, 0x3C, 0x3C, 0x3C, 0x3C, 0x3C, 0x3C, 0x3C, 0x3C, 0x3C, 0x3C, 0x3C, 0x3C, 0x3D, 0x3C, 0x3D, 0x3C, 0x1C,
    0x3C, 0x1C, 0x3C, 0x1C, 0x3C, 0x1C, 0x3C, 0x1C, 0x3C, 0x1C, 0x3C, 0x1C, 0x3C, 0x1C, 0x3C, 0x1C, 0x3C, 0x1C, 0x3C,
    0x1C, 0x3C, 0x1C, 0x3C, 0x1C, 0x3C, 0x1C, 0x3C, 0x1C, 0x3C, 0x1C, 0x3C, 0x1C, 0x3C, 0x1C, 0x3C, 0x1C, 0x3C, 0x1C,
    0x3C, 0x3D, 0x3C, 0xFB, 0x3B, 0xEE, 0x19, 0xAB, 0x11, 0x8B, 0x11, 0x6A, 0x11, 0x49, 0x11, 0x28, 0x11, 0x07, 0x09,
    0xE6, 0x08, 0xC6, 0x08, 0xC5, 0x08, 0xA4, 0x08, 0x84, 0x00, 0x83, 0x00, 0x63, 0x00, 0x42, 0x00, 0x42, 0x00, 0x41,
    0x00, 0x21, 0x00, 0x21, 0x00, 0x21, 0x00, 0x00, 0x00, 0x00, 0x00, 0x00, 0x00, 0x00, 0x00, 0x00, 0x00, 0x00, 0x00,
    0x00, 0x00, 0x00, 0x00, 0x21, 0x00, 0x21, 0x00, 0x21, 0x00, 0x41, 0x00, 0x42, 0x00, 0x42, 0x00, 0x63, 0x00, 0x83,
    0x00, 0x84, 0x00, 0xA4, 0x08, 0xC5, 0x08, 0xC6, 0x08, 0xE6, 0x08, 0x07, 0x09, 0x28, 0x11, 0x49, 0x11, 0x6A, 0x11,
    0x8B, 0x11, 0xAB, 0x11, 0xEE, 0x19, 0xFB, 0x3B, 0x1D, 0x3C, 0x1C, 0x3C, 0x1C, 0x3C, 0x1C, 0x3C, 0x1C, 0x3C, 0x1C,
    0x3C, 0x1C, 0x3C, 0x1C, 0x3C, 0x1C, 0x3C, 0x1C, 0x3C, 0x1C, 0x3C, 0x1C, 0x3C, 0x1C, 0x3C, 0x1C, 0x3C, 0x1C, 0x3C,
    0x1C, 0x3C, 0x1C, 0x3C, 0x1C, 0x3C, 0x1C, 0x3C, 0x1C, 0x3C, 0x1C, 0x3C, 0x1C, 0x3C, 0x1C, 0x3C, 0x1C, 0x3C, 0x1C,
    0x3C, 0x1C, 0x3C, 0x1C, 0x3C, 0x1C, 0x3C, 0x1C, 0x3C, 0x1C, 0x3C, 0x1C, 0x3C, 0x1C, 0x3C, 0xDC, 0x33, 0x1D, 0x6D,
    0xFF, 0xFF, 0xFF, 0xFF, 0xFF, 0xFF, 0xFF, 0xFF, 0xFF, 0xFF, 0xFF, 0xFF, 0xFF, 0xFF, 0xFF, 0xFF, 0xFF, 0xFF, 0xFF,
    0xFF, 0xFF, 0xFF, 0xFF, 0xFF, 0xFF, 0xFF, 0xFF, 0xFF, 0xFF, 0xFF, 0x1E, 0x9E, 0xDC, 0x2B, 0x3C, 0x3C, 0x1C, 0x3C,
    0x1C, 0x3C, 0x1C, 0x3C, 0x1C, 0x3C, 0x1C, 0x3C, 0x1C, 0x3C, 0x1C, 0x3C, 0x1C, 0x3C, 0x1C, 0x3C, 0x1C, 0x3C, 0x1C,
    0x3C, 0x1C, 0x3C, 0x1C, 0x3C, 0x1C, 0x3C, 0x1C, 0x3C, 0x1C, 0x3C, 0x1C, 0x3C, 0x1C, 0x3C, 0x1C, 0x3C, 0x1C, 0x3C,
    0x1C, 0x3C, 0x1C, 0x3C, 0x1C, 0x3C, 0x1C, 0x3C, 0x1C, 0x3C, 0x1C, 0x3C, 0x1C, 0x3C, 0x1C, 0x3C, 0x1C, 0x3C, 0x1C,
    0x3C, 0x1C, 0x3C, 0x1C, 0x3C, 0x1C, 0x3C, 0x1C, 0x3C, 0x1C, 0x3C, 0x1C, 0x3C, 0x1C, 0x3C, 0x1C, 0x3C, 0x1C, 0x3C,
    0x1C, 0x3C, 0x1C, 0x3C, 0x1C, 0x3C, 0x1C, 0x3C, 0x1C, 0x3C, 0x1C, 0x3C, 0x1C, 0x3C, 0x1C, 0x3C, 0x1C, 0x3C, 0x1C,
    0x3C, 0x1C, 0x3C, 0x1C, 0x3C, 0x1C, 0x3C, 0x1C, 0x3C, 0x1C, 0x3C, 0x1C, 0x3C, 0x1C, 0x3C, 0x1C, 0x3C, 0x1C, 0x3C,
    0x1C, 0x3C, 0x1C, 0x3C, 0x1C, 0x3C, 0x1C, 0x3C, 0x1C, 0x3C, 0x1C, 0x3C, 0x1C, 0x3C, 0x1C, 0x3C, 0x1C, 0x3C, 0x1C,
    0x3C, 0x1C, 0x3C, 0x1C, 0x3C, 0x1C, 0x3C, 0x1C, 0x3C, 0x1C, 0x3C, 0x1C, 0x3C, 0x1C, 0x3C, 0x1C, 0x3C, 0x1C, 0x3C,
    0x1C, 0x3C, 0x1C, 0x3C, 0x1C, 0x3C, 0x1C, 0x3C, 0x1C, 0x3C, 0x1C, 0x3C, 0x1C, 0x3C, 0x1C, 0x3C, 0x1C, 0x3C, 0x1C,
    0x3C, 0x1C, 0x3C, 0x1C, 0x3C, 0x1C, 0x3C, 0x1C, 0x3C, 0x1C, 0x3C, 0x1C, 0x3C, 0x1C, 0x3C, 0x1C, 0x3C, 0x1C, 0x3C,
    0x1C, 0x3C, 0x1D, 0x3C, 0xFB, 0x3B, 0xEE, 0x19, 0xAB, 0x11, 0x8B, 0x11, 0x6A, 0x11, 0x49, 0x11, 0x28, 0x11, 0x07,
    0x09, 0xE6, 0x08, 0xC6, 0x08, 0xC5, 0x08, 0xA4, 0x08, 0x84, 0x00, 0x83, 0x00, 0x63, 0x00, 0x42, 0x00, 0x42, 0x00,
    0x41, 0x00, 0x21, 0x00, 0x21, 0x00, 0x21, 0x00, 0x00, 0x00, 0x00, 0x00, 0x00, 0x00, 0x00, 0x00, 0x00, 0x00, 0x00,
    0x00, 0x00, 0x00, 0x00, 0x00, 0x21, 0x00, 0x21, 0x00, 0x21, 0x00, 0x41, 0x00, 0x42, 0x00, 0x42, 0x00, 0x63, 0x00,
    0x83, 0x00, 0x84, 0x00, 0xA4, 0x08, 0xC5, 0x08, 0xC6, 0x08, 0xE6, 0x08, 0x07, 0x09, 0x28, 0x11, 0x49, 0x11, 0x6A,
    0x11, 0x8B, 0x11, 0xAB, 0x11, 0xEE, 0x19, 0xFB, 0x3B, 0x1D, 0x3C, 0x1C, 0x3C, 0x1C, 0x3C, 0x1C, 0x3C, 0x1C, 0x3C,
    0x1C, 0x3C, 0x1C, 0x3C, 0x1C, 0x3C, 0x1C, 0x3C, 0x1C, 0x3C, 0x1C, 0x3C, 0x1C, 0x3C, 0x1C, 0x3C, 0x1C, 0x3C, 0x1C,
    0x3C, 0x1C, 0x3C, 0x1C, 0x3C, 0x1C, 0x3C, 0x1C, 0x3C, 0x1C, 0x3C, 0x1C, 0x3C, 0x1C, 0x3C, 0x1C, 0x3C, 0x1C, 0x3C,
    0x1C, 0x3C, 0x1C, 0x3C, 0x1C, 0x3C, 0x1C, 0x3C, 0x1C, 0x3C, 0x1C, 0x3C, 0x1C, 0x3C, 0x1C, 0x3C, 0xDC, 0x33, 0x1D,
    0x6D, 0xFF, 0xFF, 0xFF, 0xFF, 0xFF, 0xFF, 0xFF, 0xFF, 0xFF, 0xFF, 0xFF, 0xFF, 0xFF, 0xFF, 0xFF, 0xFF, 0xFF, 0xFF,
    0xFF, 0xFF, 0xFF, 0xFF, 0xFF, 0xFF, 0xFF, 0xFF, 0xFF, 0xFF, 0xFF, 0xFF, 0x1E, 0x9E, 0xDC, 0x2B, 0x3C, 0x3C, 0x1C,
    0x3C, 0x1C, 0x3C, 0x1C, 0x3C, 0x1C, 0x3C, 0x1C, 0x3C, 0x1C, 0x3C, 0x1C, 0x3C, 0x1C, 0x3C, 0x1C, 0x3C, 0x1C, 0x3C,
    0x1C, 0x3C, 0x1C, 0x3C, 0x1C, 0x3C, 0x1C, 0x3C, 0x1C, 0x3C, 0x1C, 0x3C, 0x1C, 0x3C, 0x1C, 0x3C, 0x1C, 0x3C, 0x1C,
    0x3C, 0x1C, 0x3C, 0x1C, 0x3C, 0x1C, 0x3C, 0x1C, 0x3C, 0x1C, 0x3C, 0x1C, 0x3C, 0x1C, 0x3C, 0x1C, 0x3C, 0x1C, 0x3C,
    0x1C, 0x3C, 0x1C, 0x3C, 0x1C, 0x3C, 0x1C, 0x3C, 0x1C, 0x3C, 0x1C, 0x3C, 0x1C, 0x3C, 0x1C, 0x3C, 0x1C, 0x3C, 0x1C,
    0x3C, 0x1C, 0x3C, 0x1C, 0x3C, 0x1C, 0x3C, 0x1C, 0x3C, 0x1C, 0x3C, 0x1C, 0x3C, 0x1C, 0x3C, 0x1C, 0x3C, 0x1C, 0x3C,
    0x1C, 0x3C, 0x1C, 0x3C, 0x1C, 0x3C, 0x1C, 0x3C, 0x1C, 0x3C, 0x1C, 0x3C, 0x1C, 0x3C, 0x1C, 0x3C, 0x1C, 0x3C, 0x1C,
    0x3C, 0x1C, 0x3C, 0x1C, 0x3C, 0x1C, 0x3C, 0x1C, 0x3C, 0x1C, 0x3C, 0x1C, 0x3C, 0x1C, 0x3C, 0x1C, 0x3C, 0x1C, 0x3C,
    0x1C, 0x3C, 0x1C, 0x3C, 0x1C, 0x3C, 0x1C, 0x3C, 0x1C, 0x3C, 0x1C, 0x3C, 0x1C, 0x3C, 0x1C, 0x3C, 0x1C, 0x3C, 0x1C,
    0x3C, 0x1C, 0x3C, 0x1C, 0x3C, 0x1C, 0x3C, 0x1C, 0x3C, 0x1C, 0x3C, 0x1C, 0x3C, 0x1C, 0x3C, 0x1C, 0x3C, 0x1C, 0x3C,
    0x1C, 0x3C, 0x1C, 0x3C, 0x1C, 0x3C, 0x1C, 0x3C, 0x1C, 0x3C, 0x1C, 0x3C, 0x1C, 0x3C, 0x1C, 0x3C, 0x1C, 0x3C, 0x1C,
    0x3C, 0x1C, 0x3C, 0x1D, 0x3C, 0xFB, 0x3B, 0xEE, 0x19, 0xAB, 0x11, 0x8B, 0x11, 0x6A, 0x11, 0x49, 0x11, 0x28, 0x11,
    0x07, 0x09, 0xE6, 0x08, 0xC6, 0x08, 0xC5, 0x08, 0xA4, 0x08, 0x84, 0x00, 0x83, 0x00, 0x63, 0x00, 0x42, 0x00, 0x42,
    0x00, 0x41, 0x00, 0x21, 0x00, 0x21, 0x00, 0x21, 0x00, 0x00, 0x00, 0x00, 0x00, 0x00, 0x00, 0x00, 0x00, 0x00, 0x00,
    0x00, 0x00, 0x00, 0x00, 0x00, 0x00, 0x21, 0x00, 0x21, 0x00, 0x21, 0x00, 0x41, 0x00, 0x42, 0x00, 0x42, 0x00, 0x63,
    0x00, 0x83, 0x00, 0x84, 0x00, 0xA4, 0x08, 0xC5, 0x08, 0xC6, 0x08, 0xE6, 0x08, 0x07, 0x09, 0x28, 0x11, 0x49, 0x11,
    0x6A, 0x11, 0x8B, 0x11, 0xAB, 0x11, 0xEE, 0x19, 0xFB, 0x3B, 0x1D, 0x3C, 0x1C, 0x3C, 0x1C, 0x3C, 0x1C, 0x3C, 0x1C,
    0x3C, 0x1C, 0x3C, 0x1C, 0x3C, 0x1C, 0x3C, 0x1C, 0x3C, 0x1C, 0x3C, 0x1C, 0x3C, 0x1C, 0x3C, 0x1C, 0x3C, 0x1C, 0x3C,
    0x1C, 0x3C, 0x1C, 0x3C, 0x1C, 0x3C, 0x1C, 0x3C, 0x1C, 0x3C, 0x1C, 0x3C, 0x1C, 0x3C, 0x1C, 0x3C, 0x1C, 0x3C, 0x1C,
    0x3C, 0x1C, 0x3C, 0x1C, 0x3C, 0x1C, 0x3C, 0x1C, 0x3C, 0x1C, 0x3C, 0x1C, 0x3C, 0x1C, 0x3C, 0x1C, 0x3C, 0xDC, 0x33,
    0x1D, 0x6D, 0xFF, 0xFF, 0xFF, 0xFF, 0xFF, 0xFF, 0xFF, 0xFF, 0xFF, 0xFF, 0xFF, 0xFF, 0xFF, 0xFF, 0xFF, 0xFF, 0xFF,
    0xFF, 0xFF, 0xFF, 0xFF, 0xFF, 0xFF, 0xFF, 0xFF, 0xFF, 0xFF, 0xFF, 0xFF, 0xFF, 0x1E, 0x9E, 0xDC, 0x2B, 0x1C, 0x3C,
    0x1C, 0x3C, 0x1C, 0x3C, 0x1C, 0x3C, 0x1C, 0x3C, 0x1C, 0x3C, 0x1C, 0x3C, 0x1C, 0x3C, 0x1C, 0x3C, 0x1C, 0x3C, 0x1C,
    0x3C, 0x1C, 0x3C, 0x1C, 0x3C, 0x1C, 0x3C, 0x1C, 0x3C, 0x1C, 0x3C, 0x1C, 0x3C, 0x1C, 0x3C, 0x1C, 0x3C, 0x1C, 0x3C,
    0x1C, 0x3C, 0x1C, 0x3C, 0x1C, 0x3C, 0x1C, 0x3C, 0x1C, 0x3C, 0x1C, 0x3C, 0x1C, 0x3C, 0x1C, 0x3C, 0x1C, 0x3C, 0x1C,
    0x3C, 0x1C, 0x3C, 0x1C, 0x3C, 0x1C, 0x3C, 0x1C, 0x3C, 0x1C, 0x3C, 0x1C, 0x3C, 0x1C, 0x3C, 0x1C, 0x3C, 0x1C, 0x3C,
    0x1C, 0x3C, 0x1C, 0x3C, 0x1C, 0x3C, 0x1C, 0x3C, 0x1C, 0x3C, 0x1C, 0x3C, 0x1C, 0x3C, 0x1C, 0x3C, 0x1C, 0x3C, 0x1C,
    0x3C, 0x1C, 0x3C, 0x1C, 0x3C, 0x1C, 0x3C, 0x1C, 0x3C, 0x1C, 0x3C, 0x1C, 0x3C, 0x1C, 0x3C, 0x1C, 0x3C, 0x1C, 0x3C,
    0x1C, 0x3C, 0x1C, 0x3C, 0x1C, 0x3C, 0x1C, 0x3C, 0x1C, 0x3C, 0x1C, 0x3C, 0x1C, 0x3C, 0x1C, 0x3C, 0x1C, 0x3C, 0x1C,
    0x3C, 0x1C, 0x3C, 0x1C, 0x3C, 0x1C, 0x3C, 0x1C, 0x3C, 0x1C, 0x3C, 0x1C, 0x3C, 0x1C, 0x3C, 0x1C, 0x3C, 0x1C, 0x3C,
    0x1C, 0x3C, 0x1C, 0x3C, 0x1C, 0x3C, 0x1C, 0x3C, 0x1C, 0x3C, 0x1C, 0x3C, 0x1C, 0x3C, 0x1C, 0x3C, 0x1C, 0x3C, 0x1C,
    0x3C, 0x1C, 0x3C, 0x1C, 0x3C, 0x1C, 0x3C, 0x1C, 0x3C, 0x1C, 0x3C, 0x1C, 0x3C, 0x1C, 0x3C, 0x1C, 0x3C, 0x1C, 0x3C,
    0x1C, 0x3C, 0x1C, 0x3C, 0x1D, 0x3C, 0xFB, 0x3B, 0xEE, 0x19, 0xAB, 0x11, 0x8B, 0x11, 0x6A, 0x11, 0x49, 0x11, 0x28,
    0x11, 0x07, 0x09, 0xE6, 0x08, 0xC6, 0x08, 0xC5, 0x08, 0xA4, 0x08, 0x84, 0x00, 0x83, 0x00, 0x63, 0x00, 0x42, 0x00,
    0x42, 0x00, 0x41, 0x00, 0x21, 0x00, 0x21, 0x00, 0x21, 0x00, 0x00, 0x00, 0x00, 0x00, 0x00, 0x00, 0x00, 0x00, 0x00,
    0x00, 0x00, 0x00, 0x00, 0x00, 0x00, 0x00, 0x21, 0x00, 0x21, 0x00, 0x21, 0x00, 0x41, 0x00, 0x42, 0x00, 0x42, 0x00,
    0x63, 0x00, 0x83, 0x00, 0x84, 0x00, 0xA4, 0x08, 0xC5, 0x08, 0xC6, 0x08, 0xE6, 0x08, 0x07, 0x09, 0x28, 0x11, 0x49,
    0x11, 0x6A, 0x11, 0x8B, 0x11, 0xAB, 0x11, 0xEE, 0x19, 0xFB, 0x3B, 0x1D, 0x3C, 0x1C, 0x3C, 0x1C, 0x3C, 0x1C, 0x3C,
    0x1C, 0x3C, 0x1C, 0x3C, 0x1C, 0x3C, 0x1C, 0x3C, 0x1C, 0x3C, 0x1C, 0x3C, 0x1C, 0x3C, 0x1C, 0x3C, 0x1C, 0x3C, 0x1C,
    0x3C, 0x1C, 0x3C, 0x1C, 0x3C, 0x1C, 0x3C, 0x1C, 0x3C, 0x1C, 0x3C, 0x1C, 0x3C, 0x1C, 0x3C, 0x1C, 0x3C, 0x1C, 0x3C,
    0x1C, 0x3C, 0x1C, 0x3C, 0x1C, 0x3C, 0x1C, 0x3C, 0x1C, 0x3C, 0x1C, 0x3C, 0x1C, 0x3C, 0x1C, 0x3C, 0x1C, 0x3C, 0xDC,
    0x2B, 0x1D, 0x6D, 0xFF, 0xFF, 0xFF, 0xFF, 0xFF, 0xFF, 0xFF, 0xFF, 0xFF, 0xFF, 0xFF, 0xFF, 0xFF, 0xFF, 0xFF, 0xFF,
    0xFF, 0xFF, 0xFF, 0xFF, 0xFF, 0xFF, 0xFF, 0xFF, 0xFF, 0xFF, 0xFF, 0xFF, 0xFF, 0xFF, 0x1E, 0x9E, 0xBC, 0x2B, 0x1C,
    0x3C, 0x1C, 0x3C, 0x1C, 0x3C, 0x1C, 0x3C, 0x1C, 0x3C, 0x1C, 0x3C, 0x1C, 0x3C, 0x1C, 0x3C, 0x1C, 0x3C, 0x1C, 0x3C,
    0x1C, 0x3C, 0x1C, 0x3C, 0x1C, 0x3C, 0x1C, 0x3C, 0x1C, 0x3C, 0x1C, 0x3C, 0x1C, 0x3C, 0x1C, 0x3C, 0x1C, 0x3C, 0x1C,
    0x3C, 0x1C, 0x3C, 0x1C, 0x3C, 0x1C, 0x3C, 0x1C, 0x3C, 0x1C, 0x3C, 0x1C, 0x3C, 0x1C, 0x3C, 0x1C, 0x3C, 0x1C, 0x3C,
    0x1C, 0x3C, 0x1C, 0x3C, 0x1C, 0x3C, 0x1C, 0x3C, 0x1C, 0x3C, 0x1C, 0x3C, 0x1C, 0x3C, 0x1C, 0x3C, 0x1C, 0x3C, 0x1C,
    0x3C, 0x1C, 0x3C, 0x1C, 0x3C, 0x1C, 0x3C, 0x1C, 0x3C, 0x1C, 0x3C, 0x1C, 0x3C, 0x1C, 0x3C, 0x1C, 0x3C, 0x1C, 0x3C,
    0x1C, 0x3C, 0x1C, 0x3C, 0x1C, 0x3C, 0x1C, 0x3C, 0x1C, 0x3C, 0x1C, 0x3C, 0x1C, 0x3C, 0x1C, 0x3C, 0x1C, 0x3C, 0x1C,
    0x3C, 0x1C, 0x3C, 0x1C, 0x3C, 0x1C, 0x3C, 0x1C, 0x3C, 0x1C, 0x3C, 0x1C, 0x3C, 0x1C, 0x3C, 0x1C, 0x3C, 0x1C, 0x3C,
    0x1C, 0x3C, 0x1C, 0x3C, 0x1C, 0x3C, 0x1C, 0x3C, 0x1C, 0x3C, 0x1C, 0x3C, 0x1C, 0x3C, 0x1C, 0x3C, 0x1C, 0x3C, 0x1C,
    0x3C, 0x1C, 0x3C, 0x1C, 0x3C, 0x1C, 0x3C, 0x1C, 0x3C, 0x1C, 0x3C, 0x1C, 0x3C, 0x1C, 0x3C, 0x1C, 0x3C, 0x1C, 0x3C,
    0x1C, 0x3C, 0x1C, 0x3C, 0x1C, 0x3C, 0x1C, 0x3C, 0x1C, 0x3C, 0x1C, 0x3C, 0x1C, 0x3C, 0x1C, 0x3C, 0x1C, 0x3C, 0x1C,
    0x3C, 0x1C, 0x3C, 0x1C, 0x3C, 0x1D, 0x3C, 0xFB, 0x3B, 0xEE, 0x19, 0xAB, 0x11, 0x8B, 0x11, 0x6A, 0x11, 0x49, 0x11,
    0x28, 0x11, 0x07, 0x09, 0xE6, 0x08, 0xC6, 0x08, 0xC5, 0x08, 0xA4, 0x08, 0x84, 0x00, 0x83, 0x00, 0x63, 0x00, 0x42,
    0x00, 0x42, 0x00, 0x41, 0x00, 0x21, 0x00, 0x21, 0x00, 0x21, 0x00, 0x00, 0x00, 0x00, 0x00, 0x00, 0x00, 0x00, 0x00,
    0x00, 0x00, 0x00, 0x00, 0x00, 0x00, 0x00, 0x00, 0x21, 0x00, 0x21, 0x00, 0x21, 0x00, 0x41, 0x00, 0x42, 0x00, 0x42,
    0x00, 0x63, 0x00, 0x83, 0x00, 0x84, 0x00, 0xA4, 0x08, 0xC5, 0x08, 0xC6, 0x08, 0xE6, 0x08, 0x07, 0x09, 0x28, 0x11,
    0x49, 0x11, 0x6A, 0x11, 0x8B, 0x11, 0xAB, 0x11, 0xEE, 0x19, 0xFB, 0x3B, 0x1D, 0x3C, 0x1C, 0x3C, 0x1C, 0x3C, 0x1C,
    0x3C, 0x1C, 0x3C, 0x1C, 0x3C, 0x1C, 0x3C, 0x1C, 0x3C, 0x1C, 0x3C, 0x1C, 0x3C, 0x1C, 0x3C, 0x1C, 0x3C, 0x1C, 0x3C,
    0x1C, 0x3C, 0x1C, 0x3C, 0x1C, 0x3C, 0x1C, 0x3C, 0x1C, 0x3C, 0x1C, 0x3C, 0x1C, 0x3C, 0x1C, 0x3C, 0x1C, 0x3C, 0x1C,
    0x3C, 0x1C, 0x3C, 0x1C, 0x3C, 0x1C, 0x3C, 0x1C, 0x3C, 0x1C, 0x3C, 0x1C, 0x3C, 0x1C, 0x3C, 0x1C, 0x3C, 0x1C, 0x3C,
    0xDC, 0x2B, 0x1D, 0x6D, 0xFF, 0xFF, 0xFF, 0xFF, 0xFF, 0xFF, 0xFF, 0xFF, 0xFF, 0xFF, 0xFF, 0xFF, 0xFF, 0xFF, 0xFF,
    0xFF, 0xFF, 0xFF, 0xFF, 0xFF, 0xFF, 0xFF, 0xFF, 0xFF, 0xFF, 0xFF, 0xFF, 0xFF, 0xFF, 0xFF, 0x1E, 0x9E, 0xBC, 0x2B,
    0x1C, 0x3C, 0x1C, 0x3C, 0x1C, 0x3C, 0x1C, 0x3C, 0x1C, 0x3C, 0x1C, 0x3C, 0x1C, 0x3C, 0x1C, 0x3C, 0x1C, 0x3C, 0x1C,
    0x3C, 0x1C, 0x3C, 0x1C, 0x3C, 0x1C, 0x3C, 0x1C, 0x3C, 0x1C, 0x3C, 0x1C, 0x3C, 0x1C, 0x3C, 0x1C, 0x3C, 0x1C, 0x3C,
    0x1C, 0x3C, 0x1C, 0x3C, 0x1C, 0x3C, 0x1C, 0x3C, 0x1C, 0x3C, 0x1C, 0x3C, 0x1C, 0x3C, 0x1C, 0x3C, 0x1C, 0x3C, 0x1C,
    0x3C, 0x1C, 0x3C, 0x1C, 0x3C, 0x1C, 0x3C, 0x1C, 0x3C, 0x1C, 0x3C, 0x1C, 0x3C, 0x1C, 0x3C, 0x1C, 0x3C, 0x1C, 0x3C,
    0x1C, 0x3C, 0x1C, 0x3C, 0x1C, 0x3C, 0x1C, 0x3C, 0x1C, 0x3C, 0x1C, 0x3C, 0x1C, 0x3C, 0x1C, 0x3C, 0x1C, 0x3C, 0x1C,
    0x3C, 0x1C, 0x3C, 0x1C, 0x3C, 0x1C, 0x3C, 0x1C, 0x3C, 0x1C, 0x3C, 0x1C, 0x3C, 0x1C, 0x3C, 0x1C, 0x3C, 0x1C, 0x3C,
    0x1C, 0x3C, 0x1C, 0x3C, 0x1C, 0x3C, 0x1C, 0x3C, 0x1C, 0x3C, 0x1C, 0x3C, 0x1C, 0x3C, 0x1C, 0x3C, 0x1C, 0x3C, 0x1C,
    0x3C, 0x1C, 0x3C, 0x1C, 0x3C, 0x1C, 0x3C, 0x1C, 0x3C, 0x1C, 0x3C, 0x1C, 0x3C, 0x1C, 0x3C, 0x1C, 0x3C, 0x1C, 0x3C,
    0x1C, 0x3C, 0x1C, 0x3C, 0x1C, 0x3C, 0x1C, 0x3C, 0x1C, 0x3C, 0x1C, 0x3C, 0x1C, 0x3C, 0x1C, 0x3C, 0x1C, 0x3C, 0x1C,
    0x3C, 0x1C, 0x3C, 0x1C, 0x3C, 0x1C, 0x3C, 0x1C, 0x3C, 0x1C, 0x3C, 0x1C, 0x3C, 0x1C, 0x3C, 0x1C, 0x3C, 0x1C, 0x3C,
    0x1C, 0x3C, 0x1C, 0x3C, 0x1C, 0x3C, 0x1D, 0x3C, 0xFB, 0x3B, 0xEE, 0x19, 0xAB, 0x11, 0x8B, 0x11, 0x6A, 0x11, 0x49,
    0x11, 0x28, 0x11, 0x07, 0x09, 0xE6, 0x08, 0xC6, 0x08, 0xC5, 0x08, 0xA4, 0x08, 0x84, 0x00, 0x83, 0x00, 0x63, 0x00,
    0x42, 0x00, 0x42, 0x00, 0x41, 0x00, 0x21, 0x00, 0x21, 0x00, 0x21, 0x00, 0x00, 0x00, 0x00, 0x00, 0x00, 0x00, 0x00,
    0x00, 0x00, 0x00, 0x00, 0x00, 0x00, 0x00, 0x00, 0x00, 0x21, 0x00, 0x21, 0x00, 0x21, 0x00, 0x41, 0x00, 0x42, 0x00,
    0x42, 0x00, 0x63, 0x00, 0x83, 0x00, 0x84, 0x00, 0xA4, 0x08, 0xC5, 0x08, 0xC6, 0x08, 0xE6, 0x08, 0x07, 0x09, 0x28,
    0x11, 0x49, 0x11, 0x6A, 0x11, 0x8B, 0x11, 0xAB, 0x11, 0xEE, 0x19, 0xDB, 0x3B, 0x1D, 0x3C, 0xFC, 0x3B, 0xFC, 0x3B,
    0xFC, 0x3B, 0xFC, 0x3B, 0xFC, 0x3B, 0xFC, 0x3B, 0xFC, 0x3B, 0xFC, 0x3B, 0xFC, 0x3B, 0xFC, 0x3B, 0xFC, 0x3B, 0xFC,
    0x3B, 0xFC, 0x3B, 0xFC, 0x3B, 0xFC, 0x3B, 0xFC, 0x3B, 0xFC, 0x3B, 0xFC, 0x3B, 0xFC, 0x3B, 0xFC, 0x3B, 0xFC, 0x3B,
    0xFC, 0x3B, 0xFC, 0x3B, 0xFC, 0x3B, 0xFC, 0x3B, 0xFC, 0x3B, 0xFC, 0x3B, 0xFC, 0x3B, 0xFC, 0x3B, 0xFC, 0x3B, 0x1C,
    0x3C, 0xDC, 0x2B, 0x1D, 0x6D, 0xFF, 0xFF, 0xFF, 0xFF, 0xFF, 0xFF, 0xFF, 0xFF, 0xFF, 0xFF, 0xFF, 0xFF, 0xFF, 0xFF,
    0xFF, 0xFF, 0xFF, 0xFF, 0xFF, 0xFF, 0xFF, 0xFF, 0xFF, 0xFF, 0xFF, 0xFF, 0xFF, 0xFF, 0xFF, 0xFF, 0xFE, 0x9D, 0xBC,
    0x2B, 0x1C, 0x3C, 0xFC, 0x3B, 0xFC, 0x3B, 0xFC, 0x3B, 0xFC, 0x3B, 0xFC, 0x3B, 0xFC, 0x3B, 0xFC, 0x3B, 0xFC, 0x3B,
    0xFC, 0x3B, 0xFC, 0x3B, 0xFC, 0x3B, 0xFC, 0x3B, 0xFC, 0x3B, 0xFC, 0x3B, 0xFC, 0x3B, 0xFC, 0x3B, 0xFC, 0x3B, 0xFC,
    0x3B, 0xFC, 0x3B, 0xFC, 0x3B, 0xFC, 0x3B, 0xFC, 0x3B, 0xFC, 0x3B, 0xFC, 0x3B, 0xFC, 0x3B, 0xFC, 0x3B, 0xFC, 0x3B,
    0xFC, 0x3B, 0xFC, 0x3B, 0xFC, 0x3B, 0xFC, 0x3B, 0xFC, 0x3B, 0xFC, 0x3B, 0xFC, 0x3B, 0xFC, 0x3B, 0xFC, 0x3B, 0xFC,
    0x3B, 0xFC, 0x3B, 0xFC, 0x3B, 0xFC, 0x3B, 0xFC, 0x3B, 0xFC, 0x3B, 0xFC, 0x3B, 0xFC, 0x3B, 0xFC, 0x3B, 0xFC, 0x3B,
    0xFC, 0x3B, 0xFC, 0x3B, 0xFC, 0x3B, 0xFC, 0x3B, 0xFC, 0x3B, 0xFC, 0x3B, 0xFC, 0x3B, 0xFC, 0x3B, 0xFC, 0x3B, 0xFC,
    0x3B, 0xFC, 0x3B, 0xFC, 0x3B, 0xFC, 0x3B, 0xFC, 0x3B, 0xFC, 0x3B, 0xFC, 0x3B, 0xFC, 0x3B, 0xFC, 0x3B, 0xFC, 0x3B,
    0xFC, 0x3B, 0xFC, 0x3B, 0xFC, 0x3B, 0xFC, 0x3B, 0xFC, 0x3B, 0xFC, 0x3B, 0xFC, 0x3B, 0xFC, 0x3B, 0xFC, 0x3B, 0xFC,
    0x3B, 0xFC, 0x3B, 0xFC, 0x3B, 0xFC, 0x3B, 0xFC, 0x3B, 0xFC, 0x3B, 0xFC, 0x3B, 0xFC, 0x3B, 0xFC, 0x3B, 0xFC, 0x3B,
    0xFC, 0x3B, 0xFC, 0x3B, 0xFC, 0x3B, 0xFC, 0x3B, 0xFC, 0x3B, 0xFC, 0x3B, 0xFC, 0x3B, 0xFC, 0x3B, 0xFC, 0x3B, 0xFC,
    0x3B, 0xFC, 0x3B, 0xFC, 0x3B, 0xFC, 0x3B, 0x1D, 0x3C, 0xDB, 0x3B, 0xEE, 0x19, 0xAB, 0x11, 0x8B, 0x11, 0x6A, 0x11,
    0x49, 0x11, 0x28, 0x11, 0x07, 0x09, 0xE6, 0x08, 0xC6, 0x08, 0xC5, 0x08, 0xA4, 0x08, 0x84, 0x00, 0x83, 0x00, 0x63,
    0x00, 0x42, 0x00, 0x42, 0x00, 0x41, 0x00, 0x21, 0x00, 0x21, 0x00, 0x21, 0x00, 0x00, 0x00, 0x00, 0x00, 0x00, 0x00,
    0x00, 0x00, 0x00, 0x00, 0x00, 0x00, 0x00, 0x00, 0x00, 0x00, 0x21, 0x00, 0x21, 0x00, 0x21, 0x00, 0x41, 0x00, 0x42,
    0x00, 0x42, 0x00, 0x63, 0x00, 0x83, 0x00, 0x84, 0x00, 0xA4, 0x08, 0xC5, 0x08, 0xC6, 0x08, 0xE6, 0x08, 0x07, 0x09,
    0x28, 0x11, 0x49, 0x11, 0x6A, 0x11, 0x8B, 0x11, 0xAB, 0x11, 0xEE, 0x19, 0xDB, 0x3B, 0x1D, 0x3C, 0xFC, 0x3B, 0xFC,
    0x3B, 0xFC, 0x3B, 0xFC, 0x3B, 0xFC, 0x3B, 0xFC, 0x3B, 0xFC, 0x3B, 0xFC, 0x3B, 0xFC, 0x3B, 0xFC, 0x3B, 0xFC, 0x3B,
    0xFC, 0x3B, 0xFC, 0x3B, 0xFC, 0x3B, 0xFC, 0x3B, 0xFC, 0x3B, 0xFC, 0x3B, 0xFC, 0x3B, 0xFC, 0x3B, 0xFC, 0x3B, 0xFC,
    0x3B, 0xFC, 0x3B, 0xFC, 0x3B, 0xFC, 0x3B, 0xFC, 0x3B, 0xFC, 0x3B, 0xFC, 0x3B, 0xFC, 0x3B, 0xFC, 0x3B, 0xFC, 0x3B,
    0x1C, 0x3C, 0xDC, 0x2B, 0x1D, 0x6D, 0xFF, 0xFF, 0xFF, 0xFF, 0xFF, 0xFF, 0xFF, 0xFF, 0xFF, 0xFF, 0xFF, 0xFF, 0xFF,
    0xFF, 0xFF, 0xFF, 0xFF, 0xFF, 0xFF, 0xFF, 0xFF, 0xFF, 0xFF, 0xFF, 0xFF, 0xFF, 0xFF, 0xFF, 0xFF, 0xFF, 0xFE, 0x9D,
    0xBC, 0x2B, 0x1C, 0x3C, 0xFC, 0x3B, 0xFC, 0x3B, 0xFC, 0x3B, 0xFC, 0x3B, 0xFC, 0x3B, 0xFC, 0x3B, 0xFC, 0x3B, 0xFC,
    0x3B, 0xFC, 0x3B, 0xFC, 0x3B, 0xFC, 0x3B, 0xFC, 0x3B, 0xFC, 0x3B, 0xFC, 0x3B, 0xFC, 0x3B, 0xFC, 0x3B, 0xFC, 0x3B,
    0xFC, 0x3B, 0xFC, 0x3B, 0xFC, 0x3B, 0xFC, 0x3B, 0xFC, 0x3B, 0xFC, 0x3B, 0xFC, 0x3B, 0xFC, 0x3B, 0xFC, 0x3B, 0xFC,
    0x3B, 0xFC, 0x3B, 0xFC, 0x3B, 0xFC, 0x3B, 0xFC, 0x3B, 0xFC, 0x3B, 0xFC, 0x3B, 0xFC, 0x3B, 0xFC, 0x3B, 0xFC, 0x3B,
    0xFC, 0x3B, 0xFC, 0x3B, 0xFC, 0x3B, 0xFC, 0x3B, 0xFC, 0x3B, 0xFC, 0x3B, 0xFC, 0x3B, 0xFC, 0x3B, 0xFC, 0x3B, 0xFC,
    0x3B, 0xFC, 0x3B, 0xFC, 0x3B, 0xFC, 0x3B, 0xFC, 0x3B, 0xFC, 0x3B, 0xFC, 0x3B, 0xFC, 0x3B, 0xFC, 0x3B, 0xFC, 0x3B,
    0xFC, 0x3B, 0xFC, 0x3B, 0xFC, 0x3B, 0xFC, 0x3B, 0xFC, 0x3B, 0xFC, 0x3B, 0xFC, 0x3B, 0xFC, 0x3B, 0xFC, 0x3B, 0xFC,
    0x3B, 0xFC, 0x3B, 0xFC, 0x3B, 0xFC, 0x3B, 0xFC, 0x3B, 0xFC, 0x3B, 0xFC, 0x3B, 0xFC, 0x3B, 0xFC, 0x3B, 0xFC, 0x3B,
    0xFC, 0x3B, 0xFC, 0x3B, 0xFC, 0x3B, 0xFC, 0x3B, 0xFC, 0x3B, 0xFC, 0x3B, 0xFC, 0x3B, 0xFC, 0x3B, 0xFC, 0x3B, 0xFC,
    0x3B, 0xFC, 0x3B, 0xFC, 0x3B, 0xFC, 0x3B, 0xFC, 0x3B, 0xFC, 0x3B, 0xFC, 0x3B, 0xFC, 0x3B, 0xFC, 0x3B, 0xFC, 0x3B,
    0xFC, 0x3B, 0xFC, 0x3B, 0xFC, 0x3B, 0xFC, 0x3B, 0x1D, 0x3C, 0xDB, 0x3B, 0xEE, 0x19, 0xAB, 0x11, 0x8B, 0x11, 0x6A,
    0x11, 0x49, 0x11, 0x28, 0x11, 0x07, 0x09, 0xE6, 0x08, 0xC6, 0x08, 0xC5, 0x08, 0xA4, 0x08, 0x84, 0x00, 0x83, 0x00,
    0x63, 0x00, 0x42, 0x00, 0x42, 0x00, 0x41, 0x00, 0x21, 0x00, 0x21, 0x00, 0x21, 0x00, 0x00, 0x00, 0x00, 0x00, 0x00,
    0x00, 0x00, 0x00, 0x00, 0x00, 0x00, 0x00, 0x00, 0x00, 0x00, 0x00, 0x21, 0x00, 0x21, 0x00, 0x21, 0x00, 0x41, 0x00,
    0x42, 0x00, 0x42, 0x00, 0x63, 0x00, 0x83, 0x00, 0x84, 0x00, 0xA4, 0x08, 0xC5, 0x08, 0xC6, 0x08, 0xE6, 0x08, 0x07,
    0x09, 0x28, 0x11, 0x49, 0x11, 0x6A, 0x11, 0x8B, 0x11, 0xAB, 0x11, 0xEE, 0x19, 0xDB, 0x33, 0xFC, 0x3B, 0xFC, 0x3B,
    0xFC, 0x3B, 0xFC, 0x3B, 0xFC, 0x3B, 0xFC, 0x3B, 0xFC, 0x3B, 0xFC, 0x3B, 0xFC, 0x3B, 0xFC, 0x3B, 0xFC, 0x3B, 0xFC,
    0x3B, 0xFC, 0x3B, 0xFC, 0x3B, 0xFC, 0x3B, 0xFC, 0x3B, 0xFC, 0x3B, 0xFC, 0x3B, 0xFC, 0x3B, 0xFC, 0x3B, 0xFC, 0x3B,
    0xFC, 0x3B, 0xFC, 0x3B, 0xFC, 0x3B, 0xFC, 0x3B, 0xFC, 0x3B, 0xFC, 0x3B, 0xFC, 0x3B, 0xFC, 0x3B, 0xFC, 0x3B, 0xFC,
    0x3B, 0x1C, 0x3C, 0xBC, 0x2B, 0xFD, 0x6C, 0xFF, 0xFF, 0xFF, 0xFF, 0xFF, 0xFF, 0xFF, 0xFF, 0xFF, 0xFF, 0xFF, 0xFF,
    0xFF, 0xFF, 0xFF, 0xFF, 0xFF, 0xFF, 0xFF, 0xFF, 0xFF, 0xFF, 0xFF, 0xFF, 0xFF, 0xFF, 0xFF, 0xFF, 0xFF, 0xFF, 0xFE,
    0x9D, 0xBC, 0x2B, 0x1C, 0x3C, 0xFC, 0x3B, 0xFC, 0x3B, 0xFC, 0x3B, 0xFC, 0x3B, 0xFC, 0x3B, 0xFC, 0x3B, 0xFC, 0x3B,
    0xFC, 0x3B, 0xFC, 0x3B, 0xFC, 0x3B, 0xFC, 0x3B, 0xFC, 0x3B, 0xFC, 0x3B, 0xFC, 0x3B, 0xFC, 0x3B, 0xFC, 0x3B, 0xFC,
    0x3B, 0xFC, 0x3B, 0xFC, 0x3B, 0xFC, 0x3B, 0xFC, 0x3B, 0xFC, 0x3B, 0xFC, 0x3B, 0xFC, 0x3B, 0xFC, 0x3B, 0xFC, 0x3B,
    0xFC, 0x3B, 0xFC, 0x3B, 0xFC, 0x3B, 0xFC, 0x3B, 0xFC, 0x3B, 0xFC, 0x3B, 0xFC, 0x3B, 0xFC, 0x3B, 0xFC, 0x3B, 0xFC,
    0x3B, 0xFC, 0x3B, 0xFC, 0x3B, 0xFC, 0x3B, 0xFC, 0x3B, 0xFC, 0x3B, 0xFC, 0x3B, 0xFC, 0x3B, 0xFC, 0x3B, 0xFC, 0x3B,
    0xFC, 0x3B, 0xFC, 0x3B, 0xFC, 0x3B, 0xFC, 0x3B, 0xFC, 0x3B, 0xFC, 0x3B, 0xFC, 0x3B, 0xFC, 0x3B, 0xFC, 0x3B, 0xFC,
    0x3B, 0xFC, 0x3B, 0xFC, 0x3B, 0xFC, 0x3B, 0xFC, 0x3B, 0xFC, 0x3B, 0xFC, 0x3B, 0xFC, 0x3B, 0xFC, 0x3B, 0xFC, 0x3B,
    0xFC, 0x3B, 0xFC, 0x3B, 0xFC, 0x3B, 0xFC, 0x3B, 0xFC, 0x3B, 0xFC, 0x3B, 0xFC, 0x3B, 0xFC, 0x3B, 0xFC, 0x3B, 0xFC,
    0x3B, 0xFC, 0x3B, 0xFC, 0x3B, 0xFC, 0x3B, 0xFC, 0x3B, 0xFC, 0x3B, 0xFC, 0x3B, 0xFC, 0x3B, 0xFC, 0x3B, 0xFC, 0x3B,
    0xFC, 0x3B, 0xFC, 0x3B, 0xFC, 0x3B, 0xFC, 0x3B, 0xFC, 0x3B, 0xFC, 0x3B, 0xFC, 0x3B, 0xFC, 0x3B, 0xFC, 0x3B, 0xFC,
    0x3B, 0xFC, 0x3B, 0xFC, 0x3B, 0xFC, 0x3B, 0xFC, 0x3B, 0xFC, 0x3B, 0xDB, 0x33, 0xEE, 0x19, 0xAB, 0x11, 0x8B, 0x11,
    0x6A, 0x11, 0x49, 0x11, 0x28, 0x11, 0x07, 0x09, 0xE6, 0x08, 0xC6, 0x08, 0xC5, 0x08, 0xA4, 0x08, 0x84, 0x00, 0x83,
    0x00, 0x63, 0x00, 0x42, 0x00, 0x42, 0x00, 0x41, 0x00, 0x21, 0x00, 0x21, 0x00, 0x21, 0x00, 0x00, 0x00, 0x00, 0x00,
    0x00, 0x00, 0x00, 0x00, 0x00, 0x00, 0x00, 0x00, 0x00, 0x00, 0x00, 0x00, 0x21, 0x00, 0x21, 0x00, 0x21, 0x00, 0x41,
    0x00, 0x42, 0x00, 0x42, 0x00, 0x63, 0x00, 0x83, 0x00, 0x84, 0x00, 0xA4, 0x08, 0xC5, 0x08, 0xC6, 0x08, 0xE6, 0x08,
    0x07, 0x09, 0x28, 0x11, 0x49, 0x11, 0x6A, 0x11, 0x8B, 0x11, 0xAB, 0x11, 0xED, 0x19, 0xDB, 0x33, 0xFC, 0x3B, 0xFC,
    0x3B, 0xFC, 0x3B, 0xFC, 0x3B, 0xFC, 0x3B, 0xFC, 0x3B, 0xFC, 0x3B, 0xFC, 0x3B, 0xFC, 0x3B, 0xFC, 0x3B, 0xFC, 0x3B,
    0xFC, 0x3B, 0xFC, 0x3B, 0xFC, 0x3B, 0xFC, 0x3B, 0xFC, 0x3B, 0xFC, 0x3B, 0xFC, 0x3B, 0xFC, 0x3B, 0xFC, 0x3B, 0xFC,
    0x3B, 0xFC, 0x3B, 0xFC, 0x3B, 0xFC, 0x3B, 0xFC, 0x3B, 0xFC, 0x3B, 0xFC, 0x3B, 0xFC, 0x3B, 0xFC, 0x3B, 0xFC, 0x3B,
    0xFC, 0x3B, 0x1C, 0x3C, 0xBC, 0x2B, 0xFD, 0x6C, 0xFF, 0xFF, 0xFF, 0xFF, 0xFF, 0xFF, 0xFF, 0xFF, 0xFF, 0xFF, 0xFF,
    0xFF, 0xFF, 0xFF, 0xFF, 0xFF, 0xFF, 0xFF, 0xFF, 0xFF, 0xFF, 0xFF, 0xFF, 0xFF, 0xFF, 0xFF, 0xFF, 0xFF, 0xFF, 0xFF,
    0xFE, 0x9D, 0xBC, 0x2B, 0x1C, 0x3C, 0xFC, 0x3B, 0xFC, 0x3B, 0xFC, 0x3B, 0xFC, 0x3B, 0xFC, 0x3B, 0xFC, 0x3B, 0xFC,
    0x3B, 0xFC, 0x3B, 0xFC, 0x3B, 0xFC, 0x3B, 0xFC, 0x3B, 0xFC, 0x3B, 0xFC, 0x3B, 0xFC, 0x3B, 0xFC, 0x3B, 0xFC, 0x3B,
    0xFC, 0x3B, 0xFC, 0x3B, 0xFC, 0x3B, 0xFC, 0x3B, 0xFC, 0x3B, 0xFC, 0x3B, 0xFC, 0x3B, 0xFC, 0x3B, 0xFC, 0x3B, 0xFC,
    0x3B, 0xFC, 0x3B, 0xFC, 0x3B, 0xFC, 0x3B, 0xFC, 0x3B, 0xFC, 0x3B, 0xFC, 0x3B, 0xFC, 0x3B, 0xFC, 0x3B, 0xFC, 0x3B,
    0xFC, 0x3B, 0xFC, 0x3B, 0xFC, 0x3B, 0xFC, 0x3B, 0xFC, 0x3B, 0xFC, 0x3B, 0xFC, 0x3B, 0xFC, 0x3B, 0xFC, 0x3B, 0xFC,
    0x3B, 0xFC, 0x3B, 0xFC, 0x3B, 0xFC, 0x3B, 0xFC, 0x3B, 0xFC, 0x3B, 0xFC, 0x3B, 0xFC, 0x3B, 0xFC, 0x3B, 0xFC, 0x3B,
    0xFC, 0x3B, 0xFC, 0x3B, 0xFC, 0x3B, 0xFC, 0x3B, 0xFC, 0x3B, 0xFC, 0x3B, 0xFC, 0x3B, 0xFC, 0x3B, 0xFC, 0x3B, 0xFC,
    0x3B, 0xFC, 0x3B, 0xFC, 0x3B, 0xFC, 0x3B, 0xFC, 0x3B, 0xFC, 0x3B, 0xFC, 0x3B, 0xFC, 0x3B, 0xFC, 0x3B, 0xFC, 0x3B,
    0xFC, 0x3B, 0xFC, 0x3B, 0xFC, 0x3B, 0xFC, 0x3B, 0xFC, 0x3B, 0xFC, 0x3B, 0xFC, 0x3B, 0xFC, 0x3B, 0xFC, 0x3B, 0xFC,
    0x3B, 0xFC, 0x3B, 0xFC, 0x3B, 0xFC, 0x3B, 0xFC, 0x3B, 0xFC, 0x3B, 0xFC, 0x3B, 0xFC, 0x3B, 0xFC, 0x3B, 0xFC, 0x3B,
    0xFC, 0x3B, 0xFC, 0x3B, 0xFC, 0x3B, 0xFC, 0x3B, 0xFC, 0x3B, 0xFC, 0x3B, 0xDB, 0x33, 0xED, 0x19, 0xAB, 0x11, 0x8B,
    0x11, 0x6A, 0x11, 0x49, 0x11, 0x28, 0x11, 0x07, 0x09, 0xE6, 0x08, 0xC6, 0x08, 0xC5, 0x08, 0xA4, 0x08, 0x84, 0x00,
    0x83, 0x00, 0x63, 0x00, 0x42, 0x00, 0x42, 0x00, 0x41, 0x00, 0x21, 0x00, 0x21, 0x00, 0x21, 0x00, 0x00, 0x00, 0x00,
    0x00, 0x00, 0x00, 0x00, 0x00, 0x00, 0x00, 0x00, 0x00, 0x00, 0x00, 0x00, 0x00, 0x21, 0x00, 0x21, 0x00, 0x21, 0x00,
    0x41, 0x00, 0x42, 0x00, 0x42, 0x00, 0x63, 0x00, 0x83, 0x00, 0x84, 0x00, 0xA4, 0x08, 0xC5, 0x08, 0xC6, 0x08, 0xE6,
    0x08, 0x07, 0x09, 0x28, 0x11, 0x49, 0x11, 0x6A, 0x11, 0x8B, 0x11, 0xAB, 0x11, 0xED, 0x19, 0xDB, 0x33, 0xFC, 0x3B,
    0xFC, 0x3B, 0xFC, 0x3B, 0xFC, 0x3B, 0xFC, 0x3B, 0xFC, 0x3B, 0xFC, 0x3B, 0xFC, 0x3B, 0xFC, 0x3B, 0xFC, 0x3B, 0xFC,
    0x3B, 0xFC, 0x3B, 0xFC, 0x3B, 0xFC, 0x3B, 0xFC, 0x3B, 0xFC, 0x3B, 0xFC, 0x3B, 0xFC, 0x3B, 0xFC, 0x3B, 0xFC, 0x3B,
    0xFC, 0x3B, 0xFC, 0x3B, 0xFC, 0x3B, 0xFC, 0x3B, 0xFC, 0x3B, 0xFC, 0x3B, 0xFC, 0x3B, 0xFC, 0x3B, 0xFC, 0x3B, 0xFC,
    0x3B, 0xFC, 0x3B, 0xFC, 0x3B, 0xDC, 0x33, 0x3C, 0x44, 0xBF, 0xF7, 0xFF, 0xFF, 0xFF, 0xFF, 0xFF, 0xFF, 0xFF, 0xFF,
    0xFF, 0xFF, 0xFF, 0xFF, 0xFF, 0xFF, 0xFF, 0xFF, 0xFF, 0xFF, 0xFF, 0xFF, 0xFF, 0xFF, 0xFF, 0xFF, 0xFF, 0xFF, 0xFF,
    0xFF, 0xFD, 0x6C, 0xBC, 0x2B, 0xFC, 0x3B, 0xFC, 0x3B, 0xFC, 0x3B, 0xFC, 0x3B, 0xFC, 0x3B, 0xFC, 0x3B, 0xFC, 0x3B,
    0xFC, 0x3B, 0xFC, 0x3B, 0xFC, 0x3B, 0xFC, 0x3B, 0xFC, 0x3B, 0xFC, 0x3B, 0xFC, 0x3B, 0xFC, 0x3B, 0xFC, 0x3B, 0xFC,
    0x3B, 0xFC, 0x3B, 0xFC, 0x3B, 0xFC, 0x3B, 0xFC, 0x3B, 0xFC, 0x3B, 0xFC, 0x3B, 0xFC, 0x3B, 0xFC, 0x3B, 0xFC, 0x3B,
    0xFC, 0x3B, 0xFC, 0x3B, 0xFC, 0x3B, 0xFC, 0x3B, 0xFC, 0x3B, 0xFC, 0x3B, 0xFC, 0x3B, 0xFC, 0x3B, 0xFC, 0x3B, 0xFC,
    0x3B, 0xFC, 0x3B, 0xFC, 0x3B, 0xFC, 0x3B, 0xFC, 0x3B, 0xFC, 0x3B, 0xFC, 0x3B, 0xFC, 0x3B, 0xFC, 0x3B, 0xFC, 0x3B,
    0xFC, 0x3B, 0xFC, 0x3B, 0xFC, 0x3B, 0xFC, 0x3B, 0xFC, 0x3B, 0xFC, 0x3B, 0xFC, 0x3B, 0xFC, 0x3B, 0xFC, 0x3B, 0xFC,
    0x3B, 0xFC, 0x3B, 0xFC, 0x3B, 0xFC, 0x3B, 0xFC, 0x3B, 0xFC, 0x3B, 0xFC, 0x3B, 0xFC, 0x3B, 0xFC, 0x3B, 0xFC, 0x3B,
    0xFC, 0x3B, 0xFC, 0x3B, 0xFC, 0x3B, 0xFC, 0x3B, 0xFC, 0x3B, 0xFC, 0x3B, 0xFC, 0x3B, 0xFC, 0x3B, 0xFC, 0x3B, 0xFC,
    0x3B, 0xFC, 0x3B, 0xFC, 0x3B, 0xFC, 0x3B, 0xFC, 0x3B, 0xFC, 0x3B, 0xFC, 0x3B, 0xFC, 0x3B, 0xFC, 0x3B, 0xFC, 0x3B,
    0xFC, 0x3B, 0xFC, 0x3B, 0xFC, 0x3B, 0xFC, 0x3B, 0xFC, 0x3B, 0xFC, 0x3B, 0xFC, 0x3B, 0xFC, 0x3B, 0xFC, 0x3B, 0xFC,
    0x3B, 0xFC, 0x3B, 0xFC, 0x3B, 0xFC, 0x3B, 0xFC, 0x3B, 0xFC, 0x3B, 0xFC, 0x3B, 0xDB, 0x33, 0xED, 0x19, 0xAB, 0x11,
    0x8B, 0x11, 0x6A, 0x11, 0x49, 0x11, 0x28, 0x11, 0x07, 0x09, 0xE6, 0x08, 0xC6, 0x08, 0xC5, 0x08, 0xA4, 0x08, 0x84,
    0x00, 0x83, 0x00, 0x63, 0x00, 0x42, 0x00, 0x42, 0x00, 0x41, 0x00, 0x21, 0x00, 0x21, 0x00, 0x21, 0x00, 0x00, 0x00,
    0x00, 0x00, 0x00, 0x00, 0x00, 0x00, 0x00, 0x00, 0x00, 0x00, 0x00, 0x00, 0x00, 0x00, 0x21, 0x00, 0x21, 0x00, 0x21,
    0x00, 0x41, 0x00, 0x42, 0x00, 0x42, 0x00, 0x63, 0x00, 0x83, 0x00, 0x84, 0x00, 0xA4, 0x08, 0xC5, 0x08, 0xC6, 0x08,
    0xE6, 0x08, 0x07, 0x09, 0x28, 0x11, 0x49, 0x11, 0x6A, 0x11, 0x8B, 0x11, 0xAB, 0x11, 0xED, 0x19, 0xDB, 0x33, 0xFC,
    0x3B, 0xFC, 0x3B, 0xFC, 0x3B, 0xFC, 0x3B, 0xFC, 0x3B, 0xFC, 0x3B, 0xFC, 0x3B, 0xFC, 0x3B, 0xFC, 0x3B, 0xFC, 0x3B,
    0xFC, 0x3B, 0xFC, 0x3B, 0xFC, 0x3B, 0xFC, 0x3B, 0xFC, 0x3B, 0xFC, 0x3B, 0xFC, 0x3B, 0xFC, 0x3B, 0xFC, 0x3B, 0xFC,
    0x3B, 0xFC, 0x3B, 0xFC, 0x3B, 0xFC, 0x3B, 0xFC, 0x3B, 0xFC, 0x3B, 0xFC, 0x3B, 0xFC, 0x3B, 0xFC, 0x3B, 0xFC, 0x3B,
    0xFC, 0x3B, 0xFC, 0x3B, 0xFC, 0x3B, 0xFC, 0x3B, 0xBC, 0x2B, 0xDE, 0xC6, 0xFF, 0xFF, 0xFF, 0xFF, 0xFF, 0xFF, 0xFF,
    0xFF, 0xFF, 0xFF, 0xFF, 0xFF, 0xFF, 0xFF, 0xFF, 0xFF, 0xFF, 0xFF, 0xFF, 0xFF, 0xFF, 0xFF, 0xFF, 0xFF, 0xFF, 0xFF,
    0xBF, 0xEF, 0x1C, 0x44, 0xDC, 0x33, 0xFC, 0x3B, 0xFC, 0x3B, 0xFC, 0x3B, 0xFC, 0x3B, 0xFC, 0x3B, 0xFC, 0x3B, 0xFC,
    0x3B, 0xFC, 0x3B, 0xFC, 0x3B, 0xFC, 0x3B, 0xFC, 0x3B, 0xFC, 0x3B, 0xFC, 0x3B, 0xFC, 0x3B, 0xFC, 0x3B, 0xFC, 0x3B,
    0xFC, 0x3B, 0xFC, 0x3B, 0xFC, 0x3B, 0xFC, 0x3B, 0xFC, 0x3B, 0xFC, 0x3B, 0xFC, 0x3B, 0xFC, 0x3B, 0xFC, 0x3B, 0xFC,
    0x3B, 0xFC, 0x3B, 0xFC, 0x3B, 0xFC, 0x3B, 0xFC, 0x3B, 0xFC, 0x3B, 0xFC, 0x3B, 0xFC, 0x3B, 0xFC, 0x3B, 0xFC, 0x3B,
    0xFC, 0x3B, 0xFC, 0x3B, 0xFC, 0x3B, 0xFC, 0x3B, 0xFC, 0x3B, 0xFC, 0x3B, 0xFC, 0x3B, 0xFC, 0x3B, 0xFC, 0x3B, 0xFC,
    0x3B, 0xFC, 0x3B, 0xFC, 0x3B, 0xFC, 0x3B, 0xFC, 0x3B, 0xFC, 0x3B, 0xFC, 0x3B, 0xFC, 0x3B, 0xFC, 0x3B, 0xFC, 0x3B,
    0xFC, 0x3B, 0xFC, 0x3B, 0xFC, 0x3B, 0xFC, 0x3B, 0xFC, 0x3B, 0xFC, 0x3B, 0xFC, 0x3B, 0xFC, 0x3B, 0xFC, 0x3B, 0xFC,
    0x3B, 0xFC, 0x3B, 0xFC, 0x3B, 0xFC, 0x3B, 0xFC, 0x3B, 0xFC, 0x3B, 0xFC, 0x3B, 0xFC, 0x3B, 0xFC, 0x3B, 0xFC, 0x3B,
    0xFC, 0x3B, 0xFC, 0x3B, 0xFC, 0x3B, 0xFC, 0x3B, 0xFC, 0x3B, 0xFC, 0x3B, 0xFC, 0x3B, 0xFC, 0x3B, 0xFC, 0x3B, 0xFC,
    0x3B, 0xFC, 0x3B, 0xFC, 0x3B, 0xFC, 0x3B, 0xFC, 0x3B, 0xFC, 0x3B, 0xFC, 0x3B, 0xFC, 0x3B, 0xFC, 0x3B, 0xFC, 0x3B,
    0xFC, 0x3B, 0xFC, 0x3B, 0xFC, 0x3B, 0xFC, 0x3B, 0xFC, 0x3B, 0xFC, 0x3B, 0xFC, 0x3B, 0xDB, 0x33, 0xED, 0x19, 0xAB,
    0x11, 0x8B, 0x11, 0x6A, 0x11, 0x49, 0x11, 0x28, 0x11, 0x07, 0x09, 0xE6, 0x08, 0xC6, 0x08, 0xC5, 0x08, 0xA4, 0x08,
    0x84, 0x00, 0x83, 0x00, 0x63, 0x00, 0x42, 0x00, 0x42, 0x00, 0x41, 0x00, 0x21, 0x00, 0x21, 0x00, 0x21, 0x00, 0x00,
    0x00, 0x00, 0x00, 0x00, 0x00, 0x00, 0x00, 0x00, 0x00, 0x00, 0x00, 0x00, 0x00, 0x00, 0x00, 0x21, 0x00, 0x21, 0x00,
    0x21, 0x00, 0x41, 0x00, 0x42, 0x00, 0x42, 0x00, 0x63, 0x00, 0x83, 0x00, 0x84, 0x00, 0xA4, 0x08, 0xC5, 0x08, 0xC6,
    0x08, 0xE6, 0x08, 0x07, 0x09, 0x28, 0x11, 0x49, 0x11, 0x6A, 0x11, 0x8B, 0x11, 0x8B, 0x11, 0xED, 0x19, 0xDB, 0x33,
    0xFC, 0x3B, 0xFC, 0x3B, 0xFC, 0x3B, 0xFC, 0x3B, 0xFC, 0x3B, 0xFC, 0x3B, 0xFC, 0x3B, 0xFC, 0x3B, 0xFC, 0x3B, 0xFC,
    0x3B, 0xFC, 0x3B, 0xFC, 0x3B, 0xFC, 0x3B, 0xFC, 0x3B, 0xFC, 0x3B, 0xFC, 0x3B, 0xFC, 0x3B, 0xFC, 0x3B, 0xFC, 0x3B,
    0xFC, 0x3B, 0xFC, 0x3B, 0xFC, 0x3B, 0xFC, 0x3B, 0xFC, 0x3B, 0xFC, 0x3B, 0xFC, 0x3B, 0xFC, 0x3B, 0xFC, 0x3B, 0xFC,
    0x3B, 0xFC, 0x3B, 0xFC, 0x3B, 0xFC, 0x3B, 0xFC, 0x3B, 0xBC, 0x2B, 0xFD, 0x6C, 0xFF, 0xFF, 0xFF, 0xFF, 0xFF, 0xFF,
    0xFF, 0xFF, 0xFF, 0xFF, 0xFF, 0xFF, 0xFF, 0xFF, 0xFF, 0xFF, 0xFF, 0xFF, 0xFF, 0xFF, 0xFF, 0xFF, 0xFF, 0xFF, 0xFF,
    0xFF, 0xFE, 0x9D, 0x9C, 0x2B, 0xFC, 0x3B, 0xFC, 0x3B, 0xFC, 0x3B, 0xFC, 0x3B, 0xFC, 0x3B, 0xFC, 0x3B, 0xFC, 0x3B,
    0xFC, 0x3B, 0xFC, 0x3B, 0xFC, 0x3B, 0xFC, 0x3B, 0xFC, 0x3B, 0xFC, 0x3B, 0xFC, 0x3B, 0xFC, 0x3B, 0xFC, 0x3B, 0xFC,
    0x3B, 0xFC, 0x3B, 0xFC, 0x3B, 0xFC, 0x3B, 0xFC, 0x3B, 0xFC, 0x3B, 0xFC, 0x3B, 0xFC, 0x3B, 0xFC, 0x3B, 0xFC, 0x3B,
    0xFC, 0x3B, 0xFC, 0x3B, 0xFC, 0x3B, 0xFC, 0x3B, 0xFC, 0x3B, 0xFC, 0x3B, 0xFC, 0x3B, 0xFC, 0x3B, 0xFC, 0x3B, 0xFC,
    0x3B, 0xFC, 0x3B, 0xFC, 0x3B, 0xFC, 0x3B, 0xFC, 0x3B, 0xFC, 0x3B, 0xFC, 0x3B, 0xFC, 0x3B, 0xFC, 0x3B, 0xFC, 0x3B,
    0xFC, 0x3B, 0xFC, 0x3B, 0xFC, 0x3B, 0xFC, 0x3B, 0xFC, 0x3B, 0xFC, 0x3B, 0xFC, 0x3B, 0xFC, 0x3B, 0xFC, 0x3B, 0xFC,
    0x3B, 0xFC, 0x3B, 0xFC, 0x3B, 0xFC, 0x3B, 0xFC, 0x3B, 0xFC, 0x3B, 0xFC, 0x3B, 0xFC, 0x3B, 0xFC, 0x3B, 0xFC, 0x3B,
    0xFC, 0x3B, 0xFC, 0x3B, 0xFC, 0x3B, 0xFC, 0x3B, 0xFC, 0x3B, 0xFC, 0x3B, 0xFC, 0x3B, 0xFC, 0x3B, 0xFC, 0x3B, 0xFC,
    0x3B, 0xFC, 0x3B, 0xFC, 0x3B, 0xFC, 0x3B, 0xFC, 0x3B, 0xFC, 0x3B, 0xFC, 0x3B, 0xFC, 0x3B, 0xFC, 0x3B, 0xFC, 0x3B,
    0xFC, 0x3B, 0xFC, 0x3B, 0xFC, 0x3B, 0xFC, 0x3B, 0xFC, 0x3B, 0xFC, 0x3B, 0xFC, 0x3B, 0xFC, 0x3B, 0xFC, 0x3B, 0xFC,
    0x3B, 0xFC, 0x3B, 0xFC, 0x3B, 0xFC, 0x3B, 0xFC, 0x3B, 0xFC, 0x3B, 0xFC, 0x3B, 0xFC, 0x3B, 0xDB, 0x33, 0xED, 0x19,
    0x8B, 0x11, 0x8B, 0x11, 0x6A, 0x11, 0x49, 0x11, 0x28, 0x11, 0x07, 0x09, 0xE6, 0x08, 0xC6, 0x08, 0xC5, 0x08, 0xA4,
    0x08, 0x84, 0x00, 0x83, 0x00, 0x63, 0x00, 0x42, 0x00, 0x42, 0x00, 0x41, 0x00, 0x21, 0x00, 0x21, 0x00, 0x21, 0x00,
    0x00, 0x00, 0x00, 0x00, 0x00, 0x00, 0x00, 0x00, 0x00, 0x00, 0x00, 0x00, 0x00, 0x00, 0x00, 0x00, 0x21, 0x00, 0x21,
    0x00, 0x21, 0x00, 0x41, 0x00, 0x42, 0x00, 0x42, 0x00, 0x63, 0x00, 0x83, 0x00, 0x84, 0x00, 0xA4, 0x08, 0xA5, 0x08,
    0xC6, 0x08, 0xE6, 0x08, 0x07, 0x09, 0x28, 0x11, 0x49, 0x11, 0x6A, 0x11, 0x8B, 0x11, 0x8B, 0x11, 0xED, 0x19, 0xDB,
    0x33, 0xFC, 0x3B, 0xFC, 0x3B, 0xFC, 0x3B, 0xFC, 0x3B, 0xFC, 0x3B, 0xFC, 0x3B, 0xFC, 0x3B, 0xFC, 0x3B, 0xFC, 0x3B,
    0xFC, 0x3B, 0xFC, 0x3B, 0xFC, 0x3B, 0xFC, 0x3B, 0xFC, 0x3B, 0xFC, 0x3B, 0xFC, 0x3B, 0xFC, 0x3B, 0xFC, 0x3B, 0xFC,
    0x3B, 0xFC, 0x3B, 0xFC, 0x3B, 0xFC, 0x3B, 0xFC, 0x3B, 0xFC, 0x3B, 0xFC, 0x3B, 0xFC, 0x3B, 0xFC, 0x3B, 0xFC, 0x3B,
    0xFC, 0x3B, 0xFC, 0x3B, 0xFC, 0x3B, 0xFC, 0x3B, 0xFC, 0x3B, 0xFC, 0x3B, 0x9C, 0x2B, 0xFE, 0x9D, 0xFF, 0xFF, 0xFF,
    0xFF, 0xFF, 0xFF, 0xFF, 0xFF, 0xFF, 0xFF, 0xFF, 0xFF, 0xFF, 0xFF, 0xFF, 0xFF, 0xFF, 0xFF, 0xFF, 0xFF, 0xFF, 0xFF,
    0xFF, 0xCE, 0xBC, 0x33, 0xFC, 0x3B, 0xFC, 0x3B, 0xFC, 0x3B, 0xFC, 0x3B, 0xFC, 0x3B, 0xFC, 0x3B, 0xFC, 0x3B, 0xFC,
    0x3B, 0xFC, 0x3B, 0xFC, 0x3B, 0xFC, 0x3B, 0xFC, 0x3B, 0xFC, 0x3B, 0xFC, 0x3B, 0xFC, 0x3B, 0xFC, 0x3B, 0xFC, 0x3B,
    0xFC, 0x3B, 0xFC, 0x3B, 0xFC, 0x3B, 0xFC, 0x3B, 0xFC, 0x3B, 0xFC, 0x3B, 0xFC, 0x3B, 0xFC, 0x3B, 0xFC, 0x3B, 0xFC,
    0x3B, 0xFC, 0x3B, 0xFC, 0x3B, 0xFC, 0x3B, 0xFC, 0x3B, 0xFC, 0x3B, 0xFC, 0x3B, 0xFC, 0x3B, 0xFC, 0x3B, 0xFC, 0x3B,
    0xFC, 0x3B, 0xFC, 0x3B, 0xFC, 0x3B, 0xFC, 0x3B, 0xFC, 0x3B, 0xFC, 0x3B, 0xFC, 0x3B, 0xFC, 0x3B, 0xFC, 0x3B, 0xFC,
    0x3B, 0xFC, 0x3B, 0xFC, 0x3B, 0xFC, 0x3B, 0xFC, 0x3B, 0xFC, 0x3B, 0xFC, 0x3B, 0xFC, 0x3B, 0xFC, 0x3B, 0xFC, 0x3B,
    0xFC, 0x3B, 0xFC, 0x3B, 0xFC, 0x3B, 0xFC, 0x3B, 0xFC, 0x3B, 0xFC, 0x3B, 0xFC, 0x3B, 0xFC, 0x3B, 0xFC, 0x3B, 0xFC,
    0x3B, 0xFC, 0x3B, 0xFC, 0x3B, 0xFC, 0x3B, 0xFC, 0x3B, 0xFC, 0x3B, 0xFC, 0x3B, 0xFC, 0x3B, 0xFC, 0x3B, 0xFC, 0x3B,
    0xFC, 0x3B, 0xFC, 0x3B, 0xFC, 0x3B, 0xFC, 0x3B, 0xFC, 0x3B, 0xFC, 0x3B, 0xFC, 0x3B, 0xFC, 0x3B, 0xFC, 0x3B, 0xFC,
    0x3B, 0xFC, 0x3B, 0xFC, 0x3B, 0xFC, 0x3B, 0xFC, 0x3B, 0xFC, 0x3B, 0xFC, 0x3B, 0xFC, 0x3B, 0xFC, 0x3B, 0xFC, 0x3B,
    0xFC, 0x3B, 0xFC, 0x3B, 0xFC, 0x3B, 0xFC, 0x3B, 0xFC, 0x3B, 0xFC, 0x3B, 0xFC, 0x3B, 0xFC, 0x3B, 0xDB, 0x33, 0xED,
    0x19, 0x8B, 0x11, 0x8B, 0x11, 0x6A, 0x11, 0x49, 0x11, 0x28, 0x11, 0x07, 0x09, 0xE6, 0x08, 0xC6, 0x08, 0xA5, 0x08,
    0xA4, 0x08, 0x84, 0x00, 0x83, 0x00, 0x63, 0x00, 0x42, 0x00, 0x42, 0x00, 0x41, 0x00, 0x21, 0x00, 0x21, 0x00, 0x21,
    0x00, 0x00, 0x00, 0x00, 0x00, 0x00, 0x00, 0x00, 0x00, 0x00, 0x00, 0x00, 0x00, 0x00, 0x00, 0x00, 0x00, 0x21, 0x00,
    0x21, 0x00, 0x21, 0x00, 0x41, 0x00, 0x42, 0x00, 0x42, 0x00, 0x63, 0x00, 0x83, 0x00, 0x84, 0x00, 0xA4, 0x08, 0xA5,
    0x08, 0xC6, 0x08, 0xE6, 0x08, 0x07, 0x09, 0x28, 0x11, 0x49, 0x11, 0x6A, 0x11, 0x8B, 0x11, 0x8B, 0x11, 0xED, 0x19,
    0xBB, 0x33, 0xFC, 0x3B, 0xDC, 0x33, 0xDC, 0x33, 0xDC, 0x33, 0xDC, 0x33, 0xDC, 0x33, 0xDC, 0x33, 0xDC, 0x33, 0xDC,
    0x33, 0xDC, 0x33, 0xDC, 0x33, 0xDC, 0x33, 0xDC, 0x33, 0xDC, 0x33, 0xDC, 0x33, 0xDC, 0x33, 0xDC, 0x33, 0xDC, 0x33,
    0xDC, 0x33, 0xDC, 0x33, 0xDC, 0x33, 0xDC, 0x33, 0xDC, 0x33, 0xDC, 0x33, 0xDC, 0x33, 0xDC, 0x33, 0xDC, 0x33, 0xDC,
    0x33, 0xDC, 0x33, 0xDC, 0x33, 0xDC, 0x33, 0xDC, 0x33, 0xDC, 0x33, 0xDC, 0x33, 0xDC, 0x3B, 0xBC, 0x33, 0x3E, 0xA6,
    0xFF, 0xFF, 0xFF, 0xFF, 0xFF, 0xFF, 0xFF, 0xFF, 0xFF, 0xFF, 0xFF, 0xFF, 0xFF, 0xFF, 0xFF, 0xFF, 0xFF, 0xFF, 0xDE,
    0xC6, 0x1C, 0x44, 0xDC, 0x33, 0xFC, 0x3B, 0xDC, 0x33, 0xDC, 0x33, 0xDC, 0x33, 0xDC, 0x33, 0xDC, 0x33, 0xDC, 0x33,
    0xDC, 0x33, 0xDC, 0x33, 0xDC, 0x33, 0xDC, 0x33, 0xDC, 0x33, 0xDC, 0x33, 0xDC, 0x33, 0xDC, 0x33, 0xDC, 0x33, 0xDC,
    0x33, 0xDC, 0x33, 0xDC, 0x33, 0xDC, 0x33, 0xDC, 0x33, 0xDC, 0x33, 0xDC, 0x33, 0xDC, 0x33, 0xDC, 0x33, 0xDC, 0x33,
    0xDC, 0x33, 0xDC, 0x33, 0xDC, 0x33, 0xDC, 0x33, 0xDC, 0x33, 0xDC, 0x33, 0xDC, 0x33, 0xDC, 0x33, 0xDC, 0x33, 0xDC,
    0x33, 0xDC, 0x33, 0xDC, 0x33, 0xDC, 0x33, 0xDC, 0x33, 0xDC, 0x33, 0xDC, 0x33, 0xDC, 0x33, 0xDC, 0x33, 0xDC, 0x33,
    0xDC, 0x33, 0xDC, 0x33, 0xDC, 0x33, 0xDC, 0x33, 0xDC, 0x33, 0xDC, 0x33, 0xDC, 0x33, 0xDC, 0x33, 0xDC, 0x33, 0xDC,
    0x33, 0xDC, 0x33, 0xDC, 0x33, 0xDC, 0x33, 0xDC, 0x33, 0xDC, 0x33, 0xDC, 0x33, 0xDC, 0x33, 0xDC, 0x33, 0xDC, 0x33,
    0xDC, 0x33, 0xDC, 0x33, 0xDC, 0x33, 0xDC, 0x33, 0xDC, 0x33, 0xDC, 0x33, 0xDC, 0x33, 0xDC, 0x33, 0xDC, 0x33, 0xDC,
    0x33, 0xDC, 0x33, 0xDC, 0x33, 0xDC, 0x33, 0xDC, 0x33, 0xDC, 0x33, 0xDC, 0x33, 0xDC, 0x33, 0xDC, 0x33, 0xDC, 0x33,
    0xDC, 0x33, 0xDC, 0x33, 0xDC, 0x33, 0xDC, 0x33, 0xDC, 0x33, 0xDC, 0x33, 0xDC, 0x33, 0xDC, 0x33, 0xDC, 0x33, 0xDC,
    0x33, 0xDC, 0x33, 0xDC, 0x33, 0xDC, 0x33, 0xDC, 0x33, 0xDC, 0x33, 0xDC, 0x33, 0xDC, 0x33, 0xFC, 0x3B, 0xBB, 0x33,
    0xED, 0x19, 0x8B, 0x11, 0x8B, 0x11, 0x6A, 0x11, 0x49, 0x11, 0x28, 0x11, 0x07, 0x09, 0xE6, 0x08, 0xC6, 0x08, 0xA5,
    0x08, 0xA4, 0x08, 0x84, 0x00, 0x83, 0x00, 0x63, 0x00, 0x42, 0x00, 0x42, 0x00, 0x41, 0x00, 0x21, 0x00, 0x21, 0x00,
    0x21, 0x00, 0x00, 0x00, 0x00, 0x00, 0x00, 0x00, 0x00, 0x00, 0x00, 0x00, 0x00, 0x00, 0x00, 0x00, 0x00, 0x00, 0x21,
    0x00, 0x21, 0x00, 0x21, 0x00, 0x41, 0x00, 0x42, 0x00, 0x42, 0x00, 0x63, 0x00, 0x63, 0x00, 0x84, 0x00, 0xA4, 0x08,
    0xA5, 0x08, 0xC6, 0x08, 0xE6, 0x08, 0x07, 0x09, 0x28, 0x11, 0x49, 0x11, 0x6A, 0x11, 0x8B, 0x11, 0x8B, 0x11, 0xED,
    0x19, 0xBB, 0x33, 0xFC, 0x3B, 0xDC, 0x33, 0xDC, 0x33, 0xDC, 0x33, 0xDC, 0x33, 0xDC, 0x33, 0xDC, 0x33, 0xDC, 0x33,
    0xDC, 0x33, 0xDC, 0x33, 0xDC, 0x33, 0xDC, 0x33, 0xDC, 0x33, 0xDC, 0x33, 0xDC, 0x33, 0xDC, 0x33, 0xDC, 0x33, 0xDC,
    0x33, 0xDC, 0x33, 0xDC, 0x33, 0xDC, 0x33, 0xDC, 0x33, 0xDC, 0x33, 0xDC, 0x33, 0xDC, 0x33, 0xDC, 0x33, 0xDC, 0x33,
    0xDC, 0x33, 0xDC, 0x33, 0xDC, 0x33, 0xDC, 0x33, 0xDC, 0x33, 0xDC, 0x33, 0xDC, 0x33, 0xDC, 0x3B, 0xDC, 0x3B, 0x9C,
    0x2B, 0x3D, 0x7D, 0x3F, 0xDF, 0xFF, 0xFF, 0xFF, 0xFF, 0xFF, 0xFF, 0xFF, 0xFF, 0xFF, 0xFF, 0x9F, 0xEF, 0xDE, 0x95,
    0xBC, 0x33, 0xDC, 0x33, 0xFC, 0x3B, 0xDC, 0x33, 0xDC, 0x33, 0xDC, 0x33, 0xDC, 0x33, 0xDC, 0x33, 0xDC, 0x33, 0xDC,
    0x33, 0xDC, 0x33, 0xDC, 0x33, 0xDC, 0x33, 0xDC, 0x33, 0xDC, 0x33, 0xDC, 0x33, 0xDC, 0x33, 0xDC, 0x33, 0xDC, 0x33,
    0xDC, 0x33, 0xDC, 0x33, 0xDC, 0x33, 0xDC, 0x33, 0xDC, 0x33, 0xDC, 0x33, 0xDC, 0x33, 0xDC, 0x33, 0xDC, 0x33, 0xDC,
    0x33, 0xDC, 0x33, 0xDC, 0x33, 0xDC, 0x33, 0xDC, 0x33, 0xDC, 0x33, 0xDC, 0x33, 0xDC, 0x33, 0xDC, 0x33, 0xDC, 0x33,
    0xDC, 0x33, 0xDC, 0x33, 0xDC, 0x33, 0xDC, 0x33, 0xDC, 0x33, 0xDC, 0x33, 0xDC, 0x33, 0xDC, 0x33, 0xDC, 0x33, 0xDC,
    0x33, 0xDC, 0x33, 0xDC, 0x33, 0xDC, 0x33, 0xDC, 0x33, 0xDC, 0x33, 0xDC, 0x33, 0xDC, 0x33, 0xDC, 0x33, 0xDC, 0x33,
    0xDC, 0x33, 0xDC, 0x33, 0xDC, 0x33, 0xDC, 0x33, 0xDC, 0x33, 0xDC, 0x33, 0xDC, 0x33, 0xDC, 0x33, 0xDC, 0x33, 0xDC,
    0x33, 0xDC, 0x33, 0xDC, 0x33, 0xDC, 0x33, 0xDC, 0x33, 0xDC, 0x33, 0xDC, 0x33, 0xDC, 0x33, 0xDC, 0x33, 0xDC, 0x33,
    0xDC, 0x33, 0xDC, 0x33, 0xDC, 0x33, 0xDC, 0x33, 0xDC, 0x33, 0xDC, 0x33, 0xDC, 0x33, 0xDC, 0x33, 0xDC, 0x33, 0xDC,
    0x33, 0xDC, 0x33, 0xDC, 0x33, 0xDC, 0x33, 0xDC, 0x33, 0xDC, 0x33, 0xDC, 0x33, 0xDC, 0x33, 0xDC, 0x33, 0xDC, 0x33,
    0xDC, 0x33, 0xDC, 0x33, 0xDC, 0x33, 0xDC, 0x33, 0xDC, 0x33, 0xDC, 0x33, 0xDC, 0x33, 0xDC, 0x33, 0xFC, 0x3B, 0xBB,
    0x33, 0xED, 0x19, 0x8B, 0x11, 0x8B, 0x11, 0x6A, 0x11, 0x49, 0x11, 0x28, 0x11, 0x07, 0x09, 0xE6, 0x08, 0xC6, 0x08,
    0xA5, 0x08, 0xA4, 0x08, 0x84, 0x00, 0x63, 0x00, 0x63, 0x00, 0x42, 0x00, 0x42, 0x00, 0x41, 0x00, 0x21, 0x00, 0x21,
    0x00, 0x21, 0x00, 0x00, 0x00, 0x00, 0x00, 0x00, 0x00, 0x00, 0x00, 0x00, 0x00, 0x00, 0x00, 0x00, 0x00, 0x00, 0x00,
    0x20, 0x00, 0x21, 0x00, 0x21, 0x00, 0x41, 0x00, 0x42, 0x00, 0x42, 0x00, 0x63, 0x00, 0x63, 0x00, 0x84, 0x00, 0xA4,
    0x08, 0xA5, 0x08, 0xC6, 0x08, 0xE6, 0x08, 0x07, 0x09, 0x28, 0x09, 0x49, 0x11, 0x6A, 0x11, 0x8B, 0x11, 0x8B, 0x11,
    0xED, 0x19, 0xBB, 0x33, 0xDC, 0x3B, 0xDC, 0x33, 0xDC, 0x33, 0xDC, 0x33, 0xDC, 0x33, 0xDC, 0x33, 0xDC, 0x33, 0xDC,
    0x33, 0xDC, 0x33, 0xDC, 0x33, 0xDC, 0x33, 0xDC, 0x33, 0xDC, 0x33, 0xDC, 0x33, 0xDC, 0x33, 0xDC, 0x33, 0xDC, 0x33,
    0xDC, 0x33, 0xDC, 0x33, 0xDC, 0x33, 0xDC, 0x33, 0xDC, 0x33, 0xDC, 0x33, 0xDC, 0x33, 0xDC, 0x33, 0xDC, 0x33, 0xDC,
    0x33, 0xDC, 0x33, 0xDC, 0x33, 0xDC, 0x33, 0xDC, 0x33, 0xDC, 0x33, 0xDC, 0x33, 0xDC, 0x33, 0xDC, 0x33, 0xDC, 0x33,
    0xFC, 0x3B, 0x9C, 0x2B, 0xDC, 0x33, 0xBD, 0x5C, 0xBD, 0x8D, 0xFE, 0x9D, 0xDE, 0x95, 0xFD, 0x6C, 0x1C, 0x44, 0x9C,
    0x2B, 0xDC, 0x3B, 0xDC, 0x3B, 0xDC, 0x33, 0xDC, 0x33, 0xDC, 0x33, 0xDC, 0x33, 0xDC, 0x33, 0xDC, 0x33, 0xDC, 0x33,
    0xDC, 0x33, 0xDC, 0x33, 0xDC, 0x33, 0xDC, 0x33, 0xDC, 0x33, 0xDC, 0x33, 0xDC, 0x33, 0xDC, 0x33, 0xDC, 0x33, 0xDC,
    0x33, 0xDC, 0x33, 0xDC, 0x33, 0xDC, 0x33, 0xDC, 0x33, 0xDC, 0x33, 0xDC, 0x33, 0xDC, 0x33, 0xDC, 0x33, 0xDC, 0x33,
    0xDC, 0x33, 0xDC, 0x33, 0xDC, 0x33, 0xDC, 0x33, 0xDC, 0x33, 0xDC, 0x33, 0xDC, 0x33, 0xDC, 0x33, 0xDC, 0x33, 0xDC,
    0x33, 0xDC, 0x33, 0xDC, 0x33, 0xDC, 0x33, 0xDC, 0x33, 0xDC, 0x33, 0xDC, 0x33, 0xDC, 0x33, 0xDC, 0x33, 0xDC, 0x33,
    0xDC, 0x33, 0xDC, 0x33, 0xDC, 0x33, 0xDC, 0x33, 0xDC, 0x33, 0xDC, 0x33, 0xDC, 0x33, 0xDC, 0x33, 0xDC, 0x33, 0xDC,
    0x33, 0xDC, 0x33, 0xDC, 0x33, 0xDC, 0x33, 0xDC, 0x33, 0xDC, 0x33, 0xDC, 0x33, 0xDC, 0x33, 0xDC, 0x33, 0xDC, 0x33,
    0xDC, 0x33, 0xDC, 0x33, 0xDC, 0x33, 0xDC, 0x33, 0xDC, 0x33, 0xDC, 0x33, 0xDC, 0x33, 0xDC, 0x33, 0xDC, 0x33, 0xDC,
    0x33, 0xDC, 0x33, 0xDC, 0x33, 0xDC, 0x33, 0xDC, 0x33, 0xDC, 0x33, 0xDC, 0x33, 0xDC, 0x33, 0xDC, 0x33, 0xDC, 0x33,
    0xDC, 0x33, 0xDC, 0x33, 0xDC, 0x33, 0xDC, 0x33, 0xDC, 0x33, 0xDC, 0x33, 0xDC, 0x33, 0xDC, 0x33, 0xDC, 0x33, 0xDC,
    0x33, 0xDC, 0x33, 0xDC, 0x33, 0xDC, 0x33, 0xDC, 0x33, 0xDC, 0x33, 0xDC, 0x33, 0xDC, 0x33, 0xDC, 0x33, 0xDC, 0x3B,
    0xBB, 0x33, 0xED, 0x19, 0x8B, 0x11, 0x8B, 0x11, 0x6A, 0x11, 0x49, 0x11, 0x28, 0x09, 0x07, 0x09, 0xE6, 0x08, 0xC6,
    0x08, 0xA5, 0x08, 0xA4, 0x08, 0x84, 0x00, 0x63, 0x00, 0x63, 0x00, 0x42, 0x00, 0x42, 0x00, 0x41, 0x00, 0x21, 0x00,
    0x21, 0x00, 0x20, 0x00, 0x00, 0x00, 0x00, 0x00, 0x00, 0x00, 0x00, 0x00, 0x00, 0x00, 0x00, 0x00, 0x00, 0x00, 0x00,
    0x00, 0x20, 0x00, 0x21, 0x00, 0x21, 0x00, 0x41, 0x00, 0x42, 0x00, 0x42, 0x00, 0x63, 0x00, 0x63, 0x00, 0x84, 0x00,
    0xA4, 0x08, 0xA5, 0x08, 0xC6, 0x08, 0xE6, 0x08, 0x07, 0x09, 0x28, 0x09, 0x49, 0x11, 0x4A, 0x11, 0x8B, 0x11, 0x8B,
    0x11, 0xED, 0x19, 0xBB, 0x33, 0xDC, 0x3B, 0xDC, 0x33, 0xDC, 0x33, 0xDC, 0x33, 0xDC, 0x33, 0xDC, 0x33, 0xDC, 0x33,
    0xDC, 0x33, 0xDC, 0x33, 0xDC, 0x33, 0xDC, 0x33, 0xDC, 0x33, 0xDC, 0x33, 0xDC, 0x33, 0xDC, 0x33, 0xDC, 0x33, 0xDC,
    0x33, 0xDC, 0x33, 0xDC, 0x33, 0xDC, 0x33, 0xDC, 0x33, 0xDC, 0x33, 0xDC, 0x33, 0xDC, 0x33, 0xDC, 0x33, 0xDC, 0x33,
    0xDC, 0x33, 0xDC, 0x33, 0xDC, 0x33, 0xDC, 0x33, 0xDC, 0x33, 0xDC, 0x33, 0xDC, 0x33, 0xDC, 0x33, 0xDC, 0x33, 0xDC,
    0x33, 0xDC, 0x33, 0xDC, 0x3B, 0xDC, 0x33, 0xBC, 0x2B, 0x9C, 0x2B, 0x9C, 0x2B, 0x9C, 0x2B, 0x9C, 0x2B, 0xDC, 0x33,
    0xDC, 0x3B, 0xDC, 0x33, 0xDC, 0x33, 0xDC, 0x33, 0xDC, 0x33, 0xDC, 0x33, 0xDC, 0x33, 0xDC, 0x33, 0xDC, 0x33, 0xDC,
    0x33, 0xDC, 0x33, 0xDC, 0x33, 0xDC, 0x33, 0xDC, 0x33, 0xDC, 0x33, 0xDC, 0x33, 0xDC, 0x33, 0xDC, 0x33, 0xDC, 0x33,
    0xDC, 0x33, 0xDC, 0x33, 0xDC, 0x33, 0xDC, 0x33, 0xDC, 0x33, 0xDC, 0x33, 0xDC, 0x33, 0xDC, 0x33, 0xDC, 0x33, 0xDC,
    0x33, 0xDC, 0x33, 0xDC, 0x33, 0xDC, 0x33, 0xDC, 0x33, 0xDC, 0x33, 0xDC, 0x33, 0xDC, 0x33, 0xDC, 0x33, 0xDC, 0x33,
    0xDC, 0x33, 0xDC, 0x33, 0xDC, 0x33, 0xDC, 0x33, 0xDC, 0x33, 0xDC, 0x33, 0xDC, 0x33, 0xDC, 0x33, 0xDC, 0x33, 0xDC,
    0x33, 0xDC, 0x33, 0xDC, 0x33, 0xDC, 0x33, 0xDC, 0x33, 0xDC, 0x33, 0xDC, 0x33, 0xDC, 0x33, 0xDC, 0x33, 0xDC, 0x33,
    0xDC, 0x33, 0xDC, 0x33, 0xDC, 0x33, 0xDC, 0x33, 0xDC, 0x33, 0xDC, 0x33, 0xDC, 0x33, 0xDC, 0x33, 0xDC, 0x33, 0xDC,
    0x33, 0xDC, 0x33, 0xDC, 0x33, 0xDC, 0x33, 0xDC, 0x33, 0xDC, 0x33, 0xDC, 0x33, 0xDC, 0x33, 0xDC, 0x33, 0xDC, 0x33,
    0xDC, 0x33, 0xDC, 0x33, 0xDC, 0x33, 0xDC, 0x33, 0xDC, 0x33, 0xDC, 0x33, 0xDC, 0x33, 0xDC, 0x33, 0xDC, 0x33, 0xDC,
    0x33, 0xDC, 0x33, 0xDC, 0x33, 0xDC, 0x33, 0xDC, 0x33, 0xDC, 0x33, 0xDC, 0x33, 0xDC, 0x33, 0xDC, 0x33, 0xDC, 0x33,
    0xDC, 0x33, 0xDC, 0x33, 0xDC, 0x33, 0xDC, 0x33, 0xDC, 0x33, 0xDC, 0x33, 0xDC, 0x33, 0xDC, 0x33, 0xDC, 0x33, 0xDC,
    0x3B, 0xBB, 0x33, 0xED, 0x19, 0x8B, 0x11, 0x8B, 0x11, 0x4A, 0x11, 0x49, 0x11, 0x28, 0x09, 0x07, 0x09, 0xE6, 0x08,
    0xC6, 0x08, 0xA5, 0x08, 0xA4, 0x08, 0x84, 0x00, 0x63, 0x00, 0x63, 0x00, 0x42, 0x00, 0x42, 0x00, 0x41, 0x00, 0x21,
    0x00, 0x21, 0x00, 0x20, 0x00, 0x00, 0x00, 0x00, 0x00, 0x00, 0x00, 0x00, 0x00, 0x00, 0x00, 0x00, 0x00, 0x00, 0x00,
    0x00, 0x00, 0x20, 0x00, 0x21, 0x00, 0x21, 0x00, 0x21, 0x00, 0x42, 0x00, 0x42, 0x00, 0x62, 0x00, 0x63, 0x00, 0x84,
    0x00, 0xA4, 0x08, 0xA5, 0x08, 0xC5, 0x08, 0xE6, 0x08, 0x07, 0x09, 0x28, 0x09, 0x29, 0x11, 0x4A, 0x11, 0x8A, 0x11,
    0x8B, 0x11, 0xCD, 0x19, 0xBB, 0x33, 0xDC, 0x33, 0xDC, 0x33, 0xDC, 0x33, 0xDC, 0x33, 0xDC, 0x33, 0xDC, 0x33, 0xDC,
    0x33, 0xDC, 0x33, 0xDC, 0x33, 0xDC, 0x33, 0xDC, 0x33, 0xDC, 0x33, 0xDC, 0x33, 0xDC, 0x33, 0xDC, 0x33, 0xDC, 0x33,
    0xDC, 0x33, 0xDC, 0x33, 0xDC, 0x33, 0xDC, 0x33, 0xDC, 0x33, 0xDC, 0x33, 0xDC, 0x33, 0xDC, 0x33, 0xDC, 0x33, 0xDC,
    0x33, 0xDC, 0x33, 0xDC, 0x33, 0xDC, 0x33, 0xDC, 0x33, 0xDC, 0x33, 0xDC, 0x33, 0xDC, 0x33, 0xDC, 0x33, 0xDC, 0x33,
    0xDC, 0x33, 0xDC, 0x33, 0xDC, 0x33, 0xDC, 0x33, 0xDC, 0x3B, 0xDC, 0x3B, 0xDC, 0x3B, 0xDC, 0x3B, 0xDC, 0x3B, 0xDC,
    0x33, 0xDC, 0x33, 0xDC, 0x33, 0xDC, 0x33, 0xDC, 0x33, 0xDC, 0x33, 0xDC, 0x33, 0xDC, 0x33, 0xDC, 0x33, 0xDC, 0x33,
    0xDC, 0x33, 0xDC, 0x33, 0xDC, 0x33, 0xDC, 0x33, 0xDC, 0x33, 0xDC, 0x33, 0xDC, 0x33, 0xDC, 0x33, 0xDC, 0x33, 0xDC,
    0x33, 0xDC, 0x33, 0xDC, 0x33, 0xDC, 0x33, 0xDC, 0x33, 0xDC, 0x33, 0xDC, 0x33, 0xDC, 0x33, 0xDC, 0x33, 0xDC, 0x33,
    0xDC, 0x33, 0xDC, 0x33, 0xDC, 0x33, 0xDC, 0x33, 0xDC, 0x33, 0xDC, 0x33, 0xDC, 0x33, 0xDC, 0x33, 0xDC, 0x33, 0xDC,
    0x33, 0xDC, 0x33, 0xDC, 0x33, 0xDC, 0x33, 0xDC, 0x33, 0xDC, 0x33, 0xDC, 0x33, 0xDC, 0x33, 0xDC, 0x33, 0xDC, 0x33,
    0xDC, 0x33, 0xDC, 0x33, 0xDC, 0x33, 0xDC, 0x33, 0xDC, 0x33, 0xDC, 0x33, 0xDC, 0x33, 0xDC, 0x33, 0xDC, 0x33, 0xDC,
    0x33, 0xDC, 0x33, 0xDC, 0x33, 0xDC, 0x33, 0xDC, 0x33, 0xDC, 0x33, 0xDC, 0x33, 0xDC, 0x33, 0xDC, 0x33, 0xDC, 0x33,
    0xDC, 0x33, 0xDC, 0x33, 0xDC, 0x33, 0xDC, 0x33, 0xDC, 0x33, 0xDC, 0x33, 0xDC, 0x33, 0xDC, 0x33, 0xDC, 0x33, 0xDC,
    0x33, 0xDC, 0x33, 0xDC, 0x33, 0xDC, 0x33, 0xDC, 0x33, 0xDC, 0x33, 0xDC, 0x33, 0xDC, 0x33, 0xDC, 0x33, 0xDC, 0x33,
    0xDC, 0x33, 0xDC, 0x33, 0xDC, 0x33, 0xDC, 0x33, 0xDC, 0x33, 0xDC, 0x33, 0xDC, 0x33, 0xDC, 0x33, 0xDC, 0x33, 0xDC,
    0x33, 0xDC, 0x33, 0xDC, 0x33, 0xDC, 0x33, 0xDC, 0x33, 0xDC, 0x33, 0xDC, 0x33, 0xDC, 0x33, 0xDC, 0x33, 0xDC, 0x33,
    0xDC, 0x33, 0xBB, 0x33, 0xCD, 0x19, 0x8B, 0x11, 0x8A, 0x11, 0x4A, 0x11, 0x29, 0x11, 0x28, 0x09, 0x07, 0x09, 0xE6,
    0x08, 0xC5, 0x08, 0xA5, 0x08, 0xA4, 0x08, 0x84, 0x00, 0x63, 0x00, 0x62, 0x00, 0x42, 0x00, 0x42, 0x00, 0x21, 0x00,
    0x21, 0x00, 0x21, 0x00, 0x20, 0x00, 0x00, 0x00, 0x00, 0x00, 0x00, 0x00, 0x00, 0x00, 0x00, 0x00, 0x00, 0x00, 0x00,
    0x00, 0x00, 0x00, 0x20, 0x00, 0x21, 0x00, 0x21, 0x00, 0x21, 0x00, 0x42, 0x00, 0x42, 0x00, 0x62, 0x00, 0x63, 0x00,
    0x83, 0x00, 0xA4, 0x08, 0xA5, 0x08, 0xC5, 0x08, 0xE6, 0x08, 0x07, 0x09, 0x28, 0x09, 0x29, 0x11, 0x49, 0x11, 0x8A,
    0x11, 0x8B, 0x11, 0xCD, 0x19, 0xBB, 0x33, 0xDC, 0x33, 0xDC, 0x33, 0xDC, 0x33, 0xDC, 0x33, 0xDC, 0x33, 0xDC, 0x33,
    0xDC, 0x33, 0xDC, 0x33, 0xDC, 0x33, 0xDC, 0x33, 0xDC, 0x33, 0xDC, 0x33, 0xDC, 0x33, 0xDC, 0x33, 0xDC, 0x33, 0xDC,
    0x33, 0xDC, 0x33, 0xDC, 0x33, 0xDC, 0x33, 0xDC, 0x33, 0xDC, 0x33, 0xDC, 0x33, 0xDC, 0x33, 0xDC, 0x33, 0xDC, 0x33,
    0xDC, 0x33, 0xDC, 0x33, 0xDC, 0x33, 0xDC, 0x33, 0xDC, 0x33, 0xDC, 0x33, 0xDC, 0x33, 0xDC, 0x33, 0xDC, 0x33, 0xDC,
    0x33, 0xDC, 0x33, 0xDC, 0x33, 0xDC, 0x33, 0xDC, 0x33, 0xDC, 0x33, 0xDC, 0x33, 0xDC, 0x33, 0xDC, 0x33, 0xDC, 0x33,
    0xDC, 0x33, 0xDC, 0x33, 0xDC, 0x33, 0xDC, 0x33, 0xDC, 0x33, 0xDC, 0x33, 0xDC, 0x33, 0xDC, 0x33, 0xDC, 0x33, 0xDC,
    0x33, 0xDC, 0x33, 0xDC, 0x33, 0xDC, 0x33, 0xDC, 0x33, 0xDC, 0x33, 0xDC, 0x33, 0xDC, 0x33, 0xDC, 0x33, 0xDC, 0x33,
    0xDC, 0x33, 0xDC, 0x33, 0xDC, 0x33, 0xDC, 0x33, 0xDC, 0x33, 0xDC, 0x33, 0xDC, 0x33, 0xDC, 0x33, 0xDC, 0x33, 0xDC,
    0x33, 0xDC, 0x33, 0xDC, 0x33, 0xDC, 0x33, 0xDC, 0x33, 0xDC, 0x33, 0xDC, 0x33, 0xDC, 0x33, 0xDC, 0x33, 0xDC, 0x33,
    0xDC, 0x33, 0xDC, 0x33, 0xDC, 0x33, 0xDC, 0x33, 0xDC, 0x33, 0xDC, 0x33, 0xDC, 0x33, 0xDC, 0x33, 0xDC, 0x33, 0xDC,
    0x33, 0xDC, 0x33, 0xDC, 0x33, 0xDC, 0x33, 0xDC, 0x33, 0xDC, 0x33, 0xDC, 0x33, 0xDC, 0x33, 0xDC, 0x33, 0xDC, 0x33,
    0xDC, 0x33, 0xDC, 0x33, 0xDC, 0x33, 0xDC, 0x33, 0xDC, 0x33, 0xDC, 0x33, 0xDC, 0x33, 0xDC, 0x33, 0xDC, 0x33, 0xDC,
    0x33, 0xDC, 0x33, 0xDC, 0x33, 0xDC, 0x33, 0xDC, 0x33, 0xDC, 0x33, 0xDC, 0x33, 0xDC, 0x33, 0xDC, 0x33, 0xDC, 0x33,
    0xDC, 0x33, 0xDC, 0x33, 0xDC, 0x33, 0xDC, 0x33, 0xDC, 0x33, 0xDC, 0x33, 0xDC, 0x33, 0xDC, 0x33, 0xDC, 0x33, 0xDC,
    0x33, 0xDC, 0x33, 0xDC, 0x33, 0xDC, 0x33, 0xDC, 0x33, 0xDC, 0x33, 0xDC, 0x33, 0xDC, 0x33, 0xDC, 0x33, 0xDC, 0x33,
    0xDC, 0x33, 0xDC, 0x33, 0xDC, 0x33, 0xDC, 0x33, 0xDC, 0x33, 0xDC, 0x33, 0xDC, 0x33, 0xDC, 0x33, 0xDC, 0x33, 0xDC,
    0x33, 0xDC, 0x33, 0xBB, 0x33, 0xCD, 0x19, 0x8B, 0x11, 0x8A, 0x11, 0x49, 0x11, 0x29, 0x11, 0x28, 0x09, 0x07, 0x09,
    0xE6, 0x08, 0xC5, 0x08, 0xA5, 0x08, 0xA4, 0x08, 0x83, 0x00, 0x63, 0x00, 0x62, 0x00, 0x42, 0x00, 0x42, 0x00, 0x21,
    0x00, 0x21, 0x00, 0x21, 0x00, 0x20, 0x00, 0x00, 0x00, 0x00, 0x00, 0x00, 0x00, 0x00, 0x00, 0x00, 0x00, 0x00, 0x00,
    0x00, 0x00, 0x00, 0x00, 0x20, 0x00, 0x21, 0x00, 0x21, 0x00, 0x21, 0x00, 0x42, 0x00, 0x42, 0x00, 0x62, 0x00, 0x63,
    0x00, 0x83, 0x00, 0x84, 0x08, 0xA5, 0x08, 0xC5, 0x08, 0xE6, 0x08, 0x07, 0x09, 0x28, 0x09, 0x28, 0x11, 0x49, 0x11,
    0x6A, 0x11, 0x8B, 0x11, 0xCD, 0x19, 0xBB, 0x33, 0xDC, 0x33, 0xDC, 0x33, 0xDC, 0x33, 0xDC, 0x33, 0xDC, 0x33, 0xDC,
    0x33, 0xDC, 0x33, 0xDC, 0x33, 0xDC, 0x33, 0xDC, 0x33, 0xDC, 0x33, 0xDC, 0x33, 0xDC, 0x33, 0xDC, 0x33, 0xDC, 0x33,
    0xDC, 0x33, 0xDC, 0x33, 0xDC, 0x33, 0xDC, 0x33, 0xDC, 0x33, 0xDC, 0x33, 0xDC, 0x33, 0xDC, 0x33, 0xDC, 0x33, 0xDC,
    0x33, 0xDC, 0x33, 0xDC, 0x33, 0xDC, 0x33, 0xDC, 0x33, 0xDC, 0x33, 0xDC, 0x33, 0xDC, 0x33, 0xDC, 0x33, 0xDC, 0x33,
    0xDC, 0x33, 0xDC, 0x33, 0xDC, 0x33, 0xDC, 0x33, 0xDC, 0x33, 0xDC, 0x33, 0xDC, 0x33, 0xDC, 0x33, 0xDC, 0x33, 0xDC,
    0x33, 0xDC, 0x33, 0xDC, 0x33, 0xDC, 0x33, 0xDC, 0x33, 0xDC, 0x33, 0xDC, 0x33, 0xDC, 0x33, 0xDC, 0x33, 0xDC, 0x33,
    0xDC, 0x33, 0xDC, 0x33, 0xDC, 0x33, 0xDC, 0x33, 0xDC, 0x33, 0xDC, 0x33, 0xDC, 0x33, 0xDC, 0x33, 0xDC, 0x33, 0xDC,
    0x33, 0xDC, 0x33, 0xDC, 0x33, 0xDC, 0x33, 0xDC, 0x33, 0xDC, 0x33, 0xDC, 0x33, 0xDC, 0x33, 0xDC, 0x33, 0xDC, 0x33,
    0xDC, 0x33, 0xDC, 0x33, 0xDC, 0x33, 0xDC, 0x33, 0xDC, 0x33, 0xDC, 0x33, 0xDC, 0x33, 0xDC, 0x33, 0xDC, 0x33, 0xDC,
    0x33, 0xDC, 0x33, 0xDC, 0x33, 0xDC, 0x33, 0xDC, 0x33, 0xDC, 0x33, 0xDC, 0x33, 0xDC, 0x33, 0xDC, 0x33, 0xDC, 0x33,
    0xDC, 0x33, 0xDC, 0x33, 0xDC, 0x33, 0xDC, 0x33, 0xDC, 0x33, 0xDC, 0x33, 0xDC, 0x33, 0xDC, 0x33, 0xDC, 0x33, 0xDC,
    0x33, 0xDC, 0x33, 0xDC, 0x33, 0xDC, 0x33, 0xDC, 0x33, 0xDC, 0x33, 0xDC, 0x33, 0xDC, 0x33, 0xDC, 0x33, 0xDC, 0x33,
    0xDC, 0x33, 0xDC, 0x33, 0xDC, 0x33, 0xDC, 0x33, 0xDC, 0x33, 0xDC, 0x33, 0xDC, 0x33, 0xDC, 0x33, 0xDC, 0x33, 0xDC,
    0x33, 0xDC, 0x33, 0xDC, 0x33, 0xDC, 0x33, 0xDC, 0x33, 0xDC, 0x33, 0xDC, 0x33, 0xDC, 0x33, 0xDC, 0x33, 0xDC, 0x33,
    0xDC, 0x33, 0xDC, 0x33, 0xDC, 0x33, 0xDC, 0x33, 0xDC, 0x33, 0xDC, 0x33, 0xDC, 0x33, 0xDC, 0x33, 0xDC, 0x33, 0xDC,
    0x33, 0xDC, 0x33, 0xDC, 0x33, 0xDC, 0x33, 0xDC, 0x33, 0xDC, 0x33, 0xDC, 0x33, 0xDC, 0x33, 0xDC, 0x33, 0xDC, 0x33,
    0xDC, 0x33, 0xDC, 0x33, 0xBB, 0x33, 0xCD, 0x19, 0x8B, 0x11, 0x6A, 0x11, 0x49, 0x11, 0x28, 0x11, 0x28, 0x09, 0x07,
    0x09, 0xE6, 0x08, 0xC5, 0x08, 0xA5, 0x08, 0x84, 0x08, 0x83, 0x00, 0x63, 0x00, 0x62, 0x00, 0x42, 0x00, 0x42, 0x00,
    0x21, 0x00, 0x21, 0x00, 0x21, 0x00, 0x20, 0x00, 0x00, 0x00, 0x00, 0x00, 0x00, 0x00, 0x00, 0x00, 0x00, 0x00, 0x00,
    0x00, 0x00, 0x00, 0x00, 0x00, 0x20, 0x00, 0x21, 0x00, 0x21, 0x00, 0x21, 0x00, 0x42, 0x00, 0x42, 0x00, 0x62, 0x00,
    0x63, 0x00, 0x83, 0x00, 0x84, 0x00, 0xA5, 0x08, 0xC5, 0x08, 0xE6, 0x08, 0xE7, 0x08, 0x08, 0x09, 0x28, 0x11, 0x49,
    0x11, 0x6A, 0x11, 0x8B, 0x11, 0xCD, 0x19, 0x9B, 0x33, 0xDC, 0x33, 0xBC, 0x33, 0xBC, 0x33, 0xBC, 0x33, 0xBC, 0x33,
    0xBC, 0x33, 0xBC, 0x33, 0xBC, 0x33, 0xBC, 0x33, 0xBC, 0x33, 0xBC, 0x33, 0xBC, 0x33, 0xBC, 0x33, 0xBC, 0x33, 0xBC,
    0x33, 0xBC, 0x33, 0xBC, 0x33, 0xBC, 0x33, 0xBC, 0x33, 0xBC, 0x33, 0xBC, 0x33, 0xBC, 0x33, 0xBC, 0x33, 0xBC, 0x33,
    0xBC, 0x33, 0xBC, 0x33, 0xBC, 0x33, 0xBC, 0x33, 0xBC, 0x33, 0xBC, 0x33, 0xBC, 0x33, 0xBC, 0x33, 0xBC, 0x33, 0xBC,
    0x33, 0xBC, 0x33, 0xBC, 0x33, 0xBC, 0x33, 0xBC, 0x33, 0xBC, 0x33, 0xBC, 0x33, 0xBC, 0x33, 0xBC, 0x33, 0xBC, 0x33,
    0xBC, 0x33, 0xBC, 0x33, 0xBC, 0x33, 0xBC, 0x33, 0xBC, 0x33, 0xBC, 0x33, 0xBC, 0x33, 0xBC, 0x33, 0xBC, 0x33, 0xBC,
    0x33, 0xBC, 0x33, 0xBC, 0x33, 0xBC, 0x33, 0xBC, 0x33, 0xBC, 0x33, 0xBC, 0x33, 0xBC, 0x33, 0xBC, 0x33, 0xBC, 0x33,
    0xBC, 0x33, 0xBC, 0x33, 0xBC, 0x33, 0xBC, 0x33, 0xBC, 0x33, 0xBC, 0x33, 0xBC, 0x33, 0xBC, 0x33, 0xBC, 0x33, 0xBC,
    0x33, 0xBC, 0x33, 0xBC, 0x33, 0xBC, 0x33, 0xBC, 0x33, 0xBC, 0x33, 0xBC, 0x33, 0xBC, 0x33, 0xBC, 0x33, 0xBC, 0x33,
    0xBC, 0x33, 0xBC, 0x33, 0xBC, 0x33, 0xBC, 0x33, 0xBC, 0x33, 0xBC, 0x33, 0xBC, 0x33, 0xBC, 0x33, 0xBC, 0x33, 0xBC,
    0x33, 0xBC, 0x33, 0xBC, 0x33, 0xBC, 0x33, 0xBC, 0x33, 0xBC, 0x33, 0xBC, 0x33, 0xBC, 0x33, 0xBC, 0x33, 0xBC, 0x33,
    0xBC, 0x33, 0xBC, 0x33, 0xBC, 0x33, 0xBC, 0x33, 0xBC, 0x33, 0xBC, 0x33, 0xBC, 0x33, 0xBC, 0x33, 0xBC, 0x33, 0xBC,
    0x33, 0xBC, 0x33, 0xBC, 0x33, 0xBC, 0x33, 0xBC, 0x33, 0xBC, 0x33, 0xBC, 0x33, 0xBC, 0x33, 0xBC, 0x33, 0xBC, 0x33,
    0xBC, 0x33, 0xBC, 0x33, 0xBC, 0x33, 0xBC, 0x33, 0xBC, 0x33, 0xBC, 0x33, 0xBC, 0x33, 0xBC, 0x33, 0xBC, 0x33, 0xBC,
    0x33, 0xBC, 0x33, 0xBC, 0x33, 0xBC, 0x33, 0xBC, 0x33, 0xBC, 0x33, 0xBC, 0x33, 0xBC, 0x33, 0xBC, 0x33, 0xBC, 0x33,
    0xBC, 0x33, 0xBC, 0x33, 0xBC, 0x33, 0xBC, 0x33, 0xBC, 0x33, 0xBC, 0x33, 0xBC, 0x33, 0xBC, 0x33, 0xBC, 0x33, 0xBC,
    0x33, 0xBC, 0x33, 0xDC, 0x33, 0x9B, 0x33, 0xCD, 0x19, 0x8B, 0x11, 0x6A, 0x11, 0x49, 0x11, 0x28, 0x11, 0x08, 0x09,
    0xE7, 0x08, 0xE6, 0x08, 0xC5, 0x08, 0xA5, 0x08, 0x84, 0x00, 0x83, 0x00, 0x63, 0x00, 0x62, 0x00, 0x42, 0x00, 0x42,
    0x00, 0x21, 0x00, 0x21, 0x00, 0x21, 0x00, 0x20, 0x00, 0x00, 0x00, 0x00, 0x00, 0x00, 0x00, 0x00, 0x00, 0x00, 0x00,
    0x00, 0x00, 0x00, 0x00, 0x00, 0x00, 0x00, 0x00, 0x21, 0x00, 0x21, 0x00, 0x21, 0x00, 0x42, 0x00, 0x42, 0x00, 0x62,
    0x00, 0x63, 0x00, 0x83, 0x00, 0x84, 0x00, 0xA5, 0x08, 0xC5, 0x08, 0xE6, 0x08, 0xE7, 0x08, 0x07, 0x09, 0x28, 0x11,
    0x49, 0x11, 0x6A, 0x11, 0x8B, 0x11, 0xCD, 0x19, 0x9B, 0x33, 0xDC, 0x33, 0xBC, 0x33, 0xBC, 0x33, 0xBC, 0x33, 0xBC,
    0x33, 0xBC, 0x33, 0xBC, 0x33, 0xBC, 0x33, 0xBC, 0x33, 0xBC, 0x33, 0xBC, 0x33, 0xBC, 0x33, 0xBC, 0x33, 0xBC, 0x33,
    0xBC, 0x33, 0xBC, 0x33, 0xBC, 0x33, 0xBC, 0x33, 0xBC, 0x33, 0xBC, 0x33, 0xBC, 0x33, 0xBC, 0x33, 0xBC, 0x33, 0xBC,
    0x33, 0xBC, 0x33, 0xBC, 0x33, 0xBC, 0x33, 0xBC, 0x33, 0xBC, 0x33, 0xBC, 0x33, 0xBC, 0x33, 0xBC, 0x33, 0xBC, 0x33,
    0xBC, 0x33, 0xBC, 0x33, 0xBC, 0x33, 0xBC, 0x33, 0xBC, 0x33, 0xBC, 0x33, 0xBC, 0x33, 0xBC, 0x33, 0xBC, 0x33, 0xBC,
    0x33, 0xBC, 0x33, 0xBC, 0x33, 0xBC, 0x33, 0xBC, 0x33, 0xBC, 0x33, 0xBC, 0x33, 0xBC, 0x33, 0xBC, 0x33, 0xBC, 0x33,
    0xBC, 0x33, 0xBC, 0x33, 0xBC, 0x33, 0xBC, 0x33, 0xBC, 0x33, 0xBC, 0x33, 0xBC, 0x33, 0xBC, 0x33, 0xBC, 0x33, 0xBC,
    0x33, 0xBC, 0x33, 0xBC, 0x33, 0xBC, 0x33, 0xBC, 0x33, 0xBC, 0x33, 0xBC, 0x33, 0xBC, 0x33, 0xBC, 0x33, 0xBC, 0x33,
    0xBC, 0x33, 0xBC, 0x33, 0xBC, 0x33, 0xBC, 0x33, 0xBC, 0x33, 0xBC, 0x33, 0xBC, 0x33, 0xBC, 0x33, 0xBC, 0x33, 0xBC,
    0x33, 0xBC, 0x33, 0xBC, 0x33, 0xBC, 0x33, 0xBC, 0x33, 0xBC, 0x33, 0xBC, 0x33, 0xBC, 0x33, 0xBC, 0x33, 0xBC, 0x33,
    0xBC, 0x33, 0xBC, 0x33, 0xBC, 0x33, 0xBC, 0x33, 0xBC, 0x33, 0xBC, 0x33, 0xBC, 0x33, 0xBC, 0x33, 0xBC, 0x33, 0xBC,
    0x33, 0xBC, 0x33, 0xBC, 0x33, 0xBC, 0x33, 0xBC, 0x33, 0xBC, 0x33, 0xBC, 0x33, 0xBC, 0x33, 0xBC, 0x33, 0xBC, 0x33,
    0xBC, 0x33, 0xBC, 0x33, 0xBC, 0x33, 0xBC, 0x33, 0xBC, 0x33, 0xBC, 0x33, 0xBC, 0x33, 0xBC, 0x33, 0xBC, 0x33, 0xBC,
    0x33, 0xBC, 0x33, 0xBC, 0x33, 0xBC, 0x33, 0xBC, 0x33, 0xBC, 0x33, 0xBC, 0x33, 0xBC, 0x33, 0xBC, 0x33, 0xBC, 0x33,
    0xBC, 0x33, 0xBC, 0x33, 0xBC, 0x33, 0xBC, 0x33, 0xBC, 0x33, 0xBC, 0x33, 0xBC, 0x33, 0xBC, 0x33, 0xBC, 0x33, 0xBC,
    0x33, 0xBC, 0x33, 0xBC, 0x33, 0xBC, 0x33, 0xBC, 0x33, 0xBC, 0x33, 0xBC, 0x33, 0xBC, 0x33, 0xBC, 0x33, 0xBC, 0x33,
    0xBC, 0x33, 0xBC, 0x33, 0xDC, 0x33, 0x9B, 0x33, 0xCD, 0x19, 0x8B, 0x11, 0x6A, 0x11, 0x49, 0x11, 0x28, 0x11, 0x07,
    0x09, 0xE7, 0x08, 0xE6, 0x08, 0xC5, 0x08, 0xA5, 0x08, 0x84, 0x00, 0x83, 0x00, 0x63, 0x00, 0x62, 0x00, 0x42, 0x00,
    0x42, 0x00, 0x21, 0x00, 0x21, 0x00, 0x21, 0x00, 0x00, 0x00, 0x00, 0x00, 0x00, 0x00, 0x00, 0x00, 0x00, 0x00, 0x00,
    0x00, 0x00, 0x00, 0x00, 0x00, 0x00, 0x00, 0x00, 0x00, 0x21, 0x00, 0x21, 0x00, 0x21, 0x00, 0x41, 0x00, 0x42, 0x00,
    0x62, 0x00, 0x63, 0x00, 0x83, 0x00, 0x84, 0x00, 0xA4, 0x08, 0xC5, 0x08, 0xE6, 0x08, 0xE7, 0x08, 0x07, 0x09, 0x28,
    0x11, 0x49, 0x11, 0x6A, 0x11, 0x8B, 0x11, 0xCD, 0x19, 0x9B, 0x33, 0xBC, 0x33, 0xBC, 0x33, 0xBC, 0x33, 0xBC, 0x33,
    0xBC, 0x33, 0xBC, 0x33, 0xBC, 0x33, 0xBC, 0x33, 0xBC, 0x33, 0xBC, 0x33, 0xBC, 0x33, 0xBC, 0x33, 0xBC, 0x33, 0xBC,
    0x33, 0xBC, 0x33, 0xBC, 0x33, 0xBC, 0x33, 0xBC, 0x33, 0xBC, 0x33, 0xBC, 0x33, 0xBC, 0x33, 0xBC, 0x33, 0xBC, 0x33,
    0xBC, 0x33, 0xBC, 0x33, 0xBC, 0x33, 0xBC, 0x33, 0xBC, 0x33, 0xBC, 0x33, 0xBC, 0x33, 0xBC, 0x33, 0xBC, 0x33, 0xBC,
    0x33, 0xBC, 0x33, 0xBC, 0x33, 0xBC, 0x33, 0xBC, 0x33, 0xBC, 0x33, 0xBC, 0x33, 0xBC, 0x33, 0xBC, 0x33, 0xBC, 0x33,
    0xBC, 0x33, 0xBC, 0x33, 0xBC, 0x33, 0xBC, 0x33, 0xBC, 0x33, 0xBC, 0x33, 0xBC, 0x33, 0xBC, 0x33, 0xBC, 0x33, 0xBC,
    0x33, 0xBC, 0x33, 0xBC, 0x33, 0xBC, 0x33, 0xBC, 0x33, 0xBC, 0x33, 0xBC, 0x33, 0xBC, 0x33, 0xBC, 0x33, 0xBC, 0x33,
    0xBC, 0x33, 0xBC, 0x33, 0xBC, 0x33, 0xBC, 0x33, 0xBC, 0x33, 0xBC, 0x33, 0xBC, 0x33, 0xBC, 0x33, 0xBC, 0x33, 0xBC,
    0x33, 0xBC, 0x33, 0xBC, 0x33, 0xBC, 0x33, 0xBC, 0x33, 0xBC, 0x33, 0xBC, 0x33, 0xBC, 0x33, 0xBC, 0x33, 0xBC, 0x33,
    0xBC, 0x33, 0xBC, 0x33, 0xBC, 0x33, 0xBC, 0x33, 0xBC, 0x33, 0xBC, 0x33, 0xBC, 0x33, 0xBC, 0x33, 0xBC, 0x33, 0xBC,
    0x33, 0xBC, 0x33, 0xBC, 0x33, 0xBC, 0x33, 0xBC, 0x33, 0xBC, 0x33, 0xBC, 0x33, 0xBC, 0x33, 0xBC, 0x33, 0xBC, 0x33,
    0xBC, 0x33, 0xBC, 0x33, 0xBC, 0x33, 0xBC, 0x33, 0xBC, 0x33, 0xBC, 0x33, 0xBC, 0x33, 0xBC, 0x33, 0xBC, 0x33, 0xBC,
    0x33, 0xBC, 0x33, 0xBC, 0x33, 0xBC, 0x33, 0xBC, 0x33, 0xBC, 0x33, 0xBC, 0x33, 0xBC, 0x33, 0xBC, 0x33, 0xBC, 0x33,
    0xBC, 0x33, 0xBC, 0x33, 0xBC, 0x33, 0xBC, 0x33, 0xBC, 0x33, 0xBC, 0x33, 0xBC, 0x33, 0xBC, 0x33, 0xBC, 0x33, 0xBC,
    0x33, 0xBC, 0x33, 0xBC, 0x33, 0xBC, 0x33, 0xBC, 0x33, 0xBC, 0x33, 0xBC, 0x33, 0xBC, 0x33, 0xBC, 0x33, 0xBC, 0x33,
    0xBC, 0x33, 0xBC, 0x33, 0xBC, 0x33, 0xBC, 0x33, 0xBC, 0x33, 0xBC, 0x33, 0xBC, 0x33, 0xBC, 0x33, 0xBC, 0x33, 0xBC,
    0x33, 0xBC, 0x33, 0xBC, 0x33, 0xBC, 0x33, 0x9B, 0x33, 0xCD, 0x19, 0x8B, 0x11, 0x6A, 0x11, 0x49, 0x11, 0x28, 0x11,
    0x07, 0x09, 0xE7, 0x08, 0xE6, 0x08, 0xC5, 0x08, 0xA4, 0x08, 0x84, 0x00, 0x83, 0x00, 0x63, 0x00, 0x62, 0x00, 0x42,
    0x00, 0x41, 0x00, 0x21, 0x00, 0x21, 0x00, 0x21, 0x00, 0x00, 0x00, 0x00, 0x00, 0x00, 0x00, 0x00, 0x00, 0x00, 0x00,
    0x00, 0x00, 0x00, 0x00, 0x00, 0x00, 0x00, 0x00, 0x00, 0x00, 0x21, 0x00, 0x21, 0x00, 0x21, 0x00, 0x41, 0x00, 0x42,
    0x00, 0x62, 0x00, 0x63, 0x00, 0x83, 0x00, 0x84, 0x00, 0xA4, 0x08, 0xC5, 0x08, 0xC6, 0x08, 0xE7, 0x08, 0x07, 0x09,
    0x28, 0x09, 0x49, 0x11, 0x6A, 0x11, 0x8B, 0x11, 0xAC, 0x11, 0x7A, 0x33, 0xDC, 0x33, 0xBC, 0x33, 0xBC, 0x33, 0xBC,
    0x33, 0xBC, 0x33, 0xBC, 0x33, 0xBC, 0x33, 0xBC, 0x33, 0xBC, 0x33, 0xBC, 0x33, 0xBC, 0x33, 0xBC, 0x33, 0xBC, 0x33,
    0xBC, 0x33, 0xBC, 0x33, 0xBC, 0x33, 0xBC, 0x33, 0xBC, 0x33, 0xBC, 0x33, 0xBC, 0x33, 0xBC, 0x33, 0xBC, 0x33, 0xBC,
    0x33, 0xBC, 0x33, 0xBC, 0x33, 0xBC, 0x33, 0xBC, 0x33, 0xBC, 0x33, 0xBC, 0x33, 0xBC, 0x33, 0xBC, 0x33, 0xBC, 0x33,
    0xBC, 0x33, 0xBC, 0x33, 0xBC, 0x33, 0xBC, 0x33, 0xBC, 0x33, 0xBC, 0x33, 0xBC, 0x33, 0xBC, 0x33, 0xBC, 0x33, 0xBC,
    0x33, 0xBC, 0x33, 0xBC, 0x33, 0xBC, 0x33, 0xBC, 0x33, 0xBC, 0x33, 0xBC, 0x33, 0xBC, 0x33, 0xBC, 0x33, 0xBC, 0x33,
    0xBC, 0x33, 0xBC, 0x33, 0xBC, 0x33, 0xBC, 0x33, 0xBC, 0x33, 0xBC, 0x33, 0xBC, 0x33, 0xBC, 0x33, 0xBC, 0x33, 0xBC,
    0x33, 0xBC, 0x33, 0xBC, 0x33, 0xBC, 0x33, 0xBC, 0x33, 0xBC, 0x33, 0xBC, 0x33, 0xBC, 0x33, 0xBC, 0x33, 0xBC, 0x33,
    0xBC, 0x33, 0xBC, 0x33, 0xBC, 0x33, 0xBC, 0x33, 0xBC, 0x33, 0xBC, 0x33, 0xBC, 0x33, 0xBC, 0x33, 0xBC, 0x33, 0xBC,
    0x33, 0xBC, 0x33, 0xBC, 0x33, 0xBC, 0x33, 0xBC, 0x33, 0xBC, 0x33, 0xBC, 0x33, 0xBC, 0x33, 0xBC, 0x33, 0xBC, 0x33,
    0xBC, 0x33, 0xBC, 0x33, 0xBC, 0x33, 0xBC, 0x33, 0xBC, 0x33, 0xBC, 0x33, 0xBC, 0x33, 0xBC, 0x33, 0xBC, 0x33, 0xBC,
    0x33, 0xBC, 0x33, 0xBC, 0x33, 0xBC, 0x33, 0xBC, 0x33, 0xBC, 0x33, 0xBC, 0x33, 0xBC, 0x33, 0xBC, 0x33, 0xBC, 0x33,
    0xBC, 0x33, 0xBC, 0x33, 0xBC, 0x33, 0xBC, 0x33, 0xBC, 0x33, 0xBC, 0x33, 0xBC, 0x33, 0xBC, 0x33, 0xBC, 0x33, 0xBC,
    0x33, 0xBC, 0x33, 0xBC, 0x33, 0xBC, 0x33, 0xBC, 0x33, 0xBC, 0x33, 0xBC, 0x33, 0xBC, 0x33, 0xBC, 0x33, 0xBC, 0x33,
    0xBC, 0x33, 0xBC, 0x33, 0xBC, 0x33, 0xBC, 0x33, 0xBC, 0x33, 0xBC, 0x33, 0xBC, 0x33, 0xBC, 0x33, 0xBC, 0x33, 0xBC,
    0x33, 0xBC, 0x33, 0xBC, 0x33, 0xBC, 0x33, 0xBC, 0x33, 0xBC, 0x33, 0xBC, 0x33, 0xBC, 0x33, 0xBC, 0x33, 0xBC, 0x33,
    0xBC, 0x33, 0xBC, 0x33, 0xBC, 0x33, 0xDC, 0x33, 0x7A, 0x33, 0xAC, 0x11, 0x8B, 0x11, 0x6A, 0x11, 0x49, 0x11, 0x28,
    0x09, 0x07, 0x09, 0xE7, 0x08, 0xC6, 0x08, 0xC5, 0x08, 0xA4, 0x08, 0x84, 0x00, 0x83, 0x00, 0x63, 0x00, 0x62, 0x00,
    0x42, 0x00, 0x41, 0x00, 0x21, 0x00, 0x21, 0x00, 0x21, 0x00, 0x00, 0x00, 0x00, 0x00, 0x00, 0x00, 0x00, 0x00, 0x00,
    0x00, 0x00, 0x00, 0x00, 0x00, 0x00, 0x00, 0x00, 0x00, 0x00, 0x00, 0x21, 0x00, 0x21, 0x00, 0x21, 0x00, 0x41, 0x00,
    0x42, 0x00, 0x42, 0x00, 0x63, 0x00, 0x83, 0x00, 0x84, 0x00, 0xA4, 0x08, 0xC5, 0x08, 0xC6, 0x08, 0xE6, 0x08, 0x07,
    0x09, 0x28, 0x09, 0x49, 0x11, 0x6A, 0x11, 0x8B, 0x11, 0x8B, 0x11, 0x38, 0x2B, 0xDD, 0x33, 0xBB, 0x33, 0xBC, 0x33,
    0xBC, 0x33, 0xBC, 0x33, 0xBC, 0x33, 0xBC, 0x33, 0xBC, 0x33, 0xBC, 0x33, 0xBC, 0x33, 0xBC, 0x33, 0xBC, 0x33, 0xBC,
    0x33, 0xBC, 0x33, 0xBC, 0x33, 0xBC, 0x33, 0xBC, 0x33, 0xBC, 0x33, 0xBC, 0x33, 0xBC, 0x33, 0xBC, 0x33, 0xBC, 0x33,
    0xBC, 0x33, 0xBC, 0x33, 0xBC, 0x33, 0xBC, 0x33, 0xBC, 0x33, 0xBC, 0x33, 0xBC, 0x33, 0xBC, 0x33, 0xBC, 0x33, 0xBC,
    0x33, 0xBC, 0x33, 0xBC, 0x33, 0xBC, 0x33, 0xBC, 0x33, 0xBC, 0x33, 0xBC, 0x33, 0xBC, 0x33, 0xBC, 0x33, 0xBC, 0x33,
    0xBC, 0x33, 0xBC, 0x33, 0xBC, 0x33, 0xBC, 0x33, 0xBC, 0x33, 0xBC, 0x33, 0xBC, 0x33, 0xBC, 0x33, 0xBC, 0x33, 0xBC,
    0x33, 0xBC, 0x33, 0xBC, 0x33, 0xBC, 0x33, 0xBC, 0x33, 0xBC, 0x33, 0xBC, 0x33, 0xBC, 0x33, 0xBC, 0x33, 0xBC, 0x33,
    0xBC, 0x33, 0xBC, 0x33, 0xBC, 0x33, 0xBC, 0x33, 0xBC, 0x33, 0xBC, 0x33, 0xBC, 0x33, 0xBC, 0x33, 0xBC, 0x33, 0xBC,
    0x33, 0xBC, 0x33, 0xBC, 0x33, 0xBC, 0x33, 0xBC, 0x33, 0xBC, 0x33, 0xBC, 0x33, 0xBC, 0x33, 0xBC, 0x33, 0xBC, 0x33,
    0xBC, 0x33, 0xBC, 0x33, 0xBC, 0x33, 0xBC, 0x33, 0xBC, 0x33, 0xBC, 0x33, 0xBC, 0x33, 0xBC, 0x33, 0xBC, 0x33, 0xBC,
    0x33, 0xBC, 0x33, 0xBC, 0x33, 0xBC, 0x33, 0xBC, 0x33, 0xBC, 0x33, 0xBC, 0x33, 0xBC, 0x33, 0xBC, 0x33, 0xBC, 0x33,
    0xBC, 0x33, 0xBC, 0x33, 0xBC, 0x33, 0xBC, 0x33, 0xBC, 0x33, 0xBC, 0x33, 0xBC, 0x33, 0xBC, 0x33, 0xBC, 0x33, 0xBC,
    0x33, 0xBC, 0x33, 0xBC, 0x33, 0xBC, 0x33, 0xBC, 0x33, 0xBC, 0x33, 0xBC, 0x33, 0xBC, 0x33, 0xBC, 0x33, 0xBC, 0x33,
    0xBC, 0x33, 0xBC, 0x33, 0xBC, 0x33, 0xBC, 0x33, 0xBC, 0x33, 0xBC, 0x33, 0xBC, 0x33, 0xBC, 0x33, 0xBC, 0x33, 0xBC,
    0x33, 0xBC, 0x33, 0xBC, 0x33, 0xBC, 0x33, 0xBC, 0x33, 0xBC, 0x33, 0xBC, 0x33, 0xBC, 0x33, 0xBC, 0x33, 0xBC, 0x33,
    0xBC, 0x33, 0xBC, 0x33, 0xBC, 0x33, 0xBC, 0x33, 0xBC, 0x33, 0xBC, 0x33, 0xBC, 0x33, 0xBC, 0x33, 0xBC, 0x33, 0xBC,
    0x33, 0xBC, 0x33, 0xBC, 0x33, 0xBB, 0x33, 0xDD, 0x33, 0x38, 0x2B, 0x8B, 0x11, 0x8B, 0x11, 0x6A, 0x11, 0x49, 0x11,
    0x28, 0x09, 0x07, 0x09, 0xE6, 0x08, 0xC6, 0x08, 0xC5, 0x08, 0xA4, 0x08, 0x84, 0x00, 0x83, 0x00, 0x63, 0x00, 0x42,
    0x00, 0x42, 0x00, 0x41, 0x00, 0x21, 0x00, 0x21, 0x00, 0x21, 0x00, 0x00, 0x00, 0x00, 0x00, 0x00, 0x00, 0x00, 0x00,
    0x00, 0x00, 0x00, 0x00, 0x00, 0x00, 0x00, 0x00, 0x00, 0x00, 0x00, 0x00, 0x21, 0x00, 0x21, 0x00, 0x21, 0x00, 0x41,
    0x00, 0x42, 0x00, 0x42, 0x00, 0x63, 0x00, 0x83, 0x00, 0x84, 0x00, 0xA4, 0x08, 0xA5, 0x08, 0xC6, 0x08, 0xE6, 0x08,
    0x07, 0x09, 0x28, 0x09, 0x49, 0x11, 0x6A, 0x11, 0x8B, 0x11, 0x8B, 0x11, 0x38, 0x2B, 0xDC, 0x33, 0xBB, 0x33, 0xBC,
    0x33, 0xBC, 0x33, 0xBC, 0x33, 0xBC, 0x33, 0xBC, 0x33, 0xBC, 0x33, 0xBC, 0x33, 0xBC, 0x33, 0xBC, 0x33, 0xBC, 0x33,
    0xBC, 0x33, 0xBC, 0x33, 0xBC, 0x33, 0xBC, 0x33, 0xBC, 0x33, 0xBC, 0x33, 0xBC, 0x33, 0xBC, 0x33, 0xBC, 0x33, 0xBC,
    0x33, 0xBC, 0x33, 0xBC, 0x33, 0xBC, 0x33, 0xBC, 0x33, 0xBC, 0x33, 0xBC, 0x33, 0xBC, 0x33, 0xBC, 0x33, 0xBC, 0x33,
    0xBC, 0x33, 0xBC, 0x33, 0xBC, 0x33, 0xBC, 0x33, 0xBC, 0x33, 0xBC, 0x33, 0xBC, 0x33, 0xBC, 0x33, 0xBC, 0x33, 0xBC,
    0x33, 0xBC, 0x33, 0xBC, 0x33, 0xBC, 0x33, 0xBC, 0x33, 0xBC, 0x33, 0xBC, 0x33, 0xBC, 0x33, 0xBC, 0x33, 0xBC, 0x33,
    0xBC, 0x33, 0xBC, 0x33, 0xBC, 0x33, 0xBC, 0x33, 0xBC, 0x33, 0xBC, 0x33, 0xBC, 0x33, 0xBC, 0x33, 0xBC, 0x33, 0xBC,
    0x33, 0xBC, 0x33, 0xBC, 0x33, 0xBC, 0x33, 0xBC, 0x33, 0xBC, 0x33, 0xBC, 0x33, 0xBC, 0x33, 0xBC, 0x33, 0xBC, 0x33,
    0xBC, 0x33, 0xBC, 0x33, 0xBC, 0x33, 0xBC, 0x33, 0xBC, 0x33, 0xBC, 0x33, 0xBC, 0x33, 0xBC, 0x33, 0xBC, 0x33, 0xBC,
    0x33, 0xBC, 0x33, 0xBC, 0x33, 0xBC, 0x33, 0xBC, 0x33, 0xBC, 0x33, 0xBC, 0x33, 0xBC, 0x33, 0xBC, 0x33, 0xBC, 0x33,
    0xBC, 0x33, 0xBC, 0x33, 0xBC, 0x33, 0xBC, 0x33, 0xBC, 0x33, 0xBC, 0x33, 0xBC, 0x33, 0xBC, 0x33, 0xBC, 0x33, 0xBC,
    0x33, 0xBC, 0x33, 0xBC, 0x33, 0xBC, 0x33, 0xBC, 0x33, 0xBC, 0x33, 0xBC, 0x33, 0xBC, 0x33, 0xBC, 0x33, 0xBC, 0x33,
    0xBC, 0x33, 0xBC, 0x33, 0xBC, 0x33, 0xBC, 0x33, 0xBC, 0x33, 0xBC, 0x33, 0xBC, 0x33, 0xBC, 0x33, 0xBC, 0x33, 0xBC,
    0x33, 0xBC, 0x33, 0xBC, 0x33, 0xBC, 0x33, 0xBC, 0x33, 0xBC, 0x33, 0xBC, 0x33, 0xBC, 0x33, 0xBC, 0x33, 0xBC, 0x33,
    0xBC, 0x33, 0xBC, 0x33, 0xBC, 0x33, 0xBC, 0x33, 0xBC, 0x33, 0xBC, 0x33, 0xBC, 0x33, 0xBC, 0x33, 0xBC, 0x33, 0xBC,
    0x33, 0xBC, 0x33, 0xBC, 0x33, 0xBC, 0x33, 0xBC, 0x33, 0xBC, 0x33, 0xBC, 0x33, 0xBC, 0x33, 0xBC, 0x33, 0xBC, 0x33,
    0xBC, 0x33, 0xBC, 0x33, 0xBC, 0x33, 0xBB, 0x33, 0xDC, 0x33, 0x38, 0x2B, 0x8B, 0x11, 0x8B, 0x11, 0x6A, 0x11, 0x49,
    0x11, 0x28, 0x09, 0x07, 0x09, 0xE6, 0x08, 0xC6, 0x08, 0xA5, 0x08, 0xA4, 0x08, 0x84, 0x00, 0x83, 0x00, 0x63, 0x00,
    0x42, 0x00, 0x42, 0x00, 0x41, 0x00, 0x21, 0x00, 0x21, 0x00, 0x21, 0x00, 0x00, 0x00, 0x00, 0x00, 0x00, 0x00, 0x00,
    0x00, 0x00, 0x00, 0x00, 0x00, 0x00, 0x00, 0x00, 0x00, 0x00, 0x00, 0x00, 0x00, 0x20, 0x00, 0x21, 0x00, 0x21, 0x00,
    0x41, 0x00, 0x42, 0x00, 0x42, 0x00, 0x63, 0x00, 0x63, 0x00, 0x84, 0x00, 0xA4, 0x08, 0xA5, 0x08, 0xC5, 0x08, 0xE6,
    0x08, 0x07, 0x09, 0x28, 0x09, 0x29, 0x11, 0x49, 0x11, 0x8B, 0x11, 0x6A, 0x11, 0xD5, 0x22, 0xDD, 0x33, 0x9B, 0x33,
    0xBC, 0x33, 0xBC, 0x33, 0xBC, 0x33, 0xBC, 0x33, 0xBC, 0x33, 0xBC, 0x33, 0xBC, 0x33, 0xBC, 0x33, 0xBC, 0x33, 0xBC,
    0x33, 0xBC, 0x33, 0xBC, 0x33, 0xBC, 0x33, 0xBC, 0x33, 0xBC, 0x33, 0xBC, 0x33, 0xBC, 0x33, 0xBC, 0x33, 0xBC, 0x33,
    0xBC, 0x33, 0xBC, 0x33, 0xBC, 0x33, 0xBC, 0x33, 0xBC, 0x33, 0xBC, 0x33, 0xBC, 0x33, 0xBC, 0x33, 0xBC, 0x33, 0xBC,
    0x33, 0xBC, 0x33, 0xBC, 0x33, 0xBC, 0x33, 0xBC, 0x33, 0xBC, 0x33, 0xBC, 0x33, 0xBC, 0x33, 0xBC, 0x33, 0xBC, 0x33,
    0xBC, 0x33, 0xBC, 0x33, 0xBC, 0x33, 0xBC, 0x33, 0xBC, 0x33, 0xBC, 0x33, 0xBC, 0x33, 0xBC, 0x33, 0xBC, 0x33, 0xBC,
    0x33, 0xBC, 0x33, 0xBC, 0x33, 0xBC, 0x33, 0xBC, 0x33, 0xBC, 0x33, 0xBC, 0x33, 0xBC, 0x33, 0xBC, 0x33, 0xBC, 0x33,
    0xBC, 0x33, 0xBC, 0x33, 0xBC, 0x33, 0xBC, 0x33, 0xBC, 0x33, 0xBC, 0x33, 0xBC, 0x33, 0xBC, 0x33, 0xBC, 0x33, 0xBC,
    0x33, 0xBC, 0x33, 0xBC, 0x33, 0xBC, 0x33, 0xBC, 0x33, 0xBC, 0x33, 0xBC, 0x33, 0xBC, 0x33, 0xBC, 0x33, 0xBC, 0x33,
    0xBC, 0x33, 0xBC, 0x33, 0xBC, 0x33, 0xBC, 0x33, 0xBC, 0x33, 0xBC, 0x33, 0xBC, 0x33, 0xBC, 0x33, 0xBC, 0x33, 0xBC,
    0x33, 0xBC, 0x33, 0xBC, 0x33, 0xBC, 0x33, 0xBC, 0x33, 0xBC, 0x33, 0xBC, 0x33, 0xBC, 0x33, 0xBC, 0x33, 0xBC, 0x33,
    0xBC, 0x33, 0xBC, 0x33, 0xBC, 0x33, 0xBC, 0x33, 0xBC, 0x33, 0xBC, 0x33, 0xBC, 0x33, 0xBC, 0x33, 0xBC, 0x33, 0xBC,
    0x33, 0xBC, 0x33, 0xBC, 0x33, 0xBC, 0x33, 0xBC, 0x33, 0xBC, 0x33, 0xBC, 0x33, 0xBC, 0x33, 0xBC, 0x33, 0xBC, 0x33,
    0xBC, 0x33, 0xBC, 0x33, 0xBC, 0x33, 0xBC, 0x33, 0xBC, 0x33, 0xBC, 0x33, 0xBC, 0x33, 0xBC, 0x33, 0xBC, 0x33, 0xBC,
    0x33, 0xBC, 0x33, 0xBC, 0x33, 0xBC, 0x33, 0xBC, 0x33, 0xBC, 0x33, 0xBC, 0x33, 0xBC, 0x33, 0xBC, 0x33, 0xBC, 0x33,
    0xBC, 0x33, 0xBC, 0x33, 0xBC, 0x33, 0xBC, 0x33, 0xBC, 0x33, 0xBC, 0x33, 0xBC, 0x33, 0xBC, 0x33, 0xBC, 0x33, 0xBC,
    0x33, 0xBC, 0x33, 0xBC, 0x33, 0xBC, 0x33, 0x9B, 0x33, 0xDD, 0x33, 0xD5, 0x22, 0x6A, 0x11, 0x8B, 0x11, 0x49, 0x11,
    0x29, 0x11, 0x28, 0x09, 0x07, 0x09, 0xE6, 0x08, 0xC5, 0x08, 0xA5, 0x08, 0xA4, 0x08, 0x84, 0x00, 0x63, 0x00, 0x63,
    0x00, 0x42, 0x00, 0x42, 0x00, 0x41, 0x00, 0x21, 0x00, 0x21, 0x00, 0x20, 0x00, 0x00, 0x00, 0x00, 0x00, 0x00, 0x00,
    0x00, 0x00, 0x00, 0x00, 0x00, 0x00, 0x00, 0x00, 0x00, 0x00, 0x00, 0x00, 0x00, 0x00, 0x20, 0x00, 0x21, 0x00, 0x21,
    0x00, 0x21, 0x00, 0x42, 0x00, 0x42, 0x00, 0x62, 0x00, 0x63, 0x00, 0x83, 0x00, 0x84, 0x08, 0xA5, 0x08, 0xC5, 0x08,
    0xE6, 0x08, 0x07, 0x09, 0x08, 0x09, 0x28, 0x11, 0x49, 0x11, 0x6A, 0x11, 0x6A, 0x11, 0x93, 0x22, 0xDD, 0x33, 0x9B,
    0x33, 0xBC, 0x33, 0xBC, 0x33, 0xBC, 0x33, 0xBC, 0x33, 0xBC, 0x33, 0xBC, 0x33, 0xBC, 0x33, 0xBC, 0x33, 0xBC, 0x33,
    0xBC, 0x33, 0xBC, 0x33, 0xBC, 0x33, 0xBC, 0x33, 0xBC, 0x33, 0xBC, 0x33, 0xBC, 0x33, 0xBC, 0x33, 0xBC, 0x33, 0xBC,
    0x33, 0xBC, 0x33, 0xBC, 0x33, 0xBC, 0x33, 0xBC, 0x33, 0xBC, 0x33, 0xBC, 0x33, 0xBC, 0x33, 0xBC, 0x33, 0xBC, 0x33,
    0xBC, 0x33, 0xBC, 0x33, 0xBC, 0x33, 0xBC, 0x33, 0xBC, 0x33, 0xBC, 0x33, 0xBC, 0x33, 0xBC, 0x33, 0xBC, 0x33, 0xBC,
    0x33, 0xBC, 0x33, 0xBC, 0x33, 0xBC, 0x33, 0xBC, 0x33, 0xBC, 0x33, 0xBC, 0x33, 0xBC, 0x33, 0xBC, 0x33, 0xBC, 0x33,
    0xBC, 0x33, 0xBC, 0x33, 0xBC, 0x33, 0xBC, 0x33, 0xBC, 0x33, 0xBC, 0x33, 0xBC, 0x33, 0xBC, 0x33, 0xBC, 0x33, 0xBC,
    0x33, 0xBC, 0x33, 0xBC, 0x33, 0xBC, 0x33, 0xBC, 0x33, 0xBC, 0x33, 0xBC, 0x33, 0xBC, 0x33, 0xBC, 0x33, 0xBC, 0x33,
    0xBC, 0x33, 0xBC, 0x33, 0xBC, 0x33, 0xBC, 0x33, 0xBC, 0x33, 0xBC, 0x33, 0xBC, 0x33, 0xBC, 0x33, 0xBC, 0x33, 0xBC,
    0x33, 0xBC, 0x33, 0xBC, 0x33, 0xBC, 0x33, 0xBC, 0x33, 0xBC, 0x33, 0xBC, 0x33, 0xBC, 0x33, 0xBC, 0x33, 0xBC, 0x33,
    0xBC, 0x33, 0xBC, 0x33, 0xBC, 0x33, 0xBC, 0x33, 0xBC, 0x33, 0xBC, 0x33, 0xBC, 0x33, 0xBC, 0x33, 0xBC, 0x33, 0xBC,
    0x33, 0xBC, 0x33, 0xBC, 0x33, 0xBC, 0x33, 0xBC, 0x33, 0xBC, 0x33, 0xBC, 0x33, 0xBC, 0x33, 0xBC, 0x33, 0xBC, 0x33,
    0xBC, 0x33, 0xBC, 0x33, 0xBC, 0x33, 0xBC, 0x33, 0xBC, 0x33, 0xBC, 0x33, 0xBC, 0x33, 0xBC, 0x33, 0xBC, 0x33, 0xBC,
    0x33, 0xBC, 0x33, 0xBC, 0x33, 0xBC, 0x33, 0xBC, 0x33, 0xBC, 0x33, 0xBC, 0x33, 0xBC, 0x33, 0xBC, 0x33, 0xBC, 0x33,
    0xBC, 0x33, 0xBC, 0x33, 0xBC, 0x33, 0xBC, 0x33, 0xBC, 0x33, 0xBC, 0x33, 0xBC, 0x33, 0xBC, 0x33, 0xBC, 0x33, 0xBC,
    0x33, 0xBC, 0x33, 0xBC, 0x33, 0xBC, 0x33, 0xBC, 0x33, 0xBC, 0x33, 0xBC, 0x33, 0xBC, 0x33, 0xBC, 0x33, 0xBC, 0x33,
    0xBC, 0x33, 0xBC, 0x33, 0xBC, 0x33, 0xBC, 0x33, 0x9B, 0x33, 0xDD, 0x33, 0x93, 0x22, 0x6A, 0x11, 0x6A, 0x11, 0x49,
    0x11, 0x28, 0x11, 0x08, 0x09, 0x07, 0x09, 0xE6, 0x08, 0xC5, 0x08, 0xA5, 0x08, 0x84, 0x08, 0x83, 0x00, 0x63, 0x00,
    0x62, 0x00, 0x42, 0x00, 0x42, 0x00, 0x21, 0x00, 0x21, 0x00, 0x21, 0x00, 0x20, 0x00, 0x00, 0x00, 0x00, 0x00, 0x00,
    0x00, 0x00, 0x00, 0x00, 0x00, 0x00, 0x00, 0x00, 0x00, 0x00, 0x00, 0x00, 0x00, 0x00, 0x00, 0x20, 0x00, 0x21, 0x00,
    0x21, 0x00, 0x21, 0x00, 0x42, 0x00, 0x42, 0x00, 0x62, 0x00, 0x63, 0x00, 0x83, 0x00, 0x84, 0x08, 0xA5, 0x08, 0xC5,
    0x08, 0xE6, 0x08, 0xE7, 0x08, 0x07, 0x09, 0x28, 0x11, 0x49, 0x11, 0x6A, 0x11, 0x6A, 0x11, 0x30, 0x1A, 0xBC, 0x33,
    0x9B, 0x33, 0x9C, 0x33, 0x9C, 0x33, 0x9C, 0x33, 0x9C, 0x33, 0x9C, 0x33, 0x9C, 0x33, 0x9C, 0x33, 0x9C, 0x33, 0x9C,
    0x33, 0x9C, 0x33, 0x9C, 0x33, 0x9C, 0x33, 0x9C, 0x33, 0x9C, 0x33, 0x9C, 0x33, 0x9C, 0x33, 0x9C, 0x33, 0x9C, 0x33,
    0x9C, 0x33, 0x9C, 0x33, 0x9C, 0x33, 0x9C, 0x33, 0x9C, 0x33, 0x9C, 0x33, 0x9C, 0x33, 0x9C, 0x33, 0x9C, 0x33, 0x9C,
    0x33, 0x9C, 0x33, 0x9C, 0x33, 0x9C, 0x33, 0x9C, 0x33, 0x9C, 0x33, 0x9C, 0x33, 0x9C, 0x33, 0x9C, 0x33, 0x9C, 0x33,
    0x9C, 0x33, 0x9C, 0x33, 0x9C, 0x33, 0x9C, 0x33, 0x9C, 0x33, 0x9C, 0x33, 0x9C, 0x33, 0x9C, 0x33, 0x9C, 0x33, 0x9C,
    0x33, 0x9C, 0x33, 0x9C, 0x33, 0x9C, 0x33, 0x9C, 0x33, 0x9C, 0x33, 0x9C, 0x33, 0x9C, 0x33, 0x9C, 0x33, 0x9C, 0x33,
    0x9C, 0x33, 0x9C, 0x33, 0x9C, 0x33, 0x9C, 0x33, 0x9C, 0x33, 0x9C, 0x33, 0x9C, 0x33, 0x9C, 0x33, 0x9C, 0x33, 0x9C,
    0x33, 0x9C, 0x33, 0x9C, 0x33, 0x9C, 0x33, 0x9C, 0x33, 0x9C, 0x33, 0x9C, 0x33, 0x9C, 0x33, 0x9C, 0x33, 0x9C, 0x33,
    0x9C, 0x33, 0x9C, 0x33, 0x9C, 0x33, 0x9C, 0x33, 0x9C, 0x33, 0x9C, 0x33, 0x9C, 0x33, 0x9C, 0x33, 0x9C, 0x33, 0x9C,
    0x33, 0x9C, 0x33, 0x9C, 0x33, 0x9C, 0x33, 0x9C, 0x33, 0x9C, 0x33, 0x9C, 0x33, 0x9C, 0x33, 0x9C, 0x33, 0x9C, 0x33,
    0x9C, 0x33, 0x9C, 0x33, 0x9C, 0x33, 0x9C, 0x33, 0x9C, 0x33, 0x9C, 0x33, 0x9C, 0x33, 0x9C, 0x33, 0x9C, 0x33, 0x9C,
    0x33, 0x9C, 0x33, 0x9C, 0x33, 0x9C, 0x33, 0x9C, 0x33, 0x9C, 0x33, 0x9C, 0x33, 0x9C, 0x33, 0x9C, 0x33, 0x9C, 0x33,
    0x9C, 0x33, 0x9C, 0x33, 0x9C, 0x33, 0x9C, 0x33, 0x9C, 0x33, 0x9C, 0x33, 0x9C, 0x33, 0x9C, 0x33, 0x9C, 0x33, 0x9C,
    0x33, 0x9C, 0x33, 0x9C, 0x33, 0x9C, 0x33, 0x9C, 0x33, 0x9C, 0x33, 0x9C, 0x33, 0x9C, 0x33, 0x9C, 0x33, 0x9C, 0x33,
    0x9C, 0x33, 0x9C, 0x33, 0x9C, 0x33, 0x9C, 0x33, 0x9C, 0x33, 0x9C, 0x33, 0x9C, 0x33, 0x9C, 0x33, 0x9C, 0x33, 0x9C,
    0x33, 0x9C, 0x33, 0x9C, 0x33, 0x9C, 0x33, 0x9C, 0x33, 0x9B, 0x33, 0xBC, 0x33, 0x30, 0x1A, 0x6A, 0x11, 0x6A, 0x11,
    0x49, 0x11, 0x28, 0x11, 0x07, 0x09, 0xE7, 0x08, 0xE6, 0x08, 0xC5, 0x08, 0xA5, 0x08, 0x84, 0x08, 0x83, 0x00, 0x63,
    0x00, 0x62, 0x00, 0x42, 0x00, 0x42, 0x00, 0x21, 0x00, 0x21, 0x00, 0x21, 0x00, 0x20, 0x00, 0x00, 0x00, 0x00, 0x00,
    0x00, 0x00, 0x00, 0x00, 0x00, 0x00, 0x00, 0x00, 0x00, 0x00, 0x00, 0x00, 0x00, 0x00, 0x00, 0x00, 0x20, 0x00, 0x21,
    0x00, 0x21, 0x00, 0x21, 0x00, 0x42, 0x00, 0x42, 0x00, 0x62, 0x00, 0x63, 0x00, 0x83, 0x00, 0x84, 0x00, 0xA4, 0x08,
    0xC5, 0x08, 0xC6, 0x08, 0xE7, 0x08, 0x07, 0x09, 0x28, 0x09, 0x49, 0x11, 0x6A, 0x11, 0x6A, 0x11, 0xED, 0x19, 0x9B,
    0x33, 0x9C, 0x33, 0x9B, 0x33, 0x9B, 0x33, 0x9B, 0x33, 0x9B, 0x33, 0x9B, 0x33, 0x9B, 0x33, 0x9B, 0x33, 0x9B, 0x33,
    0x9B, 0x33, 0x9B, 0x33, 0x9B, 0x33, 0x9B, 0x33, 0x9B, 0x33, 0x9B, 0x33, 0x9B, 0x33, 0x9B, 0x33, 0x9B, 0x33, 0x9B,
    0x33, 0x9B, 0x33, 0x9B, 0x33, 0x9B, 0x33, 0x9B, 0x33, 0x9B, 0x33, 0x9B, 0x33, 0x9B, 0x33, 0x9B, 0x33, 0x9B, 0x33,
    0x9B, 0x33, 0x9B, 0x33, 0x9B, 0x33, 0x9B, 0x33, 0x9B, 0x33, 0x9B, 0x33, 0x9B, 0x33, 0x9B, 0x33, 0x9B, 0x33, 0x9B,
    0x33, 0x9B, 0x33, 0x9B, 0x33, 0x9B, 0x33, 0x9B, 0x33, 0x9B, 0x33, 0x9B, 0x33, 0x9B, 0x33, 0x9B, 0x33, 0x9B, 0x33,
    0x9B, 0x33, 0x9B, 0x33, 0x9B, 0x33, 0x9B, 0x33, 0x9B, 0x33, 0x9B, 0x33, 0x9B, 0x33, 0x9B, 0x33, 0x9B, 0x33, 0x9B,
    0x33, 0x9B, 0x33, 0x9B, 0x33, 0x9B, 0x33, 0x9B, 0x33, 0x9B, 0x33, 0x9B, 0x33, 0x9B, 0x33, 0x9B, 0x33, 0x9B, 0x33,
    0x9B, 0x33, 0x9B, 0x33, 0x9B, 0x33, 0x9B, 0x33, 0x9B, 0x33, 0x9B, 0x33, 0x9B, 0x33, 0x9B, 0x33, 0x9B, 0x33, 0x9B,
    0x33, 0x9B, 0x33, 0x9B, 0x33, 0x9B, 0x33, 0x9B, 0x33, 0x9B, 0x33, 0x9B, 0x33, 0x9B, 0x33, 0x9B, 0x33, 0x9B, 0x33,
    0x9B, 0x33, 0x9B, 0x33, 0x9B, 0x33, 0x9B, 0x33, 0x9B, 0x33, 0x9B, 0x33, 0x9B, 0x33, 0x9B, 0x33, 0x9B, 0x33, 0x9B,
    0x33, 0x9B, 0x33, 0x9B, 0x33, 0x9B, 0x33, 0x9B, 0x33, 0x9B, 0x33, 0x9B, 0x33, 0x9B, 0x33, 0x9B, 0x33, 0x9B, 0x33,
    0x9B, 0x33, 0x9B, 0x33, 0x9B, 0x33, 0x9B, 0x33, 0x9B, 0x33, 0x9B, 0x33, 0x9B, 0x33, 0x9B, 0x33, 0x9B, 0x33, 0x9B,
    0x33, 0x9B, 0x33, 0x9B, 0x33, 0x9B, 0x33, 0x9B, 0x33, 0x9B, 0x33, 0x9B, 0x33, 0x9B, 0x33, 0x9B, 0x33, 0x9B, 0x33,
    0x9B, 0x33, 0x9B, 0x33, 0x9B, 0x33, 0x9B, 0x33, 0x9B, 0x33, 0x9B, 0x33, 0x9B, 0x33, 0x9B, 0x33, 0x9B, 0x33, 0x9B,
    0x33, 0x9B, 0x33, 0x9B, 0x33, 0x9B, 0x33, 0x9B, 0x33, 0x9B, 0x33, 0x9B, 0x33, 0x9B, 0x33, 0x9B, 0x33, 0x9B, 0x33,
    0x9B, 0x33, 0x9B, 0x33, 0x9B, 0x33, 0x9B, 0x33, 0x9B, 0x33, 0x9C, 0x33, 0x9B, 0x33, 0xED, 0x19, 0x6A, 0x11, 0x6A,
    0x11, 0x49, 0x11, 0x28, 0x09, 0x07, 0x09, 0xE7, 0x08, 0xC6, 0x08, 0xC5, 0x08, 0xA4, 0x08, 0x84, 0x00, 0x83, 0x00,
    0x63, 0x00, 0x62, 0x00, 0x42, 0x00, 0x42, 0x00, 0x21, 0x00, 0x21, 0x00, 0x21, 0x00, 0x20, 0x00, 0x00, 0x00, 0x00,
    0x00, 0x00, 0x00, 0x00, 0x00, 0x00, 0x00, 0x00, 0x00, 0x00, 0x00, 0x00, 0x00, 0x00, 0x00, 0x00, 0x00, 0x20, 0x00,
    0x21, 0x00, 0x21, 0x00, 0x21, 0x00, 0x41, 0x00, 0x42, 0x00, 0x42, 0x00, 0x63, 0x00, 0x83, 0x00, 0x84, 0x00, 0xA4,
    0x08, 0xC5, 0x08, 0xC6, 0x08, 0xE6, 0x08, 0x07, 0x09, 0x28, 0x09, 0x49, 0x11, 0x4A, 0x11, 0x6A, 0x11, 0xAB, 0x11,
    0x59, 0x2B, 0xBC, 0x33, 0x9B, 0x33, 0x9B, 0x33, 0x9B, 0x33, 0x9B, 0x33, 0x9B, 0x33, 0x9B, 0x33, 0x9B, 0x33, 0x9B,
    0x33, 0x9B, 0x33, 0x9B, 0x33, 0x9B, 0x33, 0x9B, 0x33, 0x9B, 0x33, 0x9B, 0x33, 0x9B, 0x33, 0x9B, 0x33, 0x9B, 0x33,
    0x9B, 0x33, 0x9B, 0x33, 0x9B, 0x33, 0x9B, 0x33, 0x9B, 0x33, 0x9B, 0x33, 0x9B, 0x33, 0x9B, 0x33, 0x9B, 0x33, 0x9B,
    0x33, 0x9B, 0x33, 0x9B, 0x33, 0x9B, 0x33, 0x9B, 0x33, 0x9B, 0x33, 0x9B, 0x33, 0x9B, 0x33, 0x9B, 0x33, 0x9B, 0x33,
    0x9B, 0x33, 0x9B, 0x33, 0x9B, 0x33, 0x9B, 0x33, 0x9B, 0x33, 0x9B, 0x33, 0x9B, 0x33, 0x9B, 0x33, 0x9B, 0x33, 0x9B,
    0x33, 0x9B, 0x33, 0x9B, 0x33, 0x9B, 0x33, 0x9B, 0x33, 0x9B, 0x33, 0x9B, 0x33, 0x9B, 0x33, 0x9B, 0x33, 0x9B, 0x33,
    0x9B, 0x33, 0x9B, 0x33, 0x9B, 0x33, 0x9B, 0x33, 0x9B, 0x33, 0x9B, 0x33, 0x9B, 0x33, 0x9B, 0x33, 0x9B, 0x33, 0x9B,
    0x33, 0x9B, 0x33, 0x9B, 0x33, 0x9B, 0x33, 0x9B, 0x33, 0x9B, 0x33, 0x9B, 0x33, 0x9B, 0x33, 0x9B, 0x33, 0x9B, 0x33,
    0x9B, 0x33, 0x9B, 0x33, 0x9B, 0x33, 0x9B, 0x33, 0x9B, 0x33, 0x9B, 0x33, 0x9B, 0x33, 0x9B, 0x33, 0x9B, 0x33, 0x9B,
    0x33, 0x9B, 0x33, 0x9B, 0x33, 0x9B, 0x33, 0x9B, 0x33, 0x9B, 0x33, 0x9B, 0x33, 0x9B, 0x33, 0x9B, 0x33, 0x9B, 0x33,
    0x9B, 0x33, 0x9B, 0x33, 0x9B, 0x33, 0x9B, 0x33, 0x9B, 0x33, 0x9B, 0x33, 0x9B, 0x33, 0x9B, 0x33, 0x9B, 0x33, 0x9B,
    0x33, 0x9B, 0x33, 0x9B, 0x33, 0x9B, 0x33, 0x9B, 0x33, 0x9B, 0x33, 0x9B, 0x33, 0x9B, 0x33, 0x9B, 0x33, 0x9B, 0x33,
    0x9B, 0x33, 0x9B, 0x33, 0x9B, 0x33, 0x9B, 0x33, 0x9B, 0x33, 0x9B, 0x33, 0x9B, 0x33, 0x9B, 0x33, 0x9B, 0x33, 0x9B,
    0x33, 0x9B, 0x33, 0x9B, 0x33, 0x9B, 0x33, 0x9B, 0x33, 0x9B, 0x33, 0x9B, 0x33, 0x9B, 0x33, 0x9B, 0x33, 0x9B, 0x33,
    0x9B, 0x33, 0x9B, 0x33, 0x9B, 0x33, 0x9B, 0x33, 0x9B, 0x33, 0x9B, 0x33, 0x9B, 0x33, 0x9B, 0x33, 0x9B, 0x33, 0x9B,
    0x33, 0x9B, 0x33, 0x9B, 0x33, 0x9B, 0x33, 0x9B, 0x33, 0x9B, 0x33, 0xBC, 0x33, 0x59, 0x2B, 0xAB, 0x11, 0x6A, 0x11,
    0x4A, 0x11, 0x49, 0x11, 0x28, 0x09, 0x07, 0x09, 0xE6, 0x08, 0xC6, 0x08, 0xC5, 0x08, 0xA4, 0x08, 0x84, 0x00, 0x83,
    0x00, 0x63, 0x00, 0x42, 0x00, 0x42, 0x00, 0x41, 0x00, 0x21, 0x00, 0x21, 0x00, 0x21, 0x00, 0x20, 0x00, 0x00, 0x00,
    0x00, 0x00, 0x00, 0x00, 0x00, 0x00, 0x00, 0x00, 0x00, 0x00, 0x00, 0x00, 0x00, 0x00, 0x00, 0x00, 0x00, 0x00, 0x00,
    0x00, 0x21, 0x00, 0x21, 0x00, 0x21, 0x00, 0x41, 0x00, 0x42, 0x00, 0x42, 0x00, 0x63, 0x00, 0x63, 0x00, 0x84, 0x00,
    0xA4, 0x08, 0xA5, 0x08, 0xC5, 0x08, 0xE6, 0x08, 0x07, 0x09, 0x28, 0x09, 0x29, 0x11, 0x49, 0x11, 0x6A, 0x11, 0x6A,
    0x11, 0xD6, 0x2A, 0xBD, 0x33, 0x9B, 0x33, 0x9B, 0x33, 0x9B, 0x33, 0x9B, 0x33, 0x9B, 0x33, 0x9B, 0x33, 0x9B, 0x33,
    0x9B, 0x33, 0x9B, 0x33, 0x9B, 0x33, 0x9B, 0x33, 0x9B, 0x33, 0x9B, 0x33, 0x9B, 0x33, 0x9B, 0x33, 0x9B, 0x33, 0x9B,
    0x33, 0x9B, 0x33, 0x9B, 0x33, 0x9B, 0x33, 0x9B, 0x33, 0x9B, 0x33, 0x9B, 0x33, 0x9B, 0x33, 0x9B, 0x33, 0x9B, 0x33,
    0x9B, 0x33, 0x9B, 0x33, 0x9B, 0x33, 0x9B, 0x33, 0x9B, 0x33, 0x9B, 0x33, 0x9B, 0x33, 0x9B, 0x33, 0x9B, 0x33, 0x9B,
    0x33, 0x9B, 0x33, 0x9B, 0x33, 0x9B, 0x33, 0x9B, 0x33, 0x9B, 0x33, 0x9B, 0x33, 0x9B, 0x33, 0x9B, 0x33, 0x9B, 0x33,
    0x9B, 0x33, 0x9B, 0x33, 0x9B, 0x33, 0x9B, 0x33, 0x9B, 0x33, 0x9B, 0x33, 0x9B, 0x33, 0x9B, 0x33, 0x9B, 0x33, 0x9B,
    0x33, 0x9B, 0x33, 0x9B, 0x33, 0x9B, 0x33, 0x9B, 0x33, 0x9B, 0x33, 0x9B, 0x33, 0x9B, 0x33, 0x9B, 0x33, 0x9B, 0x33,
    0x9B, 0x33, 0x9B, 0x33, 0x9B, 0x33, 0x9B, 0x33, 0x9B, 0x33, 0x9B, 0x33, 0x9B, 0x33, 0x9B, 0x33, 0x9B, 0x33, 0x9B,
    0x33, 0x9B, 0x33, 0x9B, 0x33, 0x9B, 0x33, 0x9B, 0x33, 0x9B, 0x33, 0x9B, 0x33, 0x9B, 0x33, 0x9B, 0x33, 0x9B, 0x33,
    0x9B, 0x33, 0x9B, 0x33, 0x9B, 0x33, 0x9B, 0x33, 0x9B, 0x33, 0x9B, 0x33, 0x9B, 0x33, 0x9B, 0x33, 0x9B, 0x33, 0x9B,
    0x33, 0x9B, 0x33, 0x9B, 0x33, 0x9B, 0x33, 0x9B, 0x33, 0x9B, 0x33, 0x9B, 0x33, 0x9B, 0x33, 0x9B, 0x33, 0x9B, 0x33,
    0x9B, 0x33, 0x9B, 0x33, 0x9B, 0x33, 0x9B, 0x33, 0x9B, 0x33, 0x9B, 0x33, 0x9B, 0x33, 0x9B, 0x33, 0x9B, 0x33, 0x9B,
    0x33, 0x9B, 0x33, 0x9B, 0x33, 0x9B, 0x33, 0x9B, 0x33, 0x9B, 0x33, 0x9B, 0x33, 0x9B, 0x33, 0x9B, 0x33, 0x9B, 0x33,
    0x9B, 0x33, 0x9B, 0x33, 0x9B, 0x33, 0x9B, 0x33, 0x9B, 0x33, 0x9B, 0x33, 0x9B, 0x33, 0x9B, 0x33, 0x9B, 0x33, 0x9B,
    0x33, 0x9B, 0x33, 0x9B, 0x33, 0x9B, 0x33, 0x9B, 0x33, 0x9B, 0x33, 0x9B, 0x33, 0x9B, 0x33, 0x9B, 0x33, 0x9B, 0x33,
    0x9B, 0x33, 0x9B, 0x33, 0x9B, 0x33, 0x9B, 0x33, 0x9B, 0x33, 0x9B, 0x33, 0xBD, 0x33, 0xD6, 0x2A, 0x6A, 0x11, 0x6A,
    0x11, 0x49, 0x11, 0x29, 0x11, 0x28, 0x09, 0x07, 0x09, 0xE6, 0x08, 0xC5, 0x08, 0xA5, 0x08, 0xA4, 0x08, 0x84, 0x00,
    0x63, 0x00, 0x63, 0x00, 0x42, 0x00, 0x42, 0x00, 0x41, 0x00, 0x21, 0x00, 0x21, 0x00, 0x21, 0x00, 0x00, 0x00, 0x00,
    0x00, 0x00, 0x00, 0x00, 0x00, 0x00, 0x00, 0x00, 0x00, 0x00, 0x00, 0x00, 0x00, 0x00, 0x00, 0x00, 0x00, 0x00, 0x00,
    0x00, 0x00, 0x20, 0x00, 0x21, 0x00, 0x21, 0x00, 0x21, 0x00, 0x42, 0x00, 0x42, 0x00, 0x62, 0x00, 0x63, 0x00, 0x83,
    0x00, 0xA4, 0x08, 0xA5, 0x08, 0xC5, 0x08, 0xE6, 0x08, 0xE7, 0x08, 0x07, 0x09, 0x28, 0x11, 0x49, 0x11, 0x6A, 0x11,
    0x6A, 0x11, 0x51, 0x22, 0xBC, 0x33, 0x9B, 0x33, 0x9B, 0x33, 0x9B, 0x33, 0x9B, 0x33, 0x9B, 0x33, 0x9B, 0x33, 0x9B,
    0x33, 0x9B, 0x33, 0x9B, 0x33, 0x9B, 0x33, 0x9B, 0x33, 0x9B, 0x33, 0x9B, 0x33, 0x9B, 0x33, 0x9B, 0x33, 0x9B, 0x33,
    0x9B, 0x33, 0x9B, 0x33, 0x9B, 0x33, 0x9B, 0x33, 0x9B, 0x33, 0x9B, 0x33, 0x9B, 0x33, 0x9B, 0x33, 0x9B, 0x33, 0x9B,
    0x33, 0x9B, 0x33, 0x9B, 0x33, 0x9B, 0x33, 0x9B, 0x33, 0x9B, 0x33, 0x9B, 0x33, 0x9B, 0x33, 0x9B, 0x33, 0x9B, 0x33,
    0x9B, 0x33, 0x9B, 0x33, 0x9B, 0x33, 0x9B, 0x33, 0x9B, 0x33, 0x9B, 0x33, 0x9B, 0x33, 0x9B, 0x33, 0x9B, 0x33, 0x9B,
    0x33, 0x9B, 0x33, 0x9B, 0x33, 0x9B, 0x33, 0x9B, 0x33, 0x9B, 0x33, 0x9B, 0x33, 0x9B, 0x33, 0x9B, 0x33, 0x9B, 0x33,
    0x9B, 0x33, 0x9B, 0x33, 0x9B, 0x33, 0x9B, 0x33, 0x9B, 0x33, 0x9B, 0x33, 0x9B, 0x33, 0x9B, 0x33, 0x9B, 0x33, 0x9B,
    0x33, 0x9B, 0x33, 0x9B, 0x33, 0x9B, 0x33, 0x9B, 0x33, 0x9B, 0x33, 0x9B, 0x33, 0x9B, 0x33, 0x9B, 0x33, 0x9B, 0x33,
    0x9B, 0x33, 0x9B, 0x33, 0x9B, 0x33, 0x9B, 0x33, 0x9B, 0x33, 0x9B, 0x33, 0x9B, 0x33, 0x9B, 0x33, 0x9B, 0x33, 0x9B,
    0x33, 0x9B, 0x33, 0x9B, 0x33, 0x9B, 0x33, 0x9B, 0x33, 0x9B, 0x33, 0x9B, 0x33, 0x9B, 0x33, 0x9B, 0x33, 0x9B, 0x33,
    0x9B, 0x33, 0x9B, 0x33, 0x9B, 0x33, 0x9B, 0x33, 0x9B, 0x33, 0x9B, 0x33, 0x9B, 0x33, 0x9B, 0x33, 0x9B, 0x33, 0x9B,
    0x33, 0x9B, 0x33, 0x9B, 0x33, 0x9B, 0x33, 0x9B, 0x33, 0x9B, 0x33, 0x9B, 0x33, 0x9B, 0x33, 0x9B, 0x33, 0x9B, 0x33,
    0x9B, 0x33, 0x9B, 0x33, 0x9B, 0x33, 0x9B, 0x33, 0x9B, 0x33, 0x9B, 0x33, 0x9B, 0x33, 0x9B, 0x33, 0x9B, 0x33, 0x9B,
    0x33, 0x9B, 0x33, 0x9B, 0x33, 0x9B, 0x33, 0x9B, 0x33, 0x9B, 0x33, 0x9B, 0x33, 0x9B, 0x33, 0x9B, 0x33, 0x9B, 0x33,
    0x9B, 0x33, 0x9B, 0x33, 0x9B, 0x33, 0x9B, 0x33, 0x9B, 0x33, 0x9B, 0x33, 0x9B, 0x33, 0x9B, 0x33, 0x9B, 0x33, 0x9B,
    0x33, 0x9B, 0x33, 0x9B, 0x33, 0x9B, 0x33, 0x9B, 0x33, 0x9B, 0x33, 0x9B, 0x33, 0xBC, 0x33, 0x51, 0x22, 0x6A, 0x11,
    0x6A, 0x11, 0x49, 0x11, 0x28, 0x11, 0x07, 0x09, 0xE7, 0x08, 0xE6, 0x08, 0xC5, 0x08, 0xA5, 0x08, 0xA4, 0x08, 0x83,
    0x00, 0x63, 0x00, 0x62, 0x00, 0x42, 0x00, 0x42, 0x00, 0x21, 0x00, 0x21, 0x00, 0x21, 0x00, 0x20, 0x00, 0x00, 0x00,
    0x00, 0x00, 0x00, 0x00, 0x00, 0x00, 0x00, 0x00, 0x00, 0x00, 0x00, 0x00, 0x00, 0x00, 0x00, 0x00, 0x00, 0x00, 0x00,
    0x00, 0x00, 0x00, 0x20, 0x00, 0x21, 0x00, 0x21, 0x00, 0x21, 0x00, 0x42, 0x00, 0x42, 0x00, 0x62, 0x00, 0x63, 0x00,
    0x83, 0x00, 0x84, 0x00, 0xA4, 0x08, 0xC5, 0x08, 0xC6, 0x08, 0xE6, 0x08, 0x07, 0x09, 0x28, 0x09, 0x49, 0x11, 0x6A,
    0x11, 0x6A, 0x11, 0xCD, 0x19, 0x7B, 0x2B, 0x9B, 0x33, 0x9B, 0x33, 0x9B, 0x33, 0x9B, 0x33, 0x9B, 0x33, 0x9B, 0x33,
    0x9B, 0x33, 0x9B, 0x33, 0x9B, 0x33, 0x9B, 0x33, 0x9B, 0x33, 0x9B, 0x33, 0x9B, 0x33, 0x9B, 0x33, 0x9B, 0x33, 0x9B,
    0x33, 0x9B, 0x33, 0x9B, 0x33, 0x9B, 0x33, 0x9B, 0x33, 0x9B, 0x33, 0x9B, 0x33, 0x9B, 0x33, 0x9B, 0x33, 0x9B, 0x33,
    0x9B, 0x33, 0x9B, 0x33, 0x9B, 0x33, 0x9B, 0x33, 0x9B, 0x33, 0x9B, 0x33, 0x9B, 0x33, 0x9B, 0x33, 0x9B, 0x33, 0x9B,
    0x33, 0x9B, 0x33, 0x9B, 0x33, 0x9B, 0x33, 0x9B, 0x33, 0x9B, 0x33, 0x9B, 0x33, 0x9B, 0x33, 0x9B, 0x33, 0x9B, 0x33,
    0x9B, 0x33, 0x9B, 0x33, 0x9B, 0x33, 0x9B, 0x33, 0x9B, 0x33, 0x9B, 0x33, 0x9B, 0x33, 0x9B, 0x33, 0x9B, 0x33, 0x9B,
    0x33, 0x9B, 0x33, 0x9B, 0x33, 0x9B, 0x33, 0x9B, 0x33, 0x9B, 0x33, 0x9B, 0x33, 0x9B, 0x33, 0x9B, 0x33, 0x9B, 0x33,
    0x9B, 0x33, 0x9B, 0x33, 0x9B, 0x33, 0x9B, 0x33, 0x9B, 0x33, 0x9B, 0x33, 0x9B, 0x33, 0x9B, 0x33, 0x9B, 0x33, 0x9B,
    0x33, 0x9B, 0x33, 0x9B, 0x33, 0x9B, 0x33, 0x9B, 0x33, 0x9B, 0x33, 0x9B, 0x33, 0x9B, 0x33, 0x9B, 0x33, 0x9B, 0x33,
    0x9B, 0x33, 0x9B, 0x33, 0x9B, 0x33, 0x9B, 0x33, 0x9B, 0x33, 0x9B, 0x33, 0x9B, 0x33, 0x9B, 0x33, 0x9B, 0x33, 0x9B,
    0x33, 0x9B, 0x33, 0x9B, 0x33, 0x9B, 0x33, 0x9B, 0x33, 0x9B, 0x33, 0x9B, 0x33, 0x9B, 0x33, 0x9B, 0x33, 0x9B, 0x33,
    0x9B, 0x33, 0x9B, 0x33, 0x9B, 0x33, 0x9B, 0x33, 0x9B, 0x33, 0x9B, 0x33, 0x9B, 0x33, 0x9B, 0x33, 0x9B, 0x33, 0x9B,
    0x33, 0x9B, 0x33, 0x9B, 0x33, 0x9B, 0x33, 0x9B, 0x33, 0x9B, 0x33, 0x9B, 0x33, 0x9B, 0x33, 0x9B, 0x33, 0x9B, 0x33,
    0x9B, 0x33, 0x9B, 0x33, 0x9B, 0x33, 0x9B, 0x33, 0x9B, 0x33, 0x9B, 0x33, 0x9B, 0x33, 0x9B, 0x33, 0x9B, 0x33, 0x9B,
    0x33, 0x9B, 0x33, 0x9B, 0x33, 0x9B, 0x33, 0x9B, 0x33, 0x9B, 0x33, 0x9B, 0x33, 0x9B, 0x33, 0x9B, 0x33, 0x9B, 0x33,
    0x9B, 0x33, 0x9B, 0x33, 0x9B, 0x33, 0x9B, 0x33, 0x9B, 0x33, 0x9B, 0x33, 0x9B, 0x33, 0x7B, 0x2B, 0xCD, 0x19, 0x6A,
    0x11, 0x6A, 0x11, 0x49, 0x11, 0x28, 0x09, 0x07, 0x09, 0xE6, 0x08, 0xC6, 0x08, 0xC5, 0x08, 0xA4, 0x08, 0x84, 0x00,
    0x83, 0x00, 0x63, 0x00, 0x62, 0x00, 0x42, 0x00, 0x42, 0x00, 0x21, 0x00, 0x21, 0x00, 0x21, 0x00, 0x20, 0x00, 0x00,
    0x00, 0x00, 0x00, 0x00, 0x00, 0x00, 0x00, 0x00, 0x00, 0x00, 0x00, 0x00, 0x00, 0x00, 0x00, 0x00, 0x00, 0x00, 0x00,
    0x00, 0x00, 0x00, 0x00, 0x20, 0x00, 0x21, 0x00, 0x21, 0x00, 0x21, 0x00, 0x42, 0x00, 0x42, 0x00, 0x42, 0x00, 0x63,
    0x00, 0x83, 0x00, 0x84, 0x00, 0xA4, 0x08, 0xA5, 0x08, 0xC6, 0x08, 0xE6, 0x08, 0x07, 0x09, 0x28, 0x09, 0x49, 0x11,
    0x49, 0x11, 0x6A, 0x11, 0x8A, 0x11, 0x17, 0x2B, 0x9C, 0x33, 0x7B, 0x33, 0x9B, 0x33, 0x9B, 0x33, 0x9B, 0x33, 0x9B,
    0x33, 0x9B, 0x33, 0x9B, 0x33, 0x9B, 0x33, 0x9B, 0x33, 0x9B, 0x33, 0x9B, 0x33, 0x9B, 0x33, 0x9B, 0x33, 0x9B, 0x33,
    0x9B, 0x33, 0x9B, 0x33, 0x9B, 0x33, 0x9B, 0x33, 0x9B, 0x33, 0x9B, 0x33, 0x9B, 0x33, 0x9B, 0x33, 0x9B, 0x33, 0x9B,
    0x33, 0x9B, 0x33, 0x9B, 0x33, 0x9B, 0x33, 0x9B, 0x33, 0x9B, 0x33, 0x9B, 0x33, 0x9B, 0x33, 0x9B, 0x33, 0x9B, 0x33,
    0x9B, 0x33, 0x9B, 0x33, 0x9B, 0x33, 0x9B, 0x33, 0x9B, 0x33, 0x9B, 0x33, 0x9B, 0x33, 0x9B, 0x33, 0x9B, 0x33, 0x9B,
    0x33, 0x9B, 0x33, 0x9B, 0x33, 0x9B, 0x33, 0x9B, 0x33, 0x9B, 0x33, 0x9B, 0x33, 0x9B, 0x33, 0x9B, 0x33, 0x9B, 0x33,
    0x9B, 0x33, 0x9B, 0x33, 0x9B, 0x33, 0x9B, 0x33, 0x9B, 0x33, 0x9B, 0x33, 0x9B, 0x33, 0x9B, 0x33, 0x9B, 0x33, 0x9B,
    0x33, 0x9B, 0x33, 0x9B, 0x33, 0x9B, 0x33, 0x9B, 0x33, 0x9B, 0x33, 0x9B, 0x33, 0x9B, 0x33, 0x9B, 0x33, 0x9B, 0x33,
    0x9B, 0x33, 0x9B, 0x33, 0x9B, 0x33, 0x9B, 0x33, 0x9B, 0x33, 0x9B, 0x33, 0x9B, 0x33, 0x9B, 0x33, 0x9B, 0x33, 0x9B,
    0x33, 0x9B, 0x33, 0x9B, 0x33, 0x9B, 0x33, 0x9B, 0x33, 0x9B, 0x33, 0x9B, 0x33, 0x9B, 0x33, 0x9B, 0x33, 0x9B, 0x33,
    0x9B, 0x33, 0x9B, 0x33, 0x9B, 0x33, 0x9B, 0x33, 0x9B, 0x33, 0x9B, 0x33, 0x9B, 0x33, 0x9B, 0x33, 0x9B, 0x33, 0x9B,
    0x33, 0x9B, 0x33, 0x9B, 0x33, 0x9B, 0x33, 0x9B, 0x33, 0x9B, 0x33, 0x9B, 0x33, 0x9B, 0x33, 0x9B, 0x33, 0x9B, 0x33,
    0x9B, 0x33, 0x9B, 0x33, 0x9B, 0x33, 0x9B, 0x33, 0x9B, 0x33, 0x9B, 0x33, 0x9B, 0x33, 0x9B, 0x33, 0x9B, 0x33, 0x9B,
    0x33, 0x9B, 0x33, 0x9B, 0x33, 0x9B, 0x33, 0x9B, 0x33, 0x9B, 0x33, 0x9B, 0x33, 0x9B, 0x33, 0x9B, 0x33, 0x9B, 0x33,
    0x9B, 0x33, 0x9B, 0x33, 0x9B, 0x33, 0x9B, 0x33, 0x9B, 0x33, 0x9B, 0x33, 0x9B, 0x33, 0x9B, 0x33, 0x9B, 0x33, 0x9B,
    0x33, 0x9B, 0x33, 0x9B, 0x33, 0x9B, 0x33, 0x9B, 0x33, 0x9B, 0x33, 0x7B, 0x33, 0x9C, 0x33, 0x17, 0x2B, 0x8A, 0x11,
    0x6A, 0x11, 0x49, 0x11, 0x49, 0x11, 0x28, 0x09, 0x07, 0x09, 0xE6, 0x08, 0xC6, 0x08, 0xA5, 0x08, 0xA4, 0x08, 0x84,
    0x00, 0x83, 0x00, 0x63, 0x00, 0x42, 0x00, 0x42, 0x00, 0x42, 0x00, 0x21, 0x00, 0x21, 0x00, 0x21, 0x00, 0x20, 0x00,
    0x00, 0x00, 0x00, 0x00, 0x00, 0x00, 0x00, 0x00, 0x00, 0x00, 0x00, 0x00, 0x00, 0x00, 0x00, 0x00, 0x00, 0x00, 0x00,
    0x00, 0x00, 0x00, 0x00, 0x00, 0x20, 0x00, 0x21, 0x00, 0x21, 0x00, 0x21, 0x00, 0x41, 0x00, 0x42, 0x00, 0x42, 0x00,
    0x63, 0x00, 0x63, 0x00, 0x84, 0x00, 0xA4, 0x08, 0xA5, 0x08, 0xC5, 0x08, 0xE6, 0x08, 0xE7, 0x08, 0x08, 0x09, 0x28,
    0x11, 0x49, 0x11, 0x6A, 0x11, 0x6A, 0x11, 0x72, 0x22, 0x9C, 0x33, 0x7B, 0x33, 0x9B, 0x33, 0x7B, 0x33, 0x7B, 0x33,
    0x7B, 0x33, 0x7B, 0x33, 0x7B, 0x33, 0x7B, 0x33, 0x7B, 0x33, 0x7B, 0x33, 0x7B, 0x33, 0x7B, 0x33, 0x7B, 0x33, 0x7B,
    0x33, 0x7B, 0x33, 0x7B, 0x33, 0x7B, 0x33, 0x7B, 0x33, 0x7B, 0x33, 0x7B, 0x33, 0x7B, 0x33, 0x7B, 0x33, 0x7B, 0x33,
    0x7B, 0x33, 0x7B, 0x33, 0x7B, 0x33, 0x7B, 0x33, 0x7B, 0x33, 0x7B, 0x33, 0x7B, 0x33, 0x7B, 0x33, 0x7B, 0x33, 0x7B,
    0x33, 0x7B, 0x33, 0x7B, 0x33, 0x7B, 0x33, 0x7B, 0x33, 0x7B, 0x33, 0x7B, 0x33, 0x7B, 0x33, 0x7B, 0x33, 0x7B, 0x33,
    0x7B, 0x33, 0x7B, 0x33, 0x7B, 0x33, 0x7B, 0x33, 0x7B, 0x33, 0x7B, 0x33, 0x7B, 0x33, 0x7B, 0x33, 0x7B, 0x33, 0x7B,
    0x33, 0x7B, 0x33, 0x7B, 0x33, 0x7B, 0x33, 0x7B, 0x33, 0x7B, 0x33, 0x7B, 0x33, 0x7B, 0x33, 0x7B, 0x33, 0x7B, 0x33,
    0x7B, 0x33, 0x7B, 0x33, 0x7B, 0x33, 0x7B, 0x33, 0x7B, 0x33, 0x7B, 0x33, 0x7B, 0x33, 0x7B, 0x33, 0x7B, 0x33, 0x7B,
    0x33, 0x7B, 0x33, 0x7B, 0x33, 0x7B, 0x33, 0x7B, 0x33, 0x7B, 0x33, 0x7B, 0x33, 0x7B, 0x33, 0x7B, 0x33, 0x7B, 0x33,
    0x7B, 0x33, 0x7B, 0x33, 0x7B, 0x33, 0x7B, 0x33, 0x7B, 0x33, 0x7B, 0x33, 0x7B, 0x33, 0x7B, 0x33, 0x7B, 0x33, 0x7B,
    0x33, 0x7B, 0x33, 0x7B, 0x33, 0x7B, 0x33, 0x7B, 0x33, 0x7B, 0x33, 0x7B, 0x33, 0x7B, 0x33, 0x7B, 0x33, 0x7B, 0x33,
    0x7B, 0x33, 0x7B, 0x33, 0x7B, 0x33, 0x7B, 0x33, 0x7B, 0x33, 0x7B, 0x33, 0x7B, 0x33, 0x7B, 0x33, 0x7B, 0x33, 0x7B,
    0x33, 0x7B, 0x33, 0x7B, 0x33, 0x7B, 0x33, 0x7B, 0x33, 0x7B, 0x33, 0x7B, 0x33, 0x7B, 0x33, 0x7B, 0x33, 0x7B, 0x33,
    0x7B, 0x33, 0x7B, 0x33, 0x7B, 0x33, 0x7B, 0x33, 0x7B, 0x33, 0x7B, 0x33, 0x7B, 0x33, 0x7B, 0x33, 0x7B, 0x33, 0x7B,
    0x33, 0x7B, 0x33, 0x7B, 0x33, 0x7B, 0x33, 0x7B, 0x33, 0x7B, 0x33, 0x7B, 0x33, 0x7B, 0x33, 0x7B, 0x33, 0x7B, 0x33,
    0x7B, 0x33, 0x7B, 0x33, 0x7B, 0x33, 0x7B, 0x33, 0x7B, 0x33, 0x9B, 0x33, 0x7B, 0x33, 0x9C, 0x33, 0x72, 0x22, 0x6A,
    0x11, 0x6A, 0x11, 0x49, 0x11, 0x28, 0x11, 0x08, 0x09, 0xE7, 0x08, 0xE6, 0x08, 0xC5, 0x08, 0xA5, 0x08, 0xA4, 0x08,
    0x84, 0x00, 0x63, 0x00, 0x63, 0x00, 0x42, 0x00, 0x42, 0x00, 0x41, 0x00, 0x21, 0x00, 0x21, 0x00, 0x21, 0x00, 0x20,
    0x00, 0x00, 0x00, 0x00, 0x00, 0x00, 0x00, 0x00, 0x00, 0x00, 0x00, 0x00, 0x00, 0x00, 0x00, 0x00, 0x00, 0x00, 0x00,
    0x00, 0x00, 0x00, 0x00, 0x00, 0x00, 0x00, 0x00, 0x20, 0x00, 0x21, 0x00, 0x21, 0x00, 0x21, 0x00, 0x42, 0x00, 0x42,
    0x00, 0x62, 0x00, 0x63, 0x00, 0x83, 0x00, 0x84, 0x00, 0xA5, 0x08, 0xC5, 0x08, 0xC6, 0x08, 0xE7, 0x08, 0x07, 0x09,
    0x28, 0x09, 0x49, 0x11, 0x6A, 0x11, 0x6A, 0x11, 0xCD, 0x19, 0x7B, 0x2B, 0x7B, 0x33, 0x7B, 0x33, 0x7B, 0x33, 0x7B,
    0x33, 0x7B, 0x33, 0x7B, 0x33, 0x7B, 0x33, 0x7B, 0x33, 0x7B, 0x33, 0x7B, 0x33, 0x7B, 0x33, 0x7B, 0x33, 0x7B, 0x33,
    0x7B, 0x33, 0x7B, 0x33, 0x7B, 0x33, 0x7B, 0x33, 0x7B, 0x33, 0x7B, 0x33, 0x7B, 0x33, 0x7B, 0x33, 0x7B, 0x33, 0x7B,
    0x33, 0x7B, 0x33, 0x7B, 0x33, 0x7B, 0x33, 0x7B, 0x33, 0x7B, 0x33, 0x7B, 0x33, 0x7B, 0x33, 0x7B, 0x33, 0x7B, 0x33,
    0x7B, 0x33, 0x7B, 0x33, 0x7B, 0x33, 0x7B, 0x33, 0x7B, 0x33, 0x7B, 0x33, 0x7B, 0x33, 0x7B, 0x33, 0x7B, 0x33, 0x7B,
    0x33, 0x7B, 0x33, 0x7B, 0x33, 0x7B, 0x33, 0x7B, 0x33, 0x7B, 0x33, 0x7B, 0x33, 0x7B, 0x33, 0x7B, 0x33, 0x7B, 0x33,
    0x7B, 0x33, 0x7B, 0x33, 0x7B, 0x33, 0x7B, 0x33, 0x7B, 0x33, 0x7B, 0x33, 0x7B, 0x33, 0x7B, 0x33, 0x7B, 0x33, 0x7B,
    0x33, 0x7B, 0x33, 0x7B, 0x33, 0x7B, 0x33, 0x7B, 0x33, 0x7B, 0x33, 0x7B, 0x33, 0x7B, 0x33, 0x7B, 0x33, 0x7B, 0x33,
    0x7B, 0x33, 0x7B, 0x33, 0x7B, 0x33, 0x7B, 0x33, 0x7B, 0x33, 0x7B, 0x33, 0x7B, 0x33, 0x7B, 0x33, 0x7B, 0x33, 0x7B,
    0x33, 0x7B, 0x33, 0x7B, 0x33, 0x7B, 0x33, 0x7B, 0x33, 0x7B, 0x33, 0x7B, 0x33, 0x7B, 0x33, 0x7B, 0x33, 0x7B, 0x33,
    0x7B, 0x33, 0x7B, 0x33, 0x7B, 0x33, 0x7B, 0x33, 0x7B, 0x33, 0x7B, 0x33, 0x7B, 0x33, 0x7B, 0x33, 0x7B, 0x33, 0x7B,
    0x33, 0x7B, 0x33, 0x7B, 0x33, 0x7B, 0x33, 0x7B, 0x33, 0x7B, 0x33, 0x7B, 0x33, 0x7B, 0x33, 0x7B, 0x33, 0x7B, 0x33,
    0x7B, 0x33, 0x7B, 0x33, 0x7B, 0x33, 0x7B, 0x33, 0x7B, 0x33, 0x7B, 0x33, 0x7B, 0x33, 0x7B, 0x33, 0x7B, 0x33, 0x7B,
    0x33, 0x7B, 0x33, 0x7B, 0x33, 0x7B, 0x33, 0x7B, 0x33, 0x7B, 0x33, 0x7B, 0x33, 0x7B, 0x33, 0x7B, 0x33, 0x7B, 0x33,
    0x7B, 0x33, 0x7B, 0x33, 0x7B, 0x33, 0x7B, 0x33, 0x7B, 0x33, 0x7B, 0x33, 0x7B, 0x33, 0x7B, 0x33, 0x7B, 0x33, 0x7B,
    0x33, 0x7B, 0x33, 0x7B, 0x33, 0x7B, 0x33, 0x7B, 0x33, 0x7B, 0x33, 0x7B, 0x33, 0x7B, 0x33, 0x7B, 0x2B, 0xCD, 0x19,
    0x6A, 0x11, 0x6A, 0x11, 0x49, 0x11, 0x28, 0x09, 0x07, 0x09, 0xE7, 0x08, 0xC6, 0x08, 0xC5, 0x08, 0xA5, 0x08, 0x84,
    0x00, 0x83, 0x00, 0x63, 0x00, 0x62, 0x00, 0x42, 0x00, 0x42, 0x00, 0x21, 0x00, 0x21, 0x00, 0x21, 0x00, 0x20, 0x00,
    0x00, 0x00, 0x00, 0x00, 0x00, 0x00, 0x00, 0x00, 0x00, 0x00, 0x00, 0x00, 0x00, 0x00, 0x00, 0x00, 0x00, 0x00, 0x00,
    0x00, 0x00, 0x00, 0x00, 0x00, 0x00, 0x00, 0x00, 0x00, 0x20, 0x00, 0x21, 0x00, 0x21, 0x00, 0x21, 0x00, 0x42, 0x00,
    0x42, 0x00, 0x62, 0x00, 0x63, 0x00, 0x83, 0x00, 0x84, 0x00, 0xA4, 0x08, 0xA5, 0x08, 0xC6, 0x08, 0xE6, 0x08, 0x07,
    0x09, 0x28, 0x09, 0x29, 0x11, 0x49, 0x11, 0x6A, 0x11, 0x6A, 0x11, 0xD6, 0x22, 0x9C, 0x33, 0x7B, 0x33, 0x7B, 0x33,
    0x7B, 0x33, 0x7B, 0x33, 0x7B, 0x33, 0x7B, 0x33, 0x7B, 0x33, 0x7B, 0x33, 0x7B, 0x33, 0x7B, 0x33, 0x7B, 0x33, 0x7B,
    0x33, 0x7B, 0x33, 0x7B, 0x33, 0x7B, 0x33, 0x7B, 0x33, 0x7B, 0x33, 0x7B, 0x33, 0x7B, 0x33, 0x7B, 0x33, 0x7B, 0x33,
    0x7B, 0x33, 0x7B, 0x33, 0x7B, 0x33, 0x7B, 0x33, 0x7B, 0x33, 0x7B, 0x33, 0x7B, 0x33, 0x7B, 0x33, 0x7B, 0x33, 0x7B,
    0x33, 0x7B, 0x33, 0x7B, 0x33, 0x7B, 0x33, 0x7B, 0x33, 0x7B, 0x33, 0x7B, 0x33, 0x7B, 0x33, 0x7B, 0x33, 0x7B, 0x33,
    0x7B, 0x33, 0x7B, 0x33, 0x7B, 0x33, 0x7B, 0x33, 0x7B, 0x33, 0x7B, 0x33, 0x7B, 0x33, 0x7B, 0x33, 0x7B, 0x33, 0x7B,
    0x33, 0x7B, 0x33, 0x7B, 0x33, 0x7B, 0x33, 0x7B, 0x33, 0x7B, 0x33, 0x7B, 0x33, 0x7B, 0x33, 0x7B, 0x33, 0x7B, 0x33,
    0x7B, 0x33, 0x7B, 0x33, 0x7B, 0x33, 0x7B, 0x33, 0x7B, 0x33, 0x7B, 0x33, 0x7B, 0x33, 0x7B, 0x33, 0x7B, 0x33, 0x7B,
    0x33, 0x7B, 0x33, 0x7B, 0x33, 0x7B, 0x33, 0x7B, 0x33, 0x7B, 0x33, 0x7B, 0x33, 0x7B, 0x33, 0x7B, 0x33, 0x7B, 0x33,
    0x7B, 0x33, 0x7B, 0x33, 0x7B, 0x33, 0x7B, 0x33, 0x7B, 0x33, 0x7B, 0x33, 0x7B, 0x33, 0x7B, 0x33, 0x7B, 0x33, 0x7B,
    0x33, 0x7B, 0x33, 0x7B, 0x33, 0x7B, 0x33, 0x7B, 0x33, 0x7B, 0x33, 0x7B, 0x33, 0x7B, 0x33, 0x7B, 0x33, 0x7B, 0x33,
    0x7B, 0x33, 0x7B, 0x33, 0x7B, 0x33, 0x7B, 0x33, 0x7B, 0x33, 0x7B, 0x33, 0x7B, 0x33, 0x7B, 0x33, 0x7B, 0x33, 0x7B,
    0x33, 0x7B, 0x33, 0x7B, 0x33, 0x7B, 0x33, 0x7B, 0x33, 0x7B, 0x33, 0x7B, 0x33, 0x7B, 0x33, 0x7B, 0x33, 0x7B, 0x33,
    0x7B, 0x33, 0x7B, 0x33, 0x7B, 0x33, 0x7B, 0x33, 0x7B, 0x33, 0x7B, 0x33, 0x7B, 0x33, 0x7B, 0x33, 0x7B, 0x33, 0x7B,
    0x33, 0x7B, 0x33, 0x7B, 0x33, 0x7B, 0x33, 0x7B, 0x33, 0x7B, 0x33, 0x7B, 0x33, 0x7B, 0x33, 0x7B, 0x33, 0x7B, 0x33,
    0x7B, 0x33, 0x7B, 0x33, 0x7B, 0x33, 0x7B, 0x33, 0x7B, 0x33, 0x7B, 0x33, 0x7B, 0x33, 0x9C, 0x33, 0xD6, 0x22, 0x6A,
    0x11, 0x6A, 0x11, 0x49, 0x11, 0x29, 0x11, 0x28, 0x09, 0x07, 0x09, 0xE6, 0x08, 0xC6, 0x08, 0xA5, 0x08, 0xA4, 0x08,
    0x84, 0x00, 0x83, 0x00, 0x63, 0x00, 0x62, 0x00, 0x42, 0x00, 0x42, 0x00, 0x21, 0x00, 0x21, 0x00, 0x21, 0x00, 0x20,
    0x00, 0x00, 0x00, 0x00, 0x00, 0x00, 0x00, 0x00, 0x00, 0x00, 0x00, 0x00, 0x00, 0x00, 0x00, 0x00, 0x00, 0x00, 0x00,
    0x00, 0x00, 0x00, 0x00, 0x00, 0x00, 0x00, 0x00, 0x00, 0x00, 0x20, 0x00, 0x21, 0x00, 0x21, 0x00, 0x21, 0x00, 0x41,
    0x00, 0x42, 0x00, 0x42, 0x00, 0x63, 0x00, 0x83, 0x00, 0x84, 0x00, 0xA4, 0x08, 0xA5, 0x08, 0xC5, 0x08, 0xE6, 0x08,
    0xE7, 0x08, 0x07, 0x09, 0x28, 0x11, 0x49, 0x11, 0x6A, 0x11, 0x6A, 0x11, 0x0F, 0x1A, 0x9C, 0x33, 0x7B, 0x33, 0x7B,
    0x33, 0x7B, 0x33, 0x7B, 0x33, 0x7B, 0x33, 0x7B, 0x33, 0x7B, 0x33, 0x7B, 0x33, 0x7B, 0x33, 0x7B, 0x33, 0x7B, 0x33,
    0x7B, 0x33, 0x7B, 0x33, 0x7B, 0x33, 0x7B, 0x33, 0x7B, 0x33, 0x7B, 0x33, 0x7B, 0x33, 0x7B, 0x33, 0x7B, 0x33, 0x7B,
    0x33, 0x7B, 0x33, 0x7B, 0x33, 0x7B, 0x33, 0x7B, 0x33, 0x7B, 0x33, 0x7B, 0x33, 0x7B, 0x33, 0x7B, 0x33, 0x7B, 0x33,
    0x7B, 0x33, 0x7B, 0x33, 0x7B, 0x33, 0x7B, 0x33, 0x7B, 0x33, 0x7B, 0x33, 0x7B, 0x33, 0x7B, 0x33, 0x7B, 0x33, 0x7B,
    0x33, 0x7B, 0x33, 0x7B, 0x33, 0x7B, 0x33, 0x7B, 0x33, 0x7B, 0x33, 0x7B, 0x33, 0x7B, 0x33, 0x7B, 0x33, 0x7B, 0x33,
    0x7B, 0x33, 0x7B, 0x33, 0x7B, 0x33, 0x7B, 0x33, 0x7B, 0x33, 0x7B, 0x33, 0x7B, 0x33, 0x7B, 0x33, 0x7B, 0x33, 0x7B,
    0x33, 0x7B, 0x33, 0x7B, 0x33, 0x7B, 0x33, 0x7B, 0x33, 0x7B, 0x33, 0x7B, 0x33, 0x7B, 0x33, 0x7B, 0x33, 0x7B, 0x33,
    0x7B, 0x33, 0x7B, 0x33, 0x7B, 0x33, 0x7B, 0x33, 0x7B, 0x33, 0x7B, 0x33, 0x7B, 0x33, 0x7B, 0x33, 0x7B, 0x33, 0x7B,
    0x33, 0x7B, 0x33, 0x7B, 0x33, 0x7B, 0x33, 0x7B, 0x33, 0x7B, 0x33, 0x7B, 0x33, 0x7B, 0x33, 0x7B, 0x33, 0x7B, 0x33,
    0x7B, 0x33, 0x7B, 0x33, 0x7B, 0x33, 0x7B, 0x33, 0x7B, 0x33, 0x7B, 0x33, 0x7B, 0x33, 0x7B, 0x33, 0x7B, 0x33, 0x7B,
    0x33, 0x7B, 0x33, 0x7B, 0x33, 0x7B, 0x33, 0x7B, 0x33, 0x7B, 0x33, 0x7B, 0x33, 0x7B, 0x33, 0x7B, 0x33, 0x7B, 0x33,
    0x7B, 0x33, 0x7B, 0x33, 0x7B, 0x33, 0x7B, 0x33, 0x7B, 0x33, 0x7B, 0x33, 0x7B, 0x33, 0x7B, 0x33, 0x7B, 0x33, 0x7B,
    0x33, 0x7B, 0x33, 0x7B, 0x33, 0x7B, 0x33, 0x7B, 0x33, 0x7B, 0x33, 0x7B, 0x33, 0x7B, 0x33, 0x7B, 0x33, 0x7B, 0x33,
    0x7B, 0x33, 0x7B, 0x33, 0x7B, 0x33, 0x7B, 0x33, 0x7B, 0x33, 0x7B, 0x33, 0x7B, 0x33, 0x7B, 0x33, 0x7B, 0x33, 0x7B,
    0x33, 0x7B, 0x33, 0x7B, 0x33, 0x7B, 0x33, 0x7B, 0x33, 0x7B, 0x33, 0x7B, 0x33, 0x7B, 0x33, 0x9C, 0x33, 0x0F, 0x1A,
    0x6A, 0x11, 0x6A, 0x11, 0x49, 0x11, 0x28, 0x11, 0x07, 0x09, 0xE7, 0x08, 0xE6, 0x08, 0xC5, 0x08, 0xA5, 0x08, 0xA4,
    0x08, 0x84, 0x00, 0x83, 0x00, 0x63, 0x00, 0x42, 0x00, 0x42, 0x00, 0x41, 0x00, 0x21, 0x00, 0x21, 0x00, 0x21, 0x00,
    0x20, 0x00, 0x00, 0x00, 0x00, 0x00, 0x00, 0x00, 0x00, 0x00, 0x00, 0x00, 0x00, 0x00, 0x00, 0x00, 0x00, 0x00, 0x00,
    0x00, 0x00, 0x00, 0x00, 0x00, 0x00, 0x00, 0x00, 0x00, 0x00, 0x00, 0x00, 0x00, 0x20, 0x00, 0x21, 0x00, 0x21, 0x00,
    0x21, 0x00, 0x42, 0x00, 0x42, 0x00, 0x62, 0x00, 0x63, 0x00, 0x83, 0x00, 0x84, 0x00, 0xA5, 0x08, 0xC5, 0x08, 0xC6,
    0x08, 0xE6, 0x08, 0x07, 0x09, 0x28, 0x09, 0x49, 0x11, 0x4A, 0x11, 0x6A, 0x11, 0x8A, 0x11, 0xF7, 0x2A, 0x9C, 0x33,
    0x7B, 0x33, 0x7B, 0x33, 0x7B, 0x33, 0x7B, 0x33, 0x7B, 0x33, 0x7B, 0x33, 0x7B, 0x33, 0x7B, 0x33, 0x7B, 0x33, 0x7B,
    0x33, 0x7B, 0x33, 0x7B, 0x33, 0x7B, 0x33, 0x7B, 0x33, 0x7B, 0x33, 0x7B, 0x33, 0x7B, 0x33, 0x7B, 0x33, 0x7B, 0x33,
    0x7B, 0x33, 0x7B, 0x33, 0x7B, 0x33, 0x7B, 0x33, 0x7B, 0x33, 0x7B, 0x33, 0x7B, 0x33, 0x7B, 0x33, 0x7B, 0x33, 0x7B,
    0x33, 0x7B, 0x33, 0x7B, 0x33, 0x7B, 0x33, 0x7B, 0x33, 0x7B, 0x33, 0x7B, 0x33, 0x7B, 0x33, 0x7B, 0x33, 0x7B, 0x33,
    0x7B, 0x33, 0x7B, 0x33, 0x7B, 0x33, 0x7B, 0x33, 0x7B, 0x33, 0x7B, 0x33, 0x7B, 0x33, 0x7B, 0x33, 0x7B, 0x33, 0x7B,
    0x33, 0x7B, 0x33, 0x7B, 0x33, 0x7B, 0x33, 0x7B, 0x33, 0x7B, 0x33, 0x7B, 0x33, 0x7B, 0x33, 0x7B, 0x33, 0x7B, 0x33,
    0x7B, 0x33, 0x7B, 0x33, 0x7B, 0x33, 0x7B, 0x33, 0x7B, 0x33, 0x7B, 0x33, 0x7B, 0x33, 0x7B, 0x33, 0x7B, 0x33, 0x7B,
    0x33, 0x7B, 0x33, 0x7B, 0x33, 0x7B, 0x33, 0x7B, 0x33, 0x7B, 0x33, 0x7B, 0x33, 0x7B, 0x33, 0x7B, 0x33, 0x7B, 0x33,
    0x7B, 0x33, 0x7B, 0x33, 0x7B, 0x33, 0x7B, 0x33, 0x7B, 0x33, 0x7B, 0x33, 0x7B, 0x33, 0x7B, 0x33, 0x7B, 0x33, 0x7B,
    0x33, 0x7B, 0x33, 0x7B, 0x33, 0x7B, 0x33, 0x7B, 0x33, 0x7B, 0x33, 0x7B, 0x33, 0x7B, 0x33, 0x7B, 0x33, 0x7B, 0x33,
    0x7B, 0x33, 0x7B, 0x33, 0x7B, 0x33, 0x7B, 0x33, 0x7B, 0x33, 0x7B, 0x33, 0x7B, 0x33, 0x7B, 0x33, 0x7B, 0x33, 0x7B,
    0x33, 0x7B, 0x33, 0x7B, 0x33, 0x7B, 0x33, 0x7B, 0x33, 0x7B, 0x33, 0x7B, 0x33, 0x7B, 0x33, 0x7B, 0x33, 0x7B, 0x33,
    0x7B, 0x33, 0x7B, 0x33, 0x7B, 0x33, 0x7B, 0x33, 0x7B, 0x33, 0x7B, 0x33, 0x7B, 0x33, 0x7B, 0x33, 0x7B, 0x33, 0x7B,
    0x33, 0x7B, 0x33, 0x7B, 0x33, 0x7B, 0x33, 0x7B, 0x33, 0x7B, 0x33, 0x7B, 0x33, 0x7B, 0x33, 0x7B, 0x33, 0x7B, 0x33,
    0x7B, 0x33, 0x7B, 0x33, 0x7B, 0x33, 0x7B, 0x33, 0x7B, 0x33, 0x7B, 0x33, 0x7B, 0x33, 0x9C, 0x33, 0xF7, 0x2A, 0x8A,
    0x11, 0x6A, 0x11, 0x4A, 0x11, 0x49, 0x11, 0x28, 0x09, 0x07, 0x09, 0xE6, 0x08, 0xC6, 0x08, 0xC5, 0x08, 0xA5, 0x08,
    0x84, 0x00, 0x83, 0x00, 0x63, 0x00, 0x62, 0x00, 0x42, 0x00, 0x42, 0x00, 0x21, 0x00, 0x21, 0x00, 0x21, 0x00, 0x20,
    0x00, 0x00, 0x00, 0x00, 0x00, 0x00, 0x00, 0x00, 0x00, 0x00, 0x00, 0x00, 0x00, 0x00, 0x00, 0x00, 0x00, 0x00, 0x00,
    0x00, 0x00, 0x00, 0x00, 0x00, 0x00, 0x00, 0x00, 0x00, 0x00, 0x00, 0x00, 0x00, 0x00, 0x20, 0x00, 0x21, 0x00, 0x21,
    0x00, 0x21, 0x00, 0x42, 0x00, 0x42, 0x00, 0x62, 0x00, 0x63, 0x00, 0x83, 0x00, 0x84, 0x00, 0xA4, 0x08, 0xA5, 0x08,
    0xC6, 0x08, 0xE6, 0x08, 0x07, 0x09, 0x08, 0x09, 0x28, 0x11, 0x49, 0x11, 0x6A, 0x11, 0x6A, 0x11, 0x10, 0x1A, 0x9C,
    0x33, 0x7B, 0x2B, 0x7B, 0x2B, 0x7B, 0x2B, 0x7B, 0x2B, 0x7B, 0x2B, 0x7B, 0x2B, 0x7B, 0x2B, 0x7B, 0x2B, 0x7B, 0x2B,
    0x7B, 0x2B, 0x7B, 0x2B, 0x7B, 0x2B, 0x7B, 0x2B, 0x7B, 0x2B, 0x7B, 0x2B, 0x7B, 0x2B, 0x7B, 0x2B, 0x7B, 0x2B, 0x7B,
    0x2B, 0x7B, 0x2B, 0x7B, 0x2B, 0x7B, 0x2B, 0x7B, 0x2B, 0x7B, 0x2B, 0x7B, 0x2B, 0x7B, 0x2B, 0x7B, 0x2B, 0x7B, 0x2B,
    0x7B, 0x2B, 0x7B, 0x2B, 0x7B, 0x2B, 0x7B, 0x2B, 0x7B, 0x2B, 0x7B, 0x2B, 0x7B, 0x2B, 0x7B, 0x2B, 0x7B, 0x2B, 0x7B,
    0x2B, 0x7B, 0x2B, 0x7B, 0x2B, 0x7B, 0x2B, 0x7B, 0x2B, 0x7B, 0x2B, 0x7B, 0x2B, 0x7B, 0x2B, 0x7B, 0x2B, 0x7B, 0x2B,
    0x7B, 0x2B, 0x7B, 0x2B, 0x7B, 0x2B, 0x7B, 0x2B, 0x7B, 0x2B, 0x7B, 0x2B, 0x7B, 0x2B, 0x7B, 0x2B, 0x7B, 0x2B, 0x7B,
    0x2B, 0x7B, 0x2B, 0x7B, 0x2B, 0x7B, 0x2B, 0x7B, 0x2B, 0x7B, 0x2B, 0x7B, 0x2B, 0x7B, 0x2B, 0x7B, 0x2B, 0x7B, 0x2B,
    0x7B, 0x2B, 0x7B, 0x2B, 0x7B, 0x2B, 0x7B, 0x2B, 0x7B, 0x2B, 0x7B, 0x2B, 0x7B, 0x2B, 0x7B, 0x2B, 0x7B, 0x2B, 0x7B,
    0x2B, 0x7B, 0x2B, 0x7B, 0x2B, 0x7B, 0x2B, 0x7B, 0x2B, 0x7B, 0x2B, 0x7B, 0x2B, 0x7B, 0x2B, 0x7B, 0x2B, 0x7B, 0x2B,
    0x7B, 0x2B, 0x7B, 0x2B, 0x7B, 0x2B, 0x7B, 0x2B, 0x7B, 0x2B, 0x7B, 0x2B, 0x7B, 0x2B, 0x7B, 0x2B, 0x7B, 0x2B, 0x7B,
    0x2B, 0x7B, 0x2B, 0x7B, 0x2B, 0x7B, 0x2B, 0x7B, 0x2B, 0x7B, 0x2B, 0x7B, 0x2B, 0x7B, 0x2B, 0x7B, 0x2B, 0x7B, 0x2B,
    0x7B, 0x2B, 0x7B, 0x2B, 0x7B, 0x2B, 0x7B, 0x2B, 0x7B, 0x2B, 0x7B, 0x2B, 0x7B, 0x2B, 0x7B, 0x2B, 0x7B, 0x2B, 0x7B,
    0x2B, 0x7B, 0x2B, 0x7B, 0x2B, 0x7B, 0x2B, 0x7B, 0x2B, 0x7B, 0x2B, 0x7B, 0x2B, 0x7B, 0x2B, 0x7B, 0x2B, 0x7B, 0x2B,
    0x7B, 0x2B, 0x7B, 0x2B, 0x7B, 0x2B, 0x7B, 0x2B, 0x7B, 0x2B, 0x7B, 0x2B, 0x7B, 0x2B, 0x7B, 0x2B, 0x7B, 0x2B, 0x7B,
    0x2B, 0x7B, 0x2B, 0x7B, 0x2B, 0x7B, 0x2B, 0x7B, 0x2B, 0x7B, 0x2B, 0x7B, 0x2B, 0x7B, 0x2B, 0x9C, 0x33, 0x10, 0x1A,
    0x6A, 0x11, 0x6A, 0x11, 0x49, 0x11, 0x28, 0x11, 0x08, 0x09, 0x07, 0x09, 0xE6, 0x08, 0xC6, 0x08, 0xA5, 0x08, 0xA4,
    0x08, 0x84, 0x00, 0x83, 0x00, 0x63, 0x00, 0x62, 0x00, 0x42, 0x00, 0x42, 0x00, 0x21, 0x00, 0x21, 0x00, 0x21, 0x00,
    0x20, 0x00, 0x00, 0x00, 0x00, 0x00, 0x00, 0x00, 0x00, 0x00, 0x00, 0x00, 0x00, 0x00, 0x00, 0x00, 0x00, 0x00, 0x00,
    0x00, 0x00, 0x00, 0x00, 0x00, 0x00, 0x00, 0x00, 0x00, 0x00, 0x00, 0x00, 0x00, 0x00, 0x00, 0x20, 0x00, 0x21, 0x00,
    0x21, 0x00, 0x21, 0x00, 0x41, 0x00, 0x42, 0x00, 0x42, 0x00, 0x63, 0x00, 0x63, 0x00, 0x83, 0x00, 0x84, 0x08, 0xA5,
    0x08, 0xC5, 0x08, 0xE6, 0x08, 0xE7, 0x08, 0x07, 0x09, 0x28, 0x09, 0x49, 0x11, 0x49, 0x11, 0x8A, 0x11, 0x8A, 0x11,
    0xF7, 0x2A, 0x7C, 0x33, 0x5B, 0x2B, 0x7B, 0x2B, 0x7B, 0x2B, 0x7B, 0x2B, 0x7B, 0x2B, 0x7B, 0x2B, 0x7B, 0x2B, 0x7B,
    0x2B, 0x7B, 0x2B, 0x7B, 0x2B, 0x7B, 0x2B, 0x7B, 0x2B, 0x7B, 0x2B, 0x7B, 0x2B, 0x7B, 0x2B, 0x7B, 0x2B, 0x7B, 0x2B,
    0x7B, 0x2B, 0x7B, 0x2B, 0x7B, 0x2B, 0x7B, 0x2B, 0x7B, 0x2B, 0x7B, 0x2B, 0x7B, 0x2B, 0x7B, 0x2B, 0x7B, 0x2B, 0x7B,
    0x2B, 0x7B, 0x2B, 0x7B, 0x2B, 0x7B, 0x2B, 0x7B, 0x2B, 0x7B, 0x2B, 0x7B, 0x2B, 0x7B, 0x2B, 0x7B, 0x2B, 0x7B, 0x2B,
    0x7B, 0x2B, 0x7B, 0x2B, 0x7B, 0x2B, 0x7B, 0x2B, 0x7B, 0x2B, 0x7B, 0x2B, 0x7B, 0x2B, 0x7B, 0x2B, 0x7B, 0x2B, 0x7B,
    0x2B, 0x7B, 0x2B, 0x7B, 0x2B, 0x7B, 0x2B, 0x7B, 0x2B, 0x7B, 0x2B, 0x7B, 0x2B, 0x7B, 0x2B, 0x7B, 0x2B, 0x7B, 0x2B,
    0x7B, 0x2B, 0x7B, 0x2B, 0x7B, 0x2B, 0x7B, 0x2B, 0x7B, 0x2B, 0x7B, 0x2B, 0x7B, 0x2B, 0x7B, 0x2B, 0x7B, 0x2B, 0x7B,
    0x2B, 0x7B, 0x2B, 0x7B, 0x2B, 0x7B, 0x2B, 0x7B, 0x2B, 0x7B, 0x2B, 0x7B, 0x2B, 0x7B, 0x2B, 0x7B, 0x2B, 0x7B, 0x2B,
    0x7B, 0x2B, 0x7B, 0x2B, 0x7B, 0x2B, 0x7B, 0x2B, 0x7B, 0x2B, 0x7B, 0x2B, 0x7B, 0x2B, 0x7B, 0x2B, 0x7B, 0x2B, 0x7B,
    0x2B, 0x7B, 0x2B, 0x7B, 0x2B, 0x7B, 0x2B, 0x7B, 0x2B, 0x7B, 0x2B, 0x7B, 0x2B, 0x7B, 0x2B, 0x7B, 0x2B, 0x7B, 0x2B,
    0x7B, 0x2B, 0x7B, 0x2B, 0x7B, 0x2B, 0x7B, 0x2B, 0x7B, 0x2B, 0x7B, 0x2B, 0x7B, 0x2B, 0x7B, 0x2B, 0x7B, 0x2B, 0x7B,
    0x2B, 0x7B, 0x2B, 0x7B, 0x2B, 0x7B, 0x2B, 0x7B, 0x2B, 0x7B, 0x2B, 0x7B, 0x2B, 0x7B, 0x2B, 0x7B, 0x2B, 0x7B, 0x2B,
    0x7B, 0x2B, 0x7B, 0x2B, 0x7B, 0x2B, 0x7B, 0x2B, 0x7B, 0x2B, 0x7B, 0x2B, 0x7B, 0x2B, 0x7B, 0x2B, 0x7B, 0x2B, 0x7B,
    0x2B, 0x7B, 0x2B, 0x7B, 0x2B, 0x7B, 0x2B, 0x7B, 0x2B, 0x7B, 0x2B, 0x7B, 0x2B, 0x7B, 0x2B, 0x7B, 0x2B, 0x7B, 0x2B,
    0x7B, 0x2B, 0x7B, 0x2B, 0x7B, 0x2B, 0x7B, 0x2B, 0x7B, 0x2B, 0x7B, 0x2B, 0x5B, 0x2B, 0x7C, 0x33, 0xF7, 0x2A, 0x8A,
    0x11, 0x8A, 0x11, 0x49, 0x11, 0x49, 0x11, 0x28, 0x09, 0x07, 0x09, 0xE7, 0x08, 0xE6, 0x08, 0xC5, 0x08, 0xA5, 0x08,
    0x84, 0x08, 0x83, 0x00, 0x63, 0x00, 0x63, 0x00, 0x42, 0x00, 0x42, 0x00, 0x41, 0x00, 0x21, 0x00, 0x21, 0x00, 0x21,
    0x00, 0x20, 0x00, 0x00, 0x00, 0x00, 0x00, 0x00, 0x00, 0x00, 0x00, 0x00, 0x00, 0x00, 0x00, 0x00, 0x00, 0x00, 0x00,
    0x00, 0x00, 0x00, 0x00, 0x00, 0x00, 0x00, 0x00, 0x00, 0x00, 0x00, 0x00, 0x00, 0x00, 0x00, 0x00, 0x00, 0x00, 0x20,
    0x00, 0x21, 0x00, 0x21, 0x00, 0x21, 0x00, 0x42, 0x00, 0x42, 0x00, 0x62, 0x00, 0x63, 0x00, 0x83, 0x00, 0x84, 0x00,
    0xA4, 0x08, 0xA5, 0x08, 0xC6, 0x08, 0xE6, 0x08, 0x07, 0x09, 0x28, 0x09, 0x28, 0x11, 0x49, 0x11, 0x6A, 0x11, 0x6A,
    0x11, 0x0F, 0x1A, 0x7C, 0x33, 0x5B, 0x2B, 0x7B, 0x2B, 0x7B, 0x2B, 0x7B, 0x2B, 0x7B, 0x2B, 0x7B, 0x2B, 0x7B, 0x2B,
    0x7B, 0x2B, 0x7B, 0x2B, 0x7B, 0x2B, 0x7B, 0x2B, 0x7B, 0x2B, 0x7B, 0x2B, 0x7B, 0x2B, 0x7B, 0x2B, 0x7B, 0x2B, 0x7B,
    0x2B, 0x7B, 0x2B, 0x7B, 0x2B, 0x7B, 0x2B, 0x7B, 0x2B, 0x7B, 0x2B, 0x7B, 0x2B, 0x7B, 0x2B, 0x7B, 0x2B, 0x7B, 0x2B,
    0x7B, 0x2B, 0x7B, 0x2B, 0x7B, 0x2B, 0x7B, 0x2B, 0x7B, 0x2B, 0x7B, 0x2B, 0x7B, 0x2B, 0x7B, 0x2B, 0x7B, 0x2B, 0x7B,
    0x2B, 0x7B, 0x2B, 0x7B, 0x2B, 0x7B, 0x2B, 0x7B, 0x2B, 0x7B, 0x2B, 0x7B, 0x2B, 0x7B, 0x2B, 0x7B, 0x2B, 0x7B, 0x2B,
    0x7B, 0x2B, 0x7B, 0x2B, 0x7B, 0x2B, 0x7B, 0x2B, 0x7B, 0x2B, 0x7B, 0x2B, 0x7B, 0x2B, 0x7B, 0x2B, 0x7B, 0x2B, 0x7B,
    0x2B, 0x7B, 0x2B, 0x7B, 0x2B, 0x7B, 0x2B, 0x7B, 0x2B, 0x7B, 0x2B, 0x7B, 0x2B, 0x7B, 0x2B, 0x7B, 0x2B, 0x7B, 0x2B,
    0x7B, 0x2B, 0x7B, 0x2B, 0x7B, 0x2B, 0x7B, 0x2B, 0x7B, 0x2B, 0x7B, 0x2B, 0x7B, 0x2B, 0x7B, 0x2B, 0x7B, 0x2B, 0x7B,
    0x2B, 0x7B, 0x2B, 0x7B, 0x2B, 0x7B, 0x2B, 0x7B, 0x2B, 0x7B, 0x2B, 0x7B, 0x2B, 0x7B, 0x2B, 0x7B, 0x2B, 0x7B, 0x2B,
    0x7B, 0x2B, 0x7B, 0x2B, 0x7B, 0x2B, 0x7B, 0x2B, 0x7B, 0x2B, 0x7B, 0x2B, 0x7B, 0x2B, 0x7B, 0x2B, 0x7B, 0x2B, 0x7B,
    0x2B, 0x7B, 0x2B, 0x7B, 0x2B, 0x7B, 0x2B, 0x7B, 0x2B, 0x7B, 0x2B, 0x7B, 0x2B, 0x7B, 0x2B, 0x7B, 0x2B, 0x7B, 0x2B,
    0x7B, 0x2B, 0x7B, 0x2B, 0x7B, 0x2B, 0x7B, 0x2B, 0x7B, 0x2B, 0x7B, 0x2B, 0x7B, 0x2B, 0x7B, 0x2B, 0x7B, 0x2B, 0x7B,
    0x2B, 0x7B, 0x2B, 0x7B, 0x2B, 0x7B, 0x2B, 0x7B, 0x2B, 0x7B, 0x2B, 0x7B, 0x2B, 0x7B, 0x2B, 0x7B, 0x2B, 0x7B, 0x2B,
    0x7B, 0x2B, 0x7B, 0x2B, 0x7B, 0x2B, 0x7B, 0x2B, 0x7B, 0x2B, 0x7B, 0x2B, 0x7B, 0x2B, 0x7B, 0x2B, 0x7B, 0x2B, 0x7B,
    0x2B, 0x7B, 0x2B, 0x7B, 0x2B, 0x7B, 0x2B, 0x7B, 0x2B, 0x7B, 0x2B, 0x7B, 0x2B, 0x5B, 0x2B, 0x7C, 0x33, 0x0F, 0x1A,
    0x6A, 0x11, 0x6A, 0x11, 0x49, 0x11, 0x28, 0x11, 0x28, 0x09, 0x07, 0x09, 0xE6, 0x08, 0xC6, 0x08, 0xA5, 0x08, 0xA4,
    0x08, 0x84, 0x00, 0x83, 0x00, 0x63, 0x00, 0x62, 0x00, 0x42, 0x00, 0x42, 0x00, 0x21, 0x00, 0x21, 0x00, 0x21, 0x00,
    0x20, 0x00, 0x00, 0x00, 0x00, 0x00, 0x00, 0x00, 0x00, 0x00, 0x00, 0x00, 0x00, 0x00, 0x00, 0x00, 0x00, 0x00, 0x00,
    0x00, 0x00, 0x00, 0x00, 0x00, 0x00, 0x00, 0x00, 0x00, 0x00, 0x00, 0x00, 0x00, 0x00, 0x00, 0x00, 0x00, 0x00, 0x00,
    0x20, 0x00, 0x21, 0x00, 0x21, 0x00, 0x21, 0x00, 0x42, 0x00, 0x42, 0x00, 0x42, 0x00, 0x63, 0x00, 0x83, 0x00, 0x84,
    0x00, 0xA4, 0x08, 0xA5, 0x08, 0xC5, 0x08, 0xE6, 0x08, 0xE7, 0x08, 0x07, 0x09, 0x28, 0x09, 0x49, 0x11, 0x49, 0x11,
    0x6A, 0x11, 0x6A, 0x11, 0xD6, 0x22, 0x7C, 0x2B, 0x5B, 0x2B, 0x5B, 0x2B, 0x5B, 0x2B, 0x5B, 0x2B, 0x5B, 0x2B, 0x5B,
    0x2B, 0x5B, 0x2B, 0x5B, 0x2B, 0x5B, 0x2B, 0x5B, 0x2B, 0x5B, 0x2B, 0x5B, 0x2B, 0x5B, 0x2B, 0x5B, 0x2B, 0x5B, 0x2B,
    0x5B, 0x2B, 0x5B, 0x2B, 0x5B, 0x2B, 0x5B, 0x2B, 0x5B, 0x2B, 0x5B, 0x2B, 0x5B, 0x2B, 0x5B, 0x2B, 0x5B, 0x2B, 0x5B,
    0x2B, 0x5B, 0x2B, 0x5B, 0x2B, 0x5B, 0x2B, 0x5B, 0x2B, 0x5B, 0x2B, 0x5B, 0x2B, 0x5B, 0x2B, 0x5B, 0x2B, 0x5B, 0x2B,
    0x5B, 0x2B, 0x5B, 0x2B, 0x5B, 0x2B, 0x5B, 0x2B, 0x5B, 0x2B, 0x5B, 0x2B, 0x5B, 0x2B, 0x5B, 0x2B, 0x5B, 0x2B, 0x5B,
    0x2B, 0x5B, 0x2B, 0x5B, 0x2B, 0x5B, 0x2B, 0x5B, 0x2B, 0x5B, 0x2B, 0x5B, 0x2B, 0x5B, 0x2B, 0x5B, 0x2B, 0x5B, 0x2B,
    0x5B, 0x2B, 0x5B, 0x2B, 0x5B, 0x2B, 0x5B, 0x2B, 0x5B, 0x2B, 0x5B, 0x2B, 0x5B, 0x2B, 0x5B, 0x2B, 0x5B, 0x2B, 0x5B,
    0x2B, 0x5B, 0x2B, 0x5B, 0x2B, 0x5B, 0x2B, 0x5B, 0x2B, 0x5B, 0x2B, 0x5B, 0x2B, 0x5B, 0x2B, 0x5B, 0x2B, 0x5B, 0x2B,
    0x5B, 0x2B, 0x5B, 0x2B, 0x5B, 0x2B, 0x5B, 0x2B, 0x5B, 0x2B, 0x5B, 0x2B, 0x5B, 0x2B, 0x5B, 0x2B, 0x5B, 0x2B, 0x5B,
    0x2B, 0x5B, 0x2B, 0x5B, 0x2B, 0x5B, 0x2B, 0x5B, 0x2B, 0x5B, 0x2B, 0x5B, 0x2B, 0x5B, 0x2B, 0x5B, 0x2B, 0x5B, 0x2B,
    0x5B, 0x2B, 0x5B, 0x2B, 0x5B, 0x2B, 0x5B, 0x2B, 0x5B, 0x2B, 0x5B, 0x2B, 0x5B, 0x2B, 0x5B, 0x2B, 0x5B, 0x2B, 0x5B,
    0x2B, 0x5B, 0x2B, 0x5B, 0x2B, 0x5B, 0x2B, 0x5B, 0x2B, 0x5B, 0x2B, 0x5B, 0x2B, 0x5B, 0x2B, 0x5B, 0x2B, 0x5B, 0x2B,
    0x5B, 0x2B, 0x5B, 0x2B, 0x5B, 0x2B, 0x5B, 0x2B, 0x5B, 0x2B, 0x5B, 0x2B, 0x5B, 0x2B, 0x5B, 0x2B, 0x5B, 0x2B, 0x5B,
    0x2B, 0x5B, 0x2B, 0x5B, 0x2B, 0x5B, 0x2B, 0x5B, 0x2B, 0x5B, 0x2B, 0x5B, 0x2B, 0x5B, 0x2B, 0x5B, 0x2B, 0x5B, 0x2B,
    0x5B, 0x2B, 0x5B, 0x2B, 0x5B, 0x2B, 0x5B, 0x2B, 0x5B, 0x2B, 0x5B, 0x2B, 0x5B, 0x2B, 0x7C, 0x2B, 0xD6, 0x22, 0x6A,
    0x11, 0x6A, 0x11, 0x49, 0x11, 0x49, 0x11, 0x28, 0x09, 0x07, 0x09, 0xE7, 0x08, 0xE6, 0x08, 0xC5, 0x08, 0xA5, 0x08,
    0xA4, 0x08, 0x84, 0x00, 0x83, 0x00, 0x63, 0x00, 0x42, 0x00, 0x42, 0x00, 0x42, 0x00, 0x21, 0x00, 0x21, 0x00, 0x21,
    0x00, 0x20, 0x00, 0x00, 0x00, 0x00, 0x00, 0x00, 0x00, 0x00, 0x00, 0x00, 0x00, 0x00, 0x00, 0x00, 0x00, 0x00, 0x00,
    0x00, 0x00, 0x00, 0x00, 0x00, 0x00, 0x00, 0x00, 0x00, 0x00, 0x00, 0x00, 0x00, 0x00, 0x00, 0x00, 0x00, 0x00, 0x00,
    0x00, 0x00, 0x00, 0x21, 0x00, 0x21, 0x00, 0x21, 0x00, 0x41, 0x00, 0x42, 0x00, 0x42, 0x00, 0x62, 0x00, 0x63, 0x00,
    0x83, 0x00, 0x84, 0x00, 0xA4, 0x08, 0xA5, 0x08, 0xC6, 0x08, 0xE6, 0x08, 0x07, 0x09, 0x08, 0x09, 0x28, 0x11, 0x49,
    0x11, 0x6A, 0x11, 0x6A, 0x11, 0xCD, 0x19, 0x5B, 0x2B, 0x5B, 0x2B, 0x5B, 0x2B, 0x5B, 0x2B, 0x5B, 0x2B, 0x5B, 0x2B,
    0x5B, 0x2B, 0x5B, 0x2B, 0x5B, 0x2B, 0x5B, 0x2B, 0x5B, 0x2B, 0x5B, 0x2B, 0x5B, 0x2B, 0x5B, 0x2B, 0x5B, 0x2B, 0x5B,
    0x2B, 0x5B, 0x2B, 0x5B, 0x2B, 0x5B, 0x2B, 0x5B, 0x2B, 0x5B, 0x2B, 0x5B, 0x2B, 0x5B, 0x2B, 0x5B, 0x2B, 0x5B, 0x2B,
    0x5B, 0x2B, 0x5B, 0x2B, 0x5B, 0x2B, 0x5B, 0x2B, 0x5B, 0x2B, 0x5B, 0x2B, 0x5B, 0x2B, 0x5B, 0x2B, 0x5B, 0x2B, 0x5B,
    0x2B, 0x5B, 0x2B, 0x5B, 0x2B, 0x5B, 0x2B, 0x5B, 0x2B, 0x5B, 0x2B, 0x5B, 0x2B, 0x5B, 0x2B, 0x5B, 0x2B, 0x5B, 0x2B,
    0x5B, 0x2B, 0x5B, 0x2B, 0x5B, 0x2B, 0x5B, 0x2B, 0x5B, 0x2B, 0x5B, 0x2B, 0x5B, 0x2B, 0x5B, 0x2B, 0x5B, 0x2B, 0x5B,
    0x2B, 0x5B, 0x2B, 0x5B, 0x2B, 0x5B, 0x2B, 0x5B, 0x2B, 0x5B, 0x2B, 0x5B, 0x2B, 0x5B, 0x2B, 0x5B, 0x2B, 0x5B, 0x2B,
    0x5B, 0x2B, 0x5B, 0x2B, 0x5B, 0x2B, 0x5B, 0x2B, 0x5B, 0x2B, 0x5B, 0x2B, 0x5B, 0x2B, 0x5B, 0x2B, 0x5B, 0x2B, 0x5B,
    0x2B, 0x5B, 0x2B, 0x5B, 0x2B, 0x5B, 0x2B, 0x5B, 0x2B, 0x5B, 0x2B, 0x5B, 0x2B, 0x5B, 0x2B, 0x5B, 0x2B, 0x5B, 0x2B,
    0x5B, 0x2B, 0x5B, 0x2B, 0x5B, 0x2B, 0x5B, 0x2B, 0x5B, 0x2B, 0x5B, 0x2B, 0x5B, 0x2B, 0x5B, 0x2B, 0x5B, 0x2B, 0x5B,
    0x2B, 0x5B, 0x2B, 0x5B, 0x2B, 0x5B, 0x2B, 0x5B, 0x2B, 0x5B, 0x2B, 0x5B, 0x2B, 0x5B, 0x2B, 0x5B, 0x2B, 0x5B, 0x2B,
    0x5B, 0x2B, 0x5B, 0x2B, 0x5B, 0x2B, 0x5B, 0x2B, 0x5B, 0x2B, 0x5B, 0x2B, 0x5B, 0x2B, 0x5B, 0x2B, 0x5B, 0x2B, 0x5B,
    0x2B, 0x5B, 0x2B, 0x5B, 0x2B, 0x5B, 0x2B, 0x5B, 0x2B, 0x5B, 0x2B, 0x5B, 0x2B, 0x5B, 0x2B, 0x5B, 0x2B, 0x5B, 0x2B,
    0x5B, 0x2B, 0x5B, 0x2B, 0x5B, 0x2B, 0x5B, 0x2B, 0x5B, 0x2B, 0x5B, 0x2B, 0x5B, 0x2B, 0x5B, 0x2B, 0x5B, 0x2B, 0x5B,
    0x2B, 0x5B, 0x2B, 0x5B, 0x2B, 0x5B, 0x2B, 0x5B, 0x2B, 0x5B, 0x2B, 0x5B, 0x2B, 0x5B, 0x2B, 0x5B, 0x2B, 0xCD, 0x19,
    0x6A, 0x11, 0x6A, 0x11, 0x49, 0x11, 0x28, 0x11, 0x08, 0x09, 0x07, 0x09, 0xE6, 0x08, 0xC6, 0x08, 0xA5, 0x08, 0xA4,
    0x08, 0x84, 0x00, 0x83, 0x00, 0x63, 0x00, 0x62, 0x00, 0x42, 0x00, 0x42, 0x00, 0x41, 0x00, 0x21, 0x00, 0x21, 0x00,
    0x21, 0x00, 0x00, 0x00, 0x00, 0x00, 0x00, 0x00, 0x00, 0x00, 0x00, 0x00, 0x00, 0x00, 0x00, 0x00, 0x00, 0x00, 0x00,
    0x00, 0x00, 0x00, 0x00, 0x00, 0x00, 0x00, 0x00, 0x00, 0x00, 0x00, 0x00, 0x00, 0x00, 0x00, 0x00, 0x00, 0x00, 0x00,
    0x00, 0x00, 0x00, 0x00, 0x20, 0x00, 0x21, 0x00, 0x21, 0x00, 0x21, 0x00, 0x42, 0x00, 0x42, 0x00, 0x42, 0x00, 0x63,
    0x00, 0x83, 0x00, 0x84, 0x00, 0xA4, 0x08, 0xA5, 0x08, 0xC5, 0x08, 0xE6, 0x08, 0xE6, 0x08, 0x07, 0x09, 0x28, 0x09,
    0x29, 0x11, 0x49, 0x11, 0x6A, 0x11, 0x6A, 0x11, 0x52, 0x22, 0x7C, 0x33, 0x5B, 0x2B, 0x5B, 0x2B, 0x5B, 0x2B, 0x5B,
    0x2B, 0x5B, 0x2B, 0x5B, 0x2B, 0x5B, 0x2B, 0x5B, 0x2B, 0x5B, 0x2B, 0x5B, 0x2B, 0x5B, 0x2B, 0x5B, 0x2B, 0x5B, 0x2B,
    0x5B, 0x2B, 0x5B, 0x2B, 0x5B, 0x2B, 0x5B, 0x2B, 0x5B, 0x2B, 0x5B, 0x2B, 0x5B, 0x2B, 0x5B, 0x2B, 0x5B, 0x2B, 0x5B,
    0x2B, 0x5B, 0x2B, 0x5B, 0x2B, 0x5B, 0x2B, 0x5B, 0x2B, 0x5B, 0x2B, 0x5B, 0x2B, 0x5B, 0x2B, 0x5B, 0x2B, 0x5B, 0x2B,
    0x5B, 0x2B, 0x5B, 0x2B, 0x5B, 0x2B, 0x5B, 0x2B, 0x5B, 0x2B, 0x5B, 0x2B, 0x5B, 0x2B, 0x5B, 0x2B, 0x5B, 0x2B, 0x5B,
    0x2B, 0x5B, 0x2B, 0x5B, 0x2B, 0x5B, 0x2B, 0x5B, 0x2B, 0x5B, 0x2B, 0x5B, 0x2B, 0x5B, 0x2B, 0x5B, 0x2B, 0x5B, 0x2B,
    0x5B, 0x2B, 0x5B, 0x2B, 0x5B, 0x2B, 0x5B, 0x2B, 0x5B, 0x2B, 0x5B, 0x2B, 0x5B, 0x2B, 0x5B, 0x2B, 0x5B, 0x2B, 0x5B,
    0x2B, 0x5B, 0x2B, 0x5B, 0x2B, 0x5B, 0x2B, 0x5B, 0x2B, 0x5B, 0x2B, 0x5B, 0x2B, 0x5B, 0x2B, 0x5B, 0x2B, 0x5B, 0x2B,
    0x5B, 0x2B, 0x5B, 0x2B, 0x5B, 0x2B, 0x5B, 0x2B, 0x5B, 0x2B, 0x5B, 0x2B, 0x5B, 0x2B, 0x5B, 0x2B, 0x5B, 0x2B, 0x5B,
    0x2B, 0x5B, 0x2B, 0x5B, 0x2B, 0x5B, 0x2B, 0x5B, 0x2B, 0x5B, 0x2B, 0x5B, 0x2B, 0x5B, 0x2B, 0x5B, 0x2B, 0x5B, 0x2B,
    0x5B, 0x2B, 0x5B, 0x2B, 0x5B, 0x2B, 0x5B, 0x2B, 0x5B, 0x2B, 0x5B, 0x2B, 0x5B, 0x2B, 0x5B, 0x2B, 0x5B, 0x2B, 0x5B,
    0x2B, 0x5B, 0x2B, 0x5B, 0x2B, 0x5B, 0x2B, 0x5B, 0x2B, 0x5B, 0x2B, 0x5B, 0x2B, 0x5B, 0x2B, 0x5B, 0x2B, 0x5B, 0x2B,
    0x5B, 0x2B, 0x5B, 0x2B, 0x5B, 0x2B, 0x5B, 0x2B, 0x5B, 0x2B, 0x5B, 0x2B, 0x5B, 0x2B, 0x5B, 0x2B, 0x5B, 0x2B, 0x5B,
    0x2B, 0x5B, 0x2B, 0x5B, 0x2B, 0x5B, 0x2B, 0x5B, 0x2B, 0x5B, 0x2B, 0x5B, 0x2B, 0x5B, 0x2B, 0x5B, 0x2B, 0x5B, 0x2B,
    0x5B, 0x2B, 0x5B, 0x2B, 0x5B, 0x2B, 0x5B, 0x2B, 0x5B, 0x2B, 0x5B, 0x2B, 0x5B, 0x2B, 0x7C, 0x33, 0x52, 0x22, 0x6A,
    0x11, 0x6A, 0x11, 0x49, 0x11, 0x29, 0x11, 0x28, 0x09, 0x07, 0x09, 0xE6, 0x08, 0xE6, 0x08, 0xC5, 0x08, 0xA5, 0x08,
    0xA4, 0x08, 0x84, 0x00, 0x83, 0x00, 0x63, 0x00, 0x42, 0x00, 0x42, 0x00, 0x42, 0x00, 0x21, 0x00, 0x21, 0x00, 0x21,
    0x00, 0x20, 0x00, 0x00, 0x00, 0x00, 0x00, 0x00, 0x00, 0x00, 0x00, 0x00, 0x00, 0x00, 0x00, 0x00, 0x00, 0x00, 0x00,
    0x00, 0x00, 0x00, 0x00, 0x00, 0x00, 0x00, 0x00, 0x00, 0x00, 0x00, 0x00, 0x00, 0x00, 0x00, 0x00, 0x00, 0x00, 0x00,
    0x00, 0x00, 0x00, 0x00, 0x00, 0x20, 0x00, 0x21, 0x00, 0x21, 0x00, 0x21, 0x00, 0x41, 0x00, 0x42, 0x00, 0x42, 0x00,
    0x62, 0x00, 0x63, 0x00, 0x83, 0x00, 0x84, 0x00, 0xA4, 0x08, 0xA5, 0x08, 0xC5, 0x08, 0xE6, 0x08, 0x07, 0x09, 0x07,
    0x09, 0x28, 0x09, 0x49, 0x11, 0x6A, 0x11, 0x6A, 0x11, 0x8A, 0x11, 0xF7, 0x22, 0x7C, 0x2B, 0x5B, 0x2B, 0x5B, 0x2B,
    0x5B, 0x2B, 0x5B, 0x2B, 0x5B, 0x2B, 0x5B, 0x2B, 0x5B, 0x2B, 0x5B, 0x2B, 0x5B, 0x2B, 0x5B, 0x2B, 0x5B, 0x2B, 0x5B,
    0x2B, 0x5B, 0x2B, 0x5B, 0x2B, 0x5B, 0x2B, 0x5B, 0x2B, 0x5B, 0x2B, 0x5B, 0x2B, 0x5B, 0x2B, 0x5B, 0x2B, 0x5B, 0x2B,
    0x5B, 0x2B, 0x5B, 0x2B, 0x5B, 0x2B, 0x5B, 0x2B, 0x5B, 0x2B, 0x5B, 0x2B, 0x5B, 0x2B, 0x5B, 0x2B, 0x5B, 0x2B, 0x5B,
    0x2B, 0x5B, 0x2B, 0x5B, 0x2B, 0x5B, 0x2B, 0x5B, 0x2B, 0x5B, 0x2B, 0x5B, 0x2B, 0x5B, 0x2B, 0x5B, 0x2B, 0x5B, 0x2B,
    0x5B, 0x2B, 0x5B, 0x2B, 0x5B, 0x2B, 0x5B, 0x2B, 0x5B, 0x2B, 0x5B, 0x2B, 0x5B, 0x2B, 0x5B, 0x2B, 0x5B, 0x2B, 0x5B,
    0x2B, 0x5B, 0x2B, 0x5B, 0x2B, 0x5B, 0x2B, 0x5B, 0x2B, 0x5B, 0x2B, 0x5B, 0x2B, 0x5B, 0x2B, 0x5B, 0x2B, 0x5B, 0x2B,
    0x5B, 0x2B, 0x5B, 0x2B, 0x5B, 0x2B, 0x5B, 0x2B, 0x5B, 0x2B, 0x5B, 0x2B, 0x5B, 0x2B, 0x5B, 0x2B, 0x5B, 0x2B, 0x5B,
    0x2B, 0x5B, 0x2B, 0x5B, 0x2B, 0x5B, 0x2B, 0x5B, 0x2B, 0x5B, 0x2B, 0x5B, 0x2B, 0x5B, 0x2B, 0x5B, 0x2B, 0x5B, 0x2B,
    0x5B, 0x2B, 0x5B, 0x2B, 0x5B, 0x2B, 0x5B, 0x2B, 0x5B, 0x2B, 0x5B, 0x2B, 0x5B, 0x2B, 0x5B, 0x2B, 0x5B, 0x2B, 0x5B,
    0x2B, 0x5B, 0x2B, 0x5B, 0x2B, 0x5B, 0x2B, 0x5B, 0x2B, 0x5B, 0x2B, 0x5B, 0x2B, 0x5B, 0x2B, 0x5B, 0x2B, 0x5B, 0x2B,
    0x5B, 0x2B, 0x5B, 0x2B, 0x5B, 0x2B, 0x5B, 0x2B, 0x5B, 0x2B, 0x5B, 0x2B, 0x5B, 0x2B, 0x5B, 0x2B, 0x5B, 0x2B, 0x5B,
    0x2B, 0x5B, 0x2B, 0x5B, 0x2B, 0x5B, 0x2B, 0x5B, 0x2B, 0x5B, 0x2B, 0x5B, 0x2B, 0x5B, 0x2B, 0x5B, 0x2B, 0x5B, 0x2B,
    0x5B, 0x2B, 0x5B, 0x2B, 0x5B, 0x2B, 0x5B, 0x2B, 0x5B, 0x2B, 0x5B, 0x2B, 0x5B, 0x2B, 0x5B, 0x2B, 0x5B, 0x2B, 0x5B,
    0x2B, 0x5B, 0x2B, 0x5B, 0x2B, 0x5B, 0x2B, 0x5B, 0x2B, 0x5B, 0x2B, 0x5B, 0x2B, 0x7C, 0x2B, 0xF7, 0x22, 0x8A, 0x11,
    0x6A, 0x11, 0x6A, 0x11, 0x49, 0x11, 0x28, 0x09, 0x07, 0x09, 0x07, 0x09, 0xE6, 0x08, 0xC5, 0x08, 0xA5, 0x08, 0xA4,
    0x08, 0x84, 0x00, 0x83, 0x00, 0x63, 0x00, 0x62, 0x00, 0x42, 0x00, 0x42, 0x00, 0x41, 0x00, 0x21, 0x00, 0x21, 0x00,
    0x21, 0x00, 0x20, 0x00, 0x00, 0x00, 0x00, 0x00, 0x00, 0x00, 0x00, 0x00, 0x00, 0x00, 0x00, 0x00, 0x00, 0x00, 0x00,
    0x00, 0x00, 0x00, 0x00, 0x00, 0x00, 0x00, 0x00, 0x00, 0x00, 0x00, 0x00, 0x00, 0x00, 0x00, 0x00, 0x00, 0x00, 0x00,
    0x00, 0x00, 0x00, 0x00, 0x00, 0x00, 0x00, 0x00, 0x21, 0x00, 0x21, 0x00, 0x21, 0x00, 0x21, 0x00, 0x42, 0x00, 0x42,
    0x00, 0x62, 0x00, 0x63, 0x00, 0x83, 0x00, 0x83, 0x00, 0xA4, 0x08, 0xA5, 0x08, 0xC5, 0x08, 0xC6, 0x08, 0xE6, 0x08,
    0x07, 0x09, 0x28, 0x09, 0x28, 0x11, 0x49, 0x11, 0x6A, 0x11, 0x6A, 0x11, 0xAC, 0x11, 0x3A, 0x2B, 0x5B, 0x2B, 0x5B,
    0x2B, 0x5B, 0x2B, 0x5B, 0x2B, 0x5B, 0x2B, 0x5B, 0x2B, 0x5B, 0x2B, 0x5B, 0x2B, 0x5B, 0x2B, 0x5B, 0x2B, 0x5B, 0x2B,
    0x5B, 0x2B, 0x5B, 0x2B, 0x5B, 0x2B, 0x5B, 0x2B, 0x5B, 0x2B, 0x5B, 0x2B, 0x5B, 0x2B, 0x5B, 0x2B, 0x5B, 0x2B, 0x5B,
    0x2B, 0x5B, 0x2B, 0x5B, 0x2B, 0x5B, 0x2B, 0x5B, 0x2B, 0x5B, 0x2B, 0x5B, 0x2B, 0x5B, 0x2B, 0x5B, 0x2B, 0x5B, 0x2B,
    0x5B, 0x2B, 0x5B, 0x2B, 0x5B, 0x2B, 0x5B, 0x2B, 0x5B, 0x2B, 0x5B, 0x2B, 0x5B, 0x2B, 0x5B, 0x2B, 0x5B, 0x2B, 0x5B,
    0x2B, 0x5B, 0x2B, 0x5B, 0x2B, 0x5B, 0x2B, 0x5B, 0x2B, 0x5B, 0x2B, 0x5B, 0x2B, 0x5B, 0x2B, 0x5B, 0x2B, 0x5B, 0x2B,
    0x5B, 0x2B, 0x5B, 0x2B, 0x5B, 0x2B, 0x5B, 0x2B, 0x5B, 0x2B, 0x5B, 0x2B, 0x5B, 0x2B, 0x5B, 0x2B, 0x5B, 0x2B, 0x5B,
    0x2B, 0x5B, 0x2B, 0x5B, 0x2B, 0x5B, 0x2B, 0x5B, 0x2B, 0x5B, 0x2B, 0x5B, 0x2B, 0x5B, 0x2B, 0x5B, 0x2B, 0x5B, 0x2B,
    0x5B, 0x2B, 0x5B, 0x2B, 0x5B, 0x2B, 0x5B, 0x2B, 0x5B, 0x2B, 0x5B, 0x2B, 0x5B, 0x2B, 0x5B, 0x2B, 0x5B, 0x2B, 0x5B,
    0x2B, 0x5B, 0x2B, 0x5B, 0x2B, 0x5B, 0x2B, 0x5B, 0x2B, 0x5B, 0x2B, 0x5B, 0x2B, 0x5B, 0x2B, 0x5B, 0x2B, 0x5B, 0x2B,
    0x5B, 0x2B, 0x5B, 0x2B, 0x5B, 0x2B, 0x5B, 0x2B, 0x5B, 0x2B, 0x5B, 0x2B, 0x5B, 0x2B, 0x5B, 0x2B, 0x5B, 0x2B, 0x5B,
    0x2B, 0x5B, 0x2B, 0x5B, 0x2B, 0x5B, 0x2B, 0x5B, 0x2B, 0x5B, 0x2B, 0x5B, 0x2B, 0x5B, 0x2B, 0x5B, 0x2B, 0x5B, 0x2B,
    0x5B, 0x2B, 0x5B, 0x2B, 0x5B, 0x2B, 0x5B, 0x2B, 0x5B, 0x2B, 0x5B, 0x2B, 0x5B, 0x2B, 0x5B, 0x2B, 0x5B, 0x2B, 0x5B,
    0x2B, 0x5B, 0x2B, 0x5B, 0x2B, 0x5B, 0x2B, 0x5B, 0x2B, 0x5B, 0x2B, 0x5B, 0x2B, 0x5B, 0x2B, 0x5B, 0x2B, 0x5B, 0x2B,
    0x5B, 0x2B, 0x5B, 0x2B, 0x5B, 0x2B, 0x5B, 0x2B, 0x5B, 0x2B, 0x5B, 0x2B, 0x5B, 0x2B, 0x3A, 0x2B, 0xAC, 0x11, 0x6A,
    0x11, 0x6A, 0x11, 0x49, 0x11, 0x28, 0x11, 0x28, 0x09, 0x07, 0x09, 0xE6, 0x08, 0xC6, 0x08, 0xC5, 0x08, 0xA5, 0x08,
    0xA4, 0x08, 0x83, 0x00, 0x83, 0x00, 0x63, 0x00, 0x62, 0x00, 0x42, 0x00, 0x42, 0x00, 0x21, 0x00, 0x21, 0x00, 0x21,
    0x00, 0x21, 0x00, 0x00, 0x00, 0x00, 0x00, 0x00, 0x00, 0x00, 0x00, 0x00, 0x00, 0x00, 0x00, 0x00, 0x00, 0x00, 0x00,
    0x00, 0x00, 0x00, 0x00, 0x00, 0x00, 0x00, 0x00, 0x00, 0x00, 0x00, 0x00, 0x00, 0x00, 0x00, 0x00, 0x00, 0x00, 0x00,
    0x00, 0x00, 0x00, 0x00, 0x00, 0x00, 0x00, 0x00, 0x00, 0x20, 0x00, 0x21, 0x00, 0x21, 0x00, 0x21, 0x00, 0x41, 0x00,
    0x42, 0x00, 0x42, 0x00, 0x62, 0x00, 0x63, 0x00, 0x83, 0x00, 0x84, 0x00, 0xA4, 0x08, 0xA5, 0x08, 0xC5, 0x08, 0xE6,
    0x08, 0xE7, 0x08, 0x07, 0x09, 0x28, 0x09, 0x49, 0x11, 0x49, 0x11, 0x6A, 0x11, 0x6A, 0x11, 0x0F, 0x1A, 0x5C, 0x2B,
    0x5B, 0x2B, 0x5B, 0x2B, 0x5B, 0x2B, 0x5B, 0x2B, 0x5B, 0x2B, 0x5B, 0x2B, 0x5B, 0x2B, 0x5B, 0x2B, 0x5B, 0x2B, 0x5B,
    0x2B, 0x5B, 0x2B, 0x5B, 0x2B, 0x5B, 0x2B, 0x5B, 0x2B, 0x5B, 0x2B, 0x5B, 0x2B, 0x5B, 0x2B, 0x5B, 0x2B, 0x5B, 0x2B,
    0x5B, 0x2B, 0x5B, 0x2B, 0x5B, 0x2B, 0x5B, 0x2B, 0x5B, 0x2B, 0x5B, 0x2B, 0x5B, 0x2B, 0x5B, 0x2B, 0x5B, 0x2B, 0x5B,
    0x2B, 0x5B, 0x2B, 0x5B, 0x2B, 0x5B, 0x2B, 0x5B, 0x2B, 0x5B, 0x2B, 0x5B, 0x2B, 0x5B, 0x2B, 0x5B, 0x2B, 0x5B, 0x2B,
    0x5B, 0x2B, 0x5B, 0x2B, 0x5B, 0x2B, 0x5B, 0x2B, 0x5B, 0x2B, 0x5B, 0x2B, 0x5B, 0x2B, 0x5B, 0x2B, 0x5B, 0x2B, 0x5B,
    0x2B, 0x5B, 0x2B, 0x5B, 0x2B, 0x5B, 0x2B, 0x5B, 0x2B, 0x5B, 0x2B, 0x5B, 0x2B, 0x5B, 0x2B, 0x5B, 0x2B, 0x5B, 0x2B,
    0x5B, 0x2B, 0x5B, 0x2B, 0x5B, 0x2B, 0x5B, 0x2B, 0x5B, 0x2B, 0x5B, 0x2B, 0x5B, 0x2B, 0x5B, 0x2B, 0x5B, 0x2B, 0x5B,
    0x2B, 0x5B, 0x2B, 0x5B, 0x2B, 0x5B, 0x2B, 0x5B, 0x2B, 0x5B, 0x2B, 0x5B, 0x2B, 0x5B, 0x2B, 0x5B, 0x2B, 0x5B, 0x2B,
    0x5B, 0x2B, 0x5B, 0x2B, 0x5B, 0x2B, 0x5B, 0x2B, 0x5B, 0x2B, 0x5B, 0x2B, 0x5B, 0x2B, 0x5B, 0x2B, 0x5B, 0x2B, 0x5B,
    0x2B, 0x5B, 0x2B, 0x5B, 0x2B, 0x5B, 0x2B, 0x5B, 0x2B, 0x5B, 0x2B, 0x5B, 0x2B, 0x5B, 0x2B, 0x5B, 0x2B, 0x5B, 0x2B,
    0x5B, 0x2B, 0x5B, 0x2B, 0x5B, 0x2B, 0x5B, 0x2B, 0x5B, 0x2B, 0x5B, 0x2B, 0x5B, 0x2B, 0x5B, 0x2B, 0x5B, 0x2B, 0x5B,
    0x2B, 0x5B, 0x2B, 0x5B, 0x2B, 0x5B, 0x2B, 0x5B, 0x2B, 0x5B, 0x2B, 0x5B, 0x2B, 0x5B, 0x2B, 0x5B, 0x2B, 0x5B, 0x2B,
    0x5B, 0x2B, 0x5B, 0x2B, 0x5B, 0x2B, 0x5B, 0x2B, 0x5B, 0x2B, 0x5B, 0x2B, 0x5B, 0x2B, 0x5B, 0x2B, 0x5B, 0x2B, 0x5B,
    0x2B, 0x5B, 0x2B, 0x5B, 0x2B, 0x5B, 0x2B, 0x5B, 0x2B, 0x5B, 0x2B, 0x5B, 0x2B, 0x5C, 0x2B, 0x0F, 0x1A, 0x6A, 0x11,
    0x6A, 0x11, 0x49, 0x11, 0x49, 0x11, 0x28, 0x09, 0x07, 0x09, 0xE7, 0x08, 0xE6, 0x08, 0xC5, 0x08, 0xA5, 0x08, 0xA4,
    0x08, 0x84, 0x00, 0x83, 0x00, 0x63, 0x00, 0x62, 0x00, 0x42, 0x00, 0x42, 0x00, 0x41, 0x00, 0x21, 0x00, 0x21, 0x00,
    0x21, 0x00, 0x20, 0x00, 0x00, 0x00, 0x00, 0x00, 0x00, 0x00, 0x00, 0x00, 0x00, 0x00, 0x00, 0x00, 0x00, 0x00, 0x00,
    0x00, 0x00, 0x00, 0x00, 0x00, 0x00, 0x00, 0x00, 0x00, 0x00, 0x00, 0x00, 0x00, 0x00, 0x00, 0x00, 0x00, 0x00, 0x00,
    0x00, 0x00, 0x00, 0x00, 0x00, 0x00, 0x00, 0x00, 0x00, 0x00, 0x00, 0x00, 0x21, 0x00, 0x21, 0x00, 0x21, 0x00, 0x21,
    0x00, 0x42, 0x00, 0x42, 0x00, 0x42, 0x00, 0x63, 0x00, 0x83, 0x00, 0x83, 0x00, 0x84, 0x08, 0xA4, 0x08, 0xC5, 0x08,
    0xC6, 0x08, 0xE6, 0x08, 0x07, 0x09, 0x07, 0x09, 0x28, 0x09, 0x49, 0x11, 0x4A, 0x11, 0x6A, 0x11, 0x6A, 0x11, 0x52,
    0x22, 0x7C, 0x2B, 0x3B, 0x2B, 0x5B, 0x2B, 0x5B, 0x2B, 0x5B, 0x2B, 0x5B, 0x2B, 0x5B, 0x2B, 0x5B, 0x2B, 0x5B, 0x2B,
    0x5B, 0x2B, 0x5B, 0x2B, 0x5B, 0x2B, 0x5B, 0x2B, 0x5B, 0x2B, 0x5B, 0x2B, 0x5B, 0x2B, 0x5B, 0x2B, 0x5B, 0x2B, 0x5B,
    0x2B, 0x5B, 0x2B, 0x5B, 0x2B, 0x5B, 0x2B, 0x5B, 0x2B, 0x5B, 0x2B, 0x5B, 0x2B, 0x5B, 0x2B, 0x5B, 0x2B, 0x5B, 0x2B,
    0x5B, 0x2B, 0x5B, 0x2B, 0x5B, 0x2B, 0x5B, 0x2B, 0x5B, 0x2B, 0x5B, 0x2B, 0x5B, 0x2B, 0x5B, 0x2B, 0x5B, 0x2B, 0x5B,
    0x2B, 0x5B, 0x2B, 0x5B, 0x2B, 0x5B, 0x2B, 0x5B, 0x2B, 0x5B, 0x2B, 0x5B, 0x2B, 0x5B, 0x2B, 0x5B, 0x2B, 0x5B, 0x2B,
    0x5B, 0x2B, 0x5B, 0x2B, 0x5B, 0x2B, 0x5B, 0x2B, 0x5B, 0x2B, 0x5B, 0x2B, 0x5B, 0x2B, 0x5B, 0x2B, 0x5B, 0x2B, 0x5B,
    0x2B, 0x5B, 0x2B, 0x5B, 0x2B, 0x5B, 0x2B, 0x5B, 0x2B, 0x5B, 0x2B, 0x5B, 0x2B, 0x5B, 0x2B, 0x5B, 0x2B, 0x5B, 0x2B,
    0x5B, 0x2B, 0x5B, 0x2B, 0x5B, 0x2B, 0x5B, 0x2B, 0x5B, 0x2B, 0x5B, 0x2B, 0x5B, 0x2B, 0x5B, 0x2B, 0x5B, 0x2B, 0x5B,
    0x2B, 0x5B, 0x2B, 0x5B, 0x2B, 0x5B, 0x2B, 0x5B, 0x2B, 0x5B, 0x2B, 0x5B, 0x2B, 0x5B, 0x2B, 0x5B, 0x2B, 0x5B, 0x2B,
    0x5B, 0x2B, 0x5B, 0x2B, 0x5B, 0x2B, 0x5B, 0x2B, 0x5B, 0x2B, 0x5B, 0x2B, 0x5B, 0x2B, 0x5B, 0x2B, 0x5B, 0x2B, 0x5B,
    0x2B, 0x5B, 0x2B, 0x5B, 0x2B, 0x5B, 0x2B, 0x5B, 0x2B, 0x5B, 0x2B, 0x5B, 0x2B, 0x5B, 0x2B, 0x5B, 0x2B, 0x5B, 0x2B,
    0x5B, 0x2B, 0x5B, 0x2B, 0x5B, 0x2B, 0x5B, 0x2B, 0x5B, 0x2B, 0x5B, 0x2B, 0x5B, 0x2B, 0x5B, 0x2B, 0x5B, 0x2B, 0x5B,
    0x2B, 0x5B, 0x2B, 0x5B, 0x2B, 0x5B, 0x2B, 0x5B, 0x2B, 0x5B, 0x2B, 0x5B, 0x2B, 0x5B, 0x2B, 0x5B, 0x2B, 0x5B, 0x2B,
    0x5B, 0x2B, 0x5B, 0x2B, 0x5B, 0x2B, 0x5B, 0x2B, 0x5B, 0x2B, 0x3B, 0x2B, 0x7C, 0x2B, 0x52, 0x22, 0x6A, 0x11, 0x6A,
    0x11, 0x4A, 0x11, 0x49, 0x11, 0x28, 0x09, 0x07, 0x09, 0x07, 0x09, 0xE6, 0x08, 0xC6, 0x08, 0xC5, 0x08, 0xA4, 0x08,
    0x84, 0x08, 0x83, 0x00, 0x83, 0x00, 0x63, 0x00, 0x42, 0x00, 0x42, 0x00, 0x42, 0x00, 0x21, 0x00, 0x21, 0x00, 0x21,
    0x00, 0x21, 0x00, 0x00, 0x00, 0x00, 0x00, 0x00, 0x00, 0x00, 0x00, 0x00, 0x00, 0x00, 0x00, 0x00, 0x00, 0x00, 0x00,
    0x00, 0x00, 0x00, 0x00, 0x00, 0x00, 0x00, 0x00, 0x00, 0x00, 0x00, 0x00, 0x00, 0x00, 0x00, 0x00, 0x00, 0x00, 0x00,
    0x00, 0x00, 0x00, 0x00, 0x00, 0x00, 0x00, 0x00, 0x00, 0x00, 0x00, 0x00, 0x00, 0x20, 0x00, 0x21, 0x00, 0x21, 0x00,
    0x21, 0x00, 0x21, 0x00, 0x42, 0x00, 0x42, 0x00, 0x62, 0x00, 0x63, 0x00, 0x83, 0x00, 0x84, 0x00, 0xA4, 0x08, 0xA5,
    0x08, 0xC5, 0x08, 0xC6, 0x08, 0xE6, 0x08, 0x07, 0x09, 0x08, 0x09, 0x28, 0x11, 0x49, 0x11, 0x6A, 0x11, 0x6A, 0x11,
    0x8A, 0x11, 0xB5, 0x22, 0x7C, 0x2B, 0x3B, 0x2B, 0x5B, 0x2B, 0x5B, 0x2B, 0x5B, 0x2B, 0x5B, 0x2B, 0x5B, 0x2B, 0x5B,
    0x2B, 0x5B, 0x2B, 0x5B, 0x2B, 0x5B, 0x2B, 0x5B, 0x2B, 0x5B, 0x2B, 0x5B, 0x2B, 0x5B, 0x2B, 0x5B, 0x2B, 0x5B, 0x2B,
    0x5B, 0x2B, 0x5B, 0x2B, 0x5B, 0x2B, 0x5B, 0x2B, 0x5B, 0x2B, 0x5B, 0x2B, 0x5B, 0x2B, 0x5B, 0x2B, 0x5B, 0x2B, 0x5B,
    0x2B, 0x5B, 0x2B, 0x5B, 0x2B, 0x5B, 0x2B, 0x5B, 0x2B, 0x5B, 0x2B, 0x5B, 0x2B, 0x5B, 0x2B, 0x5B, 0x2B, 0x5B, 0x2B,
    0x5B, 0x2B, 0x5B, 0x2B, 0x5B, 0x2B, 0x5B, 0x2B, 0x5B, 0x2B, 0x5B, 0x2B, 0x5B, 0x2B, 0x5B, 0x2B, 0x5B, 0x2B, 0x5B,
    0x2B, 0x5B, 0x2B, 0x5B, 0x2B, 0x5B, 0x2B, 0x5B, 0x2B, 0x5B, 0x2B, 0x5B, 0x2B, 0x5B, 0x2B, 0x5B, 0x2B, 0x5B, 0x2B,
    0x5B, 0x2B, 0x5B, 0x2B, 0x5B, 0x2B, 0x5B, 0x2B, 0x5B, 0x2B, 0x5B, 0x2B, 0x5B, 0x2B, 0x5B, 0x2B, 0x5B, 0x2B, 0x5B,
    0x2B, 0x5B, 0x2B, 0x5B, 0x2B, 0x5B, 0x2B, 0x5B, 0x2B, 0x5B, 0x2B, 0x5B, 0x2B, 0x5B, 0x2B, 0x5B, 0x2B, 0x5B, 0x2B,
    0x5B, 0x2B, 0x5B, 0x2B, 0x5B, 0x2B, 0x5B, 0x2B, 0x5B, 0x2B, 0x5B, 0x2B, 0x5B, 0x2B, 0x5B, 0x2B, 0x5B, 0x2B, 0x5B,
    0x2B, 0x5B, 0x2B, 0x5B, 0x2B, 0x5B, 0x2B, 0x5B, 0x2B, 0x5B, 0x2B, 0x5B, 0x2B, 0x5B, 0x2B, 0x5B, 0x2B, 0x5B, 0x2B,
    0x5B, 0x2B, 0x5B, 0x2B, 0x5B, 0x2B, 0x5B, 0x2B, 0x5B, 0x2B, 0x5B, 0x2B, 0x5B, 0x2B, 0x5B, 0x2B, 0x5B, 0x2B, 0x5B,
    0x2B, 0x5B, 0x2B, 0x5B, 0x2B, 0x5B, 0x2B, 0x5B, 0x2B, 0x5B, 0x2B, 0x5B, 0x2B, 0x5B, 0x2B, 0x5B, 0x2B, 0x5B, 0x2B,
    0x5B, 0x2B, 0x5B, 0x2B, 0x5B, 0x2B, 0x5B, 0x2B, 0x5B, 0x2B, 0x5B, 0x2B, 0x5B, 0x2B, 0x5B, 0x2B, 0x5B, 0x2B, 0x5B,
    0x2B, 0x5B, 0x2B, 0x5B, 0x2B, 0x5B, 0x2B, 0x5B, 0x2B, 0x3B, 0x2B, 0x7C, 0x2B, 0xB5, 0x22, 0x8A, 0x11, 0x6A, 0x11,
    0x6A, 0x11, 0x49, 0x11, 0x28, 0x11, 0x08, 0x09, 0x07, 0x09, 0xE6, 0x08, 0xC6, 0x08, 0xC5, 0x08, 0xA5, 0x08, 0xA4,
    0x08, 0x84, 0x00, 0x83, 0x00, 0x63, 0x00, 0x62, 0x00, 0x42, 0x00, 0x42, 0x00, 0x21, 0x00, 0x21, 0x00, 0x21, 0x00,
    0x21, 0x00, 0x20, 0x00, 0x00, 0x00, 0x00, 0x00, 0x00, 0x00, 0x00, 0x00, 0x00, 0x00, 0x00, 0x00, 0x00, 0x00, 0x00,
    0x00, 0x00, 0x00, 0x00, 0x00, 0x00, 0x00, 0x00, 0x00, 0x00, 0x00, 0x00, 0x00, 0x00, 0x00, 0x00, 0x00, 0x00, 0x00,
    0x00, 0x00, 0x00, 0x00, 0x00, 0x00, 0x00, 0x00, 0x00, 0x00, 0x00, 0x00, 0x00, 0x00, 0x00, 0x00, 0x21, 0x00, 0x21,
    0x00, 0x21, 0x00, 0x21, 0x00, 0x42, 0x00, 0x42, 0x00, 0x42, 0x00, 0x62, 0x00, 0x63, 0x00, 0x83, 0x00, 0x84, 0x00,
    0xA4, 0x08, 0xA5, 0x08, 0xC5, 0x08, 0xE6, 0x08, 0xE7, 0x08, 0x07, 0x09, 0x28, 0x09, 0x28, 0x11, 0x49, 0x11, 0x6A,
    0x11, 0x8A, 0x11, 0x8A, 0x11, 0x95, 0x22, 0x5C, 0x2B, 0x3A, 0x2B, 0x3B, 0x2B, 0x3B, 0x2B, 0x3B, 0x2B, 0x3B, 0x2B,
    0x3B, 0x2B, 0x3B, 0x2B, 0x3B, 0x2B, 0x3B, 0x2B, 0x3B, 0x2B, 0x3B, 0x2B, 0x3B, 0x2B, 0x3B, 0x2B, 0x3B, 0x2B, 0x3B,
    0x2B, 0x3B, 0x2B, 0x3B, 0x2B, 0x3B, 0x2B, 0x3B, 0x2B, 0x3B, 0x2B, 0x3B, 0x2B, 0x3B, 0x2B, 0x3B, 0x2B, 0x3B, 0x2B,
    0x3B, 0x2B, 0x3B, 0x2B, 0x3B, 0x2B, 0x3B, 0x2B, 0x3B, 0x2B, 0x3B, 0x2B, 0x3B, 0x2B, 0x3B, 0x2B, 0x3B, 0x2B, 0x3B,
    0x2B, 0x3B, 0x2B, 0x3B, 0x2B, 0x3B, 0x2B, 0x3B, 0x2B, 0x3B, 0x2B, 0x3B, 0x2B, 0x3B, 0x2B, 0x3B, 0x2B, 0x3B, 0x2B,
    0x3B, 0x2B, 0x3B, 0x2B, 0x3B, 0x2B, 0x3B, 0x2B, 0x3B, 0x2B, 0x3B, 0x2B, 0x3B, 0x2B, 0x3B, 0x2B, 0x3B, 0x2B, 0x3B,
    0x2B, 0x3B, 0x2B, 0x3B, 0x2B, 0x3B, 0x2B, 0x3B, 0x2B, 0x3B, 0x2B, 0x3B, 0x2B, 0x3B, 0x2B, 0x3B, 0x2B, 0x3B, 0x2B,
    0x3B, 0x2B, 0x3B, 0x2B, 0x3B, 0x2B, 0x3B, 0x2B, 0x3B, 0x2B, 0x3B, 0x2B, 0x3B, 0x2B, 0x3B, 0x2B, 0x3B, 0x2B, 0x3B,
    0x2B, 0x3B, 0x2B, 0x3B, 0x2B, 0x3B, 0x2B, 0x3B, 0x2B, 0x3B, 0x2B, 0x3B, 0x2B, 0x3B, 0x2B, 0x3B, 0x2B, 0x3B, 0x2B,
    0x3B, 0x2B, 0x3B, 0x2B, 0x3B, 0x2B, 0x3B, 0x2B, 0x3B, 0x2B, 0x3B, 0x2B, 0x3B, 0x2B, 0x3B, 0x2B, 0x3B, 0x2B, 0x3B,
    0x2B, 0x3B, 0x2B, 0x3B, 0x2B, 0x3B, 0x2B, 0x3B, 0x2B, 0x3B, 0x2B, 0x3B, 0x2B, 0x3B, 0x2B, 0x3B, 0x2B, 0x3B, 0x2B,
    0x3B, 0x2B, 0x3B, 0x2B, 0x3B, 0x2B, 0x3B, 0x2B, 0x3B, 0x2B, 0x3B, 0x2B, 0x3B, 0x2B, 0x3B, 0x2B, 0x3B, 0x2B, 0x3B,
    0x2B, 0x3B, 0x2B, 0x3B, 0x2B, 0x3B, 0x2B, 0x3B, 0x2B, 0x3B, 0x2B, 0x3B, 0x2B, 0x3B, 0x2B, 0x3B, 0x2B, 0x3B, 0x2B,
    0x3B, 0x2B, 0x3B, 0x2B, 0x3B, 0x2B, 0x3B, 0x2B, 0x3A, 0x2B, 0x5C, 0x2B, 0x95, 0x22, 0x8A, 0x11, 0x8A, 0x11, 0x6A,
    0x11, 0x49, 0x11, 0x28, 0x11, 0x28, 0x09, 0x07, 0x09, 0xE7, 0x08, 0xE6, 0x08, 0xC5, 0x08, 0xA5, 0x08, 0xA4, 0x08,
    0x84, 0x00, 0x83, 0x00, 0x63, 0x00, 0x62, 0x00, 0x42, 0x00, 0x42, 0x00, 0x42, 0x00, 0x21, 0x00, 0x21, 0x00, 0x21,
    0x00, 0x21, 0x00, 0x00, 0x00, 0x00, 0x00, 0x00, 0x00, 0x00, 0x00, 0x00, 0x00, 0x00, 0x00, 0x00, 0x00, 0x00, 0x00,
    0x00, 0x00, 0x00, 0x00, 0x00, 0x00, 0x00, 0x00, 0x00, 0x00, 0x00, 0x00, 0x00, 0x00, 0x00, 0x00, 0x00, 0x00, 0x00,
    0x00, 0x00, 0x00, 0x00, 0x00, 0x00, 0x00, 0x00, 0x00, 0x00, 0x00, 0x00, 0x00, 0x00, 0x00, 0x00, 0x00, 0x20, 0x00,
    0x21, 0x00, 0x21, 0x00, 0x21, 0x00, 0x21, 0x00, 0x42, 0x00, 0x42, 0x00, 0x42, 0x00, 0x63, 0x00, 0x83, 0x00, 0x83,
    0x00, 0x84, 0x00, 0xA4, 0x08, 0xA5, 0x08, 0xC5, 0x08, 0xE6, 0x08, 0xE7, 0x08, 0x07, 0x09, 0x28, 0x09, 0x29, 0x11,
    0x49, 0x11, 0x6A, 0x11, 0x8B, 0x11, 0x8A, 0x11, 0x95, 0x22, 0x5C, 0x2B, 0x3A, 0x2B, 0x3B, 0x2B, 0x3B, 0x2B, 0x3B,
    0x2B, 0x3B, 0x2B, 0x3B, 0x2B, 0x3B, 0x2B, 0x3B, 0x2B, 0x3B, 0x2B, 0x3B, 0x2B, 0x3B, 0x2B, 0x3B, 0x2B, 0x3B, 0x2B,
    0x3B, 0x2B, 0x3B, 0x2B, 0x3B, 0x2B, 0x3B, 0x2B, 0x3B, 0x2B, 0x3B, 0x2B, 0x3B, 0x2B, 0x3B, 0x2B, 0x3B, 0x2B, 0x3B,
    0x2B, 0x3B, 0x2B, 0x3B, 0x2B, 0x3B, 0x2B, 0x3B, 0x2B, 0x3B, 0x2B, 0x3B, 0x2B, 0x3B, 0x2B, 0x3B, 0x2B, 0x3B, 0x2B,
    0x3B, 0x2B, 0x3B, 0x2B, 0x3B, 0x2B, 0x3B, 0x2B, 0x3B, 0x2B, 0x3B, 0x2B, 0x3B, 0x2B, 0x3B, 0x2B, 0x3B, 0x2B, 0x3B,
    0x2B, 0x3B, 0x2B, 0x3B, 0x2B, 0x3B, 0x2B, 0x3B, 0x2B, 0x3B, 0x2B, 0x3B, 0x2B, 0x3B, 0x2B, 0x3B, 0x2B, 0x3B, 0x2B,
    0x3B, 0x2B, 0x3B, 0x2B, 0x3B, 0x2B, 0x3B, 0x2B, 0x3B, 0x2B, 0x3B, 0x2B, 0x3B, 0x2B, 0x3B, 0x2B, 0x3B, 0x2B, 0x3B,
    0x2B, 0x3B, 0x2B, 0x3B, 0x2B, 0x3B, 0x2B, 0x3B, 0x2B, 0x3B, 0x2B, 0x3B, 0x2B, 0x3B, 0x2B, 0x3B, 0x2B, 0x3B, 0x2B,
    0x3B, 0x2B, 0x3B, 0x2B, 0x3B, 0x2B, 0x3B, 0x2B, 0x3B, 0x2B, 0x3B, 0x2B, 0x3B, 0x2B, 0x3B, 0x2B, 0x3B, 0x2B, 0x3B,
    0x2B, 0x3B, 0x2B, 0x3B, 0x2B, 0x3B, 0x2B, 0x3B, 0x2B, 0x3B, 0x2B, 0x3B, 0x2B, 0x3B, 0x2B, 0x3B, 0x2B, 0x3B, 0x2B,
    0x3B, 0x2B, 0x3B, 0x2B, 0x3B, 0x2B, 0x3B, 0x2B, 0x3B, 0x2B, 0x3B, 0x2B, 0x3B, 0x2B, 0x3B, 0x2B, 0x3B, 0x2B, 0x3B,
    0x2B, 0x3B, 0x2B, 0x3B, 0x2B, 0x3B, 0x2B, 0x3B, 0x2B, 0x3B, 0x2B, 0x3B, 0x2B, 0x3B, 0x2B, 0x3B, 0x2B, 0x3B, 0x2B,
    0x3B, 0x2B, 0x3B, 0x2B, 0x3B, 0x2B, 0x3B, 0x2B, 0x3B, 0x2B, 0x3B, 0x2B, 0x3B, 0x2B, 0x3B, 0x2B, 0x3B, 0x2B, 0x3B,
    0x2B, 0x3B, 0x2B, 0x3B, 0x2B, 0x3B, 0x2B, 0x3A, 0x2B, 0x5C, 0x2B, 0x95, 0x22, 0x8A, 0x11, 0x8B, 0x11, 0x6A, 0x11,
    0x49, 0x11, 0x29, 0x11, 0x28, 0x09, 0x07, 0x09, 0xE7, 0x08, 0xE6, 0x08, 0xC5, 0x08, 0xA5, 0x08, 0xA4, 0x08, 0x84,
    0x00, 0x83, 0x00, 0x83, 0x00, 0x63, 0x00, 0x42, 0x00, 0x42, 0x00, 0x42, 0x00, 0x21, 0x00, 0x21, 0x00, 0x21, 0x00,
    0x21, 0x00, 0x20, 0x00, 0x00, 0x00, 0x00, 0x00, 0x00, 0x00, 0x00, 0x00, 0x00, 0x00, 0x00, 0x00, 0x00, 0x00, 0x00,
    0x00, 0x00, 0x00, 0x00, 0x00, 0x00, 0x00, 0x00, 0x00, 0x00, 0x00, 0x00, 0x00, 0x00, 0x00, 0x00, 0x00, 0x00, 0x00,
    0x00, 0x00, 0x00, 0x00, 0x00, 0x00, 0x00, 0x00, 0x00, 0x00, 0x00, 0x00, 0x00, 0x00, 0x00, 0x00, 0x00, 0x00, 0x00,
    0x00, 0x20, 0x00, 0x21, 0x00, 0x21, 0x00, 0x21, 0x00, 0x41, 0x00, 0x42, 0x00, 0x42, 0x00, 0x62, 0x00, 0x63, 0x00,
    0x83, 0x00, 0x84, 0x00, 0xA4, 0x08, 0xA5, 0x08, 0xC5, 0x08, 0xC6, 0x08, 0xE6, 0x08, 0x07, 0x09, 0x07, 0x09, 0x28,
    0x09, 0x29, 0x11, 0x49, 0x11, 0x6A, 0x11, 0x8B, 0x11, 0x8A, 0x11, 0x95, 0x22, 0x5C, 0x2B, 0x3A, 0x2B, 0x3B, 0x2B,
    0x3B, 0x2B, 0x3B, 0x2B, 0x3B, 0x2B, 0x3B, 0x2B, 0x3B, 0x2B, 0x3B, 0x2B, 0x3B, 0x2B, 0x3B, 0x2B, 0x3B, 0x2B, 0x3B,
    0x2B, 0x3B, 0x2B, 0x3B, 0x2B, 0x3B, 0x2B, 0x3B, 0x2B, 0x3B, 0x2B, 0x3B, 0x2B, 0x3B, 0x2B, 0x3B, 0x2B, 0x3B, 0x2B,
    0x3B, 0x2B, 0x3B, 0x2B, 0x3B, 0x2B, 0x3B, 0x2B, 0x3B, 0x2B, 0x3B, 0x2B, 0x3B, 0x2B, 0x3B, 0x2B, 0x3B, 0x2B, 0x3B,
    0x2B, 0x3B, 0x2B, 0x3B, 0x2B, 0x3B, 0x2B, 0x3B, 0x2B, 0x3B, 0x2B, 0x3B, 0x2B, 0x3B, 0x2B, 0x3B, 0x2B, 0x3B, 0x2B,
    0x3B, 0x2B, 0x3B, 0x2B, 0x3B, 0x2B, 0x3B, 0x2B, 0x3B, 0x2B, 0x3B, 0x2B, 0x3B, 0x2B, 0x3B, 0x2B, 0x3B, 0x2B, 0x3B,
    0x2B, 0x3B, 0x2B, 0x3B, 0x2B, 0x3B, 0x2B, 0x3B, 0x2B, 0x3B, 0x2B, 0x3B, 0x2B, 0x3B, 0x2B, 0x3B, 0x2B, 0x3B, 0x2B,
    0x3B, 0x2B, 0x3B, 0x2B, 0x3B, 0x2B, 0x3B, 0x2B, 0x3B, 0x2B, 0x3B, 0x2B, 0x3B, 0x2B, 0x3B, 0x2B, 0x3B, 0x2B, 0x3B,
    0x2B, 0x3B, 0x2B, 0x3B, 0x2B, 0x3B, 0x2B, 0x3B, 0x2B, 0x3B, 0x2B, 0x3B, 0x2B, 0x3B, 0x2B, 0x3B, 0x2B, 0x3B, 0x2B,
    0x3B, 0x2B, 0x3B, 0x2B, 0x3B, 0x2B, 0x3B, 0x2B, 0x3B, 0x2B, 0x3B, 0x2B, 0x3B, 0x2B, 0x3B, 0x2B, 0x3B, 0x2B, 0x3B,
    0x2B, 0x3B, 0x2B, 0x3B, 0x2B, 0x3B, 0x2B, 0x3B, 0x2B, 0x3B, 0x2B, 0x3B, 0x2B, 0x3B, 0x2B, 0x3B, 0x2B, 0x3B, 0x2B,
    0x3B, 0x2B, 0x3B, 0x2B, 0x3B, 0x2B, 0x3B, 0x2B, 0x3B, 0x2B, 0x3B, 0x2B, 0x3B, 0x2B, 0x3B, 0x2B, 0x3B, 0x2B, 0x3B,
    0x2B, 0x3B, 0x2B, 0x3B, 0x2B, 0x3B, 0x2B, 0x3B, 0x2B, 0x3B, 0x2B, 0x3B, 0x2B, 0x3B, 0x2B, 0x3B, 0x2B, 0x3B, 0x2B,
    0x3B, 0x2B, 0x3B, 0x2B, 0x3B, 0x2B, 0x3A, 0x2B, 0x5C, 0x2B, 0x95, 0x22, 0x8A, 0x11, 0x8B, 0x11, 0x6A, 0x11, 0x49,
    0x11, 0x29, 0x11, 0x28, 0x09, 0x07, 0x09, 0x07, 0x09, 0xE6, 0x08, 0xC6, 0x08, 0xC5, 0x08, 0xA5, 0x08, 0xA4, 0x08,
    0x84, 0x00, 0x83, 0x00, 0x63, 0x00, 0x62, 0x00, 0x42, 0x00, 0x42, 0x00, 0x41, 0x00, 0x21, 0x00, 0x21, 0x00, 0x21,
    0x00, 0x20, 0x00, 0x00, 0x00, 0x00, 0x00, 0x00, 0x00, 0x00, 0x00, 0x00, 0x00, 0x00, 0x00, 0x00, 0x00, 0x00, 0x00,
    0x00, 0x00, 0x00, 0x00, 0x00, 0x00, 0x00, 0x00, 0x00, 0x00, 0x00, 0x00, 0x00, 0x00, 0x00, 0x00, 0x00, 0x00, 0x00,
    0x00, 0x00, 0x00, 0x00, 0x00, 0x00, 0x00, 0x00, 0x00, 0x00, 0x00, 0x00, 0x00, 0x00, 0x00, 0x00, 0x00, 0x00, 0x00,
    0x00, 0x00, 0x00, 0x00, 0x21, 0x00, 0x21, 0x00, 0x21, 0x00, 0x21, 0x00, 0x42, 0x00, 0x42, 0x00, 0x42, 0x00, 0x62,
    0x00, 0x63, 0x00, 0x83, 0x00, 0x84, 0x00, 0xA4, 0x08, 0xA5, 0x08, 0xC5, 0x08, 0xC6, 0x08, 0xE6, 0x08, 0x07, 0x09,
    0x07, 0x09, 0x28, 0x09, 0x49, 0x11, 0x49, 0x11, 0x6A, 0x11, 0x8A, 0x11, 0x8A, 0x11, 0x95, 0x22, 0x5C, 0x2B, 0x3B,
    0x2B, 0x3B, 0x2B, 0x3B, 0x2B, 0x3B, 0x2B, 0x3B, 0x2B, 0x3B, 0x2B, 0x3B, 0x2B, 0x3B, 0x2B, 0x3B, 0x2B, 0x3B, 0x2B,
    0x3B, 0x2B, 0x3B, 0x2B, 0x3B, 0x2B, 0x3B, 0x2B, 0x3B, 0x2B, 0x3B, 0x2B, 0x3B, 0x2B, 0x3B, 0x2B, 0x3B, 0x2B, 0x3B,
    0x2B, 0x3B, 0x2B, 0x3B, 0x2B, 0x3B, 0x2B, 0x3B, 0x2B, 0x3B, 0x2B, 0x3B, 0x2B, 0x3B, 0x2B, 0x3B, 0x2B, 0x3B, 0x2B,
    0x3B, 0x2B, 0x3B, 0x2B, 0x3B, 0x2B, 0x3B, 0x2B, 0x3B, 0x2B, 0x3B, 0x2B, 0x3B, 0x2B, 0x3B, 0x2B, 0x3B, 0x2B, 0x3B,
    0x2B, 0x3B, 0x2B, 0x3B, 0x2B, 0x3B, 0x2B, 0x3B, 0x2B, 0x3B, 0x2B, 0x3B, 0x2B, 0x3B, 0x2B, 0x3B, 0x2B, 0x3B, 0x2B,
    0x3B, 0x2B, 0x3B, 0x2B, 0x3B, 0x2B, 0x3B, 0x2B, 0x3B, 0x2B, 0x3B, 0x2B, 0x3B, 0x2B, 0x3B, 0x2B, 0x3B, 0x2B, 0x3B,
    0x2B, 0x3B, 0x2B, 0x3B, 0x2B, 0x3B, 0x2B, 0x3B, 0x2B, 0x3B, 0x2B, 0x3B, 0x2B, 0x3B, 0x2B, 0x3B, 0x2B, 0x3B, 0x2B,
    0x3B, 0x2B, 0x3B, 0x2B, 0x3B, 0x2B, 0x3B, 0x2B, 0x3B, 0x2B, 0x3B, 0x2B, 0x3B, 0x2B, 0x3B, 0x2B, 0x3B, 0x2B, 0x3B,
    0x2B, 0x3B, 0x2B, 0x3B, 0x2B, 0x3B, 0x2B, 0x3B, 0x2B, 0x3B, 0x2B, 0x3B, 0x2B, 0x3B, 0x2B, 0x3B, 0x2B, 0x3B, 0x2B,
    0x3B, 0x2B, 0x3B, 0x2B, 0x3B, 0x2B, 0x3B, 0x2B, 0x3B, 0x2B, 0x3B, 0x2B, 0x3B, 0x2B, 0x3B, 0x2B, 0x3B, 0x2B, 0x3B,
    0x2B, 0x3B, 0x2B, 0x3B, 0x2B, 0x3B, 0x2B, 0x3B, 0x2B, 0x3B, 0x2B, 0x3B, 0x2B, 0x3B, 0x2B, 0x3B, 0x2B, 0x3B, 0x2B,
    0x3B, 0x2B, 0x3B, 0x2B, 0x3B, 0x2B, 0x3B, 0x2B, 0x3B, 0x2B, 0x3B, 0x2B, 0x3B, 0x2B, 0x3B, 0x2B, 0x3B, 0x2B, 0x3B,
    0x2B, 0x3B, 0x2B, 0x3B, 0x2B, 0x3B, 0x2B, 0x5C, 0x2B, 0x95, 0x22, 0x8A, 0x11, 0x8A, 0x11, 0x6A, 0x11, 0x49, 0x11,
    0x49, 0x11, 0x28, 0x09, 0x07, 0x09, 0x07, 0x09, 0xE6, 0x08, 0xC6, 0x08, 0xC5, 0x08, 0xA5, 0x08, 0xA4, 0x08, 0x84,
    0x00, 0x83, 0x00, 0x63, 0x00, 0x62, 0x00, 0x42, 0x00, 0x42, 0x00, 0x42, 0x00, 0x21, 0x00, 0x21, 0x00, 0x21, 0x00,
    0x21, 0x00, 0x00, 0x00, 0x00, 0x00, 0x00, 0x00, 0x00, 0x00, 0x00, 0x00, 0x00, 0x00, 0x00, 0x00, 0x00, 0x00, 0x00,
    0x00, 0x00, 0x00, 0x00, 0x00, 0x00, 0x00, 0x00, 0x00, 0x00, 0x00, 0x00, 0x00, 0x00, 0x00, 0x00, 0x00, 0x00, 0x00,
    0x00, 0x00, 0x00, 0x00, 0x00, 0x00, 0x00, 0x00, 0x00, 0x00, 0x00, 0x00, 0x00, 0x00, 0x00, 0x00, 0x00, 0x00, 0x00,
    0x00, 0x00, 0x00, 0x00, 0x00, 0x20, 0x00, 0x21, 0x00, 0x21, 0x00, 0x21, 0x00, 0x21, 0x00, 0x42, 0x00, 0x42, 0x00,
    0x42, 0x00, 0x63, 0x00, 0x63, 0x00, 0x83, 0x00, 0x84, 0x00, 0xA4, 0x08, 0xA5, 0x08, 0xC5, 0x08, 0xC6, 0x08, 0xE6,
    0x08, 0x07, 0x09, 0x07, 0x09, 0x28, 0x09, 0x49, 0x11, 0x49, 0x11, 0x6A, 0x11, 0x8A, 0x11, 0x8A, 0x11, 0x52, 0x1A,
    0x3B, 0x2B, 0x3B, 0x2B, 0x3A, 0x2B, 0x3B, 0x2B, 0x3B, 0x2B, 0x3B, 0x2B, 0x3B, 0x2B, 0x3B, 0x2B, 0x3B, 0x2B, 0x3B,
    0x2B, 0x3B, 0x2B, 0x3B, 0x2B, 0x3B, 0x2B, 0x3B, 0x2B, 0x3B, 0x2B, 0x3B, 0x2B, 0x3B, 0x2B, 0x3B, 0x2B, 0x3B, 0x2B,
    0x3B, 0x2B, 0x3B, 0x2B, 0x3B, 0x2B, 0x3B, 0x2B, 0x3B, 0x2B, 0x3B, 0x2B, 0x3B, 0x2B, 0x3B, 0x2B, 0x3B, 0x2B, 0x3B,
    0x2B, 0x3B, 0x2B, 0x3B, 0x2B, 0x3B, 0x2B, 0x3B, 0x2B, 0x3B, 0x2B, 0x3B, 0x2B, 0x3B, 0x2B, 0x3B, 0x2B, 0x3B, 0x2B,
    0x3B, 0x2B, 0x3B, 0x2B, 0x3B, 0x2B, 0x3B, 0x2B, 0x3B, 0x2B, 0x3B, 0x2B, 0x3B, 0x2B, 0x3B, 0x2B, 0x3B, 0x2B, 0x3B,
    0x2B, 0x3B, 0x2B, 0x3B, 0x2B, 0x3B, 0x2B, 0x3B, 0x2B, 0x3B, 0x2B, 0x3B, 0x2B, 0x3B, 0x2B, 0x3B, 0x2B, 0x3B, 0x2B,
    0x3B, 0x2B, 0x3B, 0x2B, 0x3B, 0x2B, 0x3B, 0x2B, 0x3B, 0x2B, 0x3B, 0x2B, 0x3B, 0x2B, 0x3B, 0x2B, 0x3B, 0x2B, 0x3B,
    0x2B, 0x3B, 0x2B, 0x3B, 0x2B, 0x3B, 0x2B, 0x3B, 0x2B, 0x3B, 0x2B, 0x3B, 0x2B, 0x3B, 0x2B, 0x3B, 0x2B, 0x3B, 0x2B,
    0x3B, 0x2B, 0x3B, 0x2B, 0x3B, 0x2B, 0x3B, 0x2B, 0x3B, 0x2B, 0x3B, 0x2B, 0x3B, 0x2B, 0x3B, 0x2B, 0x3B, 0x2B, 0x3B,
    0x2B, 0x3B, 0x2B, 0x3B, 0x2B, 0x3B, 0x2B, 0x3B, 0x2B, 0x3B, 0x2B, 0x3B, 0x2B, 0x3B, 0x2B, 0x3B, 0x2B, 0x3B, 0x2B,
    0x3B, 0x2B, 0x3B, 0x2B, 0x3B, 0x2B, 0x3B, 0x2B, 0x3B, 0x2B, 0x3B, 0x2B, 0x3B, 0x2B, 0x3B, 0x2B, 0x3B, 0x2B, 0x3B,
    0x2B, 0x3B, 0x2B, 0x3B, 0x2B, 0x3B, 0x2B, 0x3B, 0x2B, 0x3B, 0x2B, 0x3B, 0x2B, 0x3B, 0x2B, 0x3B, 0x2B, 0x3B, 0x2B,
    0x3B, 0x2B, 0x3A, 0x2B, 0x3B, 0x2B, 0x3B, 0x2B, 0x52, 0x1A, 0x8A, 0x11, 0x8A, 0x11, 0x6A, 0x11, 0x49, 0x11, 0x49,
    0x11, 0x28, 0x09, 0x07, 0x09, 0x07, 0x09, 0xE6, 0x08, 0xC6, 0x08, 0xC5, 0x08, 0xA5, 0x08, 0xA4, 0x08, 0x84, 0x00,
    0x83, 0x00, 0x63, 0x00, 0x63, 0x00, 0x42, 0x00, 0x42, 0x00, 0x42, 0x00, 0x21, 0x00, 0x21, 0x00, 0x21, 0x00, 0x21,
    0x00, 0x20, 0x00, 0x00, 0x00, 0x00, 0x00, 0x00, 0x00, 0x00, 0x00, 0x00, 0x00, 0x00, 0x00, 0x00, 0x00, 0x00, 0x00,
    0x00, 0x00, 0x00, 0x00, 0x00, 0x00, 0x00, 0x00, 0x00, 0x00, 0x00, 0x00, 0x00, 0x00, 0x00, 0x00, 0x00, 0x00, 0x00,
    0x00, 0x00, 0x00, 0x00, 0x00, 0x00, 0x00, 0x00, 0x00, 0x00, 0x00, 0x00, 0x00, 0x00, 0x00, 0x00, 0x00, 0x00, 0x00,
    0x00, 0x00, 0x00, 0x00, 0x00, 0x00, 0x20, 0x00, 0x20, 0x00, 0x21, 0x00, 0x21, 0x00, 0x21, 0x00, 0x41, 0x00, 0x42,
    0x00, 0x42, 0x00, 0x42, 0x00, 0x63, 0x00, 0x63, 0x00, 0x83, 0x00, 0x84, 0x00, 0xA4, 0x08, 0xA5, 0x08, 0xC5, 0x08,
    0xC6, 0x08, 0xE6, 0x08, 0x07, 0x09, 0x07, 0x09, 0x28, 0x09, 0x49, 0x11, 0x49, 0x11, 0x6A, 0x11, 0x6A, 0x11, 0x6A,
    0x11, 0x0F, 0x1A, 0x19, 0x2B, 0x5B, 0x2B, 0x3A, 0x2B, 0x3A, 0x2B, 0x3B, 0x2B, 0x3B, 0x2B, 0x3B, 0x2B, 0x3B, 0x2B,
    0x3B, 0x2B, 0x3B, 0x2B, 0x3B, 0x2B, 0x3B, 0x2B, 0x3B, 0x2B, 0x3B, 0x2B, 0x3B, 0x2B, 0x3B, 0x2B, 0x3B, 0x2B, 0x3B,
    0x2B, 0x3B, 0x2B, 0x3B, 0x2B, 0x3B, 0x2B, 0x3B, 0x2B, 0x3B, 0x2B, 0x3B, 0x2B, 0x3B, 0x2B, 0x3B, 0x2B, 0x3B, 0x2B,
    0x3B, 0x2B, 0x3B, 0x2B, 0x3B, 0x2B, 0x3B, 0x2B, 0x3B, 0x2B, 0x3B, 0x2B, 0x3B, 0x2B, 0x3B, 0x2B, 0x3B, 0x2B, 0x3B,
    0x2B, 0x3B, 0x2B, 0x3B, 0x2B, 0x3B, 0x2B, 0x3B, 0x2B, 0x3B, 0x2B, 0x3B, 0x2B, 0x3B, 0x2B, 0x3B, 0x2B, 0x3B, 0x2B,
    0x3B, 0x2B, 0x3B, 0x2B, 0x3B, 0x2B, 0x3B, 0x2B, 0x3B, 0x2B, 0x3B, 0x2B, 0x3B, 0x2B, 0x3B, 0x2B, 0x3B, 0x2B, 0x3B,
    0x2B, 0x3B, 0x2B, 0x3B, 0x2B, 0x3B, 0x2B, 0x3B, 0x2B, 0x3B, 0x2B, 0x3B, 0x2B, 0x3B, 0x2B, 0x3B, 0x2B, 0x3B, 0x2B,
    0x3B, 0x2B, 0x3B, 0x2B, 0x3B, 0x2B, 0x3B, 0x2B, 0x3B, 0x2B, 0x3B, 0x2B, 0x3B, 0x2B, 0x3B, 0x2B, 0x3B, 0x2B, 0x3B,
    0x2B, 0x3B, 0x2B, 0x3B, 0x2B, 0x3B, 0x2B, 0x3B, 0x2B, 0x3B, 0x2B, 0x3B, 0x2B, 0x3B, 0x2B, 0x3B, 0x2B, 0x3B, 0x2B,
    0x3B, 0x2B, 0x3B, 0x2B, 0x3B, 0x2B, 0x3B, 0x2B, 0x3B, 0x2B, 0x3B, 0x2B, 0x3B, 0x2B, 0x3B, 0x2B, 0x3B, 0x2B, 0x3B,
    0x2B, 0x3B, 0x2B, 0x3B, 0x2B, 0x3B, 0x2B, 0x3B, 0x2B, 0x3B, 0x2B, 0x3B, 0x2B, 0x3B, 0x2B, 0x3B, 0x2B, 0x3B, 0x2B,
    0x3B, 0x2B, 0x3B, 0x2B, 0x3B, 0x2B, 0x3B, 0x2B, 0x3B, 0x2B, 0x3B, 0x2B, 0x3B, 0x2B, 0x3B, 0x2B, 0x3B, 0x2B, 0x3A,
    0x2B, 0x3A, 0x2B, 0x5B, 0x2B, 0x19, 0x2B, 0x0F, 0x1A, 0x6A, 0x11, 0x6A, 0x11, 0x6A, 0x11, 0x49, 0x11, 0x49, 0x11,
    0x28, 0x09, 0x07, 0x09, 0x07, 0x09, 0xE6, 0x08, 0xC6, 0x08, 0xC5, 0x08, 0xA5, 0x08, 0xA4, 0x08, 0x84, 0x00, 0x83,
    0x00, 0x63, 0x00, 0x63, 0x00, 0x42, 0x00, 0x42, 0x00, 0x42, 0x00, 0x41, 0x00, 0x21, 0x00, 0x21, 0x00, 0x21, 0x00,
    0x20, 0x00, 0x20, 0x00, 0x00, 0x00, 0x00, 0x00, 0x00, 0x00, 0x00, 0x00, 0x00, 0x00, 0x00, 0x00, 0x00, 0x00, 0x00,
    0x00, 0x00, 0x00, 0x00, 0x00, 0x00, 0x00, 0x00, 0x00, 0x00, 0x00, 0x00, 0x00, 0x00, 0x00, 0x00, 0x00, 0x00, 0x00,
    0x00, 0x00, 0x00, 0x00, 0x00, 0x00, 0x00, 0x00, 0x00, 0x00, 0x00, 0x00, 0x00, 0x00, 0x00, 0x00, 0x00, 0x00, 0x00,
    0x00, 0x00, 0x00, 0x00, 0x00, 0x00, 0x00, 0x00, 0x00, 0x20, 0x00, 0x21, 0x00, 0x21, 0x00, 0x21, 0x00, 0x21, 0x00,
    0x41, 0x00, 0x42, 0x00, 0x42, 0x00, 0x62, 0x00, 0x63, 0x00, 0x83, 0x00, 0x83, 0x00, 0x84, 0x00, 0xA4, 0x08, 0xA5,
    0x08, 0xC5, 0x08, 0xE6, 0x08, 0xE6, 0x08, 0x07, 0x09, 0x07, 0x09, 0x28, 0x09, 0x29, 0x11, 0x49, 0x11, 0x6A, 0x11,
    0x6A, 0x11, 0x6A, 0x11, 0xAC, 0x11, 0xB7, 0x22, 0x5C, 0x2B, 0x3B, 0x2B, 0x1A, 0x2B, 0x3B, 0x2B, 0x3B, 0x2B, 0x3B,
    0x2B, 0x3B, 0x2B, 0x3B, 0x2B, 0x3B, 0x2B, 0x3B, 0x2B, 0x3B, 0x2B, 0x3B, 0x2B, 0x3B, 0x2B, 0x3B, 0x2B, 0x3B, 0x2B,
    0x3B, 0x2B, 0x3B, 0x2B, 0x3B, 0x2B, 0x3B, 0x2B, 0x3B, 0x2B, 0x3B, 0x2B, 0x3B, 0x2B, 0x3B, 0x2B, 0x3B, 0x2B, 0x3B,
    0x2B, 0x3B, 0x2B, 0x3B, 0x2B, 0x3B, 0x2B, 0x3B, 0x2B, 0x3B, 0x2B, 0x3B, 0x2B, 0x3B, 0x2B, 0x3B, 0x2B, 0x3B, 0x2B,
    0x3B, 0x2B, 0x3B, 0x2B, 0x3B, 0x2B, 0x3B, 0x2B, 0x3B, 0x2B, 0x3B, 0x2B, 0x3B, 0x2B, 0x3B, 0x2B, 0x3B, 0x2B, 0x3B,
    0x2B, 0x3B, 0x2B, 0x3B, 0x2B, 0x3B, 0x2B, 0x3B, 0x2B, 0x3B, 0x2B, 0x3B, 0x2B, 0x3B, 0x2B, 0x3B, 0x2B, 0x3B, 0x2B,
    0x3B, 0x2B, 0x3B, 0x2B, 0x3B, 0x2B, 0x3B, 0x2B, 0x3B, 0x2B, 0x3B, 0x2B, 0x3B, 0x2B, 0x3B, 0x2B, 0x3B, 0x2B, 0x3B,
    0x2B, 0x3B, 0x2B, 0x3B, 0x2B, 0x3B, 0x2B, 0x3B, 0x2B, 0x3B, 0x2B, 0x3B, 0x2B, 0x3B, 0x2B, 0x3B, 0x2B, 0x3B, 0x2B,
    0x3B, 0x2B, 0x3B, 0x2B, 0x3B, 0x2B, 0x3B, 0x2B, 0x3B, 0x2B, 0x3B, 0x2B, 0x3B, 0x2B, 0x3B, 0x2B, 0x3B, 0x2B, 0x3B,
    0x2B, 0x3B, 0x2B, 0x3B, 0x2B, 0x3B, 0x2B, 0x3B, 0x2B, 0x3B, 0x2B, 0x3B, 0x2B, 0x3B, 0x2B, 0x3B, 0x2B, 0x3B, 0x2B,
    0x3B, 0x2B, 0x3B, 0x2B, 0x3B, 0x2B, 0x3B, 0x2B, 0x3B, 0x2B, 0x3B, 0x2B, 0x3B, 0x2B, 0x3B, 0x2B, 0x3B, 0x2B, 0x3B,
    0x2B, 0x3B, 0x2B, 0x3B, 0x2B, 0x3B, 0x2B, 0x3B, 0x2B, 0x3B, 0x2B, 0x3B, 0x2B, 0x3B, 0x2B, 0x3B, 0x2B, 0x1A, 0x2B,
    0x3B, 0x2B, 0x5C, 0x2B, 0xB7, 0x22, 0xAC, 0x11, 0x6A, 0x11, 0x6A, 0x11, 0x6A, 0x11, 0x49, 0x11, 0x29, 0x11, 0x28,
    0x09, 0x07, 0x09, 0x07, 0x09, 0xE6, 0x08, 0xE6, 0x08, 0xC5, 0x08, 0xA5, 0x08, 0xA4, 0x08, 0x84, 0x00, 0x83, 0x00,
    0x83, 0x00, 0x63, 0x00, 0x62, 0x00, 0x42, 0x00, 0x42, 0x00, 0x41, 0x00, 0x21, 0x00, 0x21, 0x00, 0x21, 0x00, 0x21,
    0x00, 0x20, 0x00, 0x00, 0x00, 0x00, 0x00, 0x00, 0x00, 0x00, 0x00, 0x00, 0x00, 0x00, 0x00, 0x00, 0x00, 0x00, 0x00,
    0x00, 0x00, 0x00, 0x00, 0x00, 0x00, 0x00, 0x00, 0x00, 0x00, 0x00, 0x00, 0x00, 0x00, 0x00, 0x00, 0x00, 0x00, 0x00,
    0x00, 0x00, 0x00, 0x00, 0x00, 0x00, 0x00, 0x00, 0x00, 0x00, 0x00, 0x00, 0x00, 0x00, 0x00, 0x00, 0x00, 0x00, 0x00,
    0x00, 0x00, 0x00, 0x00, 0x00, 0x00, 0x00, 0x00, 0x00, 0x00, 0x00, 0x00, 0x20, 0x00, 0x21, 0x00, 0x21, 0x00, 0x21,
    0x00, 0x21, 0x00, 0x42, 0x00, 0x42, 0x00, 0x42, 0x00, 0x62, 0x00, 0x63, 0x00, 0x83, 0x00, 0x84, 0x00, 0x84, 0x00,
    0xA4, 0x08, 0xA5, 0x08, 0xC5, 0x08, 0xE6, 0x08, 0xE6, 0x08, 0x07, 0x09, 0x07, 0x09, 0x28, 0x09, 0x28, 0x11, 0x49,
    0x11, 0x49, 0x11, 0x6A, 0x11, 0x6A, 0x11, 0x8A, 0x11, 0x52, 0x1A, 0x1A, 0x2B, 0x3B, 0x2B, 0x1A, 0x2B, 0x1A, 0x2B,
    0x1A, 0x2B, 0x1B, 0x2B, 0x1A, 0x2B, 0x1B, 0x2B, 0x1B, 0x2B, 0x1B, 0x2B, 0x1B, 0x2B, 0x1B, 0x2B, 0x1B, 0x2B, 0x1B,
    0x2B, 0x1B, 0x2B, 0x1B, 0x2B, 0x1B, 0x2B, 0x1B, 0x2B, 0x1B, 0x2B, 0x1B, 0x2B, 0x1B, 0x2B, 0x1B, 0x2B, 0x1B, 0x2B,
    0x1B, 0x2B, 0x1B, 0x2B, 0x1B, 0x2B, 0x1B, 0x2B, 0x1B, 0x2B, 0x1B, 0x2B, 0x1B, 0x2B, 0x1B, 0x2B, 0x1B, 0x2B, 0x1B,
    0x2B, 0x1B, 0x2B, 0x1B, 0x2B, 0x1B, 0x2B, 0x1B, 0x2B, 0x1B, 0x2B, 0x1B, 0x2B, 0x1B, 0x2B, 0x1B, 0x2B, 0x1B, 0x2B,
    0x1B, 0x2B, 0x1B, 0x2B, 0x1B, 0x2B, 0x1B, 0x2B, 0x1B, 0x2B, 0x1B, 0x2B, 0x1B, 0x2B, 0x1B, 0x2B, 0x1B, 0x2B, 0x1B,
    0x2B, 0x1B, 0x2B, 0x1B, 0x2B, 0x1B, 0x2B, 0x1B, 0x2B, 0x1B, 0x2B, 0x1B, 0x2B, 0x1B, 0x2B, 0x1B, 0x2B, 0x1B, 0x2B,
    0x1B, 0x2B, 0x1B, 0x2B, 0x1B, 0x2B, 0x1B, 0x2B, 0x1B, 0x2B, 0x1B, 0x2B, 0x1B, 0x2B, 0x1B, 0x2B, 0x1B, 0x2B, 0x1B,
    0x2B, 0x1B, 0x2B, 0x1B, 0x2B, 0x1B, 0x2B, 0x1B, 0x2B, 0x1B, 0x2B, 0x1B, 0x2B, 0x1B, 0x2B, 0x1B, 0x2B, 0x1B, 0x2B,
    0x1B, 0x2B, 0x1B, 0x2B, 0x1B, 0x2B, 0x1B, 0x2B, 0x1B, 0x2B, 0x1B, 0x2B, 0x1B, 0x2B, 0x1B, 0x2B, 0x1B, 0x2B, 0x1B,
    0x2B, 0x1B, 0x2B, 0x1B, 0x2B, 0x1B, 0x2B, 0x1B, 0x2B, 0x1B, 0x2B, 0x1B, 0x2B, 0x1B, 0x2B, 0x1B, 0x2B, 0x1B, 0x2B,
    0x1B, 0x2B, 0x1B, 0x2B, 0x1B, 0x2B, 0x1B, 0x2B, 0x1A, 0x2B, 0x1B, 0x2B, 0x1A, 0x2B, 0x1A, 0x2B, 0x1A, 0x2B, 0x3B,
    0x2B, 0x1A, 0x2B, 0x52, 0x1A, 0x8A, 0x11, 0x6A, 0x11, 0x6A, 0x11, 0x49, 0x11, 0x49, 0x11, 0x28, 0x11, 0x28, 0x09,
    0x07, 0x09, 0x07, 0x09, 0xE6, 0x08, 0xE6, 0x08, 0xC5, 0x08, 0xA5, 0x08, 0xA4, 0x08, 0x84, 0x00, 0x84, 0x00, 0x83,
    0x00, 0x63, 0x00, 0x62, 0x00, 0x42, 0x00, 0x42, 0x00, 0x42, 0x00, 0x21, 0x00, 0x21, 0x00, 0x21, 0x00, 0x21, 0x00,
    0x20, 0x00, 0x00, 0x00, 0x00, 0x00, 0x00, 0x00, 0x00, 0x00, 0x00, 0x00, 0x00, 0x00, 0x00, 0x00, 0x00, 0x00, 0x00,
    0x00, 0x00, 0x00, 0x00, 0x00, 0x00, 0x00, 0x00, 0x00, 0x00, 0x00, 0x00, 0x00, 0x00, 0x00, 0x00, 0x00, 0x00, 0x00,
    0x00, 0x00, 0x00, 0x00, 0x00, 0x00, 0x00, 0x00, 0x00, 0x00, 0x00, 0x00, 0x00, 0x00, 0x00, 0x00, 0x00, 0x00, 0x00,
    0x00, 0x00, 0x00, 0x00, 0x00, 0x00, 0x00, 0x00, 0x00, 0x00, 0x00, 0x00, 0x00, 0x00, 0x00, 0x20, 0x00, 0x21, 0x00,
    0x21, 0x00, 0x21, 0x00, 0x21, 0x00, 0x42, 0x00, 0x42, 0x00, 0x42, 0x00, 0x62, 0x00, 0x63, 0x00, 0x83, 0x00, 0x84,
    0x00, 0x84, 0x00, 0xA4, 0x08, 0xA5, 0x08, 0xC5, 0x08, 0xC6, 0x08, 0xE6, 0x08, 0x07, 0x09, 0x07, 0x09, 0x28, 0x09,
    0x28, 0x11, 0x49, 0x11, 0x49, 0x11, 0x6A, 0x11, 0x6A, 0x11, 0x6A, 0x11, 0xCD, 0x19, 0xB6, 0x22, 0x3B, 0x2B, 0x3B,
    0x2B, 0x1A, 0x2B, 0x1A, 0x2B, 0x1A, 0x2B, 0x1A, 0x2B, 0x1A, 0x2B, 0x1A, 0x2B, 0x1A, 0x2B, 0x1A, 0x2B, 0x1A, 0x2B,
    0x1A, 0x2B, 0x1A, 0x2B, 0x1A, 0x2B, 0x1A, 0x2B, 0x1A, 0x2B, 0x1A, 0x2B, 0x1A, 0x2B, 0x1A, 0x2B, 0x1A, 0x2B, 0x1A,
    0x2B, 0x1A, 0x2B, 0x1A, 0x2B, 0x1A, 0x2B, 0x1A, 0x2B, 0x1A, 0x2B, 0x1A, 0x2B, 0x1A, 0x2B, 0x1A, 0x2B, 0x1A, 0x2B,
    0x1A, 0x2B, 0x1A, 0x2B, 0x1A, 0x2B, 0x1A, 0x2B, 0x1A, 0x2B, 0x1A, 0x2B, 0x1A, 0x2B, 0x1A, 0x2B, 0x1A, 0x2B, 0x1A,
    0x2B, 0x1A, 0x2B, 0x1A, 0x2B, 0x1A, 0x2B, 0x1A, 0x2B, 0x1A, 0x2B, 0x1A, 0x2B, 0x1A, 0x2B, 0x1A, 0x2B, 0x1A, 0x2B,
    0x1A, 0x2B, 0x1A, 0x2B, 0x1A, 0x2B, 0x1A, 0x2B, 0x1A, 0x2B, 0x1A, 0x2B, 0x1A, 0x2B, 0x1A, 0x2B, 0x1A, 0x2B, 0x1A,
    0x2B, 0x1A, 0x2B, 0x1A, 0x2B, 0x1A, 0x2B, 0x1A, 0x2B, 0x1A, 0x2B, 0x1A, 0x2B, 0x1A, 0x2B, 0x1A, 0x2B, 0x1A, 0x2B,
    0x1A, 0x2B, 0x1A, 0x2B, 0x1A, 0x2B, 0x1A, 0x2B, 0x1A, 0x2B, 0x1A, 0x2B, 0x1A, 0x2B, 0x1A, 0x2B, 0x1A, 0x2B, 0x1A,
    0x2B, 0x1A, 0x2B, 0x1A, 0x2B, 0x1A, 0x2B, 0x1A, 0x2B, 0x1A, 0x2B, 0x1A, 0x2B, 0x1A, 0x2B, 0x1A, 0x2B, 0x1A, 0x2B,
    0x1A, 0x2B, 0x1A, 0x2B, 0x1A, 0x2B, 0x1A, 0x2B, 0x1A, 0x2B, 0x1A, 0x2B, 0x1A, 0x2B, 0x1A, 0x2B, 0x1A, 0x2B, 0x1A,
    0x2B, 0x1A, 0x2B, 0x1A, 0x2B, 0x1A, 0x2B, 0x1A, 0x2B, 0x1A, 0x2B, 0x1A, 0x2B, 0x1A, 0x2B, 0x3B, 0x2B, 0x3B, 0x2B,
    0xB6, 0x22, 0xCD, 0x19, 0x6A, 0x11, 0x6A, 0x11, 0x6A, 0x11, 0x49, 0x11, 0x49, 0x11, 0x28, 0x11, 0x28, 0x09, 0x07,
    0x09, 0x07, 0x09, 0xE6, 0x08, 0xC6, 0x08, 0xC5, 0x08, 0xA5, 0x08, 0xA4, 0x08, 0x84, 0x00, 0x84, 0x00, 0x83, 0x00,
    0x63, 0x00, 0x62, 0x00, 0x42, 0x00, 0x42, 0x00, 0x42, 0x00, 0x21, 0x00, 0x21, 0x00, 0x21, 0x00, 0x21, 0x00, 0x20,
    0x00, 0x00, 0x00, 0x00, 0x00, 0x00, 0x00, 0x00, 0x00, 0x00, 0x00, 0x00, 0x00, 0x00, 0x00, 0x00, 0x00, 0x00, 0x00,
    0x00, 0x00, 0x00, 0x00, 0x00, 0x00, 0x00, 0x00, 0x00, 0x00, 0x00, 0x00, 0x00, 0x00, 0x00, 0x00, 0x00, 0x00, 0x00,
    0x00, 0x00, 0x00, 0x00, 0x00, 0x00, 0x00, 0x00, 0x00, 0x00, 0x00, 0x00, 0x00, 0x00, 0x00, 0x00, 0x00, 0x00, 0x00,
    0x00, 0x00, 0x00, 0x00, 0x00, 0x00, 0x00, 0x00, 0x00, 0x00, 0x00, 0x00, 0x00, 0x00, 0x00, 0x00, 0x00, 0x00, 0x20,
    0x00, 0x21, 0x00, 0x21, 0x00, 0x21, 0x00, 0x21, 0x00, 0x42, 0x00, 0x42, 0x00, 0x42, 0x00, 0x62, 0x00, 0x63, 0x00,
    0x83, 0x00, 0x84, 0x00, 0x84, 0x00, 0xA4, 0x08, 0xA5, 0x08, 0xC5, 0x08, 0xC6, 0x08, 0xE6, 0x08, 0xE7, 0x08, 0x07,
    0x09, 0x08, 0x09, 0x28, 0x11, 0x29, 0x11, 0x49, 0x11, 0x6A, 0x11, 0x6A, 0x11, 0x6A, 0x11, 0x8A, 0x11, 0x0F, 0x1A,
    0xB7, 0x22, 0x3B, 0x2B, 0x3B, 0x2B, 0x1A, 0x2B, 0x1A, 0x2B, 0x1A, 0x2B, 0x1A, 0x2B, 0x1A, 0x2B, 0x1A, 0x2B, 0x1A,
    0x2B, 0x1A, 0x2B, 0x1A, 0x2B, 0x1A, 0x2B, 0x1A, 0x2B, 0x1A, 0x2B, 0x1A, 0x2B, 0x1A, 0x2B, 0x1A, 0x2B, 0x1A, 0x2B,
    0x1A, 0x2B, 0x1A, 0x2B, 0x1A, 0x2B, 0x1A, 0x2B, 0x1A, 0x2B, 0x1A, 0x2B, 0x1A, 0x2B, 0x1A, 0x2B, 0x1A, 0x2B, 0x1A,
    0x2B, 0x1A, 0x2B, 0x1A, 0x2B, 0x1A, 0x2B, 0x1A, 0x2B, 0x1A, 0x2B, 0x1A, 0x2B, 0x1A, 0x2B, 0x1A, 0x2B, 0x1A, 0x2B,
    0x1A, 0x2B, 0x1A, 0x2B, 0x1A, 0x2B, 0x1A, 0x2B, 0x1A, 0x2B, 0x1A, 0x2B, 0x1A, 0x2B, 0x1A, 0x2B, 0x1A, 0x2B, 0x1A,
    0x2B, 0x1A, 0x2B, 0x1A, 0x2B, 0x1A, 0x2B, 0x1A, 0x2B, 0x1A, 0x2B, 0x1A, 0x2B, 0x1A, 0x2B, 0x1A, 0x2B, 0x1A, 0x2B,
    0x1A, 0x2B, 0x1A, 0x2B, 0x1A, 0x2B, 0x1A, 0x2B, 0x1A, 0x2B, 0x1A, 0x2B, 0x1A, 0x2B, 0x1A, 0x2B, 0x1A, 0x2B, 0x1A,
    0x2B, 0x1A, 0x2B, 0x1A, 0x2B, 0x1A, 0x2B, 0x1A, 0x2B, 0x1A, 0x2B, 0x1A, 0x2B, 0x1A, 0x2B, 0x1A, 0x2B, 0x1A, 0x2B,
    0x1A, 0x2B, 0x1A, 0x2B, 0x1A, 0x2B, 0x1A, 0x2B, 0x1A, 0x2B, 0x1A, 0x2B, 0x1A, 0x2B, 0x1A, 0x2B, 0x1A, 0x2B, 0x1A,
    0x2B, 0x1A, 0x2B, 0x1A, 0x2B, 0x1A, 0x2B, 0x1A, 0x2B, 0x1A, 0x2B, 0x1A, 0x2B, 0x1A, 0x2B, 0x1A, 0x2B, 0x1A, 0x2B,
    0x1A, 0x2B, 0x1A, 0x2B, 0x1A, 0x2B, 0x1A, 0x2B, 0x1A, 0x2B, 0x1A, 0x2B, 0x3B, 0x2B, 0x3B, 0x2B, 0xB7, 0x22, 0x0F,
    0x1A, 0x8A, 0x11, 0x6A, 0x11, 0x6A, 0x11, 0x6A, 0x11, 0x49, 0x11, 0x29, 0x11, 0x28, 0x11, 0x08, 0x09, 0x07, 0x09,
    0xE7, 0x08, 0xE6, 0x08, 0xC6, 0x08, 0xC5, 0x08, 0xA5, 0x08, 0xA4, 0x08, 0x84, 0x00, 0x84, 0x00, 0x83, 0x00, 0x63,
    0x00, 0x62, 0x00, 0x42, 0x00, 0x42, 0x00, 0x42, 0x00, 0x21, 0x00, 0x21, 0x00, 0x21, 0x00, 0x21, 0x00, 0x20, 0x00,
    0x00, 0x00, 0x00, 0x00, 0x00, 0x00, 0x00, 0x00, 0x00, 0x00, 0x00, 0x00, 0x00, 0x00, 0x00, 0x00, 0x00, 0x00, 0x00,
    0x00, 0x00, 0x00, 0x00, 0x00, 0x00, 0x00, 0x00, 0x00, 0x00, 0x00, 0x00, 0x00, 0x00, 0x00, 0x00, 0x00, 0x00, 0x00,
    0x00, 0x00, 0x00, 0x00, 0x00, 0x00, 0x00, 0x00, 0x00, 0x00, 0x00, 0x00, 0x00, 0x00, 0x00, 0x00, 0x00, 0x00, 0x00,
    0x00, 0x00, 0x00, 0x00, 0x00, 0x00, 0x00, 0x00, 0x00, 0x00, 0x00, 0x00, 0x00, 0x00, 0x00, 0x00, 0x00, 0x00, 0x00,
    0x00, 0x00, 0x21, 0x00, 0x21, 0x00, 0x21, 0x00, 0x21, 0x00, 0x41, 0x00, 0x42, 0x00, 0x42, 0x00, 0x42, 0x00, 0x62,
    0x00, 0x63, 0x00, 0x83, 0x00, 0x84, 0x00, 0x84, 0x00, 0xA4, 0x08, 0xA5, 0x08, 0xC5, 0x08, 0xC6, 0x08, 0xE6, 0x08,
    0xE7, 0x08, 0x07, 0x09, 0x07, 0x09, 0x28, 0x09, 0x28, 0x11, 0x49, 0x11, 0x49, 0x11, 0x6A, 0x11, 0x6A, 0x11, 0x6A,
    0x11, 0x8B, 0x11, 0x0F, 0x1A, 0xB7, 0x22, 0x3B, 0x2B, 0x3B, 0x2B, 0x1B, 0x2B, 0x1A, 0x2B, 0x1A, 0x2B, 0x1A, 0x2B,
    0x1A, 0x2B, 0x1A, 0x2B, 0x1A, 0x2B, 0x1A, 0x2B, 0x1A, 0x2B, 0x1A, 0x2B, 0x1A, 0x2B, 0x1A, 0x2B, 0x1A, 0x2B, 0x1A,
    0x2B, 0x1A, 0x2B, 0x1A, 0x2B, 0x1A, 0x2B, 0x1A, 0x2B, 0x1A, 0x2B, 0x1A, 0x2B, 0x1A, 0x2B, 0x1A, 0x2B, 0x1A, 0x2B,
    0x1A, 0x2B, 0x1A, 0x2B, 0x1A, 0x2B, 0x1A, 0x2B, 0x1A, 0x2B, 0x1A, 0x2B, 0x1A, 0x2B, 0x1A, 0x2B, 0x1A, 0x2B, 0x1A,
    0x2B, 0x1A, 0x2B, 0x1A, 0x2B, 0x1A, 0x2B, 0x1A, 0x2B, 0x1A, 0x2B, 0x1A, 0x2B, 0x1A, 0x2B, 0x1A, 0x2B, 0x1A, 0x2B,
    0x1A, 0x2B, 0x1A, 0x2B, 0x1A, 0x2B, 0x1A, 0x2B, 0x1A, 0x2B, 0x1A, 0x2B, 0x1A, 0x2B, 0x1A, 0x2B, 0x1A, 0x2B, 0x1A,
    0x2B, 0x1A, 0x2B, 0x1A, 0x2B, 0x1A, 0x2B, 0x1A, 0x2B, 0x1A, 0x2B, 0x1A, 0x2B, 0x1A, 0x2B, 0x1A, 0x2B, 0x1A, 0x2B,
    0x1A, 0x2B, 0x1A, 0x2B, 0x1A, 0x2B, 0x1A, 0x2B, 0x1A, 0x2B, 0x1A, 0x2B, 0x1A, 0x2B, 0x1A, 0x2B, 0x1A, 0x2B, 0x1A,
    0x2B, 0x1A, 0x2B, 0x1A, 0x2B, 0x1A, 0x2B, 0x1A, 0x2B, 0x1A, 0x2B, 0x1A, 0x2B, 0x1A, 0x2B, 0x1A, 0x2B, 0x1A, 0x2B,
    0x1A, 0x2B, 0x1A, 0x2B, 0x1A, 0x2B, 0x1A, 0x2B, 0x1A, 0x2B, 0x1A, 0x2B, 0x1A, 0x2B, 0x1A, 0x2B, 0x1A, 0x2B, 0x1A,
    0x2B, 0x1A, 0x2B, 0x1A, 0x2B, 0x1A, 0x2B, 0x1B, 0x2B, 0x3B, 0x2B, 0x3B, 0x2B, 0xB7, 0x22, 0x0F, 0x1A, 0x8B, 0x11,
    0x6A, 0x11, 0x6A, 0x11, 0x6A, 0x11, 0x49, 0x11, 0x49, 0x11, 0x28, 0x11, 0x28, 0x09, 0x07, 0x09, 0x07, 0x09, 0xE7,
    0x08, 0xE6, 0x08, 0xC6, 0x08, 0xC5, 0x08, 0xA5, 0x08, 0xA4, 0x08, 0x84, 0x00, 0x84, 0x00, 0x83, 0x00, 0x63, 0x00,
    0x62, 0x00, 0x42, 0x00, 0x42, 0x00, 0x42, 0x00, 0x41, 0x00, 0x21, 0x00, 0x21, 0x00, 0x21, 0x00, 0x21, 0x00, 0x00,
    0x00, 0x00, 0x00, 0x00, 0x00, 0x00, 0x00, 0x00, 0x00, 0x00, 0x00, 0x00, 0x00, 0x00, 0x00, 0x00, 0x00, 0x00, 0x00,
    0x00, 0x00, 0x00, 0x00, 0x00, 0x00, 0x00, 0x00, 0x00, 0x00, 0x00, 0x00, 0x00, 0x00, 0x00, 0x00, 0x00, 0x00, 0x00,
    0x00, 0x00, 0x00, 0x00, 0x00, 0x00, 0x00, 0x00, 0x00, 0x00, 0x00, 0x00, 0x00, 0x00, 0x00, 0x00, 0x00, 0x00, 0x00,
    0x00, 0x00, 0x00, 0x00, 0x00, 0x00, 0x00, 0x00, 0x00, 0x00, 0x00, 0x00, 0x00, 0x00, 0x00, 0x00, 0x00, 0x00, 0x00,
    0x00, 0x00, 0x00, 0x20, 0x00, 0x21, 0x00, 0x21, 0x00, 0x21, 0x00, 0x21, 0x00, 0x41, 0x00, 0x42, 0x00, 0x42, 0x00,
    0x42, 0x00, 0x62, 0x00, 0x63, 0x00, 0x83, 0x00, 0x83, 0x00, 0x84, 0x00, 0xA4, 0x08, 0xA5, 0x08, 0xC5, 0x08, 0xC5,
    0x08, 0xE6, 0x08, 0xE6, 0x08, 0x07, 0x09, 0x07, 0x09, 0x28, 0x09, 0x28, 0x11, 0x29, 0x11, 0x49, 0x11, 0x49, 0x11,
    0x6A, 0x11, 0x6A, 0x11, 0x6A, 0x11, 0x8B, 0x11, 0x0F, 0x1A, 0x95, 0x22, 0xFA, 0x2A, 0x3B, 0x2B, 0x3B, 0x2B, 0x1B,
    0x2B, 0x1A, 0x2B, 0x1A, 0x2B, 0x1A, 0x2B, 0x1A, 0x2B, 0x1A, 0x2B, 0x1A, 0x2B, 0x1A, 0x2B, 0x1A, 0x2B, 0x1A, 0x2B,
    0x1A, 0x2B, 0x1A, 0x2B, 0x1A, 0x2B, 0x1A, 0x2B, 0x1A, 0x2B, 0x1A, 0x2B, 0x1A, 0x2B, 0x1A, 0x2B, 0x1A, 0x2B, 0x1A,
    0x2B, 0x1A, 0x2B, 0x1A, 0x2B, 0x1A, 0x2B, 0x1A, 0x2B, 0x1A, 0x2B, 0x1A, 0x2B, 0x1A, 0x2B, 0x1A, 0x2B, 0x1A, 0x2B,
    0x1A, 0x2B, 0x1A, 0x2B, 0x1A, 0x2B, 0x1A, 0x2B, 0x1A, 0x2B, 0x1A, 0x2B, 0x1A, 0x2B, 0x1A, 0x2B, 0x1A, 0x2B, 0x1A,
    0x2B, 0x1A, 0x2B, 0x1A, 0x2B, 0x1A, 0x2B, 0x1A, 0x2B, 0x1A, 0x2B, 0x1A, 0x2B, 0x1A, 0x2B, 0x1A, 0x2B, 0x1A, 0x2B,
    0x1A, 0x2B, 0x1A, 0x2B, 0x1A, 0x2B, 0x1A, 0x2B, 0x1A, 0x2B, 0x1A, 0x2B, 0x1A, 0x2B, 0x1A, 0x2B, 0x1A, 0x2B, 0x1A,
    0x2B, 0x1A, 0x2B, 0x1A, 0x2B, 0x1A, 0x2B, 0x1A, 0x2B, 0x1A, 0x2B, 0x1A, 0x2B, 0x1A, 0x2B, 0x1A, 0x2B, 0x1A, 0x2B,
    0x1A, 0x2B, 0x1A, 0x2B, 0x1A, 0x2B, 0x1A, 0x2B, 0x1A, 0x2B, 0x1A, 0x2B, 0x1A, 0x2B, 0x1A, 0x2B, 0x1A, 0x2B, 0x1A,
    0x2B, 0x1A, 0x2B, 0x1A, 0x2B, 0x1A, 0x2B, 0x1A, 0x2B, 0x1A, 0x2B, 0x1A, 0x2B, 0x1A, 0x2B, 0x1A, 0x2B, 0x1A, 0x2B,
    0x1A, 0x2B, 0x1B, 0x2B, 0x3B, 0x2B, 0x3B, 0x2B, 0xFA, 0x2A, 0x95, 0x22, 0x0F, 0x1A, 0x8B, 0x11, 0x6A, 0x11, 0x6A,
    0x11, 0x6A, 0x11, 0x49, 0x11, 0x49, 0x11, 0x29, 0x11, 0x28, 0x11, 0x28, 0x09, 0x07, 0x09, 0x07, 0x09, 0xE6, 0x08,
    0xE6, 0x08, 0xC5, 0x08, 0xC5, 0x08, 0xA5, 0x08, 0xA4, 0x08, 0x84, 0x00, 0x83, 0x00, 0x83, 0x00, 0x63, 0x00, 0x62,
    0x00, 0x42, 0x00, 0x42, 0x00, 0x42, 0x00, 0x41, 0x00, 0x21, 0x00, 0x21, 0x00, 0x21, 0x00, 0x21, 0x00, 0x20, 0x00,
    0x00, 0x00, 0x00, 0x00, 0x00, 0x00, 0x00, 0x00, 0x00, 0x00, 0x00, 0x00, 0x00, 0x00, 0x00, 0x00, 0x00, 0x00, 0x00,
    0x00, 0x00, 0x00, 0x00, 0x00, 0x00, 0x00, 0x00, 0x00, 0x00, 0x00, 0x00, 0x00, 0x00, 0x00, 0x00, 0x00, 0x00, 0x00,
    0x00, 0x00, 0x00, 0x00, 0x00, 0x00, 0x00, 0x00, 0x00, 0x00, 0x00, 0x00, 0x00, 0x00, 0x00, 0x00, 0x00, 0x00, 0x00,
    0x00, 0x00, 0x00, 0x00, 0x00, 0x00, 0x00, 0x00, 0x00, 0x00, 0x00, 0x00, 0x00, 0x00, 0x00, 0x00, 0x00, 0x00, 0x00,
    0x00, 0x00, 0x00, 0x00, 0x00, 0x00, 0x20, 0x00, 0x21, 0x00, 0x21, 0x00, 0x21, 0x00, 0x21, 0x00, 0x41, 0x00, 0x42,
    0x00, 0x42, 0x00, 0x42, 0x00, 0x62, 0x00, 0x63, 0x00, 0x83, 0x00, 0x83, 0x00, 0x84, 0x00, 0xA4, 0x08, 0xA5, 0x08,
    0xA5, 0x08, 0xC5, 0x08, 0xC6, 0x08, 0xE6, 0x08, 0xE7, 0x08, 0x07, 0x09, 0x07, 0x09, 0x28, 0x09, 0x28, 0x11, 0x49,
    0x11, 0x49, 0x11, 0x4A, 0x11, 0x6A, 0x11, 0x6A, 0x11, 0x6A, 0x11, 0x8A, 0x11, 0xCD, 0x11, 0x31, 0x1A, 0xB7, 0x22,
    0xFA, 0x22, 0x3B, 0x2B, 0x3B, 0x2B, 0x1B, 0x2B, 0x1A, 0x2B, 0x1A, 0x2B, 0x1A, 0x2B, 0x1A, 0x2B, 0x1A, 0x2B, 0x1A,
    0x2B, 0x1A, 0x2B, 0x1A, 0x2B, 0x1A, 0x2B, 0x1A, 0x2B, 0x1A, 0x2B, 0x1A, 0x2B, 0x1A, 0x2B, 0x1A, 0x2B, 0x1A, 0x2B,
    0x1A, 0x2B, 0x1A, 0x2B, 0x1A, 0x2B, 0x1A, 0x2B, 0x1A, 0x2B, 0x1A, 0x2B, 0x1A, 0x2B, 0x1A, 0x2B, 0x1A, 0x2B, 0x1A,
    0x2B, 0x1A, 0x2B, 0x1A, 0x2B, 0x1A, 0x2B, 0x1A, 0x2B, 0x1A, 0x2B, 0x1A, 0x2B, 0x1A, 0x2B, 0x1A, 0x2B, 0x1A, 0x2B,
    0x1A, 0x2B, 0x1A, 0x2B, 0x1A, 0x2B, 0x1A, 0x2B, 0x1A, 0x2B, 0x1A, 0x2B, 0x1A, 0x2B, 0x1A, 0x2B, 0x1A, 0x2B, 0x1A,
    0x2B, 0x1A, 0x2B, 0x1A, 0x2B, 0x1A, 0x2B, 0x1A, 0x2B, 0x1A, 0x2B, 0x1A, 0x2B, 0x1A, 0x2B, 0x1A, 0x2B, 0x1A, 0x2B,
    0x1A, 0x2B, 0x1A, 0x2B, 0x1A, 0x2B, 0x1A, 0x2B, 0x1A, 0x2B, 0x1A, 0x2B, 0x1A, 0x2B, 0x1A, 0x2B, 0x1A, 0x2B, 0x1A,
    0x2B, 0x1A, 0x2B, 0x1A, 0x2B, 0x1A, 0x2B, 0x1A, 0x2B, 0x1A, 0x2B, 0x1A, 0x2B, 0x1A, 0x2B, 0x1A, 0x2B, 0x1A, 0x2B,
    0x1A, 0x2B, 0x1A, 0x2B, 0x1A, 0x2B, 0x1A, 0x2B, 0x1A, 0x2B, 0x1A, 0x2B, 0x1A, 0x2B, 0x1A, 0x2B, 0x1B, 0x2B, 0x3B,
    0x2B, 0x3B, 0x2B, 0xFA, 0x22, 0xB7, 0x22, 0x31, 0x1A, 0xCD, 0x11, 0x8A, 0x11, 0x6A, 0x11, 0x6A, 0x11, 0x6A, 0x11,
    0x4A, 0x11, 0x49, 0x11, 0x49, 0x11, 0x28, 0x11, 0x28, 0x09, 0x07, 0x09, 0x07, 0x09, 0xE7, 0x08, 0xE6, 0x08, 0xC6,
    0x08, 0xC5, 0x08, 0xA5, 0x08, 0xA5, 0x08, 0xA4, 0x08, 0x84, 0x00, 0x83, 0x00, 0x83, 0x00, 0x63, 0x00, 0x62, 0x00,
    0x42, 0x00, 0x42, 0x00, 0x42, 0x00, 0x41, 0x00, 0x21, 0x00, 0x21, 0x00, 0x21, 0x00, 0x21, 0x00, 0x20, 0x00, 0x00,
    0x00, 0x00, 0x00, 0x00, 0x00, 0x00, 0x00, 0x00, 0x00, 0x00, 0x00, 0x00, 0x00, 0x00, 0x00, 0x00, 0x00, 0x00, 0x00,
    0x00, 0x00, 0x00, 0x00, 0x00, 0x00, 0x00, 0x00, 0x00, 0x00, 0x00, 0x00, 0x00, 0x00, 0x00, 0x00, 0x00, 0x00, 0x00,
    0x00, 0x00, 0x00, 0x00, 0x00, 0x00, 0x00, 0x00, 0x00, 0x00, 0x00, 0x00, 0x00, 0x00, 0x00, 0x00, 0x00, 0x00, 0x00,
    0x00, 0x00, 0x00, 0x00, 0x00, 0x00, 0x00, 0x00, 0x00, 0x00, 0x00, 0x00, 0x00, 0x00, 0x00, 0x00, 0x00, 0x00, 0x00,
    0x00, 0x00, 0x00, 0x00, 0x00, 0x00, 0x00, 0x00, 0x00, 0x20, 0x00, 0x21, 0x00, 0x21, 0x00, 0x21, 0x00, 0x21, 0x00,
    0x41, 0x00, 0x42, 0x00, 0x42, 0x00, 0x42, 0x00, 0x62, 0x00, 0x63, 0x00, 0x63, 0x00, 0x83, 0x00, 0x84, 0x00, 0xA4,
    0x08, 0xA4, 0x08, 0xA5, 0x08, 0xC5, 0x08, 0xC6, 0x08, 0xE6, 0x08, 0xE6, 0x08, 0xE7, 0x08, 0x07, 0x09, 0x08, 0x09,
    0x28, 0x09, 0x28, 0x11, 0x49, 0x11, 0x49, 0x11, 0x49, 0x11, 0x6A, 0x11, 0x6A, 0x11, 0x6A, 0x11, 0x6A, 0x11, 0x8A,
    0x11, 0xCD, 0x19, 0x31, 0x1A, 0x95, 0x22, 0xD8, 0x22, 0xFA, 0x2A, 0x1B, 0x2B, 0x1B, 0x2B, 0x1B, 0x2B, 0x1B, 0x2B,
    0x1B, 0x2B, 0x1B, 0x2B, 0x1B, 0x2B, 0x1B, 0x2B, 0x1B, 0x2B, 0x1B, 0x2B, 0x1B, 0x2B, 0x1B, 0x2B, 0x1B, 0x2B, 0x1B,
    0x2B, 0x1B, 0x2B, 0x1B, 0x2B, 0x1B, 0x2B, 0x1B, 0x2B, 0x1B, 0x2B, 0x1B, 0x2B, 0x1B, 0x2B, 0x1B, 0x2B, 0x1B, 0x2B,
    0x1B, 0x2B, 0x1B, 0x2B, 0x1B, 0x2B, 0x1B, 0x2B, 0x1B, 0x2B, 0x1B, 0x2B, 0x1B, 0x2B, 0x1B, 0x2B, 0x1B, 0x2B, 0x1B,
    0x2B, 0x1B, 0x2B, 0x1B, 0x2B, 0x1B, 0x2B, 0x1B, 0x2B, 0x1B, 0x2B, 0x1B, 0x2B, 0x1B, 0x2B, 0x1B, 0x2B, 0x1B, 0x2B,
    0x1B, 0x2B, 0x1B, 0x2B, 0x1B, 0x2B, 0x1B, 0x2B, 0x1B, 0x2B, 0x1B, 0x2B, 0x1B, 0x2B, 0x1B, 0x2B, 0x1B, 0x2B, 0x1B,
    0x2B, 0x1B, 0x2B, 0x1B, 0x2B, 0x1B, 0x2B, 0x1B, 0x2B, 0x1B, 0x2B, 0x1B, 0x2B, 0x1B, 0x2B, 0x1B, 0x2B, 0x1B, 0x2B,
    0x1B, 0x2B, 0x1B, 0x2B, 0x1B, 0x2B, 0x1B, 0x2B, 0x1B, 0x2B, 0x1B, 0x2B, 0x1B, 0x2B, 0x1B, 0x2B, 0x1B, 0x2B, 0x1B,
    0x2B, 0x1B, 0x2B, 0x1B, 0x2B, 0x1B, 0x2B, 0x1B, 0x2B, 0x1B, 0x2B, 0x1B, 0x2B, 0x1B, 0x2B, 0xFA, 0x2A, 0xD8, 0x22,
    0x95, 0x22, 0x31, 0x1A, 0xCD, 0x19, 0x8A, 0x11, 0x6A, 0x11, 0x6A, 0x11, 0x6A, 0x11, 0x6A, 0x11, 0x49, 0x11, 0x49,
    0x11, 0x49, 0x11, 0x28, 0x11, 0x28, 0x09, 0x08, 0x09, 0x07, 0x09, 0xE7, 0x08, 0xE6, 0x08, 0xE6, 0x08, 0xC6, 0x08,
    0xC5, 0x08, 0xA5, 0x08, 0xA4, 0x08, 0xA4, 0x08, 0x84, 0x00, 0x83, 0x00, 0x63, 0x00, 0x63, 0x00, 0x62, 0x00, 0x42,
    0x00, 0x42, 0x00, 0x42, 0x00, 0x41, 0x00, 0x21, 0x00, 0x21, 0x00, 0x21, 0x00, 0x21, 0x00, 0x20, 0x00, 0x00, 0x00,
    0x00, 0x00, 0x00, 0x00, 0x00, 0x00, 0x00, 0x00, 0x00, 0x00, 0x00, 0x00, 0x00, 0x00, 0x00, 0x00, 0x00, 0x00, 0x00,
    0x00, 0x00, 0x00, 0x00, 0x00, 0x00, 0x00, 0x00, 0x00, 0x00, 0x00, 0x00, 0x00, 0x00, 0x00, 0x00, 0x00, 0x00, 0x00,
    0x00, 0x00, 0x00, 0x00, 0x00, 0x00, 0x00, 0x00, 0x00, 0x00, 0x00, 0x00, 0x00, 0x00, 0x00, 0x00, 0x00, 0x00, 0x00,
    0x00, 0x00, 0x00, 0x00, 0x00, 0x00, 0x00, 0x00, 0x00, 0x00, 0x00, 0x00, 0x00, 0x00, 0x00, 0x00, 0x00, 0x00, 0x00,
    0x00, 0x00, 0x00, 0x00, 0x00, 0x00, 0x00, 0x00, 0x00, 0x00, 0x00, 0x00, 0x20, 0x00, 0x21, 0x00, 0x21, 0x00, 0x21,
    0x00, 0x21, 0x00, 0x41, 0x00, 0x42, 0x00, 0x42, 0x00, 0x42, 0x00, 0x62, 0x00, 0x63, 0x00, 0x63, 0x00, 0x83, 0x00,
    0x84, 0x00, 0x84, 0x08, 0xA4, 0x08, 0xA5, 0x08, 0xA5, 0x08, 0xC5, 0x08, 0xC6, 0x08, 0xE6, 0x08, 0xE6, 0x08, 0x07,
    0x09, 0x07, 0x09, 0x08, 0x09, 0x28, 0x09, 0x28, 0x11, 0x49, 0x11, 0x49, 0x11, 0x49, 0x11, 0x6A, 0x11, 0x6A, 0x11,
    0x6A, 0x11, 0x6A, 0x11, 0x6A, 0x11, 0x8A, 0x11, 0xAB, 0x11, 0xCD, 0x19, 0x10, 0x1A, 0x53, 0x1A, 0x74, 0x22, 0xB7,
    0x22, 0xB7, 0x22, 0xD9, 0x22, 0xFA, 0x22, 0xF9, 0x22, 0xF9, 0x22, 0xF9, 0x22, 0xF9, 0x22, 0xF9, 0x22, 0xF9, 0x22,
    0xF9, 0x22, 0xF9, 0x22, 0xF9, 0x22, 0xF9, 0x22, 0xF9, 0x22, 0xF9, 0x22, 0xF9, 0x22, 0xF9, 0x22, 0xF9, 0x22, 0xF9,
    0x22, 0xF9, 0x22, 0xF9, 0x22, 0xF9, 0x22, 0xF9, 0x22, 0xF9, 0x22, 0xF9, 0x22, 0xF9, 0x22, 0xF9, 0x22, 0xF9, 0x22,
    0xF9, 0x22, 0xF9, 0x22, 0xF9, 0x22, 0xF9, 0x22, 0xF9, 0x22, 0xF9, 0x22, 0xF9, 0x22, 0xF9, 0x22, 0xF9, 0x22, 0xF9,
    0x22, 0xF9, 0x22, 0xF9, 0x22, 0xF9, 0x22, 0xF9, 0x22, 0xF9, 0x22, 0xF9, 0x22, 0xF9, 0x22, 0xF9, 0x22, 0xF9, 0x22,
    0xF9, 0x22, 0xF9, 0x22, 0xF9, 0x22, 0xF9, 0x22, 0xF9, 0x22, 0xF9, 0x22, 0xF9, 0x22, 0xF9, 0x22, 0xF9, 0x22, 0xF9,
    0x22, 0xF9, 0x22, 0xF9, 0x22, 0xF9, 0x22, 0xF9, 0x22, 0xF9, 0x22, 0xF9, 0x22, 0xF9, 0x22, 0xF9, 0x22, 0xF9, 0x22,
    0xF9, 0x22, 0xFA, 0x22, 0xD9, 0x22, 0xB7, 0x22, 0xB7, 0x22, 0x74, 0x22, 0x53, 0x1A, 0x10, 0x1A, 0xCD, 0x19, 0xAB,
    0x11, 0x8A, 0x11, 0x6A, 0x11, 0x6A, 0x11, 0x6A, 0x11, 0x6A, 0x11, 0x6A, 0x11, 0x49, 0x11, 0x49, 0x11, 0x49, 0x11,
    0x28, 0x11, 0x28, 0x09, 0x08, 0x09, 0x07, 0x09, 0x07, 0x09, 0xE6, 0x08, 0xE6, 0x08, 0xC6, 0x08, 0xC5, 0x08, 0xA5,
    0x08, 0xA5, 0x08, 0xA4, 0x08, 0x84, 0x08, 0x84, 0x00, 0x83, 0x00, 0x63, 0x00, 0x63, 0x00, 0x62, 0x00, 0x42, 0x00,
    0x42, 0x00, 0x42, 0x00, 0x41, 0x00, 0x21, 0x00, 0x21, 0x00, 0x21, 0x00, 0x21, 0x00, 0x20, 0x00, 0x00, 0x00, 0x00,
    0x00, 0x00, 0x00, 0x00, 0x00, 0x00, 0x00, 0x00, 0x00, 0x00, 0x00, 0x00, 0x00, 0x00, 0x00, 0x00, 0x00, 0x00, 0x00,
    0x00, 0x00, 0x00, 0x00, 0x00, 0x00, 0x00, 0x00, 0x00, 0x00, 0x00, 0x00, 0x00, 0x00, 0x00, 0x00, 0x00, 0x00, 0x00,
    0x00, 0x00, 0x00, 0x00, 0x00, 0x00, 0x00, 0x00, 0x00, 0x00, 0x00, 0x00, 0x00, 0x00, 0x00, 0x00, 0x00, 0x00, 0x00,
    0x00, 0x00, 0x00, 0x00, 0x00, 0x00, 0x00, 0x00, 0x00, 0x00, 0x00, 0x00, 0x00, 0x00, 0x00, 0x00, 0x00, 0x00, 0x00,
    0x00, 0x00, 0x00, 0x00, 0x00, 0x00, 0x00, 0x00, 0x00, 0x00, 0x00, 0x00, 0x00, 0x00, 0x00, 0x20, 0x00, 0x21, 0x00,
    0x21, 0x00, 0x21, 0x00, 0x21, 0x00, 0x41, 0x00, 0x42, 0x00, 0x42, 0x00, 0x42, 0x00, 0x62, 0x00, 0x63, 0x00, 0x63,
    0x00, 0x83, 0x00, 0x83, 0x00, 0x84, 0x00, 0xA4, 0x08, 0xA4, 0x08, 0xA5, 0x08, 0xC5, 0x08, 0xC5, 0x08, 0xE6, 0x08,
    0xE6, 0x08, 0xE7, 0x08, 0x07, 0x09, 0x07, 0x09, 0x08, 0x09, 0x28, 0x09, 0x28, 0x11, 0x29, 0x11, 0x49, 0x11, 0x49,
    0x11, 0x49, 0x11, 0x6A, 0x11, 0x6A, 0x11, 0x6A, 0x11, 0x6A, 0x11, 0x6A, 0x11, 0x6A, 0x11, 0x6A, 0x11, 0x8A, 0x11,
    0x8B, 0x11, 0x8B, 0x11, 0xAC, 0x11, 0xCD, 0x11, 0xCD, 0x11, 0xCD, 0x11, 0xCD, 0x11, 0xCD, 0x11, 0xCD, 0x11, 0xCD,
    0x19, 0xCD, 0x19, 0xCD, 0x19, 0xCD, 0x19, 0xCD, 0x19, 0xCD, 0x19, 0xCD, 0x19, 0xCD, 0x19, 0xCD, 0x19, 0xCD, 0x19,
    0xCD, 0x19, 0xCD, 0x19, 0xCD, 0x19, 0xCD, 0x19, 0xCD, 0x19, 0xCD, 0x19, 0xCD, 0x19, 0xCD, 0x19, 0xCD, 0x19, 0xCD,
    0x19, 0xCD, 0x19, 0xCD, 0x19, 0xCD, 0x19, 0xCD, 0x19, 0xCD, 0x19, 0xCD, 0x19, 0xCD, 0x19, 0xCD, 0x19, 0xCD, 0x19,
    0xCD, 0x19, 0xCD, 0x19, 0xCD, 0x19, 0xCD, 0x19, 0xCD, 0x19, 0xCD, 0x19, 0xCD, 0x19, 0xCD, 0x19, 0xCD, 0x19, 0xCD,
    0x19, 0xCD, 0x19, 0xCD, 0x19, 0xCD, 0x19, 0xCD, 0x19, 0xCD, 0x19, 0xCD, 0x19, 0xCD, 0x19, 0xCD, 0x19, 0xCD, 0x19,
    0xCD, 0x19, 0xCD, 0x19, 0xCD, 0x19, 0xCD, 0x19, 0xCD, 0x19, 0xCD, 0x19, 0xCD, 0x11, 0xCD, 0x11, 0xCD, 0x11, 0xCD,
    0x11, 0xCD, 0x11, 0xCD, 0x11, 0xAC, 0x11, 0x8B, 0x11, 0x8B, 0x11, 0x8A, 0x11, 0x6A, 0x11, 0x6A, 0x11, 0x6A, 0x11,
    0x6A, 0x11, 0x6A, 0x11, 0x6A, 0x11, 0x6A, 0x11, 0x49, 0x11, 0x49, 0x11, 0x49, 0x11, 0x29, 0x11, 0x28, 0x11, 0x28,
    0x09, 0x08, 0x09, 0x07, 0x09, 0x07, 0x09, 0xE7, 0x08, 0xE6, 0x08, 0xE6, 0x08, 0xC5, 0x08, 0xC5, 0x08, 0xA5, 0x08,
    0xA4, 0x08, 0xA4, 0x08, 0x84, 0x00, 0x83, 0x00, 0x83, 0x00, 0x63, 0x00, 0x63, 0x00, 0x62, 0x00, 0x42, 0x00, 0x42,
    0x00, 0x42, 0x00, 0x41, 0x00, 0x21, 0x00, 0x21, 0x00, 0x21, 0x00, 0x21, 0x00, 0x20, 0x00, 0x00, 0x00, 0x00, 0x00,
    0x00, 0x00, 0x00, 0x00, 0x00, 0x00, 0x00, 0x00, 0x00, 0x00, 0x00, 0x00, 0x00, 0x00, 0x00, 0x00, 0x00, 0x00, 0x00,
    0x00, 0x00, 0x00, 0x00, 0x00, 0x00, 0x00, 0x00, 0x00, 0x00, 0x00, 0x00, 0x00, 0x00, 0x00, 0x00, 0x00, 0x00, 0x00,
    0x00, 0x00, 0x00, 0x00, 0x00, 0x00, 0x00, 0x00, 0x00, 0x00, 0x00, 0x00, 0x00, 0x00, 0x00, 0x00, 0x00, 0x00, 0x00,
    0x00, 0x00, 0x00, 0x00, 0x00, 0x00, 0x00, 0x00, 0x00, 0x00, 0x00, 0x00, 0x00, 0x00, 0x00, 0x00, 0x00, 0x00, 0x00,
    0x00, 0x00, 0x00, 0x00, 0x00, 0x00, 0x00, 0x00, 0x00, 0x00, 0x00, 0x00, 0x00, 0x00, 0x00, 0x00, 0x00, 0x00, 0x20,
    0x00, 0x21, 0x00, 0x21, 0x00, 0x21, 0x00, 0x21, 0x00, 0x21, 0x00, 0x42, 0x00, 0x42, 0x00, 0x42, 0x00, 0x42, 0x00,
    0x62, 0x00, 0x63, 0x00, 0x83, 0x00, 0x83, 0x00, 0x84, 0x00, 0x84, 0x08, 0xA4, 0x08, 0xA5, 0x08, 0xA5, 0x08, 0xC5,
    0x08, 0xC6, 0x08, 0xE6, 0x08, 0xE6, 0x08, 0xE7, 0x08, 0x07, 0x09, 0x07, 0x09, 0x07, 0x09, 0x28, 0x09, 0x28, 0x09,
    0x28, 0x11, 0x29, 0x11, 0x49, 0x11, 0x49, 0x11, 0x49, 0x11, 0x6A, 0x11, 0x6A, 0x11, 0x6A, 0x11, 0x6A, 0x11, 0x6B,
    0x11, 0x8B, 0x11, 0x8B, 0x11, 0x8B, 0x11, 0x8B, 0x11, 0x8B, 0x11, 0x8B, 0x11, 0x8B, 0x11, 0x8B, 0x11, 0x8B, 0x11,
    0x8B, 0x11, 0x8B, 0x11, 0x8B, 0x11, 0x8B, 0x11, 0xAB, 0x11, 0xAB, 0x11, 0xAB, 0x11, 0xAB, 0x11, 0xAB, 0x11, 0xAB,
    0x11, 0xAB, 0x11, 0xAB, 0x11, 0xAB, 0x11, 0xAB, 0x11, 0xAB, 0x11, 0xAB, 0x11, 0xAB, 0x11, 0xAB, 0x11, 0xAB, 0x11,
    0xAB, 0x11, 0xAB, 0x11, 0xAB, 0x11, 0xAB, 0x11, 0xAB, 0x11, 0xAB, 0x11, 0xAB, 0x11, 0xAB, 0x11, 0xAB, 0x11, 0xAB,
    0x11, 0xAB, 0x11, 0xAB, 0x11, 0xAB, 0x11, 0xAB, 0x11, 0xAB, 0x11, 0xAB, 0x11, 0xAB, 0x11, 0xAB, 0x11, 0xAB, 0x11,
    0xAB, 0x11, 0xAB, 0x11, 0xAB, 0x11, 0xAB, 0x11, 0xAB, 0x11, 0xAB, 0x11, 0xAB, 0x11, 0xAB, 0x11, 0xAB, 0x11, 0xAB,
    0x11, 0xAB, 0x11, 0xAB, 0x11, 0x8B, 0x11, 0x8B, 0x11, 0x8B, 0x11, 0x8B, 0x11, 0x8B, 0x11, 0x8B, 0x11, 0x8B, 0x11,
    0x8B, 0x11, 0x8B, 0x11, 0x8B, 0x11, 0x8B, 0x11, 0x8B, 0x11, 0x8B, 0x11, 0x6B, 0x11, 0x6A, 0x11, 0x6A, 0x11, 0x6A,
    0x11, 0x6A, 0x11, 0x49, 0x11, 0x49, 0x11, 0x49, 0x11, 0x29, 0x11, 0x28, 0x11, 0x28, 0x09, 0x28, 0x09, 0x07, 0x09,
    0x07, 0x09, 0x07, 0x09, 0xE7, 0x08, 0xE6, 0x08, 0xE6, 0x08, 0xC6, 0x08, 0xC5, 0x08, 0xA5, 0x08, 0xA5, 0x08, 0xA4,
    0x08, 0x84, 0x08, 0x84, 0x00, 0x83, 0x00, 0x83, 0x00, 0x63, 0x00, 0x62, 0x00, 0x42, 0x00, 0x42, 0x00, 0x42, 0x00,
    0x42, 0x00, 0x21, 0x00, 0x21, 0x00, 0x21, 0x00, 0x21, 0x00, 0x21, 0x00, 0x20, 0x00, 0x00, 0x00, 0x00, 0x00, 0x00,
    0x00, 0x00, 0x00, 0x00, 0x00, 0x00, 0x00, 0x00, 0x00, 0x00, 0x00, 0x00, 0x00, 0x00, 0x00, 0x00, 0x00, 0x00, 0x00,
    0x00, 0x00, 0x00, 0x00, 0x00, 0x00, 0x00, 0x00, 0x00, 0x00, 0x00, 0x00, 0x00, 0x00, 0x00, 0x00, 0x00, 0x00, 0x00,
    0x00, 0x00, 0x00, 0x00, 0x00, 0x00, 0x00, 0x00, 0x00, 0x00, 0x00, 0x00, 0x00, 0x00, 0x00, 0x00, 0x00, 0x00, 0x00,
    0x00, 0x00, 0x00, 0x00, 0x00, 0x00, 0x00, 0x00, 0x00, 0x00, 0x00, 0x00, 0x00, 0x00, 0x00, 0x00, 0x00, 0x00, 0x00,
    0x00, 0x00, 0x00, 0x00, 0x00, 0x00, 0x00, 0x00, 0x00, 0x00, 0x00, 0x00, 0x00, 0x00, 0x00, 0x00, 0x00, 0x00, 0x00,
    0x00, 0x00, 0x20, 0x00, 0x21, 0x00, 0x21, 0x00, 0x21, 0x00, 0x21, 0x00, 0x21, 0x00, 0x42, 0x00, 0x42, 0x00, 0x42,
    0x00, 0x42, 0x00, 0x42, 0x00, 0x63, 0x00, 0x63, 0x00, 0x83, 0x00, 0x83, 0x00, 0x84, 0x00, 0x84, 0x08, 0xA4, 0x08,
    0xA5, 0x08, 0xA5, 0x08, 0xC5, 0x08, 0xC6, 0x08, 0xE6, 0x08, 0xE6, 0x08, 0xE6, 0x08, 0xE7, 0x08, 0x07, 0x09, 0x07,
    0x09, 0x08, 0x09, 0x28, 0x09, 0x28, 0x09, 0x28, 0x11, 0x28, 0x11, 0x49, 0x11, 0x49, 0x11, 0x49, 0x11, 0x49, 0x11,
    0x49, 0x11, 0x6A, 0x11, 0x6A, 0x11, 0x6A, 0x11, 0x6A, 0x11, 0x6A, 0x11, 0x6A, 0x11, 0x6A, 0x11, 0x6A, 0x11, 0x6A,
    0x11, 0x8B, 0x11, 0x8B, 0x11, 0x8B, 0x11, 0x8B, 0x11, 0x8B, 0x11, 0x8B, 0x11, 0x8B, 0x11, 0x8B, 0x11, 0x8B, 0x11,
    0x8B, 0x11, 0x8B, 0x11, 0x8B, 0x11, 0x8B, 0x11, 0x8B, 0x11, 0x8B, 0x11, 0x8B, 0x11, 0x8B, 0x11, 0x8B, 0x11, 0x8B,
    0x11, 0x8B, 0x11, 0x8B, 0x11, 0x8B, 0x11, 0x8B, 0x11, 0x8B, 0x11, 0x8B, 0x11, 0x8B, 0x11, 0x8B, 0x11, 0x8B, 0x11,
    0x8B, 0x11, 0x8B, 0x11, 0x8B, 0x11, 0x8B, 0x11, 0x8B, 0x11, 0x8B, 0x11, 0x8B, 0x11, 0x8B, 0x11, 0x8B, 0x11, 0x8B,
    0x11, 0x8B, 0x11, 0x8B, 0x11, 0x8B, 0x11, 0x8B, 0x11, 0x8B, 0x11, 0x8B, 0x11, 0x8B, 0x11, 0x8B, 0x11, 0x8B, 0x11,
    0x8B, 0x11, 0x8B, 0x11, 0x8B, 0x11, 0x8B, 0x11, 0x8B, 0x11, 0x8B, 0x11, 0x8B, 0x11, 0x6A, 0x11, 0x6A, 0x11, 0x6A,
    0x11, 0x6A, 0x11, 0x6A, 0x11, 0x6A, 0x11, 0x6A, 0x11, 0x6A, 0x11, 0x6A, 0x11, 0x49, 0x11, 0x49, 0x11, 0x49, 0x11,
    0x49, 0x11, 0x49, 0x11, 0x28, 0x11, 0x28, 0x11, 0x28, 0x09, 0x28, 0x09, 0x08, 0x09, 0x07, 0x09, 0x07, 0x09, 0xE7,
    0x08, 0xE6, 0x08, 0xE6, 0x08, 0xE6, 0x08, 0xC6, 0x08, 0xC5, 0x08, 0xA5, 0x08, 0xA5, 0x08, 0xA4, 0x08, 0x84, 0x08,
    0x84, 0x00, 0x83, 0x00, 0x83, 0x00, 0x63, 0x00, 0x63, 0x00, 0x42, 0x00, 0x42, 0x00, 0x42, 0x00, 0x42, 0x00, 0x42,
    0x00, 0x21, 0x00, 0x21, 0x00, 0x21, 0x00, 0x21, 0x00, 0x21, 0x00, 0x20, 0x00, 0x00, 0x00, 0x00, 0x00, 0x00, 0x00,
    0x00, 0x00, 0x00, 0x00, 0x00, 0x00, 0x00, 0x00, 0x00, 0x00, 0x00, 0x00, 0x00, 0x00, 0x00, 0x00, 0x00, 0x00, 0x00,
    0x00, 0x00, 0x00, 0x00, 0x00, 0x00, 0x00, 0x00, 0x00, 0x00, 0x00, 0x00, 0x00, 0x00, 0x00, 0x00, 0x00, 0x00, 0x00,
    0x00, 0x00, 0x00, 0x00, 0x00, 0x00, 0x00, 0x00, 0x00, 0x00, 0x00, 0x00, 0x00, 0x00, 0x00, 0x00, 0x00, 0x00, 0x00,
    0x00, 0x00, 0x00, 0x00, 0x00, 0x00, 0x00, 0x00, 0x00, 0x00, 0x00, 0x00, 0x00, 0x00, 0x00, 0x00, 0x00, 0x00, 0x00,
    0x00, 0x00, 0x00, 0x00, 0x00, 0x00, 0x00, 0x00, 0x00, 0x00, 0x00, 0x00, 0x00, 0x00, 0x00, 0x00, 0x00, 0x00, 0x00,
    0x00, 0x00, 0x00, 0x00, 0x00, 0x20, 0x00, 0x21, 0x00, 0x21, 0x00, 0x21, 0x00, 0x21, 0x00, 0x21, 0x00, 0x41, 0x00,
    0x42, 0x00, 0x42, 0x00, 0x42, 0x00, 0x42, 0x00, 0x62, 0x00, 0x63, 0x00, 0x63, 0x00, 0x83, 0x00, 0x84, 0x00, 0x84,
    0x00, 0xA4, 0x08, 0xA4, 0x08, 0xA5, 0x08, 0xA5, 0x08, 0xC5, 0x08, 0xC5, 0x08, 0xC6, 0x08, 0xE6, 0x08, 0xE6, 0x08,
    0xE7, 0x08, 0xE7, 0x08, 0x07, 0x09, 0x07, 0x09, 0x07, 0x09, 0x28, 0x09, 0x28, 0x09, 0x28, 0x09, 0x28, 0x11, 0x28,
    0x11, 0x29, 0x11, 0x49, 0x11, 0x49, 0x11, 0x49, 0x11, 0x49, 0x11, 0x49, 0x11, 0x49, 0x11, 0x49, 0x11, 0x49, 0x11,
    0x49, 0x11, 0x4A, 0x11, 0x6A, 0x11, 0x6A, 0x11, 0x6A, 0x11, 0x6A, 0x11, 0x6A, 0x11, 0x6A, 0x11, 0x6A, 0x11, 0x6A,
    0x11, 0x6A, 0x11, 0x6A, 0x11, 0x6A, 0x11, 0x6A, 0x11, 0x6A, 0x11, 0x6A, 0x11, 0x6A, 0x11, 0x6A, 0x11, 0x6A, 0x11,
    0x6A, 0x11, 0x6A, 0x11, 0x6A, 0x11, 0x6A, 0x11, 0x6A, 0x11, 0x6A, 0x11, 0x6A, 0x11, 0x6A, 0x11, 0x6A, 0x11, 0x6A,
    0x11, 0x6A, 0x11, 0x6A, 0x11, 0x6A, 0x11, 0x6A, 0x11, 0x6A, 0x11, 0x6A, 0x11, 0x6A, 0x11, 0x6A, 0x11, 0x6A, 0x11,
    0x6A, 0x11, 0x6A, 0x11, 0x6A, 0x11, 0x6A, 0x11, 0x6A, 0x11, 0x6A, 0x11, 0x6A, 0x11, 0x6A, 0x11, 0x6A, 0x11, 0x6A,
    0x11, 0x6A, 0x11, 0x6A, 0x11, 0x6A, 0x11, 0x6A, 0x11, 0x6A, 0x11, 0x6A, 0x11, 0x4A, 0x11, 0x49, 0x11, 0x49, 0x11,
    0x49, 0x11, 0x49, 0x11, 0x49, 0x11, 0x49, 0x11, 0x49, 0x11, 0x49, 0x11, 0x49, 0x11, 0x29, 0x11, 0x28, 0x11, 0x28,
    0x11, 0x28, 0x09, 0x28, 0x09, 0x28, 0x09, 0x07, 0x09, 0x07, 0x09, 0x07, 0x09, 0xE7, 0x08, 0xE7, 0x08, 0xE6, 0x08,
    0xE6, 0x08, 0xC6, 0x08, 0xC5, 0x08, 0xC5, 0x08, 0xA5, 0x08, 0xA5, 0x08, 0xA4, 0x08, 0xA4, 0x08, 0x84, 0x00, 0x84,
    0x00, 0x83, 0x00, 0x63, 0x00, 0x63, 0x00, 0x62, 0x00, 0x42, 0x00, 0x42, 0x00, 0x42, 0x00, 0x42, 0x00, 0x41, 0x00,
    0x21, 0x00, 0x21, 0x00, 0x21, 0x00, 0x21, 0x00, 0x21, 0x00, 0x20, 0x00, 0x00, 0x00, 0x00, 0x00, 0x00, 0x00, 0x00,
    0x00, 0x00, 0x00, 0x00, 0x00, 0x00, 0x00, 0x00, 0x00, 0x00, 0x00, 0x00, 0x00, 0x00, 0x00, 0x00, 0x00, 0x00, 0x00,
    0x00, 0x00, 0x00, 0x00, 0x00, 0x00, 0x00, 0x00, 0x00, 0x00, 0x00, 0x00, 0x00, 0x00, 0x00, 0x00, 0x00, 0x00, 0x00,
    0x00, 0x00, 0x00, 0x00, 0x00, 0x00, 0x00, 0x00, 0x00, 0x00, 0x00, 0x00, 0x00, 0x00, 0x00, 0x00, 0x00, 0x00, 0x00,
    0x00, 0x00, 0x00, 0x00, 0x00, 0x00, 0x00, 0x00, 0x00, 0x00, 0x00, 0x00, 0x00, 0x00, 0x00, 0x00, 0x00, 0x00, 0x00,
    0x00, 0x00, 0x00, 0x00, 0x00, 0x00, 0x00, 0x00, 0x00, 0x00, 0x00, 0x00, 0x00, 0x00, 0x00, 0x00, 0x00, 0x00, 0x00,
    0x00, 0x00, 0x00, 0x00, 0x00, 0x00, 0x00, 0x00, 0x00, 0x00, 0x21, 0x00, 0x21, 0x00, 0x21, 0x00, 0x21, 0x00, 0x21,
    0x00, 0x21, 0x00, 0x42, 0x00, 0x42, 0x00, 0x42, 0x00, 0x42, 0x00, 0x62, 0x00, 0x63, 0x00, 0x63, 0x00, 0x83, 0x00,
    0x83, 0x00, 0x84, 0x00, 0x84, 0x00, 0xA4, 0x08, 0xA4, 0x08, 0xA5, 0x08, 0xA5, 0x08, 0xC5, 0x08, 0xC5, 0x08, 0xC6,
    0x08, 0xC6, 0x08, 0xE6, 0x08, 0xE6, 0x08, 0xE6, 0x08, 0xE7, 0x08, 0x07, 0x09, 0x07, 0x09, 0x07, 0x09, 0x07, 0x09,
    0x08, 0x09, 0x28, 0x09, 0x28, 0x09, 0x28, 0x09, 0x28, 0x11, 0x28, 0x11, 0x28, 0x11, 0x28, 0x11, 0x28, 0x11, 0x29,
    0x11, 0x49, 0x11, 0x49, 0x11, 0x49, 0x11, 0x49, 0x11, 0x49, 0x11, 0x49, 0x11, 0x49, 0x11, 0x49, 0x11, 0x49, 0x11,
    0x49, 0x11, 0x49, 0x11, 0x49, 0x11, 0x49, 0x11, 0x49, 0x11, 0x49, 0x11, 0x49, 0x11, 0x49, 0x11, 0x49, 0x11, 0x49,
    0x11, 0x49, 0x11, 0x49, 0x11, 0x49, 0x11, 0x49, 0x11, 0x49, 0x11, 0x49, 0x11, 0x49, 0x11, 0x49, 0x11, 0x49, 0x11,
    0x49, 0x11, 0x49, 0x11, 0x49, 0x11, 0x49, 0x11, 0x49, 0x11, 0x49, 0x11, 0x49, 0x11, 0x49, 0x11, 0x49, 0x11, 0x49,
    0x11, 0x49, 0x11, 0x49, 0x11, 0x49, 0x11, 0x49, 0x11, 0x49, 0x11, 0x49, 0x11, 0x49, 0x11, 0x49, 0x11, 0x49, 0x11,
    0x49, 0x11, 0x49, 0x11, 0x49, 0x11, 0x49, 0x11, 0x49, 0x11, 0x49, 0x11, 0x49, 0x11, 0x49, 0x11, 0x49, 0x11, 0x29,
    0x11, 0x28, 0x11, 0x28, 0x11, 0x28, 0x11, 0x28, 0x11, 0x28, 0x11, 0x28, 0x09, 0x28, 0x09, 0x28, 0x09, 0x08, 0x09,
    0x07, 0x09, 0x07, 0x09, 0x07, 0x09, 0x07, 0x09, 0xE7, 0x08, 0xE6, 0x08, 0xE6, 0x08, 0xE6, 0x08, 0xC6, 0x08, 0xC6,
    0x08, 0xC5, 0x08, 0xC5, 0x08, 0xA5, 0x08, 0xA5, 0x08, 0xA4, 0x08, 0xA4, 0x08, 0x84, 0x00, 0x84, 0x00, 0x83, 0x00,
    0x83, 0x00, 0x63, 0x00, 0x63, 0x00, 0x62, 0x00, 0x42, 0x00, 0x42, 0x00, 0x42, 0x00, 0x42, 0x00, 0x21, 0x00, 0x21,
    0x00, 0x21, 0x00, 0x21, 0x00, 0x21, 0x00, 0x21, 0x00, 0x00, 0x00, 0x00, 0x00, 0x00, 0x00, 0x00, 0x00, 0x00, 0x00,
    0x00, 0x00, 0x00, 0x00, 0x00, 0x00, 0x00, 0x00, 0x00, 0x00, 0x00, 0x00, 0x00, 0x00, 0x00, 0x00, 0x00, 0x00, 0x00,
    0x00, 0x00, 0x00, 0x00, 0x00, 0x00, 0x00, 0x00, 0x00, 0x00, 0x00, 0x00, 0x00, 0x00, 0x00, 0x00, 0x00, 0x00, 0x00,
    0x00, 0x00, 0x00, 0x00, 0x00, 0x00, 0x00, 0x00, 0x00, 0x00, 0x00, 0x00, 0x00, 0x00, 0x00, 0x00, 0x00, 0x00, 0x00,
    0x00, 0x00, 0x00, 0x00, 0x00, 0x00, 0x00, 0x00, 0x00, 0x00, 0x00, 0x00, 0x00, 0x00, 0x00, 0x00, 0x00, 0x00, 0x00,
    0x00, 0x00, 0x00, 0x00, 0x00, 0x00, 0x00, 0x00, 0x00, 0x00, 0x00, 0x00, 0x00, 0x00, 0x00, 0x00, 0x00, 0x00, 0x00,
    0x00, 0x00, 0x00, 0x00, 0x00, 0x00, 0x00, 0x00, 0x00, 0x00, 0x00, 0x00, 0x00, 0x20, 0x00, 0x21, 0x00, 0x21, 0x00,
    0x21, 0x00, 0x21, 0x00, 0x21, 0x00, 0x41, 0x00, 0x42, 0x00, 0x42, 0x00, 0x42, 0x00, 0x42, 0x00, 0x62, 0x00, 0x63,
    0x00, 0x63, 0x00, 0x83, 0x00, 0x83, 0x00, 0x84, 0x00, 0x84, 0x00, 0x84, 0x08, 0xA4, 0x08, 0xA5, 0x08, 0xA5, 0x08,
    0xA5, 0x08, 0xC5, 0x08, 0xC5, 0x08, 0xC6, 0x08, 0xC6, 0x08, 0xE6, 0x08, 0xE6, 0x08, 0xE6, 0x08, 0xE6, 0x08, 0xE7,
    0x08, 0xE7, 0x08, 0x07, 0x09, 0x07, 0x09, 0x07, 0x09, 0x07, 0x09, 0x07, 0x09, 0x07, 0x09, 0x08, 0x09, 0x28, 0x09,
    0x28, 0x09, 0x28, 0x09, 0x28, 0x09, 0x28, 0x09, 0x28, 0x09, 0x28, 0x09, 0x28, 0x09, 0x28, 0x09, 0x28, 0x09, 0x28,
    0x09, 0x28, 0x09, 0x28, 0x09, 0x28, 0x11, 0x28, 0x11, 0x28, 0x11, 0x28, 0x11, 0x28, 0x11, 0x28, 0x11, 0x28, 0x11,
    0x28, 0x11, 0x28, 0x11, 0x28, 0x11, 0x28, 0x11, 0x28, 0x11, 0x28, 0x11, 0x28, 0x11, 0x28, 0x11, 0x28, 0x11, 0x28,
    0x11, 0x28, 0x11, 0x28, 0x11, 0x28, 0x11, 0x28, 0x11, 0x28, 0x11, 0x28, 0x11, 0x28, 0x11, 0x28, 0x11, 0x28, 0x11,
    0x28, 0x11, 0x28, 0x11, 0x28, 0x11, 0x28, 0x11, 0x28, 0x11, 0x28, 0x11, 0x28, 0x11, 0x28, 0x11, 0x28, 0x09, 0x28,
    0x09, 0x28, 0x09, 0x28, 0x09, 0x28, 0x09, 0x28, 0x09, 0x28, 0x09, 0x28, 0x09, 0x28, 0x09, 0x28, 0x09, 0x28, 0x09,
    0x28, 0x09, 0x28, 0x09, 0x08, 0x09, 0x07, 0x09, 0x07, 0x09, 0x07, 0x09, 0x07, 0x09, 0x07, 0x09, 0x07, 0x09, 0xE7,
    0x08, 0xE7, 0x08, 0xE6, 0x08, 0xE6, 0x08, 0xE6, 0x08, 0xE6, 0x08, 0xC6, 0x08, 0xC6, 0x08, 0xC5, 0x08, 0xC5, 0x08,
    0xA5, 0x08, 0xA5, 0x08, 0xA5, 0x08, 0xA4, 0x08, 0x84, 0x08, 0x84, 0x00, 0x84, 0x00, 0x83, 0x00, 0x83, 0x00, 0x63,
    0x00, 0x63, 0x00, 0x62, 0x00, 0x42, 0x00, 0x42, 0x00, 0x42, 0x00, 0x42, 0x00, 0x41, 0x00, 0x21, 0x00, 0x21, 0x00,
    0x21, 0x00, 0x21, 0x00, 0x21, 0x00, 0x20, 0x00, 0x00, 0x00, 0x00, 0x00, 0x00, 0x00, 0x00, 0x00, 0x00, 0x00, 0x00,
    0x00, 0x00, 0x00, 0x00, 0x00, 0x00, 0x00, 0x00, 0x00, 0x00, 0x00, 0x00, 0x00, 0x00, 0x00, 0x00, 0x00, 0x00, 0x00,
    0x00, 0x00, 0x00, 0x00, 0x00, 0x00, 0x00, 0x00, 0x00, 0x00, 0x00, 0x00, 0x00, 0x00, 0x00, 0x00, 0x00, 0x00, 0x00,
    0x00, 0x00, 0x00, 0x00, 0x00, 0x00, 0x00, 0x00, 0x00, 0x00, 0x00, 0x00, 0x00, 0x00, 0x00, 0x00, 0x00, 0x00, 0x00,
    0x00, 0x00, 0x00, 0x00, 0x00, 0x00, 0x00, 0x00, 0x00, 0x00, 0x00, 0x00, 0x00, 0x00, 0x00, 0x00, 0x00, 0x00, 0x00,
    0x00, 0x00, 0x00, 0x00, 0x00, 0x00, 0x00, 0x00, 0x00, 0x00, 0x00, 0x00, 0x00, 0x00, 0x00, 0x00, 0x00, 0x00, 0x00,
    0x00, 0x00, 0x00, 0x00, 0x00, 0x00, 0x00, 0x00, 0x00, 0x00, 0x00, 0x00, 0x00, 0x00, 0x00, 0x00, 0x20, 0x00, 0x21,
    0x00, 0x21, 0x00, 0x21, 0x00, 0x21, 0x00, 0x21, 0x00, 0x41, 0x00, 0x42, 0x00, 0x42, 0x00, 0x42, 0x00, 0x42, 0x00,
    0x42, 0x00, 0x62, 0x00, 0x63, 0x00, 0x63, 0x00, 0x83, 0x00, 0x83, 0x00, 0x83, 0x00, 0x84, 0x00, 0x84, 0x00, 0xA4,
    0x08, 0xA4, 0x08, 0xA5, 0x08, 0xA5, 0x08, 0xA5, 0x08, 0xC5, 0x08, 0xC5, 0x08, 0xC5, 0x08, 0xC6, 0x08, 0xC6, 0x08,
    0xE6, 0x08, 0xE6, 0x08, 0xE6, 0x08, 0xE6, 0x08, 0xE6, 0x08, 0xE6, 0x08, 0xE7, 0x08, 0xE7, 0x08, 0xE7, 0x08, 0xE7,
    0x08, 0x07, 0x09, 0x07, 0x09, 0x07, 0x09, 0x07, 0x09, 0x07, 0x09, 0x07, 0x09, 0x07, 0x09, 0x07, 0x09, 0x07, 0x09,
    0x07, 0x09, 0x07, 0x09, 0x07, 0x09, 0x07, 0x09, 0x07, 0x09, 0x07, 0x09, 0x07, 0x09, 0x07, 0x09, 0x07, 0x09, 0x07,
    0x09, 0x07, 0x09, 0x07, 0x09, 0x07, 0x09, 0x07, 0x09, 0x07, 0x09, 0x07, 0x09, 0x07, 0x09, 0x07, 0x09, 0x07, 0x09,
    0x07, 0x09, 0x07, 0x09, 0x07, 0x09, 0x07, 0x09, 0x07, 0x09, 0x07, 0x09, 0x07, 0x09, 0x07, 0x09, 0x07, 0x09, 0x07,
    0x09, 0x07, 0x09, 0x07, 0x09, 0x07, 0x09, 0x07, 0x09, 0x07, 0x09, 0x07, 0x09, 0x07, 0x09, 0x07, 0x09, 0x07, 0x09,
    0x07, 0x09, 0x07, 0x09, 0x07, 0x09, 0x07, 0x09, 0x07, 0x09, 0x07, 0x09, 0x07, 0x09, 0x07, 0x09, 0x07, 0x09, 0x07,
    0x09, 0x07, 0x09, 0xE7, 0x08, 0xE7, 0x08, 0xE7, 0x08, 0xE7, 0x08, 0xE6, 0x08, 0xE6, 0x08, 0xE6, 0x08, 0xE6, 0x08,
    0xE6, 0x08, 0xE6, 0x08, 0xC6, 0x08, 0xC6, 0x08, 0xC5, 0x08, 0xC5, 0x08, 0xC5, 0x08, 0xA5, 0x08, 0xA5, 0x08, 0xA5,
    0x08, 0xA4, 0x08, 0xA4, 0x08, 0x84, 0x00, 0x84, 0x00, 0x83, 0x00, 0x83, 0x00, 0x83, 0x00, 0x63, 0x00, 0x63, 0x00,
    0x62, 0x00, 0x42, 0x00, 0x42, 0x00, 0x42, 0x00, 0x42, 0x00, 0x42, 0x00, 0x41, 0x00, 0x21, 0x00, 0x21, 0x00, 0x21,
    0x00, 0x21, 0x00, 0x21, 0x00, 0x20, 0x00, 0x00, 0x00, 0x00, 0x00, 0x00, 0x00, 0x00, 0x00, 0x00, 0x00, 0x00, 0x00,
    0x00, 0x00, 0x00, 0x00, 0x00, 0x00, 0x00, 0x00, 0x00, 0x00, 0x00, 0x00, 0x00, 0x00, 0x00, 0x00, 0x00, 0x00, 0x00,
    0x00, 0x00, 0x00, 0x00, 0x00, 0x00, 0x00, 0x00, 0x00, 0x00, 0x00, 0x00, 0x00, 0x00, 0x00, 0x00, 0x00, 0x00, 0x00,
    0x00, 0x00, 0x00, 0x00, 0x00, 0x00, 0x00, 0x00, 0x00, 0x00, 0x00, 0x00, 0x00, 0x00, 0x00, 0x00, 0x00, 0x00, 0x00,
    0x00, 0x00, 0x00, 0x00, 0x00, 0x00, 0x00, 0x00, 0x00, 0x00, 0x00, 0x00, 0x00, 0x00, 0x00, 0x00, 0x00, 0x00, 0x00,
    0x00, 0x00, 0x00, 0x00, 0x00, 0x00, 0x00, 0x00, 0x00, 0x00, 0x00, 0x00, 0x00, 0x00, 0x00, 0x00, 0x00, 0x00, 0x00,
    0x00, 0x00, 0x00, 0x00, 0x00, 0x00, 0x00, 0x00, 0x00, 0x00, 0x00, 0x00, 0x00, 0x00, 0x00, 0x00, 0x00, 0x00, 0x00,
    0x20, 0x00, 0x21, 0x00, 0x21, 0x00, 0x21, 0x00, 0x21, 0x00, 0x21, 0x00, 0x21, 0x00, 0x21, 0x00, 0x42, 0x00, 0x42,
    0x00, 0x42, 0x00, 0x42, 0x00, 0x42, 0x00, 0x62, 0x00, 0x63, 0x00, 0x63, 0x00, 0x63, 0x00, 0x83, 0x00, 0x83, 0x00,
    0x84, 0x00, 0x84, 0x00, 0x84, 0x00, 0xA4, 0x08, 0xA4, 0x08, 0xA4, 0x08, 0xA5, 0x08, 0xA5, 0x08, 0xA5, 0x08, 0xC5,
    0x08, 0xC5, 0x08, 0xC5, 0x08, 0xC5, 0x08, 0xC6, 0x08, 0xC6, 0x08, 0xC6, 0x08, 0xC6, 0x08, 0xE6, 0x08, 0xE6, 0x08,
    0xE6, 0x08, 0xE6, 0x08, 0xE6, 0x08, 0xE6, 0x08, 0xE6, 0x08, 0xE6, 0x08, 0xE6, 0x08, 0xE6, 0x08, 0xE6, 0x08, 0xE6,
    0x08, 0xE6, 0x08, 0xE6, 0x08, 0xE6, 0x08, 0xE6, 0x08, 0xE6, 0x08, 0xE6, 0x08, 0xE6, 0x08, 0xE6, 0x08, 0xE6, 0x08,
    0xE6, 0x08, 0xE6, 0x08, 0xE6, 0x08, 0xE6, 0x08, 0xE6, 0x08, 0xE6, 0x08, 0xE6, 0x08, 0xE6, 0x08, 0xE6, 0x08, 0xE6,
    0x08, 0xE6, 0x08, 0xE6, 0x08, 0xE6, 0x08, 0xE6, 0x08, 0xE6, 0x08, 0xE6, 0x08, 0xE6, 0x08, 0xE6, 0x08, 0xE6, 0x08,
    0xE6, 0x08, 0xE6, 0x08, 0xE6, 0x08, 0xE6, 0x08, 0xE6, 0x08, 0xE6, 0x08, 0xE6, 0x08, 0xE6, 0x08, 0xE6, 0x08, 0xE6,
    0x08, 0xE6, 0x08, 0xE6, 0x08, 0xE6, 0x08, 0xE6, 0x08, 0xE6, 0x08, 0xE6, 0x08, 0xE6, 0x08, 0xE6, 0x08, 0xE6, 0x08,
    0xE6, 0x08, 0xE6, 0x08, 0xE6, 0x08, 0xE6, 0x08, 0xE6, 0x08, 0xC6, 0x08, 0xC6, 0x08, 0xC6, 0x08, 0xC6, 0x08, 0xC5,
    0x08, 0xC5, 0x08, 0xC5, 0x08, 0xC5, 0x08, 0xA5, 0x08, 0xA5, 0x08, 0xA5, 0x08, 0xA4, 0x08, 0xA4, 0x08, 0xA4, 0x08,
    0x84, 0x00, 0x84, 0x00, 0x84, 0x00, 0x83, 0x00, 0x83, 0x00, 0x63, 0x00, 0x63, 0x00, 0x63, 0x00, 0x62, 0x00, 0x42,
    0x00, 0x42, 0x00, 0x42, 0x00, 0x42, 0x00, 0x42, 0x00, 0x21, 0x00, 0x21, 0x00, 0x21, 0x00, 0x21, 0x00, 0x21, 0x00,
    0x21, 0x00, 0x21, 0x00, 0x20, 0x00, 0x00, 0x00, 0x00, 0x00, 0x00, 0x00, 0x00, 0x00, 0x00, 0x00, 0x00, 0x00, 0x00,
    0x00, 0x00, 0x00, 0x00, 0x00, 0x00, 0x00, 0x00, 0x00, 0x00, 0x00, 0x00, 0x00, 0x00, 0x00, 0x00, 0x00, 0x00, 0x00,
    0x00, 0x00, 0x00, 0x00, 0x00, 0x00, 0x00, 0x00, 0x00, 0x00, 0x00, 0x00, 0x00, 0x00, 0x00, 0x00, 0x00, 0x00, 0x00,
    0x00, 0x00, 0x00, 0x00, 0x00, 0x00, 0x00, 0x00, 0x00, 0x00, 0x00, 0x00, 0x00, 0x00, 0x00, 0x00, 0x00, 0x00, 0x00,
    0x00, 0x00, 0x00, 0x00, 0x00, 0x00, 0x00, 0x00, 0x00, 0x00, 0x00, 0x00, 0x00, 0x00, 0x00, 0x00, 0x00, 0x00, 0x00,
    0x00, 0x00, 0x00, 0x00, 0x00, 0x00, 0x00, 0x00, 0x00, 0x00, 0x00, 0x00, 0x00, 0x00, 0x00, 0x00, 0x00, 0x00, 0x00,
    0x00, 0x00, 0x00, 0x00, 0x00, 0x00, 0x00, 0x00, 0x00, 0x00, 0x00, 0x00, 0x00, 0x00, 0x00, 0x00, 0x00, 0x00, 0x00,
    0x00, 0x00, 0x00, 0x00, 0x00, 0x20, 0x00, 0x21, 0x00, 0x21, 0x00, 0x21, 0x00, 0x21, 0x00, 0x21, 0x00, 0x21, 0x00,
    0x41, 0x00, 0x42, 0x00, 0x42, 0x00, 0x42, 0x00, 0x42, 0x00, 0x42, 0x00, 0x62, 0x00, 0x63, 0x00, 0x63, 0x00, 0x63,
    0x00, 0x63, 0x00, 0x83, 0x00, 0x83, 0x00, 0x84, 0x00, 0x84, 0x00, 0x84, 0x00, 0x84, 0x08, 0xA4, 0x08, 0xA4, 0x08,
    0xA4, 0x08, 0xA5, 0x08, 0xA5, 0x08, 0xA5, 0x08, 0xA5, 0x08, 0xA5, 0x08, 0xC5, 0x08, 0xC5, 0x08, 0xC5, 0x08, 0xC5,
    0x08, 0xC5, 0x08, 0xC5, 0x08, 0xC5, 0x08, 0xC5, 0x08, 0xC5, 0x08, 0xC6, 0x08, 0xC6, 0x08, 0xC6, 0x08, 0xC6, 0x08,
    0xC6, 0x08, 0xC6, 0x08, 0xC6, 0x08, 0xC6, 0x08, 0xC6, 0x08, 0xC6, 0x08, 0xC6, 0x08, 0xC6, 0x08, 0xC6, 0x08, 0xC6,
    0x08, 0xC6, 0x08, 0xC6, 0x08, 0xC6, 0x08, 0xC6, 0x08, 0xC6, 0x08, 0xC6, 0x08, 0xC6, 0x08, 0xC6, 0x08, 0xC6, 0x08,
    0xC6, 0x08, 0xC6, 0x08, 0xC6, 0x08, 0xC6, 0x08, 0xC6, 0x08, 0xC6, 0x08, 0xC6, 0x08, 0xC6, 0x08, 0xC6, 0x08, 0xC6,
    0x08, 0xC6, 0x08, 0xC6, 0x08, 0xC6, 0x08, 0xC6, 0x08, 0xC6, 0x08, 0xC6, 0x08, 0xC6, 0x08, 0xC6, 0x08, 0xC6, 0x08,
    0xC6, 0x08, 0xC6, 0x08, 0xC6, 0x08, 0xC6, 0x08, 0xC6, 0x08, 0xC6, 0x08, 0xC6, 0x08, 0xC6, 0x08, 0xC5, 0x08, 0xC5,
    0x08, 0xC5, 0x08, 0xC5, 0x08, 0xC5, 0x08, 0xC5, 0x08, 0xC5, 0x08, 0xC5, 0x08, 0xC5, 0x08, 0xA5, 0x08, 0xA5, 0x08,
    0xA5, 0x08, 0xA5, 0x08, 0xA5, 0x08, 0xA4, 0x08, 0xA4, 0x08, 0xA4, 0x08, 0x84, 0x08, 0x84, 0x00, 0x84, 0x00, 0x84,
    0x00, 0x83, 0x00, 0x83, 0x00, 0x63, 0x00, 0x63, 0x00, 0x63, 0x00, 0x63, 0x00, 0x62, 0x00, 0x42, 0x00, 0x42, 0x00,
    0x42, 0x00, 0x42, 0x00, 0x42, 0x00, 0x41, 0x00, 0x21, 0x00, 0x21, 0x00, 0x21, 0x00, 0x21, 0x00, 0x21, 0x00, 0x21,
    0x00, 0x20, 0x00, 0x00, 0x00, 0x00, 0x00, 0x00, 0x00, 0x00, 0x00, 0x00, 0x00, 0x00, 0x00, 0x00, 0x00, 0x00, 0x00,
    0x00, 0x00, 0x00, 0x00, 0x00, 0x00, 0x00, 0x00, 0x00, 0x00, 0x00, 0x00, 0x00, 0x00, 0x00, 0x00, 0x00, 0x00, 0x00,
    0x00, 0x00, 0x00, 0x00, 0x00, 0x00, 0x00, 0x00, 0x00, 0x00, 0x00, 0x00, 0x00, 0x00, 0x00, 0x00, 0x00, 0x00, 0x00,
    0x00, 0x00, 0x00, 0x00, 0x00, 0x00, 0x00, 0x00, 0x00, 0x00, 0x00, 0x00, 0x00, 0x00, 0x00, 0x00, 0x00, 0x00, 0x00,
    0x00, 0x00, 0x00, 0x00, 0x00, 0x00, 0x00, 0x00, 0x00, 0x00, 0x00, 0x00, 0x00, 0x00, 0x00, 0x00, 0x00, 0x00, 0x00,
    0x00, 0x00, 0x00, 0x00, 0x00, 0x00, 0x00, 0x00, 0x00, 0x00, 0x00, 0x00, 0x00, 0x00, 0x00, 0x00, 0x00, 0x00, 0x00,
    0x00, 0x00, 0x00, 0x00, 0x00, 0x00, 0x00, 0x00, 0x00, 0x00, 0x00, 0x00, 0x00, 0x00, 0x00, 0x00, 0x00, 0x00, 0x00,
    0x00, 0x00, 0x00, 0x00, 0x00, 0x00, 0x00, 0x00, 0x00, 0x00, 0x20, 0x00, 0x21, 0x00, 0x21, 0x00, 0x21, 0x00, 0x21,
    0x00, 0x21, 0x00, 0x21, 0x00, 0x41, 0x00, 0x42, 0x00, 0x42, 0x00, 0x42, 0x00, 0x42, 0x00, 0x42, 0x00, 0x42, 0x00,
    0x62, 0x00, 0x63, 0x00, 0x63, 0x00, 0x63, 0x00, 0x63, 0x00, 0x83, 0x00, 0x83, 0x00, 0x83, 0x00, 0x84, 0x00, 0x84,
    0x00, 0x84, 0x00, 0x84, 0x00, 0x84, 0x00, 0xA4, 0x08, 0xA4, 0x08, 0xA4, 0x08, 0xA4, 0x08, 0xA4, 0x08, 0xA5, 0x08,
    0xA5, 0x08, 0xA5, 0x08, 0xA5, 0x08, 0xA5, 0x08, 0xA5, 0x08, 0xA5, 0x08, 0xA5, 0x08, 0xA5, 0x08, 0xA5, 0x08, 0xA5,
    0x08, 0xA5, 0x08, 0xA5, 0x08, 0xA5, 0x08, 0xC5, 0x08, 0xC5, 0x08, 0xC5, 0x08, 0xC5, 0x08, 0xC5, 0x08, 0xC5, 0x08,
    0xC5, 0x08, 0xC5, 0x08, 0xC5, 0x08, 0xC5, 0x08, 0xC5, 0x08, 0xC5, 0x08, 0xC5, 0x08, 0xC5, 0x08, 0xC5, 0x08, 0xC5,
    0x08, 0xC5, 0x08, 0xC5, 0x08, 0xC5, 0x08, 0xC5, 0x08, 0xC5, 0x08, 0xC5, 0x08, 0xC5, 0x08, 0xC5, 0x08, 0xC5, 0x08,
    0xC5, 0x08, 0xC5, 0x08, 0xC5, 0x08, 0xC5, 0x08, 0xC5, 0x08, 0xC5, 0x08, 0xC5, 0x08, 0xC5, 0x08, 0xC5, 0x08, 0xC5,
    0x08, 0xC5, 0x08, 0xA5, 0x08, 0xA5, 0x08, 0xA5, 0x08, 0xA5, 0x08, 0xA5, 0x08, 0xA5, 0x08, 0xA5, 0x08, 0xA5, 0x08,
    0xA5, 0x08, 0xA5, 0x08, 0xA5, 0x08, 0xA5, 0x08, 0xA5, 0x08, 0xA5, 0x08, 0xA4, 0x08, 0xA4, 0x08, 0xA4, 0x08, 0xA4,
    0x08, 0xA4, 0x08, 0x84, 0x00, 0x84, 0x00, 0x84, 0x00, 0x84, 0x00, 0x84, 0x00, 0x83, 0x00, 0x83, 0x00, 0x83, 0x00,
    0x63, 0x00, 0x63, 0x00, 0x63, 0x00, 0x63, 0x00, 0x62, 0x00, 0x42, 0x00, 0x42, 0x00, 0x42, 0x00, 0x42, 0x00, 0x42,
    0x00, 0x42, 0x00, 0x41, 0x00, 0x21, 0x00, 0x21, 0x00, 0x21, 0x00, 0x21, 0x00, 0x21, 0x00, 0x21, 0x00, 0x20, 0x00,
    0x00, 0x00, 0x00, 0x00, 0x00, 0x00, 0x00, 0x00, 0x00, 0x00, 0x00, 0x00, 0x00, 0x00, 0x00, 0x00, 0x00, 0x00, 0x00,
    0x00, 0x00, 0x00, 0x00, 0x00, 0x00, 0x00, 0x00, 0x00, 0x00, 0x00, 0x00, 0x00, 0x00, 0x00, 0x00, 0x00, 0x00, 0x00,
    0x00, 0x00, 0x00, 0x00, 0x00, 0x00, 0x00, 0x00, 0x00, 0x00, 0x00, 0x00, 0x00, 0x00, 0x00, 0x00, 0x00, 0x00, 0x00,
    0x00, 0x00, 0x00, 0x00, 0x00, 0x00, 0x00, 0x00, 0x00, 0x00, 0x00, 0x00, 0x00, 0x00, 0x00, 0x00, 0x00, 0x00, 0x00,
    0x00, 0x00, 0x00, 0x00, 0x00, 0x00, 0x00, 0x00, 0x00, 0x00, 0x00, 0x00, 0x00, 0x00, 0x00, 0x00, 0x00, 0x00, 0x00,
    0x00, 0x00, 0x00, 0x00, 0x00, 0x00, 0x00, 0x00, 0x00, 0x00, 0x00, 0x00, 0x00, 0x00, 0x00, 0x00, 0x00, 0x00, 0x00,
    0x00, 0x00, 0x00, 0x00, 0x00, 0x00, 0x00, 0x00, 0x00, 0x00, 0x00, 0x00, 0x00, 0x00, 0x00, 0x00, 0x00, 0x00, 0x00,
    0x00, 0x00, 0x00, 0x00, 0x00, 0x00, 0x00, 0x00, 0x00, 0x00, 0x00, 0x00, 0x00, 0x20, 0x00, 0x21, 0x00, 0x21, 0x00,
    0x21, 0x00, 0x21, 0x00, 0x21, 0x00, 0x21, 0x00, 0x21, 0x00, 0x21, 0x00, 0x41, 0x00, 0x42, 0x00, 0x42, 0x00, 0x42,
    0x00, 0x42, 0x00, 0x42, 0x00, 0x62, 0x00, 0x62, 0x00, 0x63, 0x00, 0x63, 0x00, 0x63, 0x00, 0x63, 0x00, 0x63, 0x00,
    0x83, 0x00, 0x83, 0x00, 0x83, 0x00, 0x83, 0x00, 0x84, 0x00, 0x84, 0x00, 0x84, 0x00, 0x84, 0x00, 0x84, 0x00, 0x84,
    0x08, 0x84, 0x00, 0x84, 0x00, 0xA4, 0x08, 0xA4, 0x08, 0xA4, 0x08, 0xA4, 0x08, 0xA4, 0x08, 0xA4, 0x08, 0xA4, 0x08,
    0xA4, 0x08, 0xA4, 0x08, 0xA4, 0x08, 0xA4, 0x08, 0xA4, 0x08, 0xA4, 0x08, 0xA4, 0x08, 0xA4, 0x08, 0xA4, 0x08, 0xA4,
    0x08, 0xA4, 0x08, 0xA4, 0x08, 0xA4, 0x08, 0xA4, 0x08, 0xA4, 0x08, 0xA4, 0x08, 0xA4, 0x08, 0xA4, 0x08, 0xA4, 0x08,
    0xA4, 0x08, 0xA4, 0x08, 0xA4, 0x08, 0xA4, 0x08, 0xA4, 0x08, 0xA4, 0x08, 0xA4, 0x08, 0xA4, 0x08, 0xA4, 0x08, 0xA4,
    0x08, 0xA4, 0x08, 0xA4, 0x08, 0xA4, 0x08, 0xA4, 0x08, 0xA4, 0x08, 0xA4, 0x08, 0xA4, 0x08, 0xA4, 0x08, 0xA4, 0x08,
    0xA4, 0x08, 0xA4, 0x08, 0xA4, 0x08, 0xA4, 0x08, 0xA4, 0x08, 0xA4, 0x08, 0xA4, 0x08, 0xA4, 0x08, 0xA4, 0x08, 0xA4,
    0x08, 0xA4, 0x08, 0xA4, 0x08, 0xA4, 0x08, 0x84, 0x00, 0x84, 0x00, 0x84, 0x08, 0x84, 0x00, 0x84, 0x00, 0x84, 0x00,
    0x84, 0x00, 0x84, 0x00, 0x83, 0x00, 0x83, 0x00, 0x83, 0x00, 0x83, 0x00, 0x63, 0x00, 0x63, 0x00, 0x63, 0x00, 0x63,
    0x00, 0x63, 0x00, 0x62, 0x00, 0x62, 0x00, 0x42, 0x00, 0x42, 0x00, 0x42, 0x00, 0x42, 0x00, 0x42, 0x00, 0x41, 0x00,
    0x21, 0x00, 0x21, 0x00, 0x21, 0x00, 0x21, 0x00, 0x21, 0x00, 0x21, 0x00, 0x21, 0x00, 0x21, 0x00, 0x20, 0x00, 0x00,
    0x00, 0x00, 0x00, 0x00, 0x00, 0x00, 0x00, 0x00, 0x00, 0x00, 0x00, 0x00, 0x00, 0x00, 0x00, 0x00, 0x00, 0x00, 0x00,
    0x00, 0x00, 0x00, 0x00, 0x00, 0x00, 0x00, 0x00, 0x00, 0x00, 0x00, 0x00, 0x00, 0x00, 0x00, 0x00, 0x00, 0x00, 0x00,
    0x00, 0x00, 0x00, 0x00, 0x00, 0x00, 0x00, 0x00, 0x00, 0x00, 0x00, 0x00, 0x00, 0x00, 0x00, 0x00, 0x00, 0x00, 0x00,
    0x00, 0x00, 0x00, 0x00, 0x00, 0x00, 0x00, 0x00, 0x00, 0x00, 0x00, 0x00, 0x00, 0x00, 0x00, 0x00, 0x00, 0x00, 0x00,
    0x00, 0x00, 0x00, 0x00, 0x00, 0x00, 0x00, 0x00, 0x00, 0x00, 0x00, 0x00, 0x00, 0x00, 0x00, 0x00, 0x00, 0x00, 0x00,
    0x00, 0x00, 0x00, 0x00, 0x00, 0x00, 0x00, 0x00, 0x00, 0x00, 0x00, 0x00, 0x00, 0x00, 0x00, 0x00, 0x00, 0x00, 0x00,
    0x00, 0x00, 0x00, 0x00, 0x00, 0x00, 0x00, 0x00, 0x00, 0x00, 0x00, 0x00, 0x00, 0x00, 0x00, 0x00, 0x00, 0x00, 0x00,
    0x00, 0x00, 0x00, 0x00, 0x00, 0x00, 0x00, 0x00, 0x00, 0x00, 0x00, 0x00, 0x00, 0x00, 0x00, 0x00, 0x00, 0x00, 0x20,
    0x00, 0x21, 0x00, 0x21, 0x00, 0x21, 0x00, 0x21, 0x00, 0x21, 0x00, 0x21, 0x00, 0x21, 0x00, 0x21, 0x00, 0x41, 0x00,
    0x42, 0x00, 0x42, 0x00, 0x42, 0x00, 0x42, 0x00, 0x42, 0x00, 0x42, 0x00, 0x42, 0x00, 0x62, 0x00, 0x62, 0x00, 0x63,
    0x00, 0x63, 0x00, 0x63, 0x00, 0x63, 0x00, 0x63, 0x00, 0x63, 0x00, 0x63, 0x00, 0x83, 0x00, 0x83, 0x00, 0x83, 0x00,
    0x83, 0x00, 0x83, 0x00, 0x83, 0x00, 0x83, 0x00, 0x84, 0x00, 0x84, 0x00, 0x84, 0x00, 0x84, 0x00, 0x84, 0x00, 0x84,
    0x00, 0x84, 0x00, 0x84, 0x00, 0x84, 0x00, 0x84, 0x00, 0x84, 0x00, 0x84, 0x00, 0x84, 0x00, 0x84, 0x00, 0x84, 0x00,
    0x84, 0x00, 0x84, 0x00, 0x84, 0x00, 0x84, 0x00, 0x84, 0x00, 0x84, 0x00, 0x84, 0x00, 0x84, 0x00, 0x84, 0x00, 0x84,
    0x00, 0x84, 0x00, 0x84, 0x00, 0x84, 0x00, 0x84, 0x00, 0x84, 0x00, 0x84, 0x00, 0x84, 0x00, 0x84, 0x00, 0x84, 0x00,
    0x84, 0x00, 0x84, 0x00, 0x84, 0x00, 0x84, 0x00, 0x84, 0x00, 0x84, 0x00, 0x84, 0x00, 0x84, 0x00, 0x84, 0x00, 0x84,
    0x00, 0x84, 0x00, 0x84, 0x00, 0x84, 0x00, 0x84, 0x00, 0x84, 0x00, 0x84, 0x00, 0x84, 0x00, 0x84, 0x00, 0x84, 0x00,
    0x84, 0x00, 0x84, 0x00, 0x84, 0x00, 0x83, 0x00, 0x83, 0x00, 0x83, 0x00, 0x83, 0x00, 0x83, 0x00, 0x83, 0x00, 0x83,
    0x00, 0x63, 0x00, 0x63, 0x00, 0x63, 0x00, 0x63, 0x00, 0x63, 0x00, 0x63, 0x00, 0x63, 0x00, 0x62, 0x00, 0x62, 0x00,
    0x42, 0x00, 0x42, 0x00, 0x42, 0x00, 0x42, 0x00, 0x42, 0x00, 0x42, 0x00, 0x42, 0x00, 0x41, 0x00, 0x21, 0x00, 0x21,
    0x00, 0x21, 0x00, 0x21, 0x00, 0x21, 0x00, 0x21, 0x00, 0x21, 0x00, 0x21, 0x00, 0x20, 0x00, 0x00, 0x00, 0x00, 0x00,
    0x00, 0x00, 0x00, 0x00, 0x00, 0x00, 0x00, 0x00, 0x00, 0x00, 0x00, 0x00, 0x00, 0x00, 0x00, 0x00, 0x00, 0x00, 0x00,
    0x00, 0x00, 0x00, 0x00, 0x00, 0x00, 0x00, 0x00, 0x00, 0x00, 0x00, 0x00, 0x00, 0x00, 0x00, 0x00, 0x00, 0x00, 0x00,
    0x00, 0x00, 0x00, 0x00, 0x00, 0x00, 0x00, 0x00, 0x00, 0x00, 0x00, 0x00, 0x00, 0x00, 0x00, 0x00, 0x00, 0x00, 0x00,
    0x00, 0x00, 0x00, 0x00, 0x00, 0x00, 0x00, 0x00, 0x00, 0x00, 0x00, 0x00, 0x00, 0x00, 0x00, 0x00, 0x00, 0x00, 0x00,
    0x00, 0x00, 0x00, 0x00, 0x00, 0x00, 0x00, 0x00, 0x00, 0x00, 0x00, 0x00, 0x00, 0x00, 0x00, 0x00, 0x00, 0x00, 0x00,
    0x00, 0x00, 0x00, 0x00, 0x00, 0x00, 0x00, 0x00, 0x00, 0x00, 0x00, 0x00, 0x00, 0x00, 0x00, 0x00, 0x00, 0x00, 0x00,
    0x00, 0x00, 0x00, 0x00, 0x00, 0x00, 0x00, 0x00, 0x00, 0x00, 0x00, 0x00, 0x00, 0x00, 0x00, 0x00, 0x00, 0x00, 0x00,
    0x00, 0x00, 0x00, 0x00, 0x00, 0x00, 0x00, 0x00, 0x00, 0x00, 0x00, 0x00, 0x00, 0x00, 0x00, 0x00, 0x00, 0x00, 0x00,
    0x00, 0x00, 0x00, 0x00, 0x20, 0x00, 0x21, 0x00, 0x21, 0x00, 0x21, 0x00, 0x21, 0x00, 0x21, 0x00, 0x21, 0x00, 0x21,
    0x00, 0x21, 0x00, 0x21, 0x00, 0x41, 0x00, 0x42, 0x00, 0x42, 0x00, 0x42, 0x00, 0x42, 0x00, 0x42, 0x00, 0x42, 0x00,
    0x42, 0x00, 0x42, 0x00, 0x62, 0x00, 0x62, 0x00, 0x62, 0x00, 0x63, 0x00, 0x63, 0x00, 0x63, 0x00, 0x63, 0x00, 0x63,
    0x00, 0x63, 0x00, 0x63, 0x00, 0x63, 0x00, 0x63, 0x00, 0x63, 0x00, 0x63, 0x00, 0x63, 0x00, 0x63, 0x00, 0x63, 0x00,
    0x63, 0x00, 0x83, 0x00, 0x83, 0x00, 0x83, 0x00, 0x83, 0x00, 0x83, 0x00, 0x83, 0x00, 0x83, 0x00, 0x83, 0x00, 0x83,
    0x00, 0x83, 0x00, 0x83, 0x00, 0x83, 0x00, 0x83, 0x00, 0x83, 0x00, 0x83, 0x00, 0x83, 0x00, 0x83, 0x00, 0x83, 0x00,
    0x83, 0x00, 0x83, 0x00, 0x83, 0x00, 0x83, 0x00, 0x83, 0x00, 0x83, 0x00, 0x83, 0x00, 0x83, 0x00, 0x83, 0x00, 0x83,
    0x00, 0x83, 0x00, 0x83, 0x00, 0x83, 0x00, 0x83, 0x00, 0x83, 0x00, 0x83, 0x00, 0x83, 0x00, 0x83, 0x00, 0x83, 0x00,
    0x83, 0x00, 0x83, 0x00, 0x83, 0x00, 0x83, 0x00, 0x83, 0x00, 0x83, 0x00, 0x83, 0x00, 0x63, 0x00, 0x63, 0x00, 0x63,
    0x00, 0x63, 0x00, 0x63, 0x00, 0x63, 0x00, 0x63, 0x00, 0x63, 0x00, 0x63, 0x00, 0x63, 0x00, 0x63, 0x00, 0x63, 0x00,
    0x63, 0x00, 0x63, 0x00, 0x63, 0x00, 0x62, 0x00, 0x62, 0x00, 0x62, 0x00, 0x42, 0x00, 0x42, 0x00, 0x42, 0x00, 0x42,
    0x00, 0x42, 0x00, 0x42, 0x00, 0x42, 0x00, 0x42, 0x00, 0x41, 0x00, 0x21, 0x00, 0x21, 0x00, 0x21, 0x00, 0x21, 0x00,
    0x21, 0x00, 0x21, 0x00, 0x21, 0x00, 0x21, 0x00, 0x21, 0x00, 0x20, 0x00, 0x00, 0x00, 0x00, 0x00, 0x00, 0x00, 0x00,
    0x00, 0x00, 0x00, 0x00, 0x00, 0x00, 0x00, 0x00, 0x00, 0x00, 0x00, 0x00, 0x00, 0x00, 0x00, 0x00, 0x00, 0x00, 0x00,
    0x00, 0x00, 0x00, 0x00, 0x00, 0x00, 0x00, 0x00, 0x00, 0x00, 0x00, 0x00, 0x00, 0x00, 0x00, 0x00, 0x00, 0x00, 0x00,
    0x00, 0x00, 0x00, 0x00, 0x00, 0x00, 0x00, 0x00, 0x00, 0x00, 0x00, 0x00, 0x00, 0x00, 0x00, 0x00, 0x00, 0x00, 0x00,
    0x00, 0x00, 0x00, 0x00, 0x00, 0x00, 0x00, 0x00, 0x00, 0x00, 0x00, 0x00, 0x00, 0x00, 0x00, 0x00, 0x00, 0x00, 0x00,
    0x00, 0x00, 0x00, 0x00, 0x00, 0x00, 0x00, 0x00, 0x00, 0x00, 0x00, 0x00, 0x00, 0x00, 0x00, 0x00, 0x00, 0x00, 0x00,
    0x00, 0x00, 0x00, 0x00, 0x00, 0x00, 0x00, 0x00, 0x00, 0x00, 0x00, 0x00, 0x00, 0x00, 0x00, 0x00, 0x00, 0x00, 0x00,
    0x00, 0x00, 0x00, 0x00, 0x00, 0x00, 0x00, 0x00, 0x00, 0x00, 0x00, 0x00, 0x00, 0x00, 0x00, 0x00, 0x00, 0x00, 0x00,
    0x00, 0x00, 0x00, 0x00, 0x00, 0x00, 0x00, 0x00, 0x00, 0x00, 0x00, 0x00, 0x00, 0x00, 0x00, 0x00, 0x00, 0x00, 0x00,
    0x00, 0x00, 0x00, 0x00, 0x00, 0x00, 0x00, 0x20, 0x00, 0x20, 0x00, 0x20, 0x00, 0x21, 0x00, 0x21, 0x00, 0x21, 0x00,
    0x21, 0x00, 0x21, 0x00, 0x21, 0x00, 0x21, 0x00, 0x21, 0x00, 0x21, 0x00, 0x41, 0x00, 0x42, 0x00, 0x42, 0x00, 0x42,
    0x00, 0x42, 0x00, 0x42, 0x00, 0x42, 0x00, 0x42, 0x00, 0x42, 0x00, 0x42, 0x00, 0x42, 0x00, 0x42, 0x00, 0x42, 0x00,
    0x62, 0x00, 0x62, 0x00, 0x62, 0x00, 0x62, 0x00, 0x62, 0x00, 0x62, 0x00, 0x63, 0x00, 0x63, 0x00, 0x63, 0x00, 0x63,
    0x00, 0x63, 0x00, 0x63, 0x00, 0x63, 0x00, 0x63, 0x00, 0x63, 0x00, 0x63, 0x00, 0x63, 0x00, 0x63, 0x00, 0x63, 0x00,
    0x63, 0x00, 0x63, 0x00, 0x63, 0x00, 0x63, 0x00, 0x63, 0x00, 0x63, 0x00, 0x63, 0x00, 0x63, 0x00, 0x63, 0x00, 0x63,
    0x00, 0x63, 0x00, 0x63, 0x00, 0x63, 0x00, 0x63, 0x00, 0x63, 0x00, 0x63, 0x00, 0x63, 0x00, 0x63, 0x00, 0x63, 0x00,
    0x63, 0x00, 0x63, 0x00, 0x63, 0x00, 0x63, 0x00, 0x63, 0x00, 0x63, 0x00, 0x63, 0x00, 0x63, 0x00, 0x63, 0x00, 0x63,
    0x00, 0x63, 0x00, 0x63, 0x00, 0x63, 0x00, 0x63, 0x00, 0x63, 0x00, 0x63, 0x00, 0x63, 0x00, 0x63, 0x00, 0x63, 0x00,
    0x63, 0x00, 0x63, 0x00, 0x63, 0x00, 0x62, 0x00, 0x62, 0x00, 0x62, 0x00, 0x62, 0x00, 0x62, 0x00, 0x62, 0x00, 0x42,
    0x00, 0x42, 0x00, 0x42, 0x00, 0x42, 0x00, 0x42, 0x00, 0x42, 0x00, 0x42, 0x00, 0x42, 0x00, 0x42, 0x00, 0x42, 0x00,
    0x42, 0x00, 0x42, 0x00, 0x41, 0x00, 0x21, 0x00, 0x21, 0x00, 0x21, 0x00, 0x21, 0x00, 0x21, 0x00, 0x21, 0x00, 0x21,
    0x00, 0x21, 0x00, 0x21, 0x00, 0x20, 0x00, 0x20, 0x00, 0x20, 0x00, 0x00, 0x00, 0x00, 0x00, 0x00, 0x00, 0x00, 0x00,
    0x00, 0x00, 0x00, 0x00, 0x00, 0x00, 0x00, 0x00, 0x00, 0x00, 0x00, 0x00, 0x00, 0x00, 0x00, 0x00, 0x00, 0x00, 0x00,
    0x00, 0x00, 0x00, 0x00, 0x00, 0x00, 0x00, 0x00, 0x00, 0x00, 0x00, 0x00, 0x00, 0x00, 0x00, 0x00, 0x00, 0x00, 0x00,
    0x00, 0x00, 0x00, 0x00, 0x00, 0x00, 0x00, 0x00, 0x00, 0x00, 0x00, 0x00, 0x00, 0x00, 0x00, 0x00, 0x00, 0x00, 0x00,
    0x00, 0x00, 0x00, 0x00, 0x00, 0x00, 0x00, 0x00, 0x00, 0x00, 0x00, 0x00, 0x00, 0x00, 0x00, 0x00, 0x00, 0x00, 0x00,
    0x00, 0x00, 0x00, 0x00, 0x00, 0x00, 0x00, 0x00, 0x00, 0x00, 0x00, 0x00, 0x00, 0x00, 0x00, 0x00, 0x00, 0x00, 0x00,
    0x00, 0x00, 0x00, 0x00, 0x00, 0x00, 0x00, 0x00, 0x00, 0x00, 0x00, 0x00, 0x00, 0x00, 0x00, 0x00, 0x00, 0x00, 0x00,
    0x00, 0x00, 0x00, 0x00, 0x00, 0x00, 0x00, 0x00, 0x00, 0x00, 0x00, 0x00, 0x00, 0x00, 0x00, 0x00, 0x00, 0x00, 0x00,
    0x00, 0x00, 0x00, 0x00, 0x00, 0x00, 0x00, 0x00, 0x00, 0x00, 0x00, 0x00, 0x00, 0x00, 0x00, 0x00, 0x00, 0x00, 0x00,
    0x00, 0x00, 0x00, 0x00, 0x00, 0x00, 0x00, 0x00, 0x00, 0x00, 0x00, 0x00, 0x00, 0x00, 0x00, 0x00, 0x20, 0x00, 0x21,
    0x00, 0x21, 0x00, 0x21, 0x00, 0x21, 0x00, 0x21, 0x00, 0x21, 0x00, 0x21, 0x00, 0x21, 0x00, 0x21, 0x00, 0x21, 0x00,
    0x21, 0x00, 0x41, 0x00, 0x41, 0x00, 0x42, 0x00, 0x42, 0x00, 0x42, 0x00, 0x42, 0x00, 0x42, 0x00, 0x42, 0x00, 0x42,
    0x00, 0x42, 0x00, 0x42, 0x00, 0x42, 0x00, 0x42, 0x00, 0x42, 0x00, 0x42, 0x00, 0x42, 0x00, 0x42, 0x00, 0x42, 0x00,
    0x42, 0x00, 0x42, 0x00, 0x42, 0x00, 0x42, 0x00, 0x42, 0x00, 0x42, 0x00, 0x42, 0x00, 0x42, 0x00, 0x42, 0x00, 0x42,
    0x00, 0x42, 0x00, 0x42, 0x00, 0x42, 0x00, 0x42, 0x00, 0x42, 0x00, 0x42, 0x00, 0x42, 0x00, 0x42, 0x00, 0x42, 0x00,
    0x42, 0x00, 0x42, 0x00, 0x42, 0x00, 0x42, 0x00, 0x42, 0x00, 0x42, 0x00, 0x42, 0x00, 0x42, 0x00, 0x42, 0x00, 0x42,
    0x00, 0x42, 0x00, 0x42, 0x00, 0x42, 0x00, 0x42, 0x00, 0x42, 0x00, 0x42, 0x00, 0x42, 0x00, 0x42, 0x00, 0x42, 0x00,
    0x42, 0x00, 0x42, 0x00, 0x42, 0x00, 0x42, 0x00, 0x42, 0x00, 0x42, 0x00, 0x42, 0x00, 0x42, 0x00, 0x42, 0x00, 0x42,
    0x00, 0x42, 0x00, 0x42, 0x00, 0x42, 0x00, 0x42, 0x00, 0x42, 0x00, 0x42, 0x00, 0x42, 0x00, 0x42, 0x00, 0x42, 0x00,
    0x42, 0x00, 0x42, 0x00, 0x42, 0x00, 0x42, 0x00, 0x42, 0x00, 0x42, 0x00, 0x42, 0x00, 0x41, 0x00, 0x41, 0x00, 0x21,
    0x00, 0x21, 0x00, 0x21, 0x00, 0x21, 0x00, 0x21, 0x00, 0x21, 0x00, 0x21, 0x00, 0x21, 0x00, 0x21, 0x00, 0x21, 0x00,
    0x21, 0x00, 0x20, 0x00, 0x00, 0x00, 0x00, 0x00, 0x00, 0x00, 0x00, 0x00, 0x00, 0x00, 0x00, 0x00, 0x00, 0x00, 0x00,
    0x00, 0x00, 0x00, 0x00, 0x00, 0x00, 0x00, 0x00, 0x00, 0x00, 0x00, 0x00, 0x00, 0x00, 0x00, 0x00, 0x00, 0x00, 0x00,
    0x00, 0x00, 0x00, 0x00, 0x00, 0x00, 0x00, 0x00, 0x00, 0x00, 0x00, 0x00, 0x00, 0x00, 0x00, 0x00, 0x00, 0x00, 0x00,
    0x00, 0x00, 0x00, 0x00, 0x00, 0x00, 0x00, 0x00, 0x00, 0x00, 0x00, 0x00, 0x00, 0x00, 0x00, 0x00, 0x00, 0x00, 0x00,
    0x00, 0x00, 0x00, 0x00, 0x00, 0x00, 0x00, 0x00, 0x00, 0x00, 0x00, 0x00, 0x00, 0x00, 0x00, 0x00, 0x00, 0x00, 0x00,
    0x00, 0x00, 0x00, 0x00, 0x00, 0x00, 0x00, 0x00, 0x00, 0x00, 0x00, 0x00, 0x00, 0x00, 0x00, 0x00, 0x00, 0x00, 0x00,
    0x00, 0x00, 0x00, 0x00, 0x00, 0x00, 0x00, 0x00, 0x00, 0x00, 0x00, 0x00, 0x00, 0x00, 0x00, 0x00, 0x00, 0x00, 0x00,
    0x00, 0x00, 0x00, 0x00, 0x00, 0x00, 0x00, 0x00, 0x00, 0x00, 0x00, 0x00, 0x00, 0x00, 0x00, 0x00, 0x00, 0x00, 0x00,
    0x00, 0x00, 0x00, 0x00, 0x00, 0x00, 0x00, 0x00, 0x00, 0x00, 0x00, 0x00, 0x00, 0x00, 0x00, 0x00, 0x00, 0x00, 0x00,
    0x00, 0x00, 0x00, 0x00, 0x00, 0x00, 0x00, 0x00, 0x00, 0x00, 0x00, 0x00, 0x00, 0x00, 0x00, 0x00, 0x00, 0x00, 0x00,
    0x00, 0x00, 0x20, 0x00, 0x20, 0x00, 0x21, 0x00, 0x21, 0x00, 0x21, 0x00, 0x21, 0x00, 0x21, 0x00, 0x21, 0x00, 0x21,
    0x00, 0x21, 0x00, 0x21, 0x00, 0x21, 0x00, 0x21, 0x00, 0x21, 0x00, 0x21, 0x00, 0x21, 0x00, 0x41, 0x00, 0x41, 0x00,
    0x41, 0x00, 0x41, 0x00, 0x42, 0x00, 0x42, 0x00, 0x42, 0x00, 0x42, 0x00, 0x42, 0x00, 0x42, 0x00, 0x42, 0x00, 0x42,
    0x00, 0x42, 0x00, 0x42, 0x00, 0x42, 0x00, 0x42, 0x00, 0x42, 0x00, 0x42, 0x00, 0x42, 0x00, 0x42, 0x00, 0x42, 0x00,
    0x42, 0x00, 0x42, 0x00, 0x42, 0x00, 0x42, 0x00, 0x42, 0x00, 0x42, 0x00, 0x42, 0x00, 0x42, 0x00, 0x42, 0x00, 0x42,
    0x00, 0x42, 0x00, 0x42, 0x00, 0x42, 0x00, 0x42, 0x00, 0x42, 0x00, 0x42, 0x00, 0x42, 0x00, 0x42, 0x00, 0x42, 0x00,
    0x42, 0x00, 0x42, 0x00, 0x42, 0x00, 0x42, 0x00, 0x42, 0x00, 0x42, 0x00, 0x42, 0x00, 0x42, 0x00, 0x42, 0x00, 0x42,
    0x00, 0x42, 0x00, 0x42, 0x00, 0x42, 0x00, 0x42, 0x00, 0x42, 0x00, 0x42, 0x00, 0x42, 0x00, 0x42, 0x00, 0x42, 0x00,
    0x42, 0x00, 0x42, 0x00, 0x42, 0x00, 0x42, 0x00, 0x42, 0x00, 0x42, 0x00, 0x42, 0x00, 0x42, 0x00, 0x42, 0x00, 0x41,
    0x00, 0x41, 0x00, 0x41, 0x00, 0x41, 0x00, 0x21, 0x00, 0x21, 0x00, 0x21, 0x00, 0x21, 0x00, 0x21, 0x00, 0x21, 0x00,
    0x21, 0x00, 0x21, 0x00, 0x21, 0x00, 0x21, 0x00, 0x21, 0x00, 0x21, 0x00, 0x21, 0x00, 0x21, 0x00, 0x20, 0x00, 0x20,
    0x00, 0x00, 0x00, 0x00, 0x00, 0x00, 0x00, 0x00, 0x00, 0x00, 0x00, 0x00, 0x00, 0x00, 0x00, 0x00, 0x00, 0x00, 0x00,
    0x00, 0x00, 0x00, 0x00, 0x00, 0x00, 0x00, 0x00, 0x00, 0x00, 0x00, 0x00, 0x00, 0x00, 0x00, 0x00, 0x00, 0x00, 0x00,
    0x00, 0x00, 0x00, 0x00, 0x00, 0x00, 0x00, 0x00, 0x00, 0x00, 0x00, 0x00, 0x00, 0x00, 0x00, 0x00, 0x00, 0x00, 0x00,
    0x00, 0x00, 0x00, 0x00, 0x00, 0x00, 0x00, 0x00, 0x00, 0x00, 0x00, 0x00, 0x00, 0x00, 0x00, 0x00, 0x00, 0x00, 0x00,
    0x00, 0x00, 0x00, 0x00, 0x00, 0x00, 0x00, 0x00, 0x00, 0x00, 0x00, 0x00, 0x00, 0x00, 0x00, 0x00, 0x00, 0x00, 0x00,
    0x00, 0x00, 0x00, 0x00, 0x00, 0x00, 0x00, 0x00, 0x00, 0x00, 0x00, 0x00, 0x00, 0x00, 0x00, 0x00, 0x00, 0x00, 0x00,
    0x00, 0x00, 0x00, 0x00, 0x00, 0x00, 0x00, 0x00, 0x00, 0x00, 0x00, 0x00, 0x00, 0x00, 0x00, 0x00, 0x00, 0x00, 0x00,
    0x00, 0x00, 0x00, 0x00, 0x00, 0x00, 0x00, 0x00, 0x00, 0x00, 0x00, 0x00, 0x00, 0x00, 0x00, 0x00, 0x00, 0x00, 0x00,
    0x00, 0x00, 0x00, 0x00, 0x00, 0x00, 0x00, 0x00, 0x00, 0x00, 0x00, 0x00, 0x00, 0x00, 0x00, 0x00, 0x00, 0x00, 0x00,
    0x00, 0x00, 0x00, 0x00, 0x00, 0x00, 0x00, 0x00, 0x00, 0x00, 0x00, 0x00, 0x00, 0x00, 0x00, 0x00, 0x00, 0x00, 0x00,
    0x00, 0x00, 0x00, 0x00, 0x00, 0x00, 0x00, 0x20, 0x00, 0x20, 0x00, 0x20, 0x00, 0x20, 0x00, 0x21, 0x00, 0x21, 0x00,
    0x21, 0x00, 0x21, 0x00, 0x21, 0x00, 0x21, 0x00, 0x21, 0x00, 0x21, 0x00, 0x21, 0x00, 0x21, 0x00, 0x21, 0x00, 0x21,
    0x00, 0x21, 0x00, 0x21, 0x00, 0x21, 0x00, 0x21, 0x00, 0x21, 0x00, 0x21, 0x00, 0x21, 0x00, 0x21, 0x00, 0x41, 0x00,
    0x21, 0x00, 0x21, 0x00, 0x41, 0x00, 0x41, 0x00, 0x41, 0x00, 0x41, 0x00, 0x41, 0x00, 0x41, 0x00, 0x41, 0x00, 0x41,
    0x00, 0x41, 0x00, 0x41, 0x00, 0x41, 0x00, 0x41, 0x00, 0x41, 0x00, 0x41, 0x00, 0x41, 0x00, 0x41, 0x00, 0x41, 0x00,
    0x41, 0x00, 0x41, 0x00, 0x41, 0x00, 0x41, 0x00, 0x41, 0x00, 0x41, 0x00, 0x41, 0x00, 0x41, 0x00, 0x41, 0x00, 0x41,
    0x00, 0x41, 0x00, 0x41, 0x00, 0x41, 0x00, 0x41, 0x00, 0x41, 0x00, 0x41, 0x00, 0x41, 0x00, 0x41, 0x00, 0x41, 0x00,
    0x41, 0x00, 0x41, 0x00, 0x41, 0x00, 0x41, 0x00, 0x41, 0x00, 0x41, 0x00, 0x41, 0x00, 0x41, 0x00, 0x41, 0x00, 0x41,
    0x00, 0x21, 0x00, 0x21, 0x00, 0x41, 0x00, 0x21, 0x00, 0x21, 0x00, 0x21, 0x00, 0x21, 0x00, 0x21, 0x00, 0x21, 0x00,
    0x21, 0x00, 0x21, 0x00, 0x21, 0x00, 0x21, 0x00, 0x21, 0x00, 0x21, 0x00, 0x21, 0x00, 0x21, 0x00, 0x21, 0x00, 0x21,
    0x00, 0x21, 0x00, 0x21, 0x00, 0x21, 0x00, 0x21, 0x00, 0x20, 0x00, 0x20, 0x00, 0x20, 0x00, 0x20, 0x00, 0x00, 0x00,
    0x00, 0x00, 0x00, 0x00, 0x00, 0x00, 0x00, 0x00, 0x00, 0x00, 0x00, 0x00, 0x00, 0x00, 0x00, 0x00, 0x00, 0x00, 0x00,
    0x00, 0x00, 0x00, 0x00, 0x00, 0x00, 0x00, 0x00, 0x00, 0x00, 0x00, 0x00, 0x00, 0x00, 0x00, 0x00, 0x00, 0x00, 0x00,
    0x00, 0x00, 0x00, 0x00, 0x00, 0x00, 0x00, 0x00, 0x00, 0x00, 0x00, 0x00, 0x00, 0x00, 0x00, 0x00, 0x00, 0x00, 0x00,
    0x00, 0x00, 0x00, 0x00, 0x00, 0x00, 0x00, 0x00, 0x00, 0x00, 0x00, 0x00, 0x00, 0x00, 0x00, 0x00, 0x00, 0x00, 0x00,
    0x00, 0x00, 0x00, 0x00, 0x00, 0x00, 0x00, 0x00, 0x00, 0x00, 0x00, 0x00, 0x00, 0x00, 0x00, 0x00, 0x00, 0x00, 0x00,
    0x00, 0x00, 0x00, 0x00, 0x00, 0x00, 0x00, 0x00, 0x00, 0x00, 0x00, 0x00, 0x00, 0x00, 0x00, 0x00, 0x00, 0x00, 0x00,
    0x00, 0x00, 0x00, 0x00, 0x00, 0x00, 0x00, 0x00, 0x00, 0x00, 0x00, 0x00, 0x00, 0x00, 0x00, 0x00, 0x00, 0x00, 0x00,
    0x00, 0x00, 0x00, 0x00, 0x00, 0x00, 0x00, 0x00, 0x00, 0x00, 0x00, 0x00, 0x00, 0x00, 0x00, 0x00, 0x00, 0x00, 0x00,
    0x00, 0x00, 0x00, 0x00, 0x00, 0x00, 0x00, 0x00, 0x00, 0x00, 0x00, 0x00, 0x00, 0x00, 0x00, 0x00, 0x00, 0x00, 0x00,
    0x00, 0x00, 0x00, 0x00, 0x00, 0x00, 0x00, 0x00, 0x00, 0x00, 0x00, 0x00, 0x00, 0x00, 0x00, 0x00, 0x00, 0x00, 0x00,
    0x00, 0x00, 0x00, 0x00, 0x00, 0x00, 0x00, 0x00, 0x00, 0x00, 0x00, 0x00, 0x00, 0x00, 0x00, 0x00, 0x20, 0x00, 0x20,
    0x00, 0x20, 0x00, 0x20, 0x00, 0x21, 0x00, 0x21, 0x00, 0x21, 0x00, 0x21, 0x00, 0x21, 0x00, 0x21, 0x00, 0x21, 0x00,
    0x21, 0x00, 0x21, 0x00, 0x21, 0x00, 0x21, 0x00, 0x21, 0x00, 0x21, 0x00, 0x21, 0x00, 0x21, 0x00, 0x21, 0x00, 0x21,
    0x00, 0x21, 0x00, 0x21, 0x00, 0x21, 0x00, 0x21, 0x00, 0x21, 0x00, 0x21, 0x00, 0x21, 0x00, 0x21, 0x00, 0x21, 0x00,
    0x21, 0x00, 0x21, 0x00, 0x21, 0x00, 0x21, 0x00, 0x21, 0x00, 0x21, 0x00, 0x21, 0x00, 0x21, 0x00, 0x21, 0x00, 0x21,
    0x00, 0x21, 0x00, 0x21, 0x00, 0x21, 0x00, 0x21, 0x00, 0x21, 0x00, 0x21, 0x00, 0x21, 0x00, 0x21, 0x00, 0x21, 0x00,
    0x21, 0x00, 0x21, 0x00, 0x21, 0x00, 0x21, 0x00, 0x21, 0x00, 0x21, 0x00, 0x21, 0x00, 0x21, 0x00, 0x21, 0x00, 0x21,
    0x00, 0x21, 0x00, 0x21, 0x00, 0x21, 0x00, 0x21, 0x00, 0x21, 0x00, 0x21, 0x00, 0x21, 0x00, 0x21, 0x00, 0x21, 0x00,
    0x21, 0x00, 0x21, 0x00, 0x21, 0x00, 0x21, 0x00, 0x21, 0x00, 0x21, 0x00, 0x21, 0x00, 0x21, 0x00, 0x21, 0x00, 0x21,
    0x00, 0x21, 0x00, 0x21, 0x00, 0x21, 0x00, 0x21, 0x00, 0x21, 0x00, 0x21, 0x00, 0x21, 0x00, 0x21, 0x00, 0x21, 0x00,
    0x21, 0x00, 0x20, 0x00, 0x20, 0x00, 0x20, 0x00, 0x20, 0x00, 0x00, 0x00, 0x00, 0x00, 0x00, 0x00, 0x00, 0x00, 0x00,
    0x00, 0x00, 0x00, 0x00, 0x00, 0x00, 0x00, 0x00, 0x00, 0x00, 0x00, 0x00, 0x00, 0x00, 0x00, 0x00, 0x00, 0x00, 0x00,
    0x00, 0x00, 0x00, 0x00, 0x00, 0x00, 0x00, 0x00, 0x00, 0x00, 0x00, 0x00, 0x00, 0x00, 0x00, 0x00, 0x00, 0x00, 0x00,
    0x00, 0x00, 0x00, 0x00, 0x00, 0x00, 0x00, 0x00, 0x00, 0x00, 0x00, 0x00, 0x00, 0x00, 0x00, 0x00, 0x00, 0x00, 0x00,
    0x00, 0x00, 0x00, 0x00, 0x00, 0x00, 0x00, 0x00, 0x00, 0x00, 0x00, 0x00, 0x00, 0x00, 0x00, 0x00, 0x00, 0x00, 0x00,
    0x00, 0x00, 0x00, 0x00, 0x00, 0x00, 0x00, 0x00, 0x00, 0x00, 0x00, 0x00, 0x00, 0x00, 0x00, 0x00, 0x00, 0x00, 0x00,
    0x00, 0x00, 0x00, 0x00, 0x00, 0x00, 0x00, 0x00, 0x00, 0x00, 0x00, 0x00, 0x00, 0x00, 0x00, 0x00, 0x00, 0x00, 0x00,
    0x00, 0x00, 0x00, 0x00, 0x00, 0x00, 0x00, 0x00, 0x00, 0x00, 0x00, 0x00, 0x00, 0x00, 0x00, 0x00, 0x00, 0x00, 0x00,
    0x00, 0x00, 0x00, 0x00, 0x00, 0x00, 0x00, 0x00, 0x00, 0x00, 0x00, 0x00, 0x00, 0x00, 0x00, 0x00, 0x00, 0x00, 0x00,
    0x00, 0x00, 0x00, 0x00, 0x00, 0x00, 0x00, 0x00, 0x00, 0x00, 0x00, 0x00, 0x00, 0x00, 0x00, 0x00, 0x00, 0x00, 0x00,
    0x00, 0x00, 0x00, 0x00, 0x00, 0x00, 0x00, 0x00, 0x00, 0x00, 0x00, 0x00, 0x00, 0x00, 0x00, 0x00, 0x00, 0x00, 0x00,
    0x00, 0x00, 0x00, 0x00, 0x00, 0x00, 0x00, 0x00, 0x00, 0x00, 0x00, 0x00, 0x00, 0x00, 0x00, 0x00, 0x00, 0x00, 0x00,
    0x00, 0x00, 0x00, 0x00, 0x00, 0x00, 0x00, 0x00, 0x00, 0x00, 0x20, 0x00, 0x20, 0x00, 0x20, 0x00, 0x20, 0x00, 0x21,
    0x00, 0x21, 0x00, 0x21, 0x00, 0x21, 0x00, 0x21, 0x00, 0x21, 0x00, 0x21, 0x00, 0x21, 0x00, 0x21, 0x00, 0x21, 0x00,
    0x21, 0x00, 0x21, 0x00, 0x21, 0x00, 0x21, 0x00, 0x21, 0x00, 0x21, 0x00, 0x21, 0x00, 0x21, 0x00, 0x21, 0x00, 0x21,
    0x00, 0x21, 0x00, 0x21, 0x00, 0x21, 0x00, 0x21, 0x00, 0x21, 0x00, 0x21, 0x00, 0x21, 0x00, 0x21, 0x00, 0x21, 0x00,
    0x21, 0x00, 0x21, 0x00, 0x21, 0x00, 0x21, 0x00, 0x21, 0x00, 0x21, 0x00, 0x21, 0x00, 0x21, 0x00, 0x21, 0x00, 0x21,
    0x00, 0x21, 0x00, 0x21, 0x00, 0x21, 0x00, 0x21, 0x00, 0x21, 0x00, 0x21, 0x00, 0x21, 0x00, 0x21, 0x00, 0x21, 0x00,
    0x21, 0x00, 0x21, 0x00, 0x21, 0x00, 0x21, 0x00, 0x21, 0x00, 0x21, 0x00, 0x21, 0x00, 0x21, 0x00, 0x21, 0x00, 0x21,
    0x00, 0x21, 0x00, 0x21, 0x00, 0x21, 0x00, 0x21, 0x00, 0x21, 0x00, 0x21, 0x00, 0x21, 0x00, 0x21, 0x00, 0x21, 0x00,
    0x21, 0x00, 0x21, 0x00, 0x21, 0x00, 0x21, 0x00, 0x21, 0x00, 0x20, 0x00, 0x20, 0x00, 0x20, 0x00, 0x20, 0x00, 0x00,
    0x00, 0x00, 0x00, 0x00, 0x00, 0x00, 0x00, 0x00, 0x00, 0x00, 0x00, 0x00, 0x00, 0x00, 0x00, 0x00, 0x00, 0x00, 0x00,
    0x00, 0x00, 0x00, 0x00, 0x00, 0x00, 0x00, 0x00, 0x00, 0x00, 0x00, 0x00, 0x00, 0x00, 0x00, 0x00, 0x00, 0x00, 0x00,
    0x00, 0x00, 0x00, 0x00, 0x00, 0x00, 0x00, 0x00, 0x00, 0x00, 0x00, 0x00, 0x00, 0x00, 0x00, 0x00, 0x00, 0x00, 0x00,
    0x00, 0x00, 0x00, 0x00, 0x00, 0x00, 0x00, 0x00, 0x00, 0x00, 0x00, 0x00, 0x00, 0x00, 0x00, 0x00, 0x00, 0x00, 0x00,
    0x00, 0x00, 0x00, 0x00, 0x00, 0x00, 0x00, 0x00, 0x00, 0x00, 0x00, 0x00, 0x00, 0x00, 0x00, 0x00, 0x00, 0x00, 0x00,
    0x00, 0x00, 0x00, 0x00, 0x00, 0x00, 0x00, 0x00, 0x00, 0x00, 0x00, 0x00, 0x00, 0x00, 0x00, 0x00, 0x00, 0x00, 0x00,
    0x00, 0x00, 0x00, 0x00, 0x00, 0x00, 0x00, 0x00, 0x00, 0x00, 0x00, 0x00, 0x00, 0x00, 0x00, 0x00, 0x00, 0x00, 0x00,
    0x00, 0x00, 0x00, 0x00, 0x00, 0x00, 0x00, 0x00, 0x00, 0x00, 0x00, 0x00, 0x00, 0x00, 0x00, 0x00, 0x00, 0x00, 0x00,
    0x00, 0x00, 0x00, 0x00, 0x00, 0x00, 0x00, 0x00, 0x00, 0x00, 0x00, 0x00, 0x00, 0x00, 0x00, 0x00, 0x00, 0x00, 0x00,
    0x00, 0x00, 0x00, 0x00, 0x00, 0x00, 0x00, 0x00, 0x00, 0x00, 0x00, 0x00, 0x00, 0x00, 0x00, 0x00, 0x00, 0x00, 0x00,
    0x00, 0x00, 0x00, 0x00, 0x00, 0x00, 0x00, 0x00, 0x00, 0x00, 0x00, 0x00, 0x00, 0x00, 0x00, 0x00, 0x00, 0x00, 0x00,
    0x00, 0x00, 0x00, 0x00, 0x00, 0x00, 0x00, 0x00, 0x00, 0x00, 0x00, 0x00, 0x00, 0x00, 0x00, 0x00, 0x00, 0x00, 0x00,
    0x00, 0x00, 0x00, 0x00, 0x00, 0x00, 0x00, 0x00, 0x00, 0x00, 0x00, 0x00, 0x00, 0x00, 0x00, 0x00, 0x00, 0x00, 0x00,
    0x00, 0x00, 0x00, 0x00, 0x00, 0x00, 0x20, 0x00, 0x20, 0x00, 0x20, 0x00, 0x20, 0x00, 0x20, 0x00, 0x20, 0x00, 0x20,
    0x00, 0x20, 0x00, 0x20, 0x00, 0x20, 0x00, 0x20, 0x00, 0x20, 0x00, 0x20, 0x00, 0x20, 0x00, 0x20, 0x00, 0x21, 0x00,
    0x21, 0x00, 0x21, 0x00, 0x21, 0x00, 0x21, 0x00, 0x21, 0x00, 0x21, 0x00, 0x21, 0x00, 0x21, 0x00, 0x21, 0x00, 0x21,
    0x00, 0x21, 0x00, 0x21, 0x00, 0x21, 0x00, 0x21, 0x00, 0x21, 0x00, 0x21, 0x00, 0x21, 0x00, 0x21, 0x00, 0x21, 0x00,
    0x21, 0x00, 0x21, 0x00, 0x21, 0x00, 0x21, 0x00, 0x21, 0x00, 0x21, 0x00, 0x21, 0x00, 0x21, 0x00, 0x21, 0x00, 0x21,
    0x00, 0x21, 0x00, 0x21, 0x00, 0x21, 0x00, 0x21, 0x00, 0x21, 0x00, 0x21, 0x00, 0x20, 0x00, 0x20, 0x00, 0x20, 0x00,
    0x20, 0x00, 0x20, 0x00, 0x20, 0x00, 0x20, 0x00, 0x20, 0x00, 0x20, 0x00, 0x20, 0x00, 0x20, 0x00, 0x20, 0x00, 0x20,
    0x00, 0x20, 0x00, 0x20, 0x00, 0x00, 0x00, 0x00, 0x00, 0x00, 0x00, 0x00, 0x00, 0x00, 0x00, 0x00, 0x00, 0x00, 0x00,
    0x00, 0x00, 0x00, 0x00, 0x00, 0x00, 0x00, 0x00, 0x00, 0x00, 0x00, 0x00, 0x00, 0x00, 0x00, 0x00, 0x00, 0x00, 0x00,
    0x00, 0x00, 0x00, 0x00, 0x00, 0x00, 0x00, 0x00, 0x00, 0x00, 0x00, 0x00, 0x00, 0x00, 0x00, 0x00, 0x00, 0x00, 0x00,
    0x00, 0x00, 0x00, 0x00, 0x00, 0x00, 0x00, 0x00, 0x00, 0x00, 0x00, 0x00, 0x00, 0x00, 0x00, 0x00, 0x00, 0x00, 0x00,
    0x00, 0x00, 0x00, 0x00, 0x00, 0x00, 0x00, 0x00, 0x00, 0x00, 0x00, 0x00, 0x00, 0x00, 0x00, 0x00, 0x00, 0x00, 0x00,
    0x00, 0x00, 0x00, 0x00, 0x00, 0x00, 0x00, 0x00, 0x00, 0x00, 0x00, 0x00, 0x00, 0x00, 0x00, 0x00, 0x00, 0x00, 0x00,
    0x00, 0x00, 0x00, 0x00, 0x00, 0x00, 0x00, 0x00, 0x00, 0x00, 0x00, 0x00, 0x00, 0x00, 0x00, 0x00, 0x00, 0x00, 0x00,
    0x00, 0x00, 0x00, 0x00, 0x00, 0x00, 0x00, 0x00, 0x00, 0x00, 0x00, 0x00, 0x00, 0x00, 0x00, 0x00, 0x00, 0x00, 0x00,
    0x00, 0x00, 0x00, 0x00, 0x00, 0x00, 0x00, 0x00, 0x00, 0x00, 0x00, 0x00, 0x00, 0x00, 0x00, 0x00, 0x00, 0x00, 0x00,
    0x00, 0x00, 0x00, 0x00, 0x00, 0x00, 0x00, 0x00, 0x00, 0x00, 0x00, 0x00, 0x00, 0x00, 0x00, 0x00, 0x00, 0x00, 0x00,
    0x00, 0x00, 0x00, 0x00, 0x00, 0x00, 0x00, 0x00, 0x00, 0x00, 0x00, 0x00, 0x00, 0x00, 0x00, 0x00, 0x00, 0x00, 0x00,
    0x00, 0x00, 0x00, 0x00, 0x00, 0x00, 0x00, 0x00, 0x00, 0x00, 0x00, 0x00, 0x00, 0x00, 0x00, 0x00, 0x00, 0x00, 0x00,
    0x00, 0x00, 0x00, 0x00, 0x00, 0x00, 0x00, 0x00, 0x00, 0x00, 0x00, 0x00, 0x00, 0x00, 0x00, 0x00, 0x00, 0x00, 0x00,
    0x00, 0x00, 0x00, 0x00, 0x00, 0x00, 0x00, 0x00, 0x00, 0x00, 0x00, 0x00, 0x00, 0x00, 0x00, 0x00, 0x00, 0x00, 0x00,
    0x00, 0x00, 0x00, 0x00, 0x00, 0x00, 0x00, 0x00, 0x00, 0x00, 0x00, 0x00, 0x00, 0x00, 0x00, 0x00, 0x00, 0x00, 0x00,
    0x00, 0x00, 0x00, 0x00, 0x00, 0x00, 0x00, 0x00, 0x00, 0x00, 0x00, 0x00, 0x00, 0x00, 0x00, 0x00, 0x00, 0x00, 0x00,
    0x00, 0x00, 0x00, 0x00, 0x00, 0x00, 0x00, 0x00, 0x00, 0x00, 0x00, 0x00, 0x00, 0x00, 0x00, 0x00, 0x00, 0x00, 0x00,
    0x00, 0x00, 0x00, 0x00, 0x00, 0x00, 0x00, 0x00, 0x00, 0x00, 0x00, 0x00, 0x00, 0x00, 0x00, 0x00, 0x00, 0x00, 0x00,
    0x00, 0x00, 0x00, 0x00, 0x00, 0x00, 0x00, 0x00, 0x00, 0x00, 0x00, 0x00, 0x00, 0x00, 0x00, 0x00, 0x00, 0x00, 0x00,
    0x00, 0x00, 0x00, 0x00, 0x00, 0x00, 0x00, 0x00, 0x00, 0x00, 0x00, 0x00, 0x00, 0x00, 0x00, 0x00, 0x00, 0x00, 0x00,
    0x00, 0x00, 0x00, 0x00, 0x00, 0x00, 0x00, 0x00, 0x00, 0x00, 0x00, 0x00, 0x00, 0x00, 0x00, 0x00, 0x00, 0x00, 0x00,
    0x00, 0x00, 0x00, 0x00, 0x00, 0x00, 0x00, 0x00, 0x00, 0x00, 0x00, 0x00, 0x00, 0x00, 0x00, 0x00, 0x00, 0x00, 0x00,
    0x00, 0x00, 0x00, 0x00, 0x00, 0x00, 0x00, 0x00, 0x00, 0x00, 0x00, 0x00, 0x00, 0x00, 0x00, 0x00, 0x00, 0x00, 0x00,
    0x00, 0x00, 0x00, 0x00, 0x00, 0x00, 0x00, 0x00, 0x00, 0x00, 0x00, 0x00, 0x00, 0x00, 0x00, 0x00, 0x00, 0x00, 0x00,
    0x00, 0x00, 0x00, 0x00, 0x00, 0x00, 0x00, 0x00, 0x00, 0x00, 0x00, 0x00, 0x00, 0x00, 0x00, 0x00, 0x00, 0x00, 0x00,
    0x00, 0x00, 0x00, 0x00, 0x00, 0x00, 0x00, 0x00, 0x00, 0x00, 0x00, 0x00, 0x00, 0x00, 0x00, 0x00, 0x00, 0x00, 0x00,
    0x00, 0x00, 0x00, 0x00, 0x00, 0x00, 0x00, 0x00, 0x00, 0x00, 0x00, 0x00, 0x00, 0x00, 0x00, 0x00, 0x00, 0x00, 0x00,
    0x00, 0x00, 0x00, 0x00, 0x00, 0x00, 0x00, 0x00, 0x00, 0x00, 0x00, 0x00, 0x00, 0x00, 0x00, 0x00, 0x00, 0x00, 0x00,
    0x00, 0x00, 0x00, 0x00, 0x00, 0x00, 0x00, 0x00, 0x00, 0x00, 0x00, 0x00, 0x00, 0x00, 0x00, 0x00, 0x00, 0x00, 0x00,
    0x00, 0x00, 0x00, 0x00, 0x00, 0x00, 0x00, 0x00, 0x00, 0x00, 0x00, 0x00, 0x00, 0x00, 0x00, 0x00, 0x00, 0x00, 0x00,
    0x00, 0x00, 0x00, 0x00, 0x00, 0x00, 0x00, 0x00, 0x00, 0x00, 0x00, 0x00, 0x00, 0x00, 0x00, 0x00, 0x00, 0x00, 0x00,
    0x00, 0x00, 0x00, 0x00, 0x00, 0x00, 0x00, 0x00, 0x00, 0x00, 0x00, 0x00, 0x00, 0x00, 0x00, 0x00, 0x00, 0x00, 0x00,
    0x00, 0x00, 0x00, 0x00, 0x00, 0x00, 0x00, 0x00, 0x00, 0x00, 0x00, 0x00, 0x00, 0x00, 0x00, 0x00, 0x00, 0x00, 0x00,
    0x00, 0x00, 0x00, 0x00, 0x00, 0x00, 0x00, 0x00, 0x00, 0x00, 0x00, 0x00, 0x00, 0x00, 0x00, 0x00, 0x00, 0x00, 0x00,
    0x00, 0x00, 0x00, 0x00, 0x00, 0x00, 0x00, 0x00, 0x00, 0x00, 0x00, 0x00, 0x00, 0x00, 0x00, 0x00, 0x00, 0x00, 0x00,
    0x00, 0x00, 0x00, 0x00, 0x00, 0x00, 0x00, 0x00, 0x00, 0x00, 0x00, 0x00, 0x00, 0x00, 0x00, 0x00, 0x00, 0x00, 0x00,
    0x00, 0x00, 0x00, 0x00, 0x00, 0x00, 0x00, 0x00, 0x00, 0x00, 0x00, 0x00, 0x00, 0x00, 0x00, 0x00, 0x00, 0x00, 0x00,
    0x00, 0x00, 0x00, 0x00, 0x00, 0x00, 0x00, 0x00, 0x00, 0x00, 0x00, 0x00, 0x00, 0x00, 0x00, 0x00, 0x00, 0x00, 0x00,
    0x00, 0x00, 0x00, 0x00, 0x00, 0x00, 0x00, 0x00, 0x00, 0x00, 0x00, 0x00, 0x00, 0x00, 0x00, 0x00, 0x00, 0x00, 0x00,
    0x00, 0x00, 0x00, 0x00, 0x00, 0x00, 0x00, 0x00, 0x00, 0x00, 0x00, 0x00, 0x00, 0x00, 0x00, 0x00, 0x00, 0x00, 0x00,
    0x00, 0x00, 0x00, 0x00, 0x00, 0x00, 0x00, 0x00, 0x00, 0x00, 0x00, 0x00, 0x00, 0x00, 0x00, 0x00, 0x00, 0x00, 0x00,
    0x00, 0x00, 0x00, 0x00, 0x00, 0x00, 0x00, 0x00, 0x00, 0x00, 0x00, 0x00, 0x00, 0x00, 0x00, 0x00, 0x00, 0x00, 0x00,
    0x00, 0x00, 0x00, 0x00, 0x00, 0x00, 0x00, 0x00, 0x00, 0x00, 0x00, 0x00, 0x00, 0x00, 0x00, 0x00, 0x00, 0x00, 0x00,
    0x00, 0x00, 0x00, 0x00, 0x00, 0x00, 0x00, 0x00, 0x00, 0x00, 0x00, 0x00, 0x00, 0x00, 0x00, 0x00, 0x00, 0x00, 0x00,
    0x00, 0x00, 0x00, 0x00, 0x00, 0x00, 0x00, 0x00, 0x00, 0x00, 0x00, 0x00, 0x00, 0x00, 0x00, 0x00, 0x00, 0x00, 0x00,
    0x00, 0x00, 0x00, 0x00, 0x00, 0x00, 0x00, 0x00, 0x00, 0x00, 0x00, 0x00, 0x00, 0x00, 0x00, 0x00, 0x00, 0x00, 0x00,
    0x00, 0x00, 0x00, 0x00, 0x00, 0x00, 0x00, 0x00, 0x00, 0x00, 0x00, 0x00, 0x00, 0x00, 0x00, 0x00, 0x00, 0x00, 0x00,
    0x00, 0x00, 0x00, 0x00, 0x00, 0x00, 0x00, 0x00, 0x00, 0x00, 0x00, 0x00, 0x00, 0x00, 0x00, 0x00, 0x00, 0x00, 0x00,
    0x00, 0x00, 0x00, 0x00, 0x00, 0x00, 0x00, 0x00, 0x00, 0x00, 0x00, 0x00, 0x00, 0x00, 0x00, 0x00, 0x00, 0x00, 0x00,
    0x00, 0x00, 0x00, 0x00, 0x00, 0x00, 0x00, 0x00, 0x00, 0x00, 0x00, 0x00, 0x00, 0x00, 0x00, 0x00, 0x00, 0x00, 0x00,
    0x00, 0x00, 0x00, 0x00, 0x00, 0x00, 0x00, 0x00, 0x00, 0x00, 0x00, 0x00, 0x00, 0x00, 0x00, 0x00, 0x00, 0x00, 0x00,
    0x00, 0x00, 0x00, 0x00, 0x00, 0x00, 0x00, 0x00, 0x00, 0x00, 0x00, 0x00, 0x00, 0x00, 0x00, 0x00, 0x00, 0x00, 0x00,
    0x00, 0x00, 0x00, 0x00, 0x00, 0x00, 0x00, 0x00, 0x00, 0x00, 0x00, 0x00, 0x00, 0x00, 0x00, 0x00, 0x00, 0x00, 0x00,
    0x00, 0x00, 0x00, 0x00, 0x00, 0x00, 0x00, 0x00, 0x00, 0x00, 0x00, 0x00, 0x00, 0x00, 0x00, 0x00, 0x00, 0x00, 0x00,
    0x00, 0x00, 0x00, 0x00, 0x00, 0x00, 0x00, 0x00, 0x00, 0x00, 0x00, 0x00, 0x00, 0x00, 0x00, 0x00, 0x00, 0x00, 0x00,
    0x00, 0x00, 0x00, 0x00, 0x00, 0x00, 0x00, 0x00, 0x00, 0x00, 0x00, 0x00, 0x00, 0x00, 0x00, 0x00, 0x00, 0x00, 0x00,
    0x00, 0x00, 0x00, 0x00, 0x00, 0x00, 0x00, 0x00, 0x00, 0x00, 0x00, 0x00, 0x00, 0x00, 0x00, 0x00, 0x00, 0x00, 0x00,
    0x00, 0x00, 0x00, 0x00, 0x00, 0x00, 0x00, 0x00, 0x00, 0x00, 0x00, 0x00, 0x00, 0x00, 0x00, 0x00, 0x00, 0x00, 0x00,
    0x00, 0x00, 0x00, 0x00, 0x00, 0x00, 0x00, 0x00, 0x00, 0x00, 0x00, 0x00, 0x00, 0x00, 0x00, 0x00, 0x00, 0x00, 0x00,
    0x00, 0x00, 0x00, 0x00, 0x00, 0x00, 0x00, 0x00, 0x00, 0x00, 0x00, 0x00, 0x00, 0x00, 0x00, 0x00, 0x00, 0x00, 0x00,
    0x00, 0x00, 0x00, 0x00, 0x00, 0x00, 0x00, 0x00, 0x00, 0x00, 0x00, 0x00, 0x00, 0x00, 0x00, 0x00, 0x00, 0x00, 0x00,
    0x00, 0x00, 0x00, 0x00, 0x00, 0x00, 0x00, 0x00, 0x00, 0x00, 0x00, 0x00, 0x00, 0x00, 0x00, 0x00, 0x00, 0x00, 0x00,
    0x00, 0x00, 0x00, 0x00, 0x00, 0x00, 0x00, 0x00, 0x00, 0x00, 0x00, 0x00, 0x00, 0x00, 0x00, 0x00, 0x00, 0x00, 0x00,
    0x00, 0x00, 0x00, 0x00, 0x00, 0x00, 0x00, 0x00, 0x00, 0x00, 0x00, 0x00, 0x00, 0x00, 0x00, 0x00, 0x00, 0x00, 0x00,
    0x00, 0x00, 0x00, 0x00, 0x00, 0x00, 0x00, 0x00, 0x00, 0x00, 0x00, 0x00, 0x00, 0x00, 0x00, 0x00, 0x00, 0x00, 0x00,
    0x00, 0x00, 0x00, 0x00, 0x00, 0x00, 0x00, 0x00, 0x00, 0x00, 0x00, 0x00, 0x00, 0x00, 0x00, 0x00, 0x00, 0x00, 0x00,
    0x00, 0x00, 0x00, 0x00, 0x00, 0x00, 0x00, 0x00, 0x00, 0x00, 0x00, 0x00, 0x00, 0x00, 0x00, 0x00, 0x00, 0x00, 0x00,
    0x00, 0x00, 0x00, 0x00, 0x00, 0x00, 0x00, 0x00, 0x00, 0x00, 0x00, 0x00, 0x00, 0x00, 0x00, 0x00, 0x00, 0x00, 0x00,
    0x00, 0x00, 0x00, 0x00, 0x00, 0x00, 0x00, 0x00, 0x00, 0x00, 0x00, 0x00, 0x00, 0x00, 0x00, 0x00, 0x00, 0x00, 0x00,
    0x00, 0x00, 0x00, 0x00, 0x00, 0x00, 0x00, 0x00, 0x00, 0x00, 0x00, 0x00, 0x00, 0x00, 0x00, 0x00, 0x00, 0x00, 0x00,
    0x00, 0x00, 0x00, 0x00, 0x00, 0x00, 0x00, 0x00, 0x00, 0x00, 0x00, 0x00, 0x00, 0x00, 0x00, 0x00, 0x00, 0x00, 0x00,
    0x00, 0x00, 0x00, 0x00, 0x00, 0x00, 0x00, 0x00, 0x00, 0x00, 0x00, 0x00, 0x00, 0x00, 0x00, 0x00, 0x00, 0x00, 0x00,
    0x00, 0x00, 0x00, 0x00, 0x00, 0x00, 0x00, 0x00, 0x00, 0x00, 0x00, 0x00, 0x00, 0x00, 0x00, 0x00, 0x00, 0x00, 0x00,
    0x00, 0x00, 0x00, 0x00, 0x00, 0x00, 0x00, 0x00, 0x00, 0x00, 0x00, 0x00, 0x00, 0x00, 0x00, 0x00, 0x00, 0x00, 0x00,
    0x00, 0x00, 0x00, 0x00, 0x00, 0x00, 0x00, 0x00, 0x00, 0x00, 0x00, 0x00, 0x00, 0x00, 0x00, 0x00, 0x00, 0x00, 0x00,
    0x00, 0x00, 0x00, 0x00, 0x00, 0x00, 0x00, 0x00, 0x00, 0x00, 0x00, 0x00, 0x00, 0x00, 0x00, 0x00, 0x00, 0x00, 0x00,
    0x00, 0x00, 0x00, 0x00, 0x00, 0x00, 0x00, 0x00, 0x00, 0x00, 0x00, 0x00, 0x00, 0x00, 0x00, 0x00, 0x00, 0x00, 0x00,
    0x00, 0x00, 0x00, 0x00, 0x00, 0x00, 0x00, 0x00, 0x00, 0x00, 0x00, 0x00, 0x00, 0x00, 0x00, 0x00, 0x00, 0x00, 0x00,
    0x00, 0x00, 0x00, 0x00, 0x00, 0x00, 0x00, 0x00, 0x00, 0x00, 0x00, 0x00, 0x00, 0x00, 0x00, 0x00, 0x00, 0x00, 0x00,
    0x00, 0x00, 0x00, 0x00, 0x00, 0x00, 0x00, 0x00, 0x00, 0x00, 0x00, 0x00, 0x00, 0x00, 0x00, 0x00, 0x00, 0x00, 0x00,
    0x00, 0x00, 0x00, 0x00, 0x00, 0x00, 0x00, 0x00, 0x00, 0x00, 0x00, 0x00, 0x00, 0x00, 0x00, 0x00, 0x00, 0x00, 0x00,
    0x00, 0x00, 0x00, 0x00, 0x00, 0x00, 0x00, 0x00, 0x00, 0x00, 0x00, 0x00, 0x00, 0x00, 0x00, 0x00, 0x00, 0x00, 0x00,
    0x00, 0x00, 0x00, 0x00, 0x00, 0x00, 0x00, 0x00, 0x00, 0x00, 0x00, 0x00, 0x00, 0x00, 0x00, 0x00, 0x00, 0x00, 0x00,
    0x00, 0x00, 0x00, 0x00, 0x00, 0x00, 0x00, 0x00, 0x00, 0x00, 0x00, 0x00, 0x00, 0x00, 0x00, 0x00, 0x00, 0x00, 0x00,
    0x00, 0x00, 0x00, 0x00, 0x00, 0x00, 0x00, 0x00, 0x00, 0x00, 0x00, 0x00, 0x00, 0x00, 0x00, 0x00, 0x00, 0x00, 0x00,
    0x00, 0x00, 0x00, 0x00, 0x00, 0x00, 0x00, 0x00, 0x00, 0x00, 0x00, 0x00, 0x00, 0x00, 0x00, 0x00, 0x00, 0x00, 0x00,
    0x00, 0x00, 0x00, 0x00, 0x00, 0x00, 0x00, 0x00, 0x00, 0x00, 0x00, 0x00, 0x00, 0x00, 0x00, 0x00, 0x00, 0x00, 0x00,
    0x00, 0x00, 0x00, 0x00, 0x00, 0x00, 0x00, 0x00, 0x00, 0x00, 0x00, 0x00, 0x00, 0x00, 0x00, 0x00, 0x00, 0x00, 0x00,
    0x00, 0x00, 0x00, 0x00, 0x00, 0x00, 0x00, 0x00, 0x00, 0x00, 0x00, 0x00, 0x00, 0x00, 0x00, 0x00, 0x00, 0x00, 0x00,
    0x00, 0x00, 0x00, 0x00, 0x00, 0x00, 0x00, 0x00, 0x00, 0x00, 0x00, 0x00, 0x00, 0x00, 0x00, 0x00, 0x00, 0x00, 0x00,
    0x00, 0x00, 0x00, 0x00, 0x00, 0x00, 0x00, 0x00, 0x00, 0x00, 0x00, 0x00, 0x00, 0x00, 0x00, 0x00, 0x00, 0x00, 0x00,
    0x00, 0x00, 0x00, 0x00, 0x00, 0x00, 0x00, 0x00, 0x00, 0x00,
};

const lv_image_dsc_t icon_math = {
    .header.cf    = LV_COLOR_FORMAT_RGB565,
    .header.magic = LV_IMAGE_HEADER_MAGIC,
    .header.w     = 200,
    .header.h     = 200,
    .data_size    = 40000 * 2,
    .data         = icon_math_map,
};
