#ifdef __has_include
#if __has_include("lvgl.h")
#ifndef LV_LVGL_H_INCLUDE_SIMPLE
#define LV_LVGL_H_INCLUDE_SIMPLE
#endif
#endif
#endif

#if defined(LV_LVGL_H_INCLUDE_SIMPLE)
#include "lvgl.h"
#else
#include "lvgl/lvgl.h"
#endif

#ifndef LV_ATTRIBUTE_MEM_ALIGN
#define LV_ATTRIBUTE_MEM_ALIGN
#endif

#ifndef LV_ATTRIBUTE_IMAGE_ICON_ENGLISH
#define LV_ATTRIBUTE_IMAGE_ICON_ENGLISH
#endif

/* Generated by tools/english_pipeline/make_icon_english.py -- do not edit. */

const LV_ATTRIBUTE_MEM_ALIGN LV_ATTRIBUTE_LARGE_CONST LV_ATTRIBUTE_IMAGE_ICON_ENGLISH uint8_t icon_english_map[] = {
    0x00, 0x00, 0x00, 0x00, 0x00, 0x00, 0x00, 0x00, 0x00, 0x00, 0x00, 0x00, 0x00, 0x00, 0x00, 0x00, 0x00, 0x00, 0x00,
    0x00, 0x00, 0x00, 0x00, 0x00, 0x00, 0x00, 0x00, 0x00, 0x00, 0x00, 0x00, 0x00, 0x00, 0x00, 0x00, 0x00, 0x00, 0x00,
    0x00, 0x00, 0x00, 0x00, 0x00, 0x00, 0x00, 0x00, 0x00, 0x00, 0x00, 0x00, 0x00, 0x00, 0x00, 0x00, 0x00, 0x00, 0x00,
    0x00, 0x00, 0x00, 0x00, 0x00, 0x00, 0x00, 0x00, 0x00, 0x00, 0x00, 0x00, 0x00, 0x00, 0x00, 0x00, 0x00, 0x00, 0x00,
    0x00, 0x00, 0x00, 0x00, 0x00, 0x00, 0x00, 0x00, 0x00, 0x00, 0x00, 0x00, 0x00, 0x00, 0x00, 0x00, 0x00, 0x00, 0x00,
    0x00, 0x00, 0x00, 0x00, 0x00, 0x00, 0x00, 0x00, 0x00, 0x00, 0x00, 0x00, 0x00, 0x00, 0x00, 0x00, 0x00, 0x00, 0x00,
    0x00, 0x00, 0x00, 0x00, 0x00, 0x00, 0x00, 0x00, 0x00, 0x00, 0x00, 0x00, 0x00, 0x00, 0x00, 0x00, 0x00, 0x00, 0x00,
    0x00, 0x00, 0x00, 0x00, 0x00, 0x00, 0x00, 0x00, 0x00, 0x00, 0x00, 0x00, 0x00, 0x00, 0x00, 0x00, 0x00, 0x00, 0x00,
    0x00, 0x00, 0x00, 0x00, 0x00, 0x00, 0x00, 0x00, 0x00, 0x00, 0x00, 0x00, 0x00, 0x00, 0x00, 0x00, 0x00, 0x00, 0x00,
    0x00, 0x00, 0x00, 0x00, 0x00, 0x00, 0x00, 0x00, 0x00, 0x00, 0x00, 0x00, 0x00, 0x00, 0x00, 0x00, 0x00, 0x00, 0x00,
    0x00, 0x00, 0x00, 0x00, 0x00, 0x00, 0x00, 0x00, 0x00, 0x00, 0x00, 0x00, 0x00, 0x00, 0x00, 0x00, 0x00, 0x00, 0x00,
    0x00, 0x00, 0x00, 0x00, 0x00, 0x00, 0x00, 0x00, 0x00, 0x00, 0x00, 0x00, 0x00, 0x00, 0x00, 0x00, 0x00, 0x00, 0x00,
    0x00, 0x00, 0x00, 0x00, 0x00, 0x00, 0x00, 0x00, 0x00, 0x00, 0x00, 0x00, 0x00, 0x00, 0x00, 0x00, 0x00, 0x00, 0x00,
    0x00, 0x00, 0x00, 0x00, 0x00, 0x00, 0x00, 0x00, 0x00, 0x00, 0x00, 0x00, 0x00, 0x00, 0x00, 0x00, 0x00, 0x00, 0x00,
    0x00, 0x00, 0x00, 0x00, 0x00, 0x00, 0x00, 0x00, 0x00, 0x00, 0x00, 0x00, 0x00, 0x00, 0x00, 0x00, 0x00, 0x00, 0x00,
    0x00, 0x00, 0x00, 0x00, 0x00, 0x00, 0x00, 0x00, 0x00, 0x00, 0x00, 0x00, 0x00, 0x00, 0x00, 0x00, 0x00, 0x00, 0x00,
    0x00, 0x00, 0x00, 0x00, 0x00, 0x00, 0x00, 0x00, 0x00, 0x00, 0x00, 0x00, 0x00, 0x00, 0x00, 0x00, 0x00, 0x00, 0x00,
    0x00, 0x00, 0x00, 0x00, 0x00, 0x00, 0x00, 0x00, 0x00, 0x00, 0x00, 0x00, 0x00, 0x00, 0x00, 0x00, 0x00, 0x00, 0x00,
    0x00, 0x00, 0x00, 0x00, 0x00, 0x00, 0x00, 0x00, 0x00, 0x00, 0x00, 0x00, 0x00, 0x00, 0x00, 0x00, 0x00, 0x00, 0x00,
    0x00, 0x00, 0x00, 0x00, 0x00, 0x00, 0x00, 0x00, 0x00, 0x00, 0x00, 0x00, 0x00, 0x00, 0x00, 0x00, 0x00, 0x00, 0x00,
    0x00, 0x00, 0x00, 0x00, 0x00, 0x00, 0x00, 0x00, 0x00, 0x00, 0x00, 0x00, 0x00, 0x00, 0x00, 0x00, 0x00, 0x00, 0x00,
    0x00, 0x00, 0x00, 0x00, 0x00, 0x00, 0x00, 0x00, 0x00, 0x00, 0x00, 0x00, 0x00, 0x00, 0x00, 0x00, 0x00, 0x00, 0x00,
    0x00, 0x00, 0x00, 0x00, 0x00, 0x00, 0x00, 0x00, 0x00, 0x00, 0x00, 0x00, 0x00, 0x00, 0x00, 0x00, 0x00, 0x00, 0x00,
    0x00, 0x00, 0x00, 0x00, 0x00, 0x00, 0x00, 0x00, 0x00, 0x00, 0x00, 0x00, 0x00, 0x00, 0x00, 0x00, 0x00, 0x00, 0x00,
    0x00, 0x00, 0x00, 0x00, 0x00, 0x00, 0x00, 0x00, 0x00, 0x00, 0x00, 0x00, 0x00, 0x00, 0x00, 0x00, 0x00, 0x00, 0x00,
    0x00, 0x00, 0x00, 0x00, 0x00, 0x00, 0x00, 0x00, 0x00, 0x00, 0x00, 0x00, 0x00, 0x00, 0x00, 0x00, 0x00, 0x00, 0x00,
    0x00, 0x00, 0x00, 0x00, 0x00, 0x00, 0x00, 0x00, 0x00, 0x00, 0x00, 0x00, 0x00, 0x00, 0x00, 0x00, 0x00, 0x00, 0x00,
    0x00, 0x00, 0x00, 0x00, 0x00, 0x00, 0x00, 0x00, 0x00, 0x00, 0x00, 0x00, 0x00, 0x00, 0x00, 0x00, 0x00, 0x00, 0x00,
    0x00, 0x00, 0x00, 0x00, 0x00, 0x00, 0x00, 0x00, 0x00, 0x00, 0x00, 0x00, 0x00, 0x00, 0x00, 0x00, 0x00, 0x00, 0x00,
    0x00, 0x00, 0x00, 0x00, 0x00, 0x00, 0x00, 0x00, 0x00, 0x00, 0x00, 0x00, 0x00, 0x00, 0x00, 0x00, 0x00, 0x00, 0x00,
    0x00, 0x00, 0x00, 0x00, 0x00, 0x00, 0x00, 0x00, 0x00, 0x00, 0x00, 0x00, 0x00, 0x00, 0x00, 0x00, 0x00, 0x00, 0x00,
    0x00, 0x00, 0x00, 0x00, 0x00, 0x00, 0x00, 0x00, 0x00, 0x00, 0x00, 0x00, 0x00, 0x00, 0x00, 0x00, 0x00, 0x00, 0x00,
    0x00, 0x00, 0x00, 0x00, 0x00, 0x00, 0x00, 0x00, 0x00, 0x00, 0x00, 0x00, 0x00, 0x00, 0x00, 0x00, 0x00, 0x00, 0x00,
    0x00, 0x00, 0x00, 0x00, 0x00, 0x00, 0x00, 0x00, 0x00, 0x00, 0x00, 0x00, 0x00, 0x00, 0x00, 0x00, 0x00, 0x00, 0x00,
    0x00, 0x00, 0x00, 0x00, 0x00, 0x00, 0x00, 0x00, 0x00, 0x00, 0x00, 0x00, 0x00, 0x00, 0x00, 0x00, 0x00, 0x00, 0x00,
    0x00, 0x00, 0x00, 0x00, 0x00, 0x00, 0x00, 0x00, 0x00, 0x00, 0x00, 0x00, 0x00, 0x00, 0x00, 0x00, 0x00, 0x00, 0x00,
    0x00, 0x00, 0x00, 0x00, 0x00, 0x00, 0x00, 0x00, 0x00, 0x00, 0x00, 0x00, 0x00, 0x00, 0x00, 0x00, 0x00, 0x00, 0x00,
    0x00, 0x00, 0x00, 0x00, 0x00, 0x00, 0x00, 0x00, 0x00, 0x00, 0x00, 0x00, 0x00, 0x00, 0x00, 0x00, 0x00, 0x00, 0x00,
    0x00, 0x00, 0x00, 0x00, 0x00, 0x00, 0x00, 0x00, 0x00, 0x00, 0x00, 0x00, 0x00, 0x00, 0x00, 0x00, 0x00, 0x00, 0x00,
    0x00, 0x00, 0x00, 0x00, 0x00, 0x00, 0x00, 0x00, 0x00, 0x00, 0x00, 0x00, 0x00, 0x00, 0x00, 0x00, 0x00, 0x00, 0x00,
    0x00, 0x00, 0x00, 0x00, 0x00, 0x00, 0x00, 0x00, 0x00, 0x00, 0x00, 0x00, 0x00, 0x00, 0x00, 0x00, 0x00, 0x00, 0x00,
    0x00, 0x00, 0x00, 0x00, 0x00, 0x00, 0x00, 0x00, 0x00, 0x00, 0x00, 0x00, 0x00, 0x00, 0x00, 0x00, 0x00, 0x00, 0x00,
    0x00, 0x00, 0x00, 0x00, 0x00, 0x00, 0x00, 0x00, 0x00, 0x00, 0x00, 0x00, 0x00, 0x00, 0x00, 0x00, 0x00, 0x00, 0x00,
    0x00, 0x00, 0x00, 0x00, 0x00, 0x00, 0x00, 0x00, 0x00, 0x00, 0x00, 0x00, 0x00, 0x00, 0x00, 0x00, 0x00, 0x00, 0x00,
    0x00, 0x00, 0x00, 0x00, 0x00, 0x00, 0x00, 0x00, 0x00, 0x00, 0x00, 0x00, 0x00, 0x00, 0x00, 0x00, 0x00, 0x00, 0x00,
    0x00, 0x00, 0x00, 0x00, 0x00, 0x00, 0x00, 0x00, 0x00, 0x00, 0x00, 0x00, 0x00, 0x00, 0x00, 0x00, 0x00, 0x00, 0x00,
    0x00, 0x00, 0x00, 0x00, 0x00, 0x00, 0x00, 0x00, 0x00, 0x00, 0x00, 0x00, 0x00, 0x00, 0x00, 0x00, 0x00, 0x00, 0x00,
    0x00, 0x00, 0x00, 0x00, 0x00, 0x00, 0x00, 0x00, 0x00, 0x00, 0x00, 0x00, 0x00, 0x00, 0x00, 0x00, 0x00, 0x00, 0x00,
    0x00, 0x00, 0x00, 0x00, 0x00, 0x00, 0x00, 0x00, 0x00, 0x00, 0x00, 0x00, 0x00, 0x00, 0x00, 0x00, 0x00, 0x00, 0x00,
    0x00, 0x00, 0x00, 0x00, 0x00, 0x00, 0x00, 0x00, 0x00, 0x00, 0x00, 0x00, 0x00, 0x00, 0x00, 0x00, 0x00, 0x20, 0x00,
    0x20, 0x00, 0x20, 0x00, 0x20, 0x00, 0x20, 0x00, 0x20, 0x00, 0x20, 0x00, 0x20, 0x00, 0x20, 0x00, 0x20, 0x00, 0x20,
    0x00, 0x20, 0x00, 0x20, 0x00, 0x20, 0x00, 0x20, 0x00, 0x20, 0x00, 0x20, 0x00, 0x20, 0x00, 0x20, 0x00, 0x20, 0x00,
    0x20, 0x00, 0x20, 0x00, 0x20, 0x00, 0x20, 0x00, 0x20, 0x00, 0x20, 0x00, 0x20, 0x00, 0x20, 0x00, 0x20, 0x00, 0x20,
    0x00, 0x20, 0x00, 0x20, 0x00, 0x20, 0x00, 0x20, 0x00, 0x20, 0x00, 0x20, 0x00, 0x20, 0x00, 0x20, 0x00, 0x20, 0x00,
    0x20, 0x00, 0x20, 0x00, 0x20, 0x00, 0x20, 0x00, 0x20, 0x00, 0x20, 0x00, 0x20, 0x00, 0x20, 0x00, 0x20, 0x00, 0x20,
    0x00, 0x20, 0x00, 0x20, 0x00, 0x20, 0x00, 0x00, 0x00, 0x00, 0x00, 0x00, 0x00, 0x00, 0x00, 0x00, 0x00, 0x00, 0x00,
    0x00, 0x00, 0x00, 0x00, 0x00, 0x00, 0x00, 0x00, 0x00, 0x00, 0x00, 0x00, 0x00, 0x00, 0x00, 0x00, 0x00, 0x00, 0x00,
    0x00, 0x00, 0x00, 0x00, 0x00, 0x00, 0x00, 0x00, 0x00, 0x00, 0x00, 0x00, 0x00, 0x00, 0x00, 0x00, 0x00, 0x00, 0x00,
    0x00, 0x00, 0x00, 0x00, 0x00, 0x00, 0x00, 0x00, 0x00, 0x00, 0x00, 0x00, 0x00, 0x00, 0x00, 0x00, 0x00, 0x00, 0x00,
    0x00, 0x00, 0x00, 0x00, 0x00, 0x00, 0x00, 0x00, 0x00, 0x00, 0x00, 0x00, 0x00, 0x00, 0x00, 0x00, 0x00, 0x00, 0x00,
    0x00, 0x00, 0x00, 0x00, 0x00, 0x00, 0x00, 0x00, 0x00, 0x00, 0x00, 0x00, 0x00, 0x00, 0x00, 0x00, 0x00, 0x00, 0x00,
    0x00, 0x00, 0x00, 0x00, 0x00, 0x00, 0x00, 0x00, 0x00, 0x00, 0x00, 0x00, 0x00, 0x00, 0x00, 0x00, 0x00, 0x00, 0x00,
    0x00, 0x00, 0x00, 0x00, 0x00, 0x00, 0x00, 0x00, 0x00, 0x00, 0x00, 0x00, 0x00, 0x00, 0x00, 0x00, 0x00, 0x00, 0x00,
    0x00, 0x00, 0x00, 0x00, 0x00, 0x00, 0x00, 0x00, 0x00, 0x00, 0x00, 0x00, 0x00, 0x00, 0x00, 0x00, 0x00, 0x00, 0x00,
    0x00, 0x00, 0x00, 0x00, 0x00, 0x00, 0x00, 0x00, 0x00, 0x00, 0x00, 0x00, 0x00, 0x00, 0x00, 0x00, 0x00, 0x00, 0x00,
    0x00, 0x00, 0x00, 0x00, 0x00, 0x00, 0x00, 0x00, 0x00, 0x00, 0x00, 0x00, 0x00, 0x00, 0x00, 0x00, 0x00, 0x00, 0x00,
    0x00, 0x00, 0x00, 0x00, 0x00, 0x00, 0x00, 0x00, 0x00, 0x00, 0x00, 0x00, 0x00, 0x00, 0x00, 0x00, 0x00, 0x00, 0x00,
    0x00, 0x00, 0x00, 0x00, 0x00, 0x00, 0x00, 0x00, 0x00, 0x00, 0x00, 0x00, 0x00, 0x00, 0x00, 0x00, 0x00, 0x00, 0x00,
    0x00, 0x00, 0x00, 0x00, 0x00, 0x00, 0x00, 0x00, 0x00, 0x00, 0x00, 0x00, 0x00, 0x00, 0x00, 0x00, 0x00, 0x00, 0x00,
    0x00, 0x00, 0x00, 0x00, 0x00, 0x00, 0x00, 0x00, 0x00, 0x00, 0x00, 0x00, 0x00, 0x20, 0x00, 0x20, 0x00, 0x20, 0x00,
    0x20, 0x00, 0x20, 0x00, 0x20, 0x00, 0x20, 0x00, 0x20, 0x00, 0x20, 0x00, 0x20, 0x00, 0x20, 0x00, 0x20, 0x00, 0x20,
    0x00, 0x20, 0x00, 0x20, 0x00, 0x20, 0x00, 0x20, 0x00, 0x20, 0x00, 0x20, 0x00, 0x20, 0x00, 0x20, 0x00, 0x20, 0x00,
    0x20, 0x00, 0x20, 0x00, 0x20, 0x00, 0x20, 0x00, 0x20, 0x00, 0x20, 0x00, 0x20, 0x00, 0x20, 0x00, 0x20, 0x00, 0x20,
    0x00, 0x20, 0x00, 0x20, 0x00, 0x20, 0x00, 0x20, 0x00, 0x20, 0x00, 0x20, 0x00, 0x20, 0x00, 0x20, 0x00, 0x20, 0x00,
    0x20, 0x00, 0x20, 0x00, 0x20, 0x00, 0x20, 0x00, 0x20, 0x00, 0x20, 0x00, 0x20, 0x00, 0x20, 0x00, 0x20, 0x00, 0x20,
    0x00, 0x20, 0x00, 0x20, 0x00, 0x20, 0x00, 0x20, 0x00, 0x20, 0x00, 0x20, 0x00, 0x20, 0x00, 0x20, 0x00, 0x20, 0x00,
    0x20, 0x00, 0x20, 0x00, 0x20, 0x00, 0x20, 0x00, 0x20, 0x00, 0x20, 0x00, 0x20, 0x00, 0x20, 0x00, 0x20, 0x00, 0x20,
    0x00, 0x20, 0x00, 0x20, 0x00, 0x20, 0x00, 0x20, 0x00, 0x20, 0x00, 0x20, 0x00, 0x00, 0x00, 0x00, 0x00, 0x00, 0x00,
    0x00, 0x00, 0x00, 0x00, 0x00, 0x00, 0x00, 0x00, 0x00, 0x00, 0x00, 0x00, 0x00, 0x00, 0x00, 0x00, 0x00, 0x00, 0x00,
    0x00, 0x00, 0x00, 0x00, 0x00, 0x00, 0x00, 0x00, 0x00, 0x00, 0x00, 0x00, 0x00, 0x00, 0x00, 0x00, 0x00, 0x00, 0x00,
    0x00, 0x00, 0x00, 0x00, 0x00, 0x00, 0x00, 0x00, 0x00, 0x00, 0x00, 0x00, 0x00, 0x00, 0x00, 0x00, 0x00, 0x00, 0x00,
    0x00, 0x00, 0x00, 0x00, 0x00, 0x00, 0x00, 0x00, 0x00, 0x00, 0x00, 0x00, 0x00, 0x00, 0x00, 0x00, 0x00, 0x00, 0x00,
    0x00, 0x00, 0x00, 0x00, 0x00, 0x00, 0x00, 0x00, 0x00, 0x00, 0x00, 0x00, 0x00, 0x00, 0x00, 0x00, 0x00, 0x00, 0x00,
    0x00, 0x00, 0x00, 0x00, 0x00, 0x00, 0x00, 0x00, 0x00, 0x00, 0x00, 0x00, 0x00, 0x00, 0x00, 0x00, 0x00, 0x00, 0x00,
    0x00, 0x00, 0x00, 0x00, 0x00, 0x00, 0x00, 0x00, 0x00, 0x00, 0x00, 0x00, 0x00, 0x00, 0x00, 0x00, 0x00, 0x00, 0x00,
    0x00, 0x00, 0x00, 0x00, 0x00, 0x00, 0x00, 0x00, 0x00, 0x00, 0x00, 0x00, 0x00, 0x00, 0x00, 0x00, 0x00, 0x00, 0x00,
    0x00, 0x00, 0x00, 0x00, 0x00, 0x00, 0x00, 0x00, 0x00, 0x00, 0x00, 0x00, 0x00, 0x00, 0x00, 0x00, 0x00, 0x00, 0x00,
    0x00, 0x00, 0x00, 0x00, 0x00, 0x00, 0x00, 0x00, 0x00, 0x00, 0x00, 0x00, 0x00, 0x00, 0x00, 0x00, 0x00, 0x00, 0x00,
    0x00, 0x00, 0x00, 0x00, 0x00, 0x00, 0x00, 0x00, 0x00, 0x00, 0x00, 0x00, 0x00, 0x00, 0x00, 0x00, 0x00, 0x00, 0x00,
    0x00, 0x00, 0x00, 0x00, 0x00, 0x00, 0x00, 0x00, 0x00, 0x00, 0x00, 0x00, 0x00, 0x00, 0x00, 0x00, 0x00, 0x00, 0x00,
    0x00, 0x00, 0x00, 0x00, 0x20, 0x00, 0x20, 0x00, 0x20, 0x00, 0x20, 0x00, 0x20, 0x00, 0x20, 0x00, 0x20, 0x00, 0x20,
    0x00, 0x20, 0x00, 0x20, 0x00, 0x20, 0x00, 0x20, 0x00, 0x20, 0x00, 0x20, 0x00, 0x20, 0x00, 0x20, 0x00, 0x20, 0x00,
    0x20, 0x00, 0x20, 0x00, 0x20, 0x00, 0x20, 0x00, 0x20, 0x00, 0x20, 0x00, 0x20, 0x00, 0x20, 0x00, 0x20, 0x00, 0x20,
    0x00, 0x20, 0x00, 0x20, 0x00, 0x20, 0x00, 0x20, 0x00, 0x20, 0x00, 0x20, 0x00, 0x20, 0x00, 0x20, 0x00, 0x20, 0x00,
    0x20, 0x00, 0x20, 0x00, 0x20, 0x00, 0x20, 0x00, 0x20, 0x00, 0x20, 0x00, 0x20, 0x00, 0x20, 0x00, 0x20, 0x00, 0x20,
    0x00, 0x20, 0x00, 0x20, 0x00, 0x20, 0x00, 0x20, 0x00, 0x20, 0x00, 0x20, 0x00, 0x20, 0x00, 0x20, 0x00, 0x20, 0x00,
    0x20, 0x00, 0x20, 0x00, 0x20, 0x00, 0x20, 0x00, 0x20, 0x00, 0x20, 0x00, 0x20, 0x00, 0x20, 0x00, 0x20, 0x00, 0x20,
    0x00, 0x20, 0x00, 0x20, 0x00, 0x20, 0x00, 0x20, 0x00, 0x20, 0x00, 0x20, 0x00, 0x20, 0x00, 0x20, 0x00, 0x20, 0x00,
    0x20, 0x00, 0x20, 0x00, 0x20, 0x00, 0x20, 0x00, 0x20, 0x00, 0x20, 0x00, 0x20, 0x00, 0x20, 0x00, 0x20, 0x00, 0x20,
    0x00, 0x20, 0x00, 0x20, 0x00, 0x00, 0x00, 0x00, 0x00, 0x00, 0x00, 0x00, 0x00, 0x00, 0x00, 0x00, 0x00, 0x00, 0x00,
    0x00, 0x00, 0x00, 0x00, 0x00, 0x00, 0x00, 0x00, 0x00, 0x00, 0x00, 0x00, 0x00, 0x00, 0x00, 0x00, 0x00, 0x00, 0x00,
    0x00, 0x00, 0x00, 0x00, 0x00, 0x00, 0x00, 0x00, 0x00, 0x00, 0x00, 0x00, 0x00, 0x00, 0x00, 0x00, 0x00, 0x00, 0x00,
    0x00, 0x00, 0x00, 0x00, 0x00, 0x00, 0x00, 0x00, 0x00, 0x00, 0x00, 0x00, 0x00, 0x00, 0x00, 0x00, 0x00, 0x00, 0x00,
    0x00, 0x00, 0x00, 0x00, 0x00, 0x00, 0x00, 0x00, 0x00, 0x00, 0x00, 0x00, 0x00, 0x00, 0x00, 0x00, 0x00, 0x00, 0x00,
    0x00, 0x00, 0x00, 0x00, 0x00, 0x00, 0x00, 0x00, 0x00, 0x00, 0x00, 0x00, 0x00, 0x00, 0x00, 0x00, 0x00, 0x00, 0x00,
    0x00, 0x00, 0x00, 0x00, 0x00, 0x00, 0x00, 0x00, 0x00, 0x00, 0x00, 0x00, 0x00, 0x00, 0x00, 0x00, 0x00, 0x00, 0x00,
    0x00, 0x00, 0x00, 0x00, 0x00, 0x00, 0x00, 0x00, 0x00, 0x00, 0x00, 0x00, 0x00, 0x00, 0x00, 0x00, 0x00, 0x00, 0x00,
    0x00, 0x00, 0x00, 0x00, 0x00, 0x00, 0x00, 0x00, 0x00, 0x00, 0x00, 0x00, 0x00, 0x00, 0x00, 0x00, 0x00, 0x00, 0x00,
    0x00, 0x00, 0x00, 0x00, 0x00, 0x00, 0x00, 0x00, 0x00, 0x00, 0x00, 0x00, 0x00, 0x00, 0x00, 0x00, 0x00, 0x00, 0x00,
    0x00, 0x00, 0x00, 0x00, 0x00, 0x00, 0x00, 0x00, 0x00, 0x00, 0x00, 0x00, 0x00, 0x00, 0x00, 0x00, 0x00, 0x00, 0x00,
    0x00, 0x00, 0x00, 0x00, 0x00, 0x00, 0x00, 0x00, 0x00, 0x00, 0x00, 0x00, 0x00, 0x00, 0x20, 0x00, 0x20, 0x00, 0x20,
    0x00, 0x20, 0x00, 0x20, 0x00, 0x20, 0x00, 0x20, 0x00, 0x20, 0x00, 0x20, 0x00, 0x20, 0x00, 0x20, 0x00, 0x20, 0x00,
    0x20, 0x00, 0x20, 0x00, 0x20, 0x00, 0x20, 0x00, 0x20, 0x00, 0x20, 0x00, 0x20, 0x00, 0x20, 0x00, 0x20, 0x00, 0x20,
    0x00, 0x20, 0x00, 0x20, 0x00, 0x20, 0x00, 0x20, 0x00, 0x20, 0x00, 0x20, 0x00, 0x20, 0x00, 0x20, 0x00, 0x20, 0x00,
    0x20, 0x00, 0x20, 0x00, 0x20, 0x00, 0x20, 0x00, 0x20, 0x00, 0x20, 0x00, 0x20, 0x00, 0x20, 0x00, 0x20, 0x00, 0x20,
    0x00, 0x20, 0x00, 0x20, 0x00, 0x20, 0x00, 0x20, 0x00, 0x20, 0x00, 0x20, 0x00, 0x20, 0x00, 0x20, 0x00, 0x20, 0x00,
    0x20, 0x00, 0x20, 0x00, 0x20, 0x00, 0x20, 0x00, 0x20, 0x00, 0x20, 0x00, 0x20, 0x00, 0x20, 0x00, 0x20, 0x00, 0x20,
    0x00, 0x20, 0x00, 0x20, 0x00, 0x20, 0x00, 0x20, 0x00, 0x20, 0x00, 0x20, 0x00, 0x20, 0x00, 0x20, 0x00, 0x20, 0x00,
    0x20, 0x00, 0x20, 0x00, 0x20, 0x00, 0x20, 0x00, 0x20, 0x00, 0x20, 0x00, 0x20, 0x00, 0x20, 0x00, 0x20, 0x00, 0x20,
    0x00, 0x20, 0x00, 0x20, 0x00, 0x20, 0x00, 0x20, 0x00, 0x20, 0x00, 0x20, 0x00, 0x20, 0x00, 0x20, 0x00, 0x20, 0x00,
    0x20, 0x00, 0x20, 0x00, 0x20, 0x00, 0x20, 0x00, 0x20, 0x00, 0x20, 0x00, 0x20, 0x00, 0x20, 0x00, 0x00, 0x00, 0x00,
    0x00, 0x00, 0x00, 0x00, 0x00, 0x00, 0x00, 0x00, 0x00, 0x00, 0x00, 0x00, 0x00, 0x00, 0x00, 0x00, 0x00, 0x00, 0x00,
    0x00, 0x00, 0x00, 0x00, 0x00, 0x00, 0x00, 0x00, 0x00, 0x00, 0x00, 0x00, 0x00, 0x00, 0x00, 0x00, 0x00, 0x00, 0x00,
    0x00, 0x00, 0x00, 0x00, 0x00, 0x00, 0x00, 0x00, 0x00, 0x00, 0x00, 0x00, 0x00, 0x00, 0x00, 0x00, 0x00, 0x00, 0x00,
    0x00, 0x00, 0x00, 0x00, 0x00, 0x00, 0x00, 0x00, 0x00, 0x00, 0x00, 0x00, 0x00, 0x00, 0x00, 0x00, 0x00, 0x00, 0x00,
    0x00, 0x00, 0x00, 0x00, 0x00, 0x00, 0x00, 0x00, 0x00, 0x00, 0x00, 0x00, 0x00, 0x00, 0x00, 0x00, 0x00, 0x00, 0x00,
    0x00, 0x00, 0x00, 0x00, 0x00, 0x00, 0x00, 0x00, 0x00, 0x00, 0x00, 0x00, 0x00, 0x00, 0x00, 0x00, 0x00, 0x00, 0x00,
    0x00, 0x00, 0x00, 0x00, 0x00, 0x00, 0x00, 0x00, 0x00, 0x00, 0x00, 0x00, 0x00, 0x00, 0x00, 0x00, 0x00, 0x00, 0x00,
    0x00, 0x00, 0x00, 0x00, 0x00, 0x00, 0x00, 0x00, 0x00, 0x00, 0x00, 0x00, 0x00, 0x00, 0x00, 0x00, 0x00, 0x00, 0x00,
    0x00, 0x00, 0x00, 0x00, 0x00, 0x00, 0x00, 0x00, 0x00, 0x00, 0x00, 0x00, 0x00, 0x00, 0x00, 0x00, 0x00, 0x00, 0x00,
    0x00, 0x00, 0x00, 0x00, 0x00, 0x00, 0x00, 0x00, 0x00, 0x00, 0x00, 0x00, 0x00, 0x00, 0x00, 0x00, 0x00, 0x00, 0x00,
    0x00, 0x00, 0x00, 0x00, 0x00, 0x00, 0x00, 0x00, 0x00, 0x20, 0x00, 0x20, 0x00, 0x20, 0x00, 0x20, 0x00, 0x20, 0x00,
    0x20, 0x00, 0x20, 0x00, 0x20, 0x00, 0x20, 0x00, 0x20, 0x00, 0x20, 0x00, 0x20, 0x00, 0x20, 0x00, 0x20, 0x00, 0x20,
    0x00, 0x20, 0x00, 0x20, 0x00, 0x40, 0x00, 0x40, 0x00, 0x40, 0x00, 0x40, 0x00, 0x40, 0x00, 0x40, 0x00, 0x40, 0x00,
    0x40, 0x00, 0x40, 0x00, 0x40, 0x00, 0x40, 0x00, 0x40, 0x00, 0x40, 0x00, 0x40, 0x00, 0x40, 0x00, 0x40, 0x00, 0x40,
    0x00, 0x40, 0x00, 0x40, 0x00, 0x40, 0x00, 0x40, 0x00, 0x40, 0x00, 0x40, 0x00, 0x40, 0x00, 0x40, 0x00, 0x40, 0x00,
    0x40, 0x00, 0x40, 0x00, 0x40, 0x00, 0x40, 0x00, 0x40, 0x00, 0x40, 0x00, 0x40, 0x00, 0x40, 0x00, 0x40, 0x00, 0x40,
    0x00, 0x40, 0x00, 0x40, 0x00, 0x40, 0x00, 0x40, 0x00, 0x40, 0x00, 0x40, 0x00, 0x40, 0x00, 0x40, 0x00, 0x40, 0x00,
    0x40, 0x00, 0x40, 0x00, 0x40, 0x00, 0x40, 0x00, 0x40, 0x00, 0x40, 0x00, 0x40, 0x00, 0x40, 0x00, 0x40, 0x00, 0x40,
    0x00, 0x40, 0x00, 0x40, 0x00, 0x40, 0x00, 0x40, 0x00, 0x40, 0x00, 0x40, 0x00, 0x40, 0x00, 0x40, 0x00, 0x40, 0x00,
    0x40, 0x00, 0x40, 0x00, 0x40, 0x00, 0x40, 0x00, 0x20, 0x00, 0x20, 0x00, 0x20, 0x00, 0x20, 0x00, 0x20, 0x00, 0x20,
    0x00, 0x20, 0x00, 0x20, 0x00, 0x20, 0x00, 0x20, 0x00, 0x20, 0x00, 0x20, 0x00, 0x20, 0x00, 0x20, 0x00, 0x20, 0x00,
    0x20, 0x00, 0x20, 0x00, 0x00, 0x00, 0x00, 0x00, 0x00, 0x00, 0x00, 0x00, 0x00, 0x00, 0x00, 0x00, 0x00, 0x00, 0x00,
    0x00, 0x00, 0x00, 0x00, 0x00, 0x00, 0x00, 0x00, 0x00, 0x00, 0x00, 0x00, 0x00, 0x00, 0x00, 0x00, 0x00, 0x00, 0x00,
    0x00, 0x00, 0x00, 0x00, 0x00, 0x00, 0x00, 0x00, 0x00, 0x00, 0x00, 0x00, 0x00, 0x00, 0x00, 0x00, 0x00, 0x00, 0x00,
    0x00, 0x00, 0x00, 0x00, 0x00, 0x00, 0x00, 0x00, 0x00, 0x00, 0x00, 0x00, 0x00, 0x00, 0x00, 0x00, 0x00, 0x00, 0x00,
    0x00, 0x00, 0x00, 0x00, 0x00, 0x00, 0x00, 0x00, 0x00, 0x00, 0x00, 0x00, 0x00, 0x00, 0x00, 0x00, 0x00, 0x00, 0x00,
    0x00, 0x00, 0x00, 0x00, 0x00, 0x00, 0x00, 0x00, 0x00, 0x00, 0x00, 0x00, 0x00, 0x00, 0x00, 0x00, 0x00, 0x00, 0x00,
    0x00, 0x00, 0x00, 0x00, 0x00, 0x00, 0x00, 0x00, 0x00, 0x00, 0x00, 0x00, 0x00, 0x00, 0x00, 0x00, 0x00, 0x00, 0x00,
    0x00, 0x00, 0x00, 0x00, 0x00, 0x00, 0x00, 0x00, 0x00, 0x00, 0x00, 0x00, 0x00, 0x00, 0x00, 0x00, 0x00, 0x00, 0x00,
    0x00, 0x00, 0x00, 0x00, 0x00, 0x00, 0x00, 0x00, 0x00, 0x00, 0x00, 0x00, 0x00, 0x00, 0x00, 0x00, 0x00, 0x00, 0x00,
    0x00, 0x00, 0x00, 0x00, 0x00, 0x00, 0x00, 0x00, 0x00, 0x00, 0x00, 0x00, 0x00, 0x00, 0x00, 0x00, 0x00, 0x00, 0x00,
    0x00, 0x00, 0x00, 0x00, 0x20, 0x00, 0x20, 0x00, 0x20, 0x00, 0x20, 0x00, 0x20, 0x00, 0x20, 0x00, 0x20, 0x00, 0x20,
    0x00, 0x20, 0x00, 0x20, 0x00, 0x20, 0x00, 0x20, 0x00, 0x20, 0x00, 0x40, 0x00, 0x40, 0x00, 0x40, 0x00, 0x40, 0x00,
    0x40, 0x00, 0x40, 0x00, 0x40, 0x00, 0x40, 0x00, 0x40, 0x00, 0x40, 0x00, 0x40, 0x00, 0x40, 0x00, 0x40, 0x00, 0x40,
    0x00, 0x40, 0x00, 0x40, 0x00, 0x40, 0x00, 0x40, 0x00, 0x40, 0x00, 0x40, 0x00, 0x40, 0x00, 0x40, 0x00, 0x40, 0x00,
    0x40, 0x00, 0x40, 0x00, 0x40, 0x00, 0x41, 0x00, 0x40, 0x00, 0x40, 0x00, 0x40, 0x00, 0x40, 0x00, 0x40, 0x00, 0x40,
    0x00, 0x40, 0x00, 0x40, 0x00, 0x40, 0x00, 0x40, 0x00, 0x40, 0x00, 0x40, 0x00, 0x40, 0x00, 0x40, 0x00, 0x40, 0x00,
    0x40, 0x00, 0x40, 0x00, 0x40, 0x00, 0x40, 0x00, 0x40, 0x00, 0x40, 0x00, 0x40, 0x00, 0x40, 0x00, 0x40, 0x00, 0x40,
    0x00, 0x40, 0x00, 0x40, 0x00, 0x40, 0x00, 0x41, 0x00, 0x40, 0x00, 0x40, 0x00, 0x40, 0x00, 0x40, 0x00, 0x40, 0x00,
    0x40, 0x00, 0x40, 0x00, 0x40, 0x00, 0x40, 0x00, 0x40, 0x00, 0x40, 0x00, 0x40, 0x00, 0x40, 0x00, 0x40, 0x00, 0x40,
    0x00, 0x40, 0x00, 0x40, 0x00, 0x40, 0x00, 0x40, 0x00, 0x40, 0x00, 0x40, 0x00, 0x40, 0x00, 0x40, 0x00, 0x40, 0x00,
    0x40, 0x00, 0x40, 0x00, 0x20, 0x00, 0x20, 0x00, 0x20, 0x00, 0x20, 0x00, 0x20, 0x00, 0x20, 0x00, 0x20, 0x00, 0x20,
    0x00, 0x20, 0x00, 0x20, 0x00, 0x20, 0x00, 0x20, 0x00, 0x20, 0x00, 0x00, 0x00, 0x00, 0x00, 0x00, 0x00, 0x00, 0x00,
    0x00, 0x00, 0x00, 0x00, 0x00, 0x00, 0x00, 0x00, 0x00, 0x00, 0x00, 0x00, 0x00, 0x00, 0x00, 0x00, 0x00, 0x00, 0x00,
    0x00, 0x00, 0x00, 0x00, 0x00, 0x00, 0x00, 0x00, 0x00, 0x00, 0x00, 0x00, 0x00, 0x00, 0x00, 0x00, 0x00, 0x00, 0x00,
    0x00, 0x00, 0x00, 0x00, 0x00, 0x00, 0x00, 0x00, 0x00, 0x00, 0x00, 0x00, 0x00, 0x00, 0x00, 0x00, 0x00, 0x00, 0x00,
    0x00, 0x00, 0x00, 0x00, 0x00, 0x00, 0x00, 0x00, 0x00, 0x00, 0x00, 0x00, 0x00, 0x00, 0x00, 0x00, 0x00, 0x00, 0x00,
    0x00, 0x00, 0x00, 0x00, 0x00, 0x00, 0x00, 0x00, 0x00, 0x00, 0x00, 0x00, 0x00, 0x00, 0x00, 0x00, 0x00, 0x00, 0x00,
    0x00, 0x00, 0x00, 0x00, 0x00, 0x00, 0x00, 0x00, 0x00, 0x00, 0x00, 0x00, 0x00, 0x00, 0x00, 0x00, 0x00, 0x00, 0x00,
    0x00, 0x00, 0x00, 0x00, 0x00, 0x00, 0x00, 0x00, 0x00, 0x00, 0x00, 0x00, 0x00, 0x00, 0x00, 0x00, 0x00, 0x00, 0x00,
    0x00, 0x00, 0x00, 0x00, 0x00, 0x00, 0x00, 0x00, 0x00, 0x00, 0x00, 0x00, 0x00, 0x00, 0x00, 0x00, 0x00, 0x00, 0x00,
    0x00, 0x00, 0x00, 0x00, 0x00, 0x00, 0x00, 0x00, 0x00, 0x00, 0x00, 0x00, 0x00, 0x00, 0x00, 0x00, 0x00, 0x00, 0x20,
    0x00, 0x20, 0x00, 0x20, 0x00, 0x20, 0x00, 0x20, 0x00, 0x20, 0x00, 0x20, 0x00, 0x20, 0x00, 0x20, 0x00, 0x20, 0x00,
    0x20, 0x00, 0x20, 0x00, 0x40, 0x00, 0x40, 0x00, 0x40, 0x00, 0x40, 0x00, 0x40, 0x00, 0x40, 0x00, 0x40, 0x00, 0x40,
    0x00, 0x40, 0x00, 0x40, 0x00, 0x41, 0x00, 0x61, 0x00, 0x61, 0x00, 0x61, 0x00, 0x61, 0x00, 0x61, 0x00, 0x61, 0x00,
    0x61, 0x00, 0x61, 0x00, 0x61, 0x00, 0x61, 0x00, 0x61, 0x00, 0x61, 0x00, 0x61, 0x00, 0x61, 0x00, 0x61, 0x00, 0x61,
    0x00, 0x61, 0x00, 0x61, 0x00, 0x61, 0x00, 0x61, 0x00, 0x61, 0x00, 0x61, 0x00, 0x61, 0x00, 0x61, 0x00, 0x61, 0x00,
    0x61, 0x00, 0x61, 0x00, 0x61, 0x00, 0x61, 0x00, 0x61, 0x00, 0x61, 0x00, 0x61, 0x00, 0x61, 0x00, 0x61, 0x00, 0x61,
    0x00, 0x61, 0x00, 0x61, 0x00, 0x61, 0x00, 0x61, 0x00, 0x61, 0x00, 0x61, 0x00, 0x61, 0x00, 0x61, 0x00, 0x61, 0x00,
    0x61, 0x00, 0x61, 0x00, 0x61, 0x00, 0x61, 0x00, 0x61, 0x00, 0x61, 0x00, 0x61, 0x00, 0x61, 0x00, 0x61, 0x00, 0x61,
    0x00, 0x61, 0x00, 0x61, 0x00, 0x61, 0x00, 0x61, 0x00, 0x61, 0x00, 0x61, 0x00, 0x61, 0x00, 0x61, 0x00, 0x61, 0x00,
    0x61, 0x00, 0x61, 0x00, 0x61, 0x00, 0x61, 0x00, 0x61, 0x00, 0x41, 0x00, 0x40, 0x00, 0x40, 0x00, 0x40, 0x00, 0x40,
    0x00, 0x40, 0x00, 0x40, 0x00, 0x40, 0x00, 0x40, 0x00, 0x40, 0x00, 0x40, 0x00, 0x20, 0x00, 0x20, 0x00, 0x20, 0x00,
    0x20, 0x00, 0x20, 0x00, 0x20, 0x00, 0x20, 0x00, 0x20, 0x00, 0x20, 0x00, 0x20, 0x00, 0x20, 0x00, 0x20, 0x00, 0x00,
    0x00, 0x00, 0x00, 0x00, 0x00, 0x00, 0x00, 0x00, 0x00, 0x00, 0x00, 0x00, 0x00, 0x00, 0x00, 0x00, 0x00, 0x00, 0x00,
    0x00, 0x00, 0x00, 0x00, 0x00, 0x00, 0x00, 0x00, 0x00, 0x00, 0x00, 0x00, 0x00, 0x00, 0x00, 0x00, 0x00, 0x00, 0x00,
    0x00, 0x00, 0x00, 0x00, 0x00, 0x00, 0x00, 0x00, 0x00, 0x00, 0x00, 0x00, 0x00, 0x00, 0x00, 0x00, 0x00, 0x00, 0x00,
    0x00, 0x00, 0x00, 0x00, 0x00, 0x00, 0x00, 0x00, 0x00, 0x00, 0x00, 0x00, 0x00, 0x00, 0x00, 0x00, 0x00, 0x00, 0x00,
    0x00, 0x00, 0x00, 0x00, 0x00, 0x00, 0x00, 0x00, 0x00, 0x00, 0x00, 0x00, 0x00, 0x00, 0x00, 0x00, 0x00, 0x00, 0x00,
    0x00, 0x00, 0x00, 0x00, 0x00, 0x00, 0x00, 0x00, 0x00, 0x00, 0x00, 0x00, 0x00, 0x00, 0x00, 0x00, 0x00, 0x00, 0x00,
    0x00, 0x00, 0x00, 0x00, 0x00, 0x00, 0x00, 0x00, 0x00, 0x00, 0x00, 0x00, 0x00, 0x00, 0x00, 0x00, 0x00, 0x00, 0x00,
    0x00, 0x00, 0x00, 0x00, 0x00, 0x00, 0x00, 0x00, 0x00, 0x00, 0x00, 0x00, 0x00, 0x00, 0x00, 0x00, 0x00, 0x00, 0x00,
    0x00, 0x00, 0x00, 0x00, 0x00, 0x00, 0x00, 0x00, 0x00, 0x00, 0x00, 0x00, 0x00, 0x00, 0x00, 0x20, 0x00, 0x20, 0x00,
    0x20, 0x00, 0x20, 0x00, 0x20, 0x00, 0x20, 0x00, 0x20, 0x00, 0x20, 0x00, 0x20, 0x00, 0x20, 0x00, 0x40, 0x00, 0x40,
    0x00, 0x40, 0x00, 0x40, 0x00, 0x40, 0x00, 0x40, 0x00, 0x40, 0x00, 0x40, 0x00, 0x61, 0x00, 0x61, 0x00, 0x61, 0x00,
    0x61, 0x00, 0x61, 0x00, 0x61, 0x00, 0x61, 0x00, 0x61, 0x00, 0x61, 0x00, 0x61, 0x00, 0x61, 0x00, 0x61, 0x00, 0x81,
    0x00, 0x81, 0x00, 0x81, 0x00, 0x81, 0x00, 0x81, 0x00, 0x81, 0x00, 0x81, 0x00, 0x81, 0x00, 0x81, 0x00, 0x81, 0x00,
    0x81, 0x00, 0x81, 0x00, 0x81, 0x00, 0x81, 0x00, 0x81, 0x00, 0x81, 0x00, 0x81, 0x00, 0x81, 0x00, 0x81, 0x00, 0x81,
    0x00, 0x81, 0x00, 0x81, 0x00, 0x81, 0x00, 0x81, 0x00, 0x81, 0x00, 0x81, 0x00, 0x81, 0x00, 0x81, 0x00, 0x81, 0x00,
    0x81, 0x00, 0x81, 0x00, 0x81, 0x00, 0x81, 0x00, 0x81, 0x00, 0x81, 0x00, 0x81, 0x00, 0x81, 0x00, 0x81, 0x00, 0x81,
    0x00, 0x81, 0x00, 0x81, 0x00, 0x81, 0x00, 0x81, 0x00, 0x81, 0x00, 0x81, 0x00, 0x81, 0x00, 0x81, 0x00, 0x81, 0x00,
    0x81, 0x00, 0x81, 0x00, 0x81, 0x00, 0x81, 0x00, 0x81, 0x00, 0x81, 0x00, 0x81, 0x00, 0x81, 0x00, 0x81, 0x00, 0x81,
    0x00, 0x61, 0x00, 0x61, 0x00, 0x61, 0x00, 0x61, 0x00, 0x61, 0x00, 0x61, 0x00, 0x61, 0x00, 0x61, 0x00, 0x61, 0x00,
    0x61, 0x00, 0x61, 0x00, 0x61, 0x00, 0x40, 0x00, 0x40, 0x00, 0x40, 0x00, 0x40, 0x00, 0x40, 0x00, 0x40, 0x00, 0x40,
    0x00, 0x40, 0x00, 0x20, 0x00, 0x20, 0x00, 0x20, 0x00, 0x20, 0x00, 0x20, 0x00, 0x20, 0x00, 0x20, 0x00, 0x20, 0x00,
    0x20, 0x00, 0x20, 0x00, 0x00, 0x00, 0x00, 0x00, 0x00, 0x00, 0x00, 0x00, 0x00, 0x00, 0x00, 0x00, 0x00, 0x00, 0x00,
    0x00, 0x00, 0x00, 0x00, 0x00, 0x00, 0x00, 0x00, 0x00, 0x00, 0x00, 0x00, 0x00, 0x00, 0x00, 0x00, 0x00, 0x00, 0x00,
    0x00, 0x00, 0x00, 0x00, 0x00, 0x00, 0x00, 0x00, 0x00, 0x00, 0x00, 0x00, 0x00, 0x00, 0x00, 0x00, 0x00, 0x00, 0x00,
    0x00, 0x00, 0x00, 0x00, 0x00, 0x00, 0x00, 0x00, 0x00, 0x00, 0x00, 0x00, 0x00, 0x00, 0x00, 0x00, 0x00, 0x00, 0x00,
    0x00, 0x00, 0x00, 0x00, 0x00, 0x00, 0x00, 0x00, 0x00, 0x00, 0x00, 0x00, 0x00, 0x00, 0x00, 0x00, 0x00, 0x00, 0x00,
    0x00, 0x00, 0x00, 0x00, 0x00, 0x00, 0x00, 0x00, 0x00, 0x00, 0x00, 0x00, 0x00, 0x00, 0x00, 0x00, 0x00, 0x00, 0x00,
    0x00, 0x00, 0x00, 0x00, 0x00, 0x00, 0x00, 0x00, 0x00, 0x00, 0x00, 0x00, 0x00, 0x00, 0x00, 0x00, 0x00, 0x00, 0x00,
    0x00, 0x00, 0x00, 0x00, 0x00, 0x00, 0x00, 0x00, 0x00, 0x00, 0x00, 0x00, 0x00, 0x00, 0x00, 0x00, 0x00, 0x00, 0x00,
    0x00, 0x00, 0x00, 0x00, 0x00, 0x00, 0x00, 0x00, 0x00, 0x00, 0x00, 0x00, 0x20, 0x00, 0x20, 0x00, 0x20, 0x00, 0x20,
    0x00, 0x20, 0x00, 0x20, 0x00, 0x20, 0x00, 0x20, 0x00, 0x20, 0x00, 0x40, 0x00, 0x40, 0x00, 0x40, 0x00, 0x40, 0x00,
    0x40, 0x00, 0x40, 0x00, 0x40, 0x00, 0x61, 0x00, 0x61, 0x00, 0x61, 0x00, 0x61, 0x00, 0x61, 0x00, 0x61, 0x00, 0x61,
    0x00, 0x61, 0x00, 0x81, 0x00, 0x81, 0x00, 0x81, 0x00, 0x81, 0x00, 0x81, 0x00, 0x81, 0x00, 0x81, 0x00, 0x81, 0x00,
    0x81, 0x00, 0x81, 0x00, 0x81, 0x00, 0x81, 0x00, 0x81, 0x00, 0x81, 0x00, 0x81, 0x00, 0x81, 0x00, 0x81, 0x00, 0x81,
    0x00, 0x81, 0x00, 0x81, 0x00, 0x81, 0x00, 0x81, 0x00, 0x81, 0x00, 0x81, 0x00, 0x81, 0x00, 0xA1, 0x00, 0xA1, 0x00,
    0xA1, 0x00, 0xA1, 0x00, 0xA1, 0x00, 0xA1, 0x00, 0xA1, 0x00, 0xA1, 0x00, 0xA1, 0x00, 0xA1, 0x00, 0xA1, 0x00, 0xA1,
    0x00, 0xA1, 0x00, 0xA1, 0x00, 0xA1, 0x00, 0xA1, 0x00, 0xA1, 0x00, 0xA1, 0x00, 0xA1, 0x00, 0xA1, 0x00, 0xA1, 0x00,
    0xA1, 0x00, 0xA1, 0x00, 0xA1, 0x00, 0x81, 0x00, 0x81, 0x00, 0x81, 0x00, 0x81, 0x00, 0x81, 0x00, 0x81, 0x00, 0x81,
    0x00, 0x81, 0x00, 0x81, 0x00, 0x81, 0x00, 0x81, 0x00, 0x81, 0x00, 0x81, 0x00, 0x81, 0x00, 0x81, 0x00, 0x81, 0x00,
    0x81, 0x00, 0x81, 0x00, 0x81, 0x00, 0x81, 0x00, 0x81, 0x00, 0x81, 0x00, 0x81, 0x00, 0x81, 0x00, 0x81, 0x00, 0x61,
    0x00, 0x61, 0x00, 0x61, 0x00, 0x61, 0x00, 0x61, 0x00, 0x61, 0x00, 0x61, 0x00, 0x61, 0x00, 0x40, 0x00, 0x40, 0x00,
    0x40, 0x00, 0x40, 0x00, 0x40, 0x00, 0x40, 0x00, 0x40, 0x00, 0x20, 0x00, 0x20, 0x00, 0x20, 0x00, 0x20, 0x00, 0x20,
    0x00, 0x20, 0x00, 0x20, 0x00, 0x20, 0x00, 0x20, 0x00, 0x00, 0x00, 0x00, 0x00, 0x00, 0x00, 0x00, 0x00, 0x00, 0x00,
    0x00, 0x00, 0x00, 0x00, 0x00, 0x00, 0x00, 0x00, 0x00, 0x00, 0x00, 0x00, 0x00, 0x00, 0x00, 0x00, 0x00, 0x00, 0x00,
    0x00, 0x00, 0x00, 0x00, 0x00, 0x00, 0x00, 0x00, 0x00, 0x00, 0x00, 0x00, 0x00, 0x00, 0x00, 0x00, 0x00, 0x00, 0x00,
    0x00, 0x00, 0x00, 0x00, 0x00, 0x00, 0x00, 0x00, 0x00, 0x00, 0x00, 0x00, 0x00, 0x00, 0x00, 0x00, 0x00, 0x00, 0x00,
    0x00, 0x00, 0x00, 0x00, 0x00, 0x00, 0x00, 0x00, 0x00, 0x00, 0x00, 0x00, 0x00, 0x00, 0x00, 0x00, 0x00, 0x00, 0x00,
    0x00, 0x00, 0x00, 0x00, 0x00, 0x00, 0x00, 0x00, 0x00, 0x00, 0x00, 0x00, 0x00, 0x00, 0x00, 0x00, 0x00, 0x00, 0x00,
    0x00, 0x00, 0x00, 0x00, 0x00, 0x00, 0x00, 0x00, 0x00, 0x00, 0x00, 0x00, 0x00, 0x00, 0x00, 0x00, 0x00, 0x00, 0x00,
    0x00, 0x00, 0x00, 0x00, 0x00, 0x00, 0x00, 0x00, 0x00, 0x00, 0x00, 0x00, 0x00, 0x00, 0x00, 0x00, 0x00, 0x00, 0x00,
    0x00, 0x00, 0x00, 0x00, 0x00, 0x00, 0x00, 0x00, 0x00, 0x20, 0x00, 0x20, 0x00, 0x20, 0x00, 0x20, 0x00, 0x20, 0x00,
    0x20, 0x00, 0x20, 0x00, 0x20, 0x00, 0x40, 0x00, 0x40, 0x00, 0x40, 0x00, 0x40, 0x00, 0x40, 0x00, 0x40, 0x00, 0x41,
    0x00, 0x61, 0x00, 0x61, 0x00, 0x61, 0x00, 0x61, 0x00, 0x61, 0x00, 0x81, 0x00, 0x81, 0x00, 0x81, 0x00, 0x81, 0x00,
    0x81, 0x00, 0x81, 0x00, 0x81, 0x00, 0x81, 0x00, 0x81, 0x00, 0x81, 0x00, 0xA1, 0x00, 0xA1, 0x00, 0xA1, 0x00, 0xA1,
    0x00, 0xA1, 0x00, 0xA1, 0x00, 0xA1, 0x00, 0xA1, 0x00, 0xA1, 0x00, 0xA1, 0x00, 0xA1, 0x00, 0xA1, 0x00, 0xA1, 0x00,
    0xA1, 0x00, 0xA1, 0x00, 0xA1, 0x00, 0xA1, 0x00, 0xA1, 0x00, 0xA1, 0x00, 0xA1, 0x00, 0xA1, 0x00, 0xA1, 0x00, 0xA1,
    0x00, 0xA1, 0x00, 0xA1, 0x00, 0xA1, 0x00, 0xA1, 0x00, 0xA1, 0x00, 0xA1, 0x00, 0xA1, 0x00, 0xA1, 0x00, 0xA1, 0x00,
    0xA1, 0x00, 0xA1, 0x00, 0xA1, 0x00, 0xA1, 0x00, 0xA1, 0x00, 0xA1, 0x00, 0xA1, 0x00, 0xA1, 0x00, 0xA1, 0x00, 0xA1,
    0x00, 0xA1, 0x00, 0xA1, 0x00, 0xA1, 0x00, 0xA1, 0x00, 0xA1, 0x00, 0xA1, 0x00, 0xA1, 0x00, 0xA1, 0x00, 0xA1, 0x00,
    0xA1, 0x00, 0xA1, 0x00, 0xA1, 0x00, 0xA1, 0x00, 0xA1, 0x00, 0xA1, 0x00, 0xA1, 0x00, 0xA1, 0x00, 0xA1, 0x00, 0xA1,
    0x00, 0xA1, 0x00, 0xA1, 0x00, 0xA1, 0x00, 0xA1, 0x00, 0xA1, 0x00, 0x81, 0x00, 0x81, 0x00, 0x81, 0x00, 0x81, 0x00,
    0x81, 0x00, 0x81, 0x00, 0x81, 0x00, 0x81, 0x00, 0x81, 0x00, 0x81, 0x00, 0x61, 0x00, 0x61, 0x00, 0x61, 0x00, 0x61,
    0x00, 0x61, 0x00, 0x41, 0x00, 0x40, 0x00, 0x40, 0x00, 0x40, 0x00, 0x40, 0x00, 0x40, 0x00, 0x40, 0x00, 0x20, 0x00,
    0x20, 0x00, 0x20, 0x00, 0x20, 0x00, 0x20, 0x00, 0x20, 0x00, 0x20, 0x00, 0x20, 0x00, 0x00, 0x00, 0x00, 0x00, 0x00,
    0x00, 0x00, 0x00, 0x00, 0x00, 0x00, 0x00, 0x00, 0x00, 0x00, 0x00, 0x00, 0x00, 0x00, 0x00, 0x00, 0x00, 0x00, 0x00,
    0x00, 0x00, 0x00, 0x00, 0x00, 0x00, 0x00, 0x00, 0x00, 0x00, 0x00, 0x00, 0x00, 0x00, 0x00, 0x00, 0x00, 0x00, 0x00,
    0x00, 0x00, 0x00, 0x00, 0x00, 0x00, 0x00, 0x00, 0x00, 0x00, 0x00, 0x00, 0x00, 0x00, 0x00, 0x00, 0x00, 0x00, 0x00,
    0x00, 0x00, 0x00, 0x00, 0x00, 0x00, 0x00, 0x00, 0x00, 0x00, 0x00, 0x00, 0x00, 0x00, 0x00, 0x00, 0x00, 0x00, 0x00,
    0x00, 0x00, 0x00, 0x00, 0x00, 0x00, 0x00, 0x00, 0x00, 0x00, 0x00, 0x00, 0x00, 0x00, 0x00, 0x00, 0x00, 0x00, 0x00,
    0x00, 0x00, 0x00, 0x00, 0x00, 0x00, 0x00, 0x00, 0x00, 0x00, 0x00, 0x00, 0x00, 0x00, 0x00, 0x00, 0x00, 0x00, 0x00,
    0x00, 0x00, 0x00, 0x00, 0x00, 0x00, 0x00, 0x00, 0x00, 0x00, 0x00, 0x00, 0x00, 0x00, 0x00, 0x00, 0x00, 0x00, 0x00,
    0x00, 0x00, 0x00, 0x00, 0x00, 0x00, 0x00, 0x00, 0x20, 0x00, 0x20, 0x00, 0x20, 0x00, 0x20, 0x00, 0x20, 0x00, 0x20,
    0x00, 0x20, 0x00, 0x40, 0x00, 0x40, 0x00, 0x40, 0x00, 0x40, 0x00, 0x40, 0x00, 0x41, 0x00, 0x61, 0x00, 0x61, 0x00,
    0x61, 0x00, 0x61, 0x00, 0x81, 0x00, 0x81, 0x00, 0x81, 0x00, 0x81, 0x00, 0x81, 0x00, 0x81, 0x00, 0x81, 0x00, 0xA1,
    0x00, 0xA1, 0x00, 0xA1, 0x00, 0xA1, 0x00, 0xA1, 0x00, 0xA1, 0x00, 0xA1, 0x00, 0xA2, 0x00, 0xC2, 0x00, 0xC2, 0x00,
    0xC2, 0x00, 0xC2, 0x00, 0xC2, 0x00, 0xC2, 0x00, 0xC2, 0x00, 0xC2, 0x00, 0xC2, 0x00, 0xC2, 0x00, 0xC2, 0x00, 0xC2,
    0x00, 0xC2, 0x00, 0xC2, 0x00, 0xC2, 0x00, 0xC2, 0x00, 0xC2, 0x00, 0xC2, 0x00, 0xC2, 0x00, 0xC2, 0x00, 0xC2, 0x00,
    0xC2, 0x00, 0xC2, 0x00, 0xC2, 0x00, 0xC2, 0x00, 0xC2, 0x00, 0xC2, 0x00, 0xC2, 0x00, 0xC2, 0x00, 0xC2, 0x00, 0xC2,
    0x00, 0xC2, 0x00, 0xC2, 0x00, 0xC2, 0x00, 0xC2, 0x00, 0xC2, 0x00, 0xC2, 0x00, 0xC2, 0x00, 0xC2, 0x00, 0xC2, 0x00,
    0xC2, 0x00, 0xC2, 0x00, 0xC2, 0x00, 0xC2, 0x00, 0xC2, 0x00, 0xC2, 0x00, 0xC2, 0x00, 0xC2, 0x00, 0xC2, 0x00, 0xC2,
    0x00, 0xC2, 0x00, 0xC2, 0x00, 0xC2, 0x00, 0xC2, 0x00, 0xC2, 0x00, 0xC2, 0x00, 0xC2, 0x00, 0xC2, 0x00, 0xC2, 0x00,
    0xC2, 0x00, 0xC2, 0x00, 0xC2, 0x00, 0xC2, 0x00, 0xC2, 0x00, 0xA2, 0x00, 0xA1, 0x00, 0xA1, 0x00, 0xA1, 0x00, 0xA1,
    0x00, 0xA1, 0x00, 0xA1, 0x00, 0xA1, 0x00, 0x81, 0x00, 0x81, 0x00, 0x81, 0x00, 0x81, 0x00, 0x81, 0x00, 0x81, 0x00,
    0x81, 0x00, 0x61, 0x00, 0x61, 0x00, 0x61, 0x00, 0x61, 0x00, 0x41, 0x00, 0x40, 0x00, 0x40, 0x00, 0x40, 0x00, 0x40,
    0x00, 0x40, 0x00, 0x20, 0x00, 0x20, 0x00, 0x20, 0x00, 0x20, 0x00, 0x20, 0x00, 0x20, 0x00, 0x20, 0x00, 0x00, 0x00,
    0x00, 0x00, 0x00, 0x00, 0x00, 0x00, 0x00, 0x00, 0x00, 0x00, 0x00, 0x00, 0x00, 0x00, 0x00, 0x00, 0x00, 0x00, 0x00,
    0x00, 0x00, 0x00, 0x00, 0x00, 0x00, 0x00, 0x00, 0x00, 0x00, 0x00, 0x00, 0x00, 0x00, 0x00, 0x00, 0x00, 0x00, 0x00,
    0x00, 0x00, 0x00, 0x00, 0x00, 0x00, 0x00, 0x00, 0x00, 0x00, 0x00, 0x00, 0x00, 0x00, 0x00, 0x00, 0x00, 0x00, 0x00,
    0x00, 0x00, 0x00, 0x00, 0x00, 0x00, 0x00, 0x00, 0x00, 0x00, 0x00, 0x00, 0x00, 0x00, 0x00, 0x00, 0x00, 0x00, 0x00,
    0x00, 0x00, 0x00, 0x00, 0x00, 0x00, 0x00, 0x00, 0x00, 0x00, 0x00, 0x00, 0x00, 0x00, 0x00, 0x00, 0x00, 0x00, 0x00,
    0x00, 0x00, 0x00, 0x00, 0x00, 0x00, 0x00, 0x00, 0x00, 0x00, 0x00, 0x00, 0x00, 0x00, 0x00, 0x00, 0x00, 0x00, 0x00,
    0x00, 0x00, 0x00, 0x00, 0x00, 0x00, 0x00, 0x00, 0x00, 0x00, 0x00, 0x00, 0x00, 0x00, 0x00, 0x00, 0x00, 0x00, 0x00,
    0x00, 0x00, 0x00, 0x00, 0x00, 0x20, 0x00, 0x20, 0x00, 0x20, 0x00, 0x20, 0x00, 0x20, 0x00, 0x20, 0x00, 0x20, 0x00,
    0x40, 0x00, 0x40, 0x00, 0x40, 0x00, 0x40, 0x00, 0x40, 0x00, 0x61, 0x00, 0x61, 0x00, 0x61, 0x00, 0x61, 0x00, 0x81,
    0x00, 0x81, 0x00, 0x81, 0x00, 0x81, 0x00, 0x81, 0x00, 0x81, 0x00, 0xA1, 0x00, 0xA1, 0x00, 0xA1, 0x00, 0xA1, 0x00,
    0xA2, 0x00, 0xC2, 0x00, 0xC2, 0x00, 0xC2, 0x00, 0xC2, 0x00, 0xC2, 0x00, 0xC2, 0x00, 0xC2, 0x00, 0xC2, 0x00, 0xC2,
    0x00, 0xE2, 0x00, 0xE2, 0x00, 0xE2, 0x00, 0xE2, 0x00, 0xE2, 0x00, 0xE2, 0x00, 0xE2, 0x00, 0xE2, 0x00, 0xE2, 0x00,
    0xE2, 0x00, 0xE2, 0x00, 0xE2, 0x00, 0xE2, 0x00, 0xE2, 0x00, 0xE2, 0x00, 0xE2, 0x00, 0xE2, 0x00, 0xE2, 0x00, 0xE2,
    0x00, 0xE2, 0x00, 0xE2, 0x00, 0xE2, 0x00, 0xE2, 0x00, 0xE2, 0x00, 0xE2, 0x00, 0xE2, 0x00, 0xE2, 0x00, 0xE2, 0x00,
    0xE2, 0x00, 0xE2, 0x00, 0xE2, 0x00, 0xE2, 0x00, 0xE2, 0x00, 0xE2, 0x00, 0xE2, 0x00, 0xE2, 0x00, 0xE2, 0x00, 0xE2,
    0x00, 0xE2, 0x00, 0xE2, 0x00, 0xE2, 0x00, 0xE2, 0x00, 0xE2, 0x00, 0xE2, 0x00, 0xE2, 0x00, 0xE2, 0x00, 0xE2, 0x00,
    0xE2, 0x00, 0xE2, 0x00, 0xE2, 0x00, 0xE2, 0x00, 0xE2, 0x00, 0xE2, 0x00, 0xE2, 0x00, 0xE2, 0x00, 0xE2, 0x00, 0xE2,
    0x00, 0xE2, 0x00, 0xE2, 0x00, 0xE2, 0x00, 0xC2, 0x00, 0xC2, 0x00, 0xC2, 0x00, 0xC2, 0x00, 0xC2, 0x00, 0xC2, 0x00,
    0xC2, 0x00, 0xC2, 0x00, 0xC2, 0x00, 0xA2, 0x00, 0xA1, 0x00, 0xA1, 0x00, 0xA1, 0x00, 0xA1, 0x00, 0x81, 0x00, 0x81,
    0x00, 0x81, 0x00, 0x81, 0x00, 0x81, 0x00, 0x81, 0x00, 0x61, 0x00, 0x61, 0x00, 0x61, 0x00, 0x61, 0x00, 0x40, 0x00,
    0x40, 0x00, 0x40, 0x00, 0x40, 0x00, 0x40, 0x00, 0x20, 0x00, 0x20, 0x00, 0x20, 0x00, 0x20, 0x00, 0x20, 0x00, 0x20,
    0x00, 0x20, 0x00, 0x00, 0x00, 0x00, 0x00, 0x00, 0x00, 0x00, 0x00, 0x00, 0x00, 0x00, 0x00, 0x00, 0x00, 0x00, 0x00,
    0x00, 0x00, 0x00, 0x00, 0x00, 0x00, 0x00, 0x00, 0x00, 0x00, 0x00, 0x00, 0x00, 0x00, 0x00, 0x00, 0x00, 0x00, 0x00,
    0x00, 0x00, 0x00, 0x00, 0x00, 0x00, 0x00, 0x00, 0x00, 0x00, 0x00, 0x00, 0x00, 0x00, 0x00, 0x00, 0x00, 0x00, 0x00,
    0x00, 0x00, 0x00, 0x00, 0x00, 0x00, 0x00, 0x00, 0x00, 0x00, 0x00, 0x00, 0x00, 0x00, 0x00, 0x00, 0x00, 0x00, 0x00,
    0x00, 0x00, 0x00, 0x00, 0x00, 0x00, 0x00, 0x00, 0x00, 0x00, 0x00, 0x00, 0x00, 0x00, 0x00, 0x00, 0x00, 0x00, 0x00,
    0x00, 0x00, 0x00, 0x00, 0x00, 0x00, 0x00, 0x00, 0x00, 0x00, 0x00, 0x00, 0x00, 0x00, 0x00, 0x00, 0x00, 0x00, 0x00,
    0x00, 0x00, 0x00, 0x00, 0x00, 0x00, 0x00, 0x00, 0x00, 0x00, 0x00, 0x00, 0x00, 0x00, 0x00, 0x00, 0x00, 0x00, 0x00,
    0x00, 0x00, 0x00, 0x00, 0x20, 0x00, 0x20, 0x00, 0x20, 0x00, 0x20, 0x00, 0x20, 0x00, 0x20, 0x00, 0x40, 0x00, 0x40,
    0x00, 0x40, 0x00, 0x40, 0x00, 0x40, 0x00, 0x61, 0x00, 0x61, 0x00, 0x61, 0x00, 0x61, 0x00, 0x81, 0x00, 0x81, 0x00,
    0x81, 0x00, 0x81, 0x00, 0xA1, 0x00, 0xA1, 0x00, 0xA1, 0x00, 0xA1, 0x00, 0xA2, 0x00, 0xC2, 0x00, 0xC2, 0x00, 0xC2,
    0x00, 0xC2, 0x00, 0xC2, 0x00, 0xE2, 0x00, 0xE2, 0x00, 0xE2, 0x00, 0xE2, 0x00, 0xE2, 0x00, 0xE2, 0x00, 0xE2, 0x00,
    0xE2, 0x00, 0x02, 0x01, 0x02, 0x01, 0x02, 0x01, 0x02, 0x01, 0x02, 0x01, 0x02, 0x01, 0x02, 0x01, 0x02, 0x01, 0x02,
    0x01, 0x02, 0x01, 0x02, 0x01, 0x02, 0x01, 0x02, 0x01, 0x02, 0x01, 0x02, 0x01, 0x02, 0x01, 0x02, 0x01, 0x02, 0x01,
    0x02, 0x01, 0x02, 0x01, 0x02, 0x01, 0x02, 0x01, 0x02, 0x01, 0x02, 0x01, 0x02, 0x01, 0x02, 0x01, 0x02, 0x01, 0x02,
    0x01, 0x02, 0x01, 0x02, 0x01, 0x02, 0x01, 0x02, 0x01, 0x02, 0x01, 0x02, 0x01, 0x02, 0x01, 0x02, 0x01, 0x02, 0x01,
    0x02, 0x01, 0x02, 0x01, 0x02, 0x01, 0x02, 0x01, 0x02, 0x01, 0x02, 0x01, 0x02, 0x01, 0x02, 0x01, 0x02, 0x01, 0x02,
    0x01, 0x02, 0x01, 0x02, 0x01, 0x02, 0x01, 0x02, 0x01, 0x02, 0x01, 0x02, 0x01, 0x02, 0x01, 0x02, 0x01, 0x02, 0x01,
    0x02, 0x01, 0x02, 0x01, 0x02, 0x01, 0x02, 0x01, 0xE2, 0x00, 0xE2, 0x00, 0xE2, 0x00, 0xE2, 0x00, 0xE2, 0x00, 0xE2,
    0x00, 0xE2, 0x00, 0xE2, 0x00, 0xC2, 0x00, 0xC2, 0x00, 0xC2, 0x00, 0xC2, 0x00, 0xC2, 0x00, 0xA2, 0x00, 0xA1, 0x00,
    0xA1, 0x00, 0xA1, 0x00, 0xA1, 0x00, 0x81, 0x00, 0x81, 0x00, 0x81, 0x00, 0x81, 0x00, 0x61, 0x00, 0x61, 0x00, 0x61,
    0x00, 0x61, 0x00, 0x40, 0x00, 0x40, 0x00, 0x40, 0x00, 0x40, 0x00, 0x40, 0x00, 0x20, 0x00, 0x20, 0x00, 0x20, 0x00,
    0x20, 0x00, 0x20, 0x00, 0x20, 0x00, 0x00, 0x00, 0x00, 0x00, 0x00, 0x00, 0x00, 0x00, 0x00, 0x00, 0x00, 0x00, 0x00,
    0x00, 0x00, 0x00, 0x00, 0x00, 0x00, 0x00, 0x00, 0x00, 0x00, 0x00, 0x00, 0x00, 0x00, 0x00, 0x00, 0x00, 0x00, 0x00,
    0x00, 0x00, 0x00, 0x00, 0x00, 0x00, 0x00, 0x00, 0x00, 0x00, 0x00, 0x00, 0x00, 0x00, 0x00, 0x00, 0x00, 0x00, 0x00,
    0x00, 0x00, 0x00, 0x00, 0x00, 0x00, 0x00, 0x00, 0x00, 0x00, 0x00, 0x00, 0x00, 0x00, 0x00, 0x00, 0x00, 0x00, 0x00,
    0x00, 0x00, 0x00, 0x00, 0x00, 0x00, 0x00, 0x00, 0x00, 0x00, 0x00, 0x00, 0x00, 0x00, 0x00, 0x00, 0x00, 0x00, 0x00,
    0x00, 0x00, 0x00, 0x00, 0x00, 0x00, 0x00, 0x00, 0x00, 0x00, 0x00, 0x00, 0x00, 0x00, 0x00, 0x00, 0x00, 0x00, 0x00,
    0x00, 0x00, 0x00, 0x00, 0x00, 0x00, 0x00, 0x00, 0x00, 0x00, 0x00, 0x00, 0x00, 0x00, 0x00, 0x00, 0x00, 0x00, 0x00,
    0x00, 0x20, 0x00, 0x20, 0x00, 0x20, 0x00, 0x20, 0x00, 0x20, 0x00, 0x20, 0x00, 0x40, 0x00, 0x40, 0x00, 0x40, 0x00,
    0x40, 0x00, 0x40, 0x00, 0x61, 0x00, 0x61, 0x00, 0x61, 0x00, 0x81, 0x00, 0x81, 0x00, 0x81, 0x00, 0x81, 0x00, 0xA1,
    0x00, 0xA1, 0x00, 0xA1, 0x00, 0xA1, 0x00, 0xC2, 0x00, 0xC2, 0x00, 0xC2, 0x00, 0xC2, 0x00, 0xE2, 0x00, 0xE2, 0x00,
    0xE2, 0x00, 0xE2, 0x00, 0xE2, 0x00, 0x02, 0x01, 0x02, 0x01, 0x02, 0x01, 0x02, 0x01, 0x02, 0x01, 0x02, 0x01, 0x22,
    0x01, 0x23, 0x01, 0x23, 0x01, 0x23, 0x01, 0x23, 0x01, 0x23, 0x01, 0x23, 0x01, 0x23, 0x01, 0x23, 0x01, 0x23, 0x01,
    0x23, 0x09, 0x23, 0x09, 0x23, 0x09, 0x23, 0x09, 0x23, 0x09, 0x23, 0x09, 0x23, 0x09, 0x23, 0x09, 0x23, 0x09, 0x23,
    0x09, 0x23, 0x09, 0x23, 0x09, 0x23, 0x09, 0x23, 0x09, 0x23, 0x09, 0x23, 0x09, 0x23, 0x09, 0x23, 0x09, 0x23, 0x09,
    0x23, 0x09, 0x23, 0x09, 0x23, 0x09, 0x23, 0x09, 0x23, 0x09, 0x23, 0x09, 0x23, 0x09, 0x23, 0x09, 0x23, 0x09, 0x23,
    0x09, 0x23, 0x09, 0x23, 0x09, 0x23, 0x09, 0x23, 0x09, 0x23, 0x09, 0x23, 0x09, 0x23, 0x09, 0x23, 0x09, 0x23, 0x09,
    0x23, 0x09, 0x23, 0x09, 0x23, 0x09, 0x23, 0x09, 0x23, 0x09, 0x23, 0x09, 0x23, 0x01, 0x23, 0x01, 0x23, 0x01, 0x23,
    0x01, 0x23, 0x01, 0x23, 0x01, 0x23, 0x01, 0x23, 0x01, 0x23, 0x01, 0x22, 0x01, 0x02, 0x01, 0x02, 0x01, 0x02, 0x01,
    0x02, 0x01, 0x02, 0x01, 0x02, 0x01, 0xE2, 0x00, 0xE2, 0x00, 0xE2, 0x00, 0xE2, 0x00, 0xE2, 0x00, 0xC2, 0x00, 0xC2,
    0x00, 0xC2, 0x00, 0xC2, 0x00, 0xA1, 0x00, 0xA1, 0x00, 0xA1, 0x00, 0xA1, 0x00, 0x81, 0x00, 0x81, 0x00, 0x81, 0x00,
    0x81, 0x00, 0x61, 0x00, 0x61, 0x00, 0x61, 0x00, 0x40, 0x00, 0x40, 0x00, 0x40, 0x00, 0x40, 0x00, 0x40, 0x00, 0x20,
    0x00, 0x20, 0x00, 0x20, 0x00, 0x20, 0x00, 0x20, 0x00, 0x20, 0x00, 0x00, 0x00, 0x00, 0x00, 0x00, 0x00, 0x00, 0x00,
    0x00, 0x00, 0x00, 0x00, 0x00, 0x00, 0x00, 0x00, 0x00, 0x00, 0x00, 0x00, 0x00, 0x00, 0x00, 0x00, 0x00, 0x00, 0x00,
    0x00, 0x00, 0x00, 0x00, 0x00, 0x00, 0x00, 0x00, 0x00, 0x00, 0x00, 0x00, 0x00, 0x00, 0x00, 0x00, 0x00, 0x00, 0x00,
    0x00, 0x00, 0x00, 0x00, 0x00, 0x00, 0x00, 0x00, 0x00, 0x00, 0x00, 0x00, 0x00, 0x00, 0x00, 0x00, 0x00, 0x00, 0x00,
    0x00, 0x00, 0x00, 0x00, 0x00, 0x00, 0x00, 0x00, 0x00, 0x00, 0x00, 0x00, 0x00, 0x00, 0x00, 0x00, 0x00, 0x00, 0x00,
    0x00, 0x00, 0x00, 0x00, 0x00, 0x00, 0x00, 0x00, 0x00, 0x00, 0x00, 0x00, 0x00, 0x00, 0x00, 0x00, 0x00, 0x00, 0x00,
    0x00, 0x00, 0x00, 0x00, 0x00, 0x00, 0x00, 0x00, 0x00, 0x00, 0x00, 0x00, 0x00, 0x00, 0x00, 0x00, 0x00, 0x00, 0x00,
    0x20, 0x00, 0x20, 0x00, 0x20, 0x00, 0x20, 0x00, 0x20, 0x00, 0x40, 0x00, 0x40, 0x00, 0x40, 0x00, 0x40, 0x00, 0x40,
    0x00, 0x61, 0x00, 0x61, 0x00, 0x61, 0x00, 0x81, 0x00, 0x81, 0x00, 0x81, 0x00, 0x81, 0x00, 0xA1, 0x00, 0xA1, 0x00,
    0xA1, 0x00, 0xC2, 0x00, 0xC2, 0x00, 0xC2, 0x00, 0xC2, 0x00, 0xE2, 0x00, 0xE2, 0x00, 0xE2, 0x00, 0x02, 0x01, 0x02,
    0x01, 0x02, 0x01, 0x02, 0x01, 0x02, 0x01, 0x23, 0x01, 0x23, 0x01, 0x23, 0x01, 0x23, 0x09, 0x23, 0x09, 0x23, 0x09,
    0x43, 0x09, 0x43, 0x09, 0x43, 0x09, 0x43, 0x09, 0x43, 0x09, 0x43, 0x09, 0x43, 0x09, 0x43, 0x09, 0x43, 0x09, 0x43,
    0x09, 0x43, 0x09, 0x43, 0x09, 0x43, 0x09, 0x43, 0x09, 0x43, 0x09, 0x43, 0x09, 0x43, 0x09, 0x43, 0x09, 0x43, 0x09,
    0x43, 0x09, 0x43, 0x09, 0x43, 0x09, 0x43, 0x09, 0x43, 0x09, 0x43, 0x09, 0x43, 0x09, 0x43, 0x09, 0x43, 0x09, 0x43,
    0x09, 0x43, 0x09, 0x43, 0x09, 0x43, 0x09, 0x43, 0x09, 0x43, 0x09, 0x43, 0x09, 0x43, 0x09, 0x43, 0x09, 0x43, 0x09,
    0x43, 0x09, 0x43, 0x09, 0x43, 0x09, 0x43, 0x09, 0x43, 0x09, 0x43, 0x09, 0x43, 0x09, 0x43, 0x09, 0x43, 0x09, 0x43,
    0x09, 0x43, 0x09, 0x43, 0x09, 0x43, 0x09, 0x43, 0x09, 0x43, 0x09, 0x43, 0x09, 0x43, 0x09, 0x43, 0x09, 0x43, 0x09,
    0x43, 0x09, 0x43, 0x09, 0x43, 0x09, 0x43, 0x09, 0x43, 0x09, 0x43, 0x09, 0x43, 0x09, 0x23, 0x09, 0x23, 0x09, 0x23,
    0x09, 0x23, 0x01, 0x23, 0x01, 0x23, 0x01, 0x02, 0x01, 0x02, 0x01, 0x02, 0x01, 0x02, 0x01, 0x02, 0x01, 0xE2, 0x00,
    0xE2, 0x00, 0xE2, 0x00, 0xC2, 0x00, 0xC2, 0x00, 0xC2, 0x00, 0xC2, 0x00, 0xA1, 0x00, 0xA1, 0x00, 0xA1, 0x00, 0x81,
    0x00, 0x81, 0x00, 0x81, 0x00, 0x81, 0x00, 0x61, 0x00, 0x61, 0x00, 0x61, 0x00, 0x40, 0x00, 0x40, 0x00, 0x40, 0x00,
    0x40, 0x00, 0x40, 0x00, 0x20, 0x00, 0x20, 0x00, 0x20, 0x00, 0x20, 0x00, 0x20, 0x00, 0x00, 0x00, 0x00, 0x00, 0x00,
    0x00, 0x00, 0x00, 0x00, 0x00, 0x00, 0x00, 0x00, 0x00, 0x00, 0x00, 0x00, 0x00, 0x00, 0x00, 0x00, 0x00, 0x00, 0x00,
    0x00, 0x00, 0x00, 0x00, 0x00, 0x00, 0x00, 0x00, 0x00, 0x00, 0x00, 0x00, 0x00, 0x00, 0x00, 0x00, 0x00, 0x00, 0x00,
    0x00, 0x00, 0x00, 0x00, 0x00, 0x00, 0x00, 0x00, 0x00, 0x00, 0x00, 0x00, 0x00, 0x00, 0x00, 0x00, 0x00, 0x00, 0x00,
    0x00, 0x00, 0x00, 0x00, 0x00, 0x00, 0x00, 0x00, 0x00, 0x00, 0x00, 0x00, 0x00, 0x00, 0x00, 0x00, 0x00, 0x00, 0x00,
    0x00, 0x00, 0x00, 0x00, 0x00, 0x00, 0x00, 0x00, 0x00, 0x00, 0x00, 0x00, 0x00, 0x00, 0x00, 0x00, 0x00, 0x00, 0x00,
    0x00, 0x00, 0x00, 0x00, 0x00, 0x00, 0x00, 0x00, 0x00, 0x00, 0x00, 0x00, 0x00, 0x00, 0x00, 0x00, 0x20, 0x00, 0x20,
    0x00, 0x20, 0x00, 0x20, 0x00, 0x20, 0x00, 0x20, 0x00, 0x40, 0x00, 0x40, 0x00, 0x40, 0x00, 0x40, 0x00, 0x61, 0x00,
    0x61, 0x00, 0x61, 0x00, 0x81, 0x00, 0x81, 0x00, 0x81, 0x00, 0x81, 0x00, 0xA1, 0x00, 0xA1, 0x00, 0xA2, 0x00, 0xC2,
    0x00, 0xC2, 0x00, 0xC2, 0x00, 0xE2, 0x00, 0xE2, 0x00, 0xE2, 0x00, 0x02, 0x01, 0x02, 0x01, 0x02, 0x01, 0x23, 0x01,
    0x23, 0x01, 0x23, 0x01, 0x23, 0x09, 0x43, 0x09, 0x43, 0x09, 0x43, 0x09, 0x43, 0x09, 0x43, 0x09, 0x43, 0x09, 0x63,
    0x09, 0x63, 0x09, 0x63, 0x09, 0x63, 0x09, 0x63, 0x09, 0x63, 0x09, 0x63, 0x09, 0x63, 0x09, 0x63, 0x09, 0x83, 0x09,
    0x83, 0x09, 0x83, 0x09, 0x83, 0x09, 0x84, 0x09, 0x84, 0x09, 0x84, 0x09, 0x84, 0x09, 0x84, 0x09, 0x84, 0x09, 0x84,
    0x09, 0x84, 0x09, 0x84, 0x09, 0x84, 0x09, 0x84, 0x09, 0x84, 0x09, 0x84, 0x09, 0x84, 0x09, 0x84, 0x09, 0x84, 0x09,
    0x84, 0x09, 0x84, 0x09, 0x84, 0x09, 0x84, 0x09, 0x84, 0x09, 0x84, 0x09, 0x84, 0x09, 0x84, 0x09, 0x84, 0x09, 0x84,
    0x09, 0x84, 0x09, 0x84, 0x09, 0x84, 0x09, 0x84, 0x09, 0x84, 0x09, 0x84, 0x09, 0x84, 0x09, 0x84, 0x09, 0x84, 0x09,
    0x84, 0x09, 0x84, 0x09, 0x84, 0x09, 0x84, 0x09, 0x84, 0x09, 0x83, 0x09, 0x83, 0x09, 0x83, 0x09, 0x83, 0x09, 0x63,
    0x09, 0x63, 0x09, 0x63, 0x09, 0x63, 0x09, 0x63, 0x09, 0x63, 0x09, 0x63, 0x09, 0x63, 0x09, 0x63, 0x09, 0x43, 0x09,
    0x43, 0x09, 0x43, 0x09, 0x43, 0x09, 0x43, 0x09, 0x43, 0x09, 0x23, 0x09, 0x23, 0x01, 0x23, 0x01, 0x23, 0x01, 0x02,
    0x01, 0x02, 0x01, 0x02, 0x01, 0xE2, 0x00, 0xE2, 0x00, 0xE2, 0x00, 0xC2, 0x00, 0xC2, 0x00, 0xC2, 0x00, 0xA2, 0x00,
    0xA1, 0x00, 0xA1, 0x00, 0x81, 0x00, 0x81, 0x00, 0x81, 0x00, 0x81, 0x00, 0x61, 0x00, 0x61, 0x00, 0x61, 0x00, 0x40,
    0x00, 0x40, 0x00, 0x40, 0x00, 0x40, 0x00, 0x20, 0x00, 0x20, 0x00, 0x20, 0x00, 0x20, 0x00, 0x20, 0x00, 0x20, 0x00,
    0x00, 0x00, 0x00, 0x00, 0x00, 0x00, 0x00, 0x00, 0x00, 0x00, 0x00, 0x00, 0x00, 0x00, 0x00, 0x00, 0x00, 0x00, 0x00,
    0x00, 0x00, 0x00, 0x00, 0x00, 0x00, 0x00, 0x00, 0x00, 0x00, 0x00, 0x00, 0x00, 0x00, 0x00, 0x00, 0x00, 0x00, 0x00,
    0x00, 0x00, 0x00, 0x00, 0x00, 0x00, 0x00, 0x00, 0x00, 0x00, 0x00, 0x00, 0x00, 0x00, 0x00, 0x00, 0x00, 0x00, 0x00,
    0x00, 0x00, 0x00, 0x00, 0x00, 0x00, 0x00, 0x00, 0x00, 0x00, 0x00, 0x00, 0x00, 0x00, 0x00, 0x00, 0x00, 0x00, 0x00,
    0x00, 0x00, 0x00, 0x00, 0x00, 0x00, 0x00, 0x00, 0x00, 0x00, 0x00, 0x00, 0x00, 0x00, 0x00, 0x00, 0x00, 0x00, 0x00,
    0x00, 0x00, 0x00, 0x00, 0x00, 0x00, 0x00, 0x00, 0x00, 0x00, 0x00, 0x00, 0x00, 0x00, 0x00, 0x20, 0x00, 0x20, 0x00,
    0x20, 0x00, 0x20, 0x00, 0x20, 0x00, 0x20, 0x00, 0x40, 0x00, 0x40, 0x00, 0x40, 0x00, 0x40, 0x00, 0x61, 0x00, 0x61,
    0x00, 0x61, 0x00, 0x81, 0x00, 0x81, 0x00, 0x81, 0x00, 0xA1, 0x00, 0xA1, 0x00, 0xA2, 0x00, 0xC2, 0x00, 0xC2, 0x00,
    0xE2, 0x00, 0xE2, 0x00, 0xE2, 0x00, 0x02, 0x01, 0x02, 0x01, 0x02, 0x01, 0x23, 0x01, 0x23, 0x09, 0x23, 0x09, 0x43,
    0x09, 0x43, 0x09, 0x43, 0x09, 0x43, 0x09, 0x63, 0x09, 0x63, 0x09, 0x63, 0x09, 0x63, 0x09, 0x84, 0x09, 0x84, 0x09,
    0x84, 0x09, 0x84, 0x09, 0x84, 0x09, 0x84, 0x09, 0x84, 0x09, 0x84, 0x09, 0xA4, 0x09, 0xA4, 0x09, 0xA4, 0x09, 0xA4,
    0x09, 0xA4, 0x09, 0xA4, 0x09, 0xA4, 0x09, 0xA4, 0x09, 0xA4, 0x09, 0xA4, 0x09, 0xA4, 0x09, 0xA4, 0x09, 0xA4, 0x09,
    0xA4, 0x09, 0xA4, 0x09, 0xA4, 0x09, 0xA4, 0x09, 0xA4, 0x09, 0xA4, 0x09, 0xA4, 0x09, 0xA4, 0x09, 0xA4, 0x09, 0xA4,
    0x09, 0xA4, 0x09, 0xA4, 0x09, 0xA4, 0x09, 0xA4, 0x09, 0xA4, 0x09, 0xA4, 0x09, 0xA4, 0x09, 0xA4, 0x09, 0xA4, 0x09,
    0xA4, 0x09, 0xA4, 0x09, 0xA4, 0x09, 0xA4, 0x09, 0xA4, 0x09, 0xA4, 0x09, 0xA4, 0x09, 0xA4, 0x09, 0xA4, 0x09, 0xA4,
    0x09, 0xA4, 0x09, 0xA4, 0x09, 0xA4, 0x09, 0xA4, 0x09, 0xA4, 0x09, 0xA4, 0x09, 0xA4, 0x09, 0xA4, 0x09, 0xA4, 0x09,
    0xA4, 0x09, 0xA4, 0x09, 0xA4, 0x09, 0x84, 0x09, 0x84, 0x09, 0x84, 0x09, 0x84, 0x09, 0x84, 0x09, 0x84, 0x09, 0x84,
    0x09, 0x84, 0x09, 0x63, 0x09, 0x63, 0x09, 0x63, 0x09, 0x63, 0x09, 0x43, 0x09, 0x43, 0x09, 0x43, 0x09, 0x43, 0x09,
    0x23, 0x09, 0x23, 0x09, 0x23, 0x01, 0x02, 0x01, 0x02, 0x01, 0x02, 0x01, 0xE2, 0x00, 0xE2, 0x00, 0xE2, 0x00, 0xC2,
    0x00, 0xC2, 0x00, 0xA2, 0x00, 0xA1, 0x00, 0xA1, 0x00, 0x81, 0x00, 0x81, 0x00, 0x81, 0x00, 0x61, 0x00, 0x61, 0x00,
    0x61, 0x00, 0x40, 0x00, 0x40, 0x00, 0x40, 0x00, 0x40, 0x00, 0x20, 0x00, 0x20, 0x00, 0x20, 0x00, 0x20, 0x00, 0x20,
    0x00, 0x20, 0x00, 0x00, 0x00, 0x00, 0x00, 0x00, 0x00, 0x00, 0x00, 0x00, 0x00, 0x00, 0x00, 0x00, 0x00, 0x00, 0x00,
    0x00, 0x00, 0x00, 0x00, 0x00, 0x00, 0x00, 0x00, 0x00, 0x00, 0x00, 0x00, 0x00, 0x00, 0x00, 0x00, 0x00, 0x00, 0x00,
    0x00, 0x00, 0x00, 0x00, 0x00, 0x00, 0x00, 0x00, 0x00, 0x00, 0x00, 0x00, 0x00, 0x00, 0x00, 0x00, 0x00, 0x00, 0x00,
    0x00, 0x00, 0x00, 0x00, 0x00, 0x00, 0x00, 0x00, 0x00, 0x00, 0x00, 0x00, 0x00, 0x00, 0x00, 0x00, 0x00, 0x00, 0x00,
    0x00, 0x00, 0x00, 0x00, 0x00, 0x00, 0x00, 0x00, 0x00, 0x00, 0x00, 0x00, 0x00, 0x00, 0x00, 0x00, 0x00, 0x00, 0x00,
    0x00, 0x00, 0x00, 0x00, 0x00, 0x00, 0x00, 0x00, 0x00, 0x00, 0x00, 0x00, 0x20, 0x00, 0x20, 0x00, 0x20, 0x00, 0x20,
    0x00, 0x20, 0x00, 0x20, 0x00, 0x40, 0x00, 0x40, 0x00, 0x40, 0x00, 0x40, 0x00, 0x61, 0x00, 0x61, 0x00, 0x61, 0x00,
    0x81, 0x00, 0x81, 0x00, 0x81, 0x00, 0xA1, 0x00, 0xA1, 0x00, 0xA2, 0x00, 0xC2, 0x00, 0xC2, 0x00, 0xE2, 0x00, 0xE2,
    0x00, 0xE2, 0x00, 0x02, 0x01, 0x02, 0x01, 0x23, 0x01, 0x23, 0x09, 0x23, 0x09, 0x43, 0x09, 0x43, 0x09, 0x43, 0x09,
    0x63, 0x09, 0x63, 0x09, 0x63, 0x09, 0x84, 0x09, 0x84, 0x09, 0x84, 0x09, 0x84, 0x09, 0xA4, 0x09, 0xA4, 0x09, 0xA4,
    0x09, 0xA4, 0x09, 0xA4, 0x09, 0xA4, 0x09, 0xA4, 0x09, 0xC4, 0x09, 0xC4, 0x09, 0xC4, 0x09, 0xC4, 0x09, 0xC4, 0x09,
    0xC4, 0x09, 0xC4, 0x09, 0xC4, 0x09, 0xC4, 0x09, 0xC4, 0x09, 0xC4, 0x09, 0xC4, 0x09, 0xC4, 0x09, 0xC4, 0x09, 0xC4,
    0x09, 0xC4, 0x09, 0xC4, 0x09, 0xC4, 0x09, 0xC4, 0x09, 0xC4, 0x09, 0xC4, 0x09, 0xC4, 0x09, 0xC4, 0x09, 0xC4, 0x09,
    0xC4, 0x09, 0xC4, 0x09, 0xC4, 0x09, 0xC4, 0x09, 0xC4, 0x09, 0xC4, 0x09, 0xC4, 0x09, 0xC4, 0x09, 0xC4, 0x09, 0xC4,
    0x09, 0xC4, 0x09, 0xC4, 0x09, 0xC4, 0x09, 0xC4, 0x09, 0xC4, 0x09, 0xC4, 0x09, 0xC4, 0x09, 0xC4, 0x09, 0xC4, 0x09,
    0xC4, 0x09, 0xC4, 0x09, 0xC4, 0x09, 0xC4, 0x09, 0xC4, 0x09, 0xC4, 0x09, 0xC4, 0x09, 0xC4, 0x09, 0xC4, 0x09, 0xC4,
    0x09, 0xC4, 0x09, 0xC4, 0x09, 0xC4, 0x09, 0xC4, 0x09, 0xC4, 0x09, 0xA4, 0x09, 0xA4, 0x09, 0xA4, 0x09, 0xA4, 0x09,
    0xA4, 0x09, 0xA4, 0x09, 0xA4, 0x09, 0x84, 0x09, 0x84, 0x09, 0x84, 0x09, 0x84, 0x09, 0x63, 0x09, 0x63, 0x09, 0x63,
    0x09, 0x43, 0x09, 0x43, 0x09, 0x43, 0x09, 0x23, 0x09, 0x23, 0x09, 0x23, 0x01, 0x02, 0x01, 0x02, 0x01, 0xE2, 0x00,
    0xE2, 0x00, 0xE2, 0x00, 0xC2, 0x00, 0xC2, 0x00, 0xA2, 0x00, 0xA1, 0x00, 0xA1, 0x00, 0x81, 0x00, 0x81, 0x00, 0x81,
    0x00, 0x61, 0x00, 0x61, 0x00, 0x61, 0x00, 0x40, 0x00, 0x40, 0x00, 0x40, 0x00, 0x40, 0x00, 0x20, 0x00, 0x20, 0x00,
    0x20, 0x00, 0x20, 0x00, 0x20, 0x00, 0x20, 0x00, 0x00, 0x00, 0x00, 0x00, 0x00, 0x00, 0x00, 0x00, 0x00, 0x00, 0x00,
    0x00, 0x00, 0x00, 0x00, 0x00, 0x00, 0x00, 0x00, 0x00, 0x00, 0x00, 0x00, 0x00, 0x00, 0x00, 0x00, 0x00, 0x00, 0x00,
    0x00, 0x00, 0x00, 0x00, 0x00, 0x00, 0x00, 0x00, 0x00, 0x00, 0x00, 0x00, 0x00, 0x00, 0x00, 0x00, 0x00, 0x00, 0x00,
    0x00, 0x00, 0x00, 0x00, 0x00, 0x00, 0x00, 0x00, 0x00, 0x00, 0x00, 0x00, 0x00, 0x00, 0x00, 0x00, 0x00, 0x00, 0x00,
    0x00, 0x00, 0x00, 0x00, 0x00, 0x00, 0x00, 0x00, 0x00, 0x00, 0x00, 0x00, 0x00, 0x00, 0x00, 0x00, 0x00, 0x00, 0x00,
    0x00, 0x00, 0x00, 0x00, 0x00, 0x00, 0x00, 0x00, 0x00, 0x00, 0x00, 0x00, 0x00, 0x20, 0x00, 0x20, 0x00, 0x20, 0x00,
    0x20, 0x00, 0x20, 0x00, 0x40, 0x00, 0x40, 0x00, 0x40, 0x00, 0x40, 0x00, 0x61, 0x00, 0x61, 0x00, 0x81, 0x00, 0x81,
    0x00, 0x81, 0x00, 0xA1, 0x00, 0xA1, 0x00, 0xA2, 0x00, 0xC2, 0x00, 0xC2, 0x00, 0xE2, 0x00, 0xE2, 0x00, 0x02, 0x01,
    0x02, 0x01, 0x22, 0x01, 0x23, 0x01, 0x23, 0x09, 0x43, 0x09, 0x43, 0x09, 0x43, 0x09, 0x63, 0x09, 0x63, 0x09, 0x84,
    0x09, 0x84, 0x09, 0x84, 0x09, 0xA4, 0x09, 0xA4, 0x09, 0xA4, 0x09, 0xA4, 0x09, 0xC4, 0x09, 0xC4, 0x09, 0xC4, 0x09,
    0xC4, 0x09, 0xE5, 0x09, 0xE5, 0x09, 0xE5, 0x09, 0xE5, 0x09, 0xE5, 0x09, 0xE5, 0x09, 0xE5, 0x09, 0xE5, 0x09, 0xE5,
    0x09, 0xE5, 0x09, 0x05, 0x0A, 0x05, 0x0A, 0x05, 0x0A, 0x05, 0x0A, 0x05, 0x0A, 0x05, 0x0A, 0x05, 0x0A, 0x05, 0x0A,
    0x05, 0x0A, 0x05, 0x0A, 0x05, 0x0A, 0x05, 0x0A, 0x05, 0x0A, 0x05, 0x0A, 0x05, 0x0A, 0x05, 0x0A, 0x05, 0x0A, 0x05,
    0x0A, 0x05, 0x0A, 0x05, 0x0A, 0x05, 0x0A, 0x05, 0x0A, 0x05, 0x0A, 0x05, 0x0A, 0x05, 0x0A, 0x05, 0x0A, 0x05, 0x0A,
    0x05, 0x0A, 0x05, 0x0A, 0x05, 0x0A, 0x05, 0x0A, 0x05, 0x0A, 0x05, 0x0A, 0x05, 0x0A, 0x05, 0x0A, 0x05, 0x0A, 0x05,
    0x0A, 0x05, 0x0A, 0x05, 0x0A, 0x05, 0x0A, 0x05, 0x0A, 0x05, 0x0A, 0x05, 0x0A, 0x05, 0x0A, 0x05, 0x0A, 0x05, 0x0A,
    0xE5, 0x09, 0xE5, 0x09, 0xE5, 0x09, 0xE5, 0x09, 0xE5, 0x09, 0xE5, 0x09, 0xE5, 0x09, 0xE5, 0x09, 0xE5, 0x09, 0xE5,
    0x09, 0xC4, 0x09, 0xC4, 0x09, 0xC4, 0x09, 0xC4, 0x09, 0xA4, 0x09, 0xA4, 0x09, 0xA4, 0x09, 0xA4, 0x09, 0x84, 0x09,
    0x84, 0x09, 0x84, 0x09, 0x63, 0x09, 0x63, 0x09, 0x43, 0x09, 0x43, 0x09, 0x43, 0x09, 0x23, 0x09, 0x23, 0x01, 0x22,
    0x01, 0x02, 0x01, 0x02, 0x01, 0xE2, 0x00, 0xE2, 0x00, 0xC2, 0x00, 0xC2, 0x00, 0xA2, 0x00, 0xA1, 0x00, 0xA1, 0x00,
    0x81, 0x00, 0x81, 0x00, 0x81, 0x00, 0x61, 0x00, 0x61, 0x00, 0x40, 0x00, 0x40, 0x00, 0x40, 0x00, 0x40, 0x00, 0x20,
    0x00, 0x20, 0x00, 0x20, 0x00, 0x20, 0x00, 0x20, 0x00, 0x00, 0x00, 0x00, 0x00, 0x00, 0x00, 0x00, 0x00, 0x00, 0x00,
    0x00, 0x00, 0x00, 0x00, 0x00, 0x00, 0x00, 0x00, 0x00, 0x00, 0x00, 0x00, 0x00, 0x00, 0x00, 0x00, 0x00, 0x00, 0x00,
    0x00, 0x00, 0x00, 0x00, 0x00, 0x00, 0x00, 0x00, 0x00, 0x00, 0x00, 0x00, 0x00, 0x00, 0x00, 0x00, 0x00, 0x00, 0x00,
    0x00, 0x00, 0x00, 0x00, 0x00, 0x00, 0x00, 0x00, 0x00, 0x00, 0x00, 0x00, 0x00, 0x00, 0x00, 0x00, 0x00, 0x00, 0x00,
    0x00, 0x00, 0x00, 0x00, 0x00, 0x00, 0x00, 0x00, 0x00, 0x00, 0x00, 0x00, 0x00, 0x00, 0x00, 0x00, 0x00, 0x00, 0x00,
    0x00, 0x00, 0x00, 0x00, 0x00, 0x00, 0x00, 0x00, 0x00, 0x00, 0x00, 0x00, 0x20, 0x00, 0x20, 0x00, 0x20, 0x00, 0x20,
    0x00, 0x20, 0x00, 0x40, 0x00, 0x40, 0x00, 0x40, 0x00, 0x61, 0x00, 0x61, 0x00, 0x61, 0x00, 0x81, 0x00, 0x81, 0x00,
    0x81, 0x00, 0xA1, 0x00, 0xA1, 0x00, 0xC2, 0x00, 0xC2, 0x00, 0xE2, 0x00, 0xE2, 0x00, 0x02, 0x01, 0x02, 0x01, 0x22,
    0x01, 0x23, 0x09, 0x43, 0x09, 0x43, 0x09, 0x43, 0x09, 0x63, 0x09, 0x63, 0x09, 0x84, 0x09, 0x84, 0x09, 0xA4, 0x09,
    0xA4, 0x09, 0xA4, 0x09, 0xC4, 0x09, 0xC4, 0x09, 0xC4, 0x09, 0xE5, 0x09, 0xE5, 0x09, 0xE5, 0x09, 0xE5, 0x09, 0x05,
    0x0A, 0x05, 0x0A, 0x05, 0x0A, 0x05, 0x0A, 0x05, 0x0A, 0x25, 0x0A, 0x25, 0x0A, 0x25, 0x0A, 0x25, 0x0A, 0x25, 0x0A,
    0x25, 0x0A, 0x25, 0x0A, 0x25, 0x0A, 0x25, 0x0A, 0x25, 0x0A, 0x25, 0x0A, 0x25, 0x0A, 0x25, 0x0A, 0x25, 0x0A, 0x25,
    0x0A, 0x25, 0x0A, 0x25, 0x0A, 0x25, 0x0A, 0x25, 0x0A, 0x25, 0x0A, 0x25, 0x0A, 0x25, 0x0A, 0x25, 0x0A, 0x25, 0x0A,
    0x25, 0x0A, 0x25, 0x0A, 0x25, 0x0A, 0x25, 0x0A, 0x25, 0x0A, 0x25, 0x0A, 0x25, 0x0A, 0x25, 0x0A, 0x25, 0x0A, 0x25,
    0x0A, 0x25, 0x0A, 0x25, 0x0A, 0x25, 0x0A, 0x25, 0x0A, 0x25, 0x0A, 0x25, 0x0A, 0x25, 0x0A, 0x25, 0x0A, 0x25, 0x0A,
    0x25, 0x0A, 0x25, 0x0A, 0x25, 0x0A, 0x25, 0x0A, 0x25, 0x0A, 0x25, 0x0A, 0x25, 0x0A, 0x25, 0x0A, 0x25, 0x0A, 0x25,
    0x0A, 0x25, 0x0A, 0x25, 0x0A, 0x25, 0x0A, 0x25, 0x0A, 0x25, 0x0A, 0x25, 0x0A, 0x25, 0x0A, 0x05, 0x0A, 0x05, 0x0A,
    0x05, 0x0A, 0x05, 0x0A, 0x05, 0x0A, 0xE5, 0x09, 0xE5, 0x09, 0xE5, 0x09, 0xE5, 0x09, 0xC4, 0x09, 0xC4, 0x09, 0xC4,
    0x09, 0xA4, 0x09, 0xA4, 0x09, 0xA4, 0x09, 0x84, 0x09, 0x84, 0x09, 0x63, 0x09, 0x63, 0x09, 0x43, 0x09, 0x43, 0x09,
    0x43, 0x09, 0x23, 0x09, 0x22, 0x01, 0x02, 0x01, 0x02, 0x01, 0xE2, 0x00, 0xE2, 0x00, 0xC2, 0x00, 0xC2, 0x00, 0xA1,
    0x00, 0xA1, 0x00, 0x81, 0x00, 0x81, 0x00, 0x81, 0x00, 0x61, 0x00, 0x61, 0x00, 0x61, 0x00, 0x40, 0x00, 0x40, 0x00,
    0x40, 0x00, 0x20, 0x00, 0x20, 0x00, 0x20, 0x00, 0x20, 0x00, 0x20, 0x00, 0x00, 0x00, 0x00, 0x00, 0x00, 0x00, 0x00,
    0x00, 0x00, 0x00, 0x00, 0x00, 0x00, 0x00, 0x00, 0x00, 0x00, 0x00, 0x00, 0x00, 0x00, 0x00, 0x00, 0x00, 0x00, 0x00,
    0x00, 0x00, 0x00, 0x00, 0x00, 0x00, 0x00, 0x00, 0x00, 0x00, 0x00, 0x00, 0x00, 0x00, 0x00, 0x00, 0x00, 0x00, 0x00,
    0x00, 0x00, 0x00, 0x00, 0x00, 0x00, 0x00, 0x00, 0x00, 0x00, 0x00, 0x00, 0x00, 0x00, 0x00, 0x00, 0x00, 0x00, 0x00,
    0x00, 0x00, 0x00, 0x00, 0x00, 0x00, 0x00, 0x00, 0x00, 0x00, 0x00, 0x00, 0x00, 0x00, 0x00, 0x00, 0x00, 0x00, 0x00,
    0x00, 0x00, 0x00, 0x00, 0x00, 0x00, 0x00, 0x00, 0x00, 0x00, 0x00, 0x20, 0x00, 0x20, 0x00, 0x20, 0x00, 0x20, 0x00,
    0x20, 0x00, 0x40, 0x00, 0x40, 0x00, 0x40, 0x00, 0x61, 0x00, 0x61, 0x00, 0x61, 0x00, 0x81, 0x00, 0x81, 0x00, 0xA1,
    0x00, 0xA1, 0x00, 0xA2, 0x00, 0xC2, 0x00, 0xE2, 0x00, 0xE2, 0x00, 0xE2, 0x00, 0x02, 0x01, 0x22, 0x01, 0x23, 0x09,
    0x43, 0x09, 0x43, 0x09, 0x43, 0x09, 0x63, 0x09, 0x84, 0x09, 0x84, 0x09, 0xA4, 0x09, 0xA4, 0x09, 0xA4, 0x09, 0xC4,
    0x09, 0xC4, 0x09, 0xE5, 0x09, 0xE5, 0x09, 0xE5, 0x09, 0x05, 0x0A, 0x05, 0x0A, 0x25, 0x0A, 0x25, 0x0A, 0x25, 0x0A,
    0x25, 0x0A, 0x25, 0x0A, 0x25, 0x0A, 0x25, 0x0A, 0x25, 0x0A, 0x25, 0x0A, 0x25, 0x0A, 0x25, 0x0A, 0x26, 0x0A, 0x46,
    0x0A, 0x46, 0x0A, 0x46, 0x0A, 0x46, 0x0A, 0x46, 0x0A, 0x46, 0x0A, 0x46, 0x0A, 0x46, 0x0A, 0x46, 0x0A, 0x46, 0x0A,
    0x46, 0x0A, 0x46, 0x0A, 0x46, 0x0A, 0x46, 0x0A, 0x46, 0x0A, 0x46, 0x0A, 0x46, 0x0A, 0x46, 0x0A, 0x46, 0x0A, 0x46,
    0x0A, 0x46, 0x0A, 0x46, 0x0A, 0x46, 0x0A, 0x46, 0x0A, 0x46, 0x0A, 0x46, 0x0A, 0x46, 0x0A, 0x46, 0x0A, 0x46, 0x0A,
    0x46, 0x0A, 0x46, 0x0A, 0x46, 0x0A, 0x46, 0x0A, 0x46, 0x0A, 0x46, 0x0A, 0x46, 0x0A, 0x46, 0x0A, 0x46, 0x0A, 0x46,
    0x0A, 0x46, 0x0A, 0x46, 0x0A, 0x46, 0x0A, 0x46, 0x0A, 0x46, 0x0A, 0x46, 0x0A, 0x46, 0x0A, 0x46, 0x0A, 0x46, 0x0A,
    0x46, 0x0A, 0x46, 0x0A, 0x46, 0x0A, 0x46, 0x0A, 0x26, 0x0A, 0x25, 0x0A, 0x25, 0x0A, 0x25, 0x0A, 0x25, 0x0A, 0x25,
    0x0A, 0x25, 0x0A, 0x25, 0x0A, 0x25, 0x0A, 0x25, 0x0A, 0x25, 0x0A, 0x25, 0x0A, 0x05, 0x0A, 0x05, 0x0A, 0xE5, 0x09,
    0xE5, 0x09, 0xE5, 0x09, 0xC4, 0x09, 0xC4, 0x09, 0xA4, 0x09, 0xA4, 0x09, 0xA4, 0x09, 0x84, 0x09, 0x84, 0x09, 0x63,
    0x09, 0x43, 0x09, 0x43, 0x09, 0x43, 0x09, 0x23, 0x09, 0x22, 0x01, 0x02, 0x01, 0xE2, 0x00, 0xE2, 0x00, 0xE2, 0x00,
    0xC2, 0x00, 0xA2, 0x00, 0xA1, 0x00, 0xA1, 0x00, 0x81, 0x00, 0x81, 0x00, 0x61, 0x00, 0x61, 0x00, 0x61, 0x00, 0x40,
    0x00, 0x40, 0x00, 0x40, 0x00, 0x20, 0x00, 0x20, 0x00, 0x20, 0x00, 0x20, 0x00, 0x20, 0x00, 0x00, 0x00, 0x00, 0x00,
    0x00, 0x00, 0x00, 0x00, 0x00, 0x00, 0x00, 0x00, 0x00, 0x00, 0x00, 0x00, 0x00, 0x00, 0x00, 0x00, 0x00, 0x00, 0x00,
    0x00, 0x00, 0x00, 0x00, 0x00, 0x00, 0x00, 0x00, 0x00, 0x00, 0x00, 0x00, 0x00, 0x00, 0x00, 0x00, 0x00, 0x00, 0x00,
    0x00, 0x00, 0x00, 0x00, 0x00, 0x00, 0x00, 0x00, 0x00, 0x00, 0x00, 0x00, 0x00, 0x00, 0x00, 0x00, 0x00, 0x00, 0x00,
    0x00, 0x00, 0x00, 0x00, 0x00, 0x00, 0x00, 0x00, 0x00, 0x00, 0x00, 0x00, 0x00, 0x00, 0x00, 0x00, 0x00, 0x00, 0x00,
    0x00, 0x00, 0x00, 0x00, 0x00, 0x00, 0x00, 0x00, 0x00, 0x00, 0x20, 0x00, 0x20, 0x00, 0x20, 0x00, 0x20, 0x00, 0x20,
    0x00, 0x40, 0x00, 0x40, 0x00, 0x40, 0x00, 0x61, 0x00, 0x61, 0x00, 0x81, 0x00, 0x81, 0x00, 0x81, 0x00, 0xA1, 0x00,
    0xA1, 0x00, 0xC2, 0x00, 0xC2, 0x00, 0xE2, 0x00, 0xE2, 0x00, 0x02, 0x01, 0x02, 0x01, 0x23, 0x09, 0x43, 0x09, 0x43,
    0x09, 0x63, 0x09, 0x63, 0x09, 0x84, 0x09, 0x84, 0x09, 0xA4, 0x09, 0xA4, 0x09, 0xC4, 0x09, 0xC4, 0x09, 0xE5, 0x09,
    0xE5, 0x09, 0x05, 0x0A, 0x05, 0x0A, 0x25, 0x0A, 0x25, 0x0A, 0x05, 0x0A, 0xE5, 0x09, 0xE5, 0x09, 0xE5, 0x09, 0x25,
    0x0A, 0x25, 0x0A, 0x86, 0x12, 0xA7, 0x12, 0xA7, 0x12, 0xA7, 0x12, 0xC7, 0x12, 0xC7, 0x12, 0xC7, 0x12, 0xC7, 0x12,
    0xC7, 0x12, 0xC7, 0x12, 0xC7, 0x12, 0xC7, 0x12, 0xC7, 0x12, 0xC7, 0x12, 0xC7, 0x12, 0xC7, 0x12, 0xC7, 0x12, 0xC7,
    0x12, 0xC7, 0x12, 0xC7, 0x12, 0xC7, 0x12, 0xC7, 0x12, 0xC7, 0x12, 0xC7, 0x12, 0xC7, 0x12, 0xC7, 0x12, 0xC7, 0x12,
    0xC7, 0x12, 0xC7, 0x12, 0xC7, 0x12, 0xC7, 0x12, 0xC7, 0x12, 0xC7, 0x12, 0xC7, 0x12, 0xC7, 0x12, 0xC7, 0x12, 0xC7,
    0x12, 0xC7, 0x12, 0xC7, 0x12, 0xC7, 0x12, 0xC7, 0x12, 0xC7, 0x12, 0xC7, 0x12, 0xC7, 0x12, 0xC7, 0x12, 0xC7, 0x12,
    0xC7, 0x12, 0xC7, 0x12, 0xC7, 0x12, 0xC7, 0x12, 0xC7, 0x12, 0xC7, 0x12, 0xC7, 0x12, 0xC7, 0x12, 0xC7, 0x12, 0xC7,
    0x12, 0xC7, 0x12, 0xC7, 0x12, 0xC7, 0x12, 0xC7, 0x12, 0xC7, 0x12, 0xC7, 0x12, 0xC7, 0x12, 0xC7, 0x12, 0xA7, 0x12,
    0xA7, 0x12, 0xA7, 0x12, 0x86, 0x12, 0x25, 0x0A, 0x25, 0x0A, 0xE5, 0x09, 0xE5, 0x09, 0xE5, 0x09, 0x05, 0x0A, 0x25,
    0x0A, 0x25, 0x0A, 0x05, 0x0A, 0x05, 0x0A, 0xE5, 0x09, 0xE5, 0x09, 0xC4, 0x09, 0xC4, 0x09, 0xA4, 0x09, 0xA4, 0x09,
    0x84, 0x09, 0x84, 0x09, 0x63, 0x09, 0x63, 0x09, 0x43, 0x09, 0x43, 0x09, 0x23, 0x09, 0x02, 0x01, 0x02, 0x01, 0xE2,
    0x00, 0xE2, 0x00, 0xC2, 0x00, 0xC2, 0x00, 0xA1, 0x00, 0xA1, 0x00, 0x81, 0x00, 0x81, 0x00, 0x81, 0x00, 0x61, 0x00,
    0x61, 0x00, 0x40, 0x00, 0x40, 0x00, 0x40, 0x00, 0x20, 0x00, 0x20, 0x00, 0x20, 0x00, 0x20, 0x00, 0x20, 0x00, 0x00,
    0x00, 0x00, 0x00, 0x00, 0x00, 0x00, 0x00, 0x00, 0x00, 0x00, 0x00, 0x00, 0x00, 0x00, 0x00, 0x00, 0x00, 0x00, 0x00,
    0x00, 0x00, 0x00, 0x00, 0x00, 0x00, 0x00, 0x00, 0x00, 0x00, 0x00, 0x00, 0x00, 0x00, 0x00, 0x00, 0x00, 0x00, 0x00,
    0x00, 0x00, 0x00, 0x00, 0x00, 0x00, 0x00, 0x00, 0x00, 0x00, 0x00, 0x00, 0x00, 0x00, 0x00, 0x00, 0x00, 0x00, 0x00,
    0x00, 0x00, 0x00, 0x00, 0x00, 0x00, 0x00, 0x00, 0x00, 0x00, 0x00, 0x00, 0x00, 0x00, 0x00, 0x00, 0x00, 0x00, 0x00,
    0x00, 0x00, 0x00, 0x00, 0x00, 0x00, 0x00, 0x00, 0x00, 0x20, 0x00, 0x20, 0x00, 0x20, 0x00, 0x20, 0x00, 0x40, 0x00,
    0x40, 0x00, 0x40, 0x00, 0x40, 0x00, 0x61, 0x00, 0x61, 0x00, 0x81, 0x00, 0x81, 0x00, 0x81, 0x00, 0xA1, 0x00, 0xA2,
    0x00, 0xC2, 0x00, 0xC2, 0x00, 0xE2, 0x00, 0x02, 0x01, 0x02, 0x01, 0x23, 0x01, 0x23, 0x09, 0x43, 0x09, 0x43, 0x09,
    0x63, 0x09, 0x84, 0x09, 0x84, 0x09, 0xA4, 0x09, 0xA4, 0x09, 0xC4, 0x09, 0xC4, 0x09, 0xE5, 0x09, 0x05, 0x0A, 0x05,
    0x0A, 0x25, 0x0A, 0x05, 0x0A, 0xE5, 0x09, 0xE5, 0x09, 0x46, 0x12, 0xE7, 0x12, 0xAA, 0x1B, 0x8C, 0x24, 0x0D, 0x2D,
    0xF0, 0x35, 0xCF, 0x35, 0x71, 0x3E, 0xD2, 0x3E, 0xB2, 0x3E, 0xB2, 0x3E, 0xB2, 0x3E, 0xB2, 0x3E, 0xB2, 0x3E, 0xB2,
    0x3E, 0xB2, 0x3E, 0xB2, 0x3E, 0xB2, 0x3E, 0xB2, 0x3E, 0xB2, 0x3E, 0xB2, 0x3E, 0xB2, 0x3E, 0xB2, 0x3E, 0xB2, 0x3E,
    0xB2, 0x3E, 0xB2, 0x3E, 0xB2, 0x3E, 0xB2, 0x3E, 0xB2, 0x3E, 0xB2, 0x3E, 0xB2, 0x3E, 0xB2, 0x3E, 0xB2, 0x3E, 0xB2,
    0x3E, 0xB2, 0x3E, 0xB2, 0x3E, 0xB2, 0x3E, 0xB2, 0x3E, 0xB2, 0x3E, 0xB2, 0x3E, 0xB2, 0x3E, 0xB2, 0x3E, 0xB2, 0x3E,
    0xB2, 0x3E, 0xB2, 0x3E, 0xB2, 0x3E, 0xB2, 0x3E, 0xB2, 0x3E, 0xB2, 0x3E, 0xB2, 0x3E, 0xB2, 0x3E, 0xB2, 0x3E, 0xB2,
    0x3E, 0xB2, 0x3E, 0xB2, 0x3E, 0xB2, 0x3E, 0xB2, 0x3E, 0xB2, 0x3E, 0xB2, 0x3E, 0xB2, 0x3E, 0xB2, 0x3E, 0xB2, 0x3E,
    0xB2, 0x3E, 0xB2, 0x3E, 0xB2, 0x3E, 0xB2, 0x3E, 0xB2, 0x3E, 0xB2, 0x3E, 0xB2, 0x3E, 0xB2, 0x3E, 0xB2, 0x3E, 0xB2,
    0x3E, 0xB2, 0x3E, 0xD2, 0x3E, 0x71, 0x3E, 0xCF, 0x35, 0xF0, 0x35, 0x0D, 0x2D, 0x8C, 0x24, 0xAA, 0x1B, 0xE7, 0x12,
    0x46, 0x12, 0xE5, 0x09, 0xE5, 0x09, 0x05, 0x0A, 0x25, 0x0A, 0x05, 0x0A, 0x05, 0x0A, 0xE5, 0x09, 0xC4, 0x09, 0xC4,
    0x09, 0xA4, 0x09, 0xA4, 0x09, 0x84, 0x09, 0x84, 0x09, 0x63, 0x09, 0x43, 0x09, 0x43, 0x09, 0x23, 0x09, 0x23, 0x01,
    0x02, 0x01, 0x02, 0x01, 0xE2, 0x00, 0xC2, 0x00, 0xC2, 0x00, 0xA2, 0x00, 0xA1, 0x00, 0x81, 0x00, 0x81, 0x00, 0x81,
    0x00, 0x61, 0x00, 0x61, 0x00, 0x40, 0x00, 0x40, 0x00, 0x40, 0x00, 0x40, 0x00, 0x20, 0x00, 0x20, 0x00, 0x20, 0x00,
    0x20, 0x00, 0x00, 0x00, 0x00, 0x00, 0x00, 0x00, 0x00, 0x00, 0x00, 0x00, 0x00, 0x00, 0x00, 0x00, 0x00, 0x00, 0x00,
    0x00, 0x00, 0x00, 0x00, 0x00, 0x00, 0x00, 0x00, 0x00, 0x00, 0x00, 0x00, 0x00, 0x00, 0x00, 0x00, 0x00, 0x00, 0x00,
    0x00, 0x00, 0x00, 0x00, 0x00, 0x00, 0x00, 0x00, 0x00, 0x00, 0x00, 0x00, 0x00, 0x00, 0x00, 0x00, 0x00, 0x00, 0x00,
    0x00, 0x00, 0x00, 0x00, 0x00, 0x00, 0x00, 0x00, 0x00, 0x00, 0x00, 0x00, 0x00, 0x00, 0x00, 0x00, 0x00, 0x00, 0x00,
    0x00, 0x00, 0x00, 0x00, 0x00, 0x00, 0x00, 0x00, 0x20, 0x00, 0x20, 0x00, 0x20, 0x00, 0x20, 0x00, 0x20, 0x00, 0x40,
    0x00, 0x40, 0x00, 0x40, 0x00, 0x61, 0x00, 0x61, 0x00, 0x81, 0x00, 0x81, 0x00, 0xA1, 0x00, 0xA1, 0x00, 0xC2, 0x00,
    0xC2, 0x00, 0xE2, 0x00, 0xE2, 0x00, 0x02, 0x01, 0x02, 0x01, 0x23, 0x09, 0x43, 0x09, 0x43, 0x09, 0x63, 0x09, 0x84,
    0x09, 0x84, 0x09, 0xA4, 0x09, 0xA4, 0x09, 0xC4, 0x09, 0xE5, 0x09, 0xE5, 0x09, 0x05, 0x0A, 0x25, 0x0A, 0x05, 0x0A,
    0xE5, 0x09, 0x05, 0x0A, 0xC7, 0x12, 0x0B, 0x24, 0x4E, 0x2D, 0x51, 0x3E, 0xD3, 0x3E, 0x34, 0x47, 0x54, 0x47, 0x54,
    0x47, 0x34, 0x47, 0x34, 0x47, 0x13, 0x47, 0x13, 0x47, 0x13, 0x47, 0x13, 0x47, 0x13, 0x47, 0x13, 0x47, 0x13, 0x47,
    0x13, 0x47, 0x13, 0x47, 0x13, 0x47, 0x13, 0x47, 0x13, 0x47, 0x13, 0x47, 0x13, 0x47, 0x13, 0x47, 0x13, 0x47, 0x13,
    0x47, 0x13, 0x47, 0x13, 0x47, 0x13, 0x47, 0x13, 0x47, 0x13, 0x47, 0x13, 0x47, 0x13, 0x47, 0x13, 0x47, 0x13, 0x47,
    0x13, 0x47, 0x13, 0x47, 0x13, 0x47, 0x13, 0x47, 0x13, 0x47, 0x13, 0x47, 0x13, 0x47, 0x13, 0x47, 0x13, 0x47, 0x13,
    0x47, 0x13, 0x47, 0x13, 0x47, 0x13, 0x47, 0x13, 0x47, 0x13, 0x47, 0x13, 0x47, 0x13, 0x47, 0x13, 0x47, 0x13, 0x47,
    0x13, 0x47, 0x13, 0x47, 0x13, 0x47, 0x13, 0x47, 0x13, 0x47, 0x13, 0x47, 0x13, 0x47, 0x13, 0x47, 0x13, 0x47, 0x13,
    0x47, 0x13, 0x47, 0x13, 0x47, 0x13, 0x47, 0x13, 0x47, 0x13, 0x47, 0x13, 0x47, 0x13, 0x47, 0x13, 0x47, 0x13, 0x47,
    0x13, 0x47, 0x13, 0x47, 0x13, 0x47, 0x13, 0x47, 0x34, 0x47, 0x34, 0x47, 0x54, 0x47, 0x54, 0x47, 0x34, 0x47, 0xD3,
    0x3E, 0x51, 0x3E, 0x4E, 0x2D, 0x0B, 0x24, 0xC7, 0x12, 0x05, 0x0A, 0xE5, 0x09, 0x05, 0x0A, 0x25, 0x0A, 0x05, 0x0A,
    0xE5, 0x09, 0xE5, 0x09, 0xC4, 0x09, 0xA4, 0x09, 0xA4, 0x09, 0x84, 0x09, 0x84, 0x09, 0x63, 0x09, 0x43, 0x09, 0x43,
    0x09, 0x23, 0x09, 0x02, 0x01, 0x02, 0x01, 0xE2, 0x00, 0xE2, 0x00, 0xC2, 0x00, 0xC2, 0x00, 0xA1, 0x00, 0xA1, 0x00,
    0x81, 0x00, 0x81, 0x00, 0x61, 0x00, 0x61, 0x00, 0x40, 0x00, 0x40, 0x00, 0x40, 0x00, 0x20, 0x00, 0x20, 0x00, 0x20,
    0x00, 0x20, 0x00, 0x20, 0x00, 0x00, 0x00, 0x00, 0x00, 0x00, 0x00, 0x00, 0x00, 0x00, 0x00, 0x00, 0x00, 0x00, 0x00,
    0x00, 0x00, 0x00, 0x00, 0x00, 0x00, 0x00, 0x00, 0x00, 0x00, 0x00, 0x00, 0x00, 0x00, 0x00, 0x00, 0x00, 0x00, 0x00,
    0x00, 0x00, 0x00, 0x00, 0x00, 0x00, 0x00, 0x00, 0x00, 0x00, 0x00, 0x00, 0x00, 0x00, 0x00, 0x00, 0x00, 0x00, 0x00,
    0x00, 0x00, 0x00, 0x00, 0x00, 0x00, 0x00, 0x00, 0x00, 0x00, 0x00, 0x00, 0x00, 0x00, 0x00, 0x00, 0x00, 0x00, 0x00,
    0x00, 0x00, 0x00, 0x00, 0x00, 0x00, 0x00, 0x20, 0x00, 0x20, 0x00, 0x20, 0x00, 0x20, 0x00, 0x20, 0x00, 0x40, 0x00,
    0x40, 0x00, 0x41, 0x00, 0x61, 0x00, 0x61, 0x00, 0x81, 0x00, 0x81, 0x00, 0xA1, 0x00, 0xA1, 0x00, 0xC2, 0x00, 0xC2,
    0x00, 0xE2, 0x00, 0xE2, 0x00, 0x02, 0x01, 0x23, 0x01, 0x23, 0x01, 0x43, 0x09, 0x63, 0x09, 0x63, 0x09, 0x84, 0x09,
    0xA4, 0x09, 0xA4, 0x09, 0xC4, 0x09, 0xE5, 0x09, 0xE5, 0x09, 0x05, 0x0A, 0x25, 0x0A, 0xE5, 0x09, 0xE5, 0x09, 0xA7,
    0x12, 0x2B, 0x24, 0xD0, 0x35, 0xB2, 0x3E, 0x54, 0x47, 0x54, 0x47, 0x13, 0x47, 0xF3, 0x3E, 0xF3, 0x3E, 0xF3, 0x3E,
    0xF3, 0x3E, 0xF3, 0x3E, 0xF3, 0x3E, 0xF3, 0x3E, 0xF3, 0x3E, 0xF3, 0x3E, 0xF3, 0x3E, 0xF3, 0x3E, 0xF3, 0x3E, 0xF3,
    0x3E, 0xF3, 0x3E, 0xF3, 0x3E, 0xF3, 0x3E, 0xF3, 0x3E, 0xF3, 0x3E, 0xF3, 0x3E, 0xF3, 0x3E, 0xF3, 0x3E, 0xF3, 0x3E,
    0xF3, 0x3E, 0xF3, 0x3E, 0xF3, 0x3E, 0xF3, 0x3E, 0xF3, 0x3E, 0xF3, 0x3E, 0xF3, 0x3E, 0xF3, 0x3E, 0xF3, 0x3E, 0xF3,
    0x3E, 0xF3, 0x3E, 0xF3, 0x3E, 0xF3, 0x3E, 0xF3, 0x3E, 0xF3, 0x3E, 0xF3, 0x3E, 0xF3, 0x3E, 0xF3, 0x3E, 0xF3, 0x3E,
    0xF3, 0x3E, 0xF3, 0x3E, 0xF3, 0x3E, 0xF3, 0x3E, 0xF3, 0x3E, 0xF3, 0x3E, 0xF3, 0x3E, 0xF3, 0x3E, 0xF3, 0x3E, 0xF3,
    0x3E, 0xF3, 0x3E, 0xF3, 0x3E, 0xF3, 0x3E, 0xF3, 0x3E, 0xF3, 0x3E, 0xF3, 0x3E, 0xF3, 0x3E, 0xF3, 0x3E, 0xF3, 0x3E,
    0xF3, 0x3E, 0xF3, 0x3E, 0xF3, 0x3E, 0xF3, 0x3E, 0xF3, 0x3E, 0xF3, 0x3E, 0xF3, 0x3E, 0xF3, 0x3E, 0xF3, 0x3E, 0xF3,
    0x3E, 0xF3, 0x3E, 0xF3, 0x3E, 0xF3, 0x3E, 0xF3, 0x3E, 0xF3, 0x3E, 0xF3, 0x3E, 0xF3, 0x3E, 0xF3, 0x3E, 0xF3, 0x3E,
    0xF3, 0x3E, 0x13, 0x47, 0x54, 0x47, 0x54, 0x47, 0xB2, 0x3E, 0xD0, 0x35, 0x2B, 0x24, 0xA7, 0x12, 0xE5, 0x09, 0xE5,
    0x09, 0x25, 0x0A, 0x05, 0x0A, 0xE5, 0x09, 0xE5, 0x09, 0xC4, 0x09, 0xA4, 0x09, 0xA4, 0x09, 0x84, 0x09, 0x63, 0x09,
    0x63, 0x09, 0x43, 0x09, 0x23, 0x01, 0x23, 0x01, 0x02, 0x01, 0xE2, 0x00, 0xE2, 0x00, 0xC2, 0x00, 0xC2, 0x00, 0xA1,
    0x00, 0xA1, 0x00, 0x81, 0x00, 0x81, 0x00, 0x61, 0x00, 0x61, 0x00, 0x41, 0x00, 0x40, 0x00, 0x40, 0x00, 0x20, 0x00,
    0x20, 0x00, 0x20, 0x00, 0x20, 0x00, 0x20, 0x00, 0x00, 0x00, 0x00, 0x00, 0x00, 0x00, 0x00, 0x00, 0x00, 0x00, 0x00,
    0x00, 0x00, 0x00, 0x00, 0x00, 0x00, 0x00, 0x00, 0x00, 0x00, 0x00, 0x00, 0x00, 0x00, 0x00, 0x00, 0x00, 0x00, 0x00,
    0x00, 0x00, 0x00, 0x00, 0x00, 0x00, 0x00, 0x00, 0x00, 0x00, 0x00, 0x00, 0x00, 0x00, 0x00, 0x00, 0x00, 0x00, 0x00,
    0x00, 0x00, 0x00, 0x00, 0x00, 0x00, 0x00, 0x00, 0x00, 0x00, 0x00, 0x00, 0x00, 0x00, 0x00, 0x00, 0x00, 0x00, 0x00,
    0x00, 0x00, 0x00, 0x00, 0x00, 0x00, 0x20, 0x00, 0x20, 0x00, 0x20, 0x00, 0x20, 0x00, 0x20, 0x00, 0x40, 0x00, 0x40,
    0x00, 0x41, 0x00, 0x61, 0x00, 0x61, 0x00, 0x81, 0x00, 0x81, 0x00, 0xA1, 0x00, 0xA1, 0x00, 0xC2, 0x00, 0xC2, 0x00,
    0xE2, 0x00, 0x02, 0x01, 0x02, 0x01, 0x23, 0x01, 0x43, 0x09, 0x43, 0x09, 0x63, 0x09, 0x84, 0x09, 0x84, 0x09, 0xA4,
    0x09, 0xC4, 0x09, 0xC4, 0x09, 0xE5, 0x09, 0x05, 0x0A, 0x25, 0x0A, 0xE5, 0x09, 0x05, 0x0A, 0x89, 0x1B, 0x4E, 0x2D,
    0xD2, 0x3E, 0x34, 0x47, 0x34, 0x47, 0x13, 0x3F, 0xF3, 0x3E, 0xF3, 0x3E, 0xF3, 0x3E, 0xF3, 0x3E, 0xF3, 0x3E, 0xF3,
    0x3E, 0xF3, 0x3E, 0xF3, 0x3E, 0xF3, 0x3E, 0xF3, 0x3E, 0xF3, 0x3E, 0xF3, 0x3E, 0xF3, 0x3E, 0xF3, 0x3E, 0xF3, 0x3E,
    0xF3, 0x3E, 0xF3, 0x3E, 0xF3, 0x3E, 0xF3, 0x3E, 0xF3, 0x3E, 0xF3, 0x3E, 0xF3, 0x3E, 0xF3, 0x3E, 0xF3, 0x3E, 0xF3,
    0x3E, 0xF3, 0x3E, 0xF3, 0x3E, 0xF3, 0x3E, 0xF3, 0x3E, 0xF3, 0x3E, 0xF3, 0x3E, 0xF3, 0x3E, 0xF3, 0x3E, 0xF3, 0x3E,
    0xF3, 0x3E, 0xF3, 0x3E, 0xF3, 0x3E, 0xF3, 0x3E, 0xF3, 0x3E, 0xF3, 0x3E, 0xF3, 0x3E, 0xF3, 0x3E, 0xF3, 0x3E, 0xF3,
    0x3E, 0xF3, 0x3E, 0xF3, 0x3E, 0xF3, 0x3E, 0xF3, 0x3E, 0xF3, 0x3E, 0xF3, 0x3E, 0xF3, 0x3E, 0xF3, 0x3E, 0xF3, 0x3E,
    0xF3, 0x3E, 0xF3, 0x3E, 0xF3, 0x3E, 0xF3, 0x3E, 0xF3, 0x3E, 0xF3, 0x3E, 0xF3, 0x3E, 0xF3, 0x3E, 0xF3, 0x3E, 0xF3,
    0x3E, 0xF3, 0x3E, 0xF3, 0x3E, 0xF3, 0x3E, 0xF3, 0x3E, 0xF3, 0x3E, 0xF3, 0x3E, 0xF3, 0x3E, 0xF3, 0x3E, 0xF3, 0x3E,
    0xF3, 0x3E, 0xF3, 0x3E, 0xF3, 0x3E, 0xF3, 0x3E, 0xF3, 0x3E, 0xF3, 0x3E, 0xF3, 0x3E, 0xF3, 0x3E, 0xF3, 0x3E, 0xF3,
    0x3E, 0xF3, 0x3E, 0xF3, 0x3E, 0xF3, 0x3E, 0xF3, 0x3E, 0x13, 0x3F, 0x34, 0x47, 0x34, 0x47, 0xD2, 0x3E, 0x4E, 0x2D,
    0x89, 0x1B, 0x05, 0x0A, 0xE5, 0x09, 0x25, 0x0A, 0x05, 0x0A, 0xE5, 0x09, 0xC4, 0x09, 0xC4, 0x09, 0xA4, 0x09, 0x84,
    0x09, 0x84, 0x09, 0x63, 0x09, 0x43, 0x09, 0x43, 0x09, 0x23, 0x01, 0x02, 0x01, 0x02, 0x01, 0xE2, 0x00, 0xC2, 0x00,
    0xC2, 0x00, 0xA1, 0x00, 0xA1, 0x00, 0x81, 0x00, 0x81, 0x00, 0x61, 0x00, 0x61, 0x00, 0x41, 0x00, 0x40, 0x00, 0x40,
    0x00, 0x20, 0x00, 0x20, 0x00, 0x20, 0x00, 0x20, 0x00, 0x20, 0x00, 0x00, 0x00, 0x00, 0x00, 0x00, 0x00, 0x00, 0x00,
    0x00, 0x00, 0x00, 0x00, 0x00, 0x00, 0x00, 0x00, 0x00, 0x00, 0x00, 0x00, 0x00, 0x00, 0x00, 0x00, 0x00, 0x00, 0x00,
    0x00, 0x00, 0x00, 0x00, 0x00, 0x00, 0x00, 0x00, 0x00, 0x00, 0x00, 0x00, 0x00, 0x00, 0x00, 0x00, 0x00, 0x00, 0x00,
    0x00, 0x00, 0x00, 0x00, 0x00, 0x00, 0x00, 0x00, 0x00, 0x00, 0x00, 0x00, 0x00, 0x00, 0x00, 0x00, 0x00, 0x00, 0x00,
    0x00, 0x00, 0x00, 0x00, 0x00, 0x20, 0x00, 0x20, 0x00, 0x20, 0x00, 0x20, 0x00, 0x20, 0x00, 0x40, 0x00, 0x40, 0x00,
    0x40, 0x00, 0x61, 0x00, 0x61, 0x00, 0x81, 0x00, 0x81, 0x00, 0xA1, 0x00, 0xA1, 0x00, 0xC2, 0x00, 0xE2, 0x00, 0xE2,
    0x00, 0x02, 0x01, 0x02, 0x01, 0x23, 0x01, 0x43, 0x09, 0x43, 0x09, 0x63, 0x09, 0x84, 0x09, 0xA4, 0x09, 0xA4, 0x09,
    0xC4, 0x09, 0xE5, 0x09, 0x05, 0x0A, 0x25, 0x0A, 0xE5, 0x09, 0x05, 0x0A, 0x89, 0x1B, 0xD0, 0x35, 0x33, 0x47, 0x34,
    0x47, 0xF3, 0x3E, 0xD3, 0x3E, 0xD3, 0x3E, 0xF3, 0x3E, 0xF3, 0x3E, 0xF3, 0x3E, 0xF3, 0x3E, 0xF3, 0x3E, 0xF3, 0x3E,
    0xF3, 0x3E, 0xF3, 0x3E, 0xF3, 0x3E, 0xF3, 0x3E, 0xF3, 0x3E, 0xF3, 0x3E, 0xF3, 0x3E, 0xF3, 0x3E, 0xF3, 0x3E, 0xF3,
    0x3E, 0xF3, 0x3E, 0xF3, 0x3E, 0xF3, 0x3E, 0xF3, 0x3E, 0xF3, 0x3E, 0xF3, 0x3E, 0xF3, 0x3E, 0xF3, 0x3E, 0xF3, 0x3E,
    0xF3, 0x3E, 0xF3, 0x3E, 0xF3, 0x3E, 0xF3, 0x3E, 0xF3, 0x3E, 0xF3, 0x3E, 0xF3, 0x3E, 0xF3, 0x3E, 0xF3, 0x3E, 0xF3,
    0x3E, 0xF3, 0x3E, 0xF3, 0x3E, 0xF3, 0x3E, 0xF3, 0x3E, 0xF3, 0x3E, 0xF3, 0x3E, 0xF3, 0x3E, 0xF3, 0x3E, 0xF3, 0x3E,
    0xF3, 0x3E, 0xF3, 0x3E, 0xF3, 0x3E, 0xF3, 0x3E, 0xF3, 0x3E, 0xF3, 0x3E, 0xF3, 0x3E, 0xF3, 0x3E, 0xF3, 0x3E, 0xF3,
    0x3E, 0xF3, 0x3E, 0xF3, 0x3E, 0xF3, 0x3E, 0xF3, 0x3E, 0xF3, 0x3E, 0xF3, 0x3E, 0xF3, 0x3E, 0xF3, 0x3E, 0xF3, 0x3E,
    0xF3, 0x3E, 0xF3, 0x3E, 0xF3, 0x3E, 0xF3, 0x3E, 0xF3, 0x3E, 0xF3, 0x3E, 0xF3, 0x3E, 0xF3, 0x3E, 0xF3, 0x3E, 0xF3,
    0x3E, 0xF3, 0x3E, 0xF3, 0x3E, 0xF3, 0x3E, 0xF3, 0x3E, 0xF3, 0x3E, 0xF3, 0x3E, 0xF3, 0x3E, 0xF3, 0x3E, 0xF3, 0x3E,
    0xF3, 0x3E, 0xF3, 0x3E, 0xF3, 0x3E, 0xF3, 0x3E, 0xF3, 0x3E, 0xF3, 0x3E, 0xD3, 0x3E, 0xD3, 0x3E, 0xF3, 0x3E, 0x34,
    0x47, 0x33, 0x47, 0xD0, 0x35, 0x89, 0x1B, 0x05, 0x0A, 0xE5, 0x09, 0x25, 0x0A, 0x05, 0x0A, 0xE5, 0x09, 0xC4, 0x09,
    0xA4, 0x09, 0xA4, 0x09, 0x84, 0x09, 0x63, 0x09, 0x43, 0x09, 0x43, 0x09, 0x23, 0x01, 0x02, 0x01, 0x02, 0x01, 0xE2,
    0x00, 0xE2, 0x00, 0xC2, 0x00, 0xA1, 0x00, 0xA1, 0x00, 0x81, 0x00, 0x81, 0x00, 0x61, 0x00, 0x61, 0x00, 0x40, 0x00,
    0x40, 0x00, 0x40, 0x00, 0x20, 0x00, 0x20, 0x00, 0x20, 0x00, 0x20, 0x00, 0x20, 0x00, 0x00, 0x00, 0x00, 0x00, 0x00,
    0x00, 0x00, 0x00, 0x00, 0x00, 0x00, 0x00, 0x00, 0x00, 0x00, 0x00, 0x00, 0x00, 0x00, 0x00, 0x00, 0x00, 0x00, 0x00,
    0x00, 0x00, 0x00, 0x00, 0x00, 0x00, 0x00, 0x00, 0x00, 0x00, 0x00, 0x00, 0x00, 0x00, 0x00, 0x00, 0x00, 0x00, 0x00,
    0x00, 0x00, 0x00, 0x00, 0x00, 0x00, 0x00, 0x00, 0x00, 0x00, 0x00, 0x00, 0x00, 0x00, 0x00, 0x00, 0x00, 0x00, 0x00,
    0x00, 0x00, 0x00, 0x00, 0x20, 0x00, 0x20, 0x00, 0x20, 0x00, 0x20, 0x00, 0x20, 0x00, 0x40, 0x00, 0x40, 0x00, 0x40,
    0x00, 0x61, 0x00, 0x61, 0x00, 0x81, 0x00, 0x81, 0x00, 0xA1, 0x00, 0xA1, 0x00, 0xC2, 0x00, 0xE2, 0x00, 0xE2, 0x00,
    0x02, 0x01, 0x22, 0x01, 0x23, 0x09, 0x43, 0x09, 0x63, 0x09, 0x83, 0x09, 0x84, 0x09, 0xA4, 0x09, 0xC4, 0x09, 0xE5,
    0x09, 0xE5, 0x09, 0x25, 0x0A, 0x05, 0x0A, 0x05, 0x0A, 0x89, 0x1B, 0xCF, 0x35, 0x33, 0x47, 0x33, 0x47, 0xD3, 0x3E,
    0xD3, 0x3E, 0xF3, 0x3E, 0xF3, 0x3E, 0xF3, 0x3E, 0xF3, 0x3E, 0xF3, 0x3E, 0xF3, 0x3E, 0xF3, 0x3E, 0xF3, 0x3E, 0xF3,
    0x3E, 0xF3, 0x3E, 0xF3, 0x3E, 0xF3, 0x3E, 0xF3, 0x3E, 0xF3, 0x3E, 0xF3, 0x3E, 0xF3, 0x3E, 0xF3, 0x3E, 0xF3, 0x3E,
    0xF3, 0x3E, 0xF3, 0x3E, 0xF3, 0x3E, 0xF3, 0x3E, 0xF3, 0x3E, 0xF3, 0x3E, 0xF3, 0x3E, 0xF3, 0x3E, 0xF3, 0x3E, 0xF3,
    0x3E, 0xF3, 0x3E, 0xF3, 0x3E, 0xF3, 0x3E, 0xF3, 0x3E, 0xF3, 0x3E, 0xF3, 0x3E, 0xF3, 0x3E, 0xF3, 0x3E, 0xF3, 0x3E,
    0xF3, 0x3E, 0xF3, 0x3E, 0xF3, 0x3E, 0xF3, 0x3E, 0xF3, 0x3E, 0xF3, 0x3E, 0xF3, 0x3E, 0xF3, 0x3E, 0xF3, 0x3E, 0xF3,
    0x3E, 0xF3, 0x3E, 0xF3, 0x3E, 0xF3, 0x3E, 0xF3, 0x3E, 0xF3, 0x3E, 0xF3, 0x3E, 0xF3, 0x3E, 0xF3, 0x3E, 0xF3, 0x3E,
    0xF3, 0x3E, 0xF3, 0x3E, 0xF3, 0x3E, 0xF3, 0x3E, 0xF3, 0x3E, 0xF3, 0x3E, 0xF3, 0x3E, 0xF3, 0x3E, 0xF3, 0x3E, 0xF3,
    0x3E, 0xF3, 0x3E, 0xF3, 0x3E, 0xF3, 0x3E, 0xF3, 0x3E, 0xF3, 0x3E, 0xF3, 0x3E, 0xF3, 0x3E, 0xF3, 0x3E, 0xF3, 0x3E,
    0xF3, 0x3E, 0xF3, 0x3E, 0xF3, 0x3E, 0xF3, 0x3E, 0xF3, 0x3E, 0xF3, 0x3E, 0xF3, 0x3E, 0xF3, 0x3E, 0xF3, 0x3E, 0xF3,
    0x3E, 0xF3, 0x3E, 0xF3, 0x3E, 0xF3, 0x3E, 0xF3, 0x3E, 0xF3, 0x3E, 0xF3, 0x3E, 0xF3, 0x3E, 0xF3, 0x3E, 0xF3, 0x3E,
    0xD3, 0x3E, 0xD3, 0x3E, 0x33, 0x47, 0x33, 0x47, 0xCF, 0x35, 0x89, 0x1B, 0x05, 0x0A, 0x05, 0x0A, 0x25, 0x0A, 0xE5,
    0x09, 0xE5, 0x09, 0xC4, 0x09, 0xA4, 0x09, 0x84, 0x09, 0x83, 0x09, 0x63, 0x09, 0x43, 0x09, 0x23, 0x09, 0x22, 0x01,
    0x02, 0x01, 0xE2, 0x00, 0xE2, 0x00, 0xC2, 0x00, 0xA1, 0x00, 0xA1, 0x00, 0x81, 0x00, 0x81, 0x00, 0x61, 0x00, 0x61,
    0x00, 0x40, 0x00, 0x40, 0x00, 0x40, 0x00, 0x20, 0x00, 0x20, 0x00, 0x20, 0x00, 0x20, 0x00, 0x20, 0x00, 0x00, 0x00,
    0x00, 0x00, 0x00, 0x00, 0x00, 0x00, 0x00, 0x00, 0x00, 0x00, 0x00, 0x00, 0x00, 0x00, 0x00, 0x00, 0x00, 0x00, 0x00,
    0x00, 0x00, 0x00, 0x00, 0x00, 0x00, 0x00, 0x00, 0x00, 0x00, 0x00, 0x00, 0x00, 0x00, 0x00, 0x00, 0x00, 0x00, 0x00,
    0x00, 0x00, 0x00, 0x00, 0x00, 0x00, 0x00, 0x00, 0x00, 0x00, 0x00, 0x00, 0x00, 0x00, 0x00, 0x00, 0x00, 0x00, 0x00,
    0x00, 0x00, 0x00, 0x00, 0x00, 0x20, 0x00, 0x20, 0x00, 0x20, 0x00, 0x20, 0x00, 0x40, 0x00, 0x40, 0x00, 0x40, 0x00,
    0x61, 0x00, 0x61, 0x00, 0x81, 0x00, 0x81, 0x00, 0xA1, 0x00, 0xA1, 0x00, 0xC2, 0x00, 0xE2, 0x00, 0xE2, 0x00, 0x02,
    0x01, 0x22, 0x01, 0x23, 0x09, 0x43, 0x09, 0x63, 0x09, 0x84, 0x09, 0x84, 0x09, 0xA4, 0x09, 0xC4, 0x09, 0xE5, 0x09,
    0x05, 0x0A, 0x25, 0x0A, 0xE5, 0x09, 0xC7, 0x12, 0x6E, 0x2D, 0x33, 0x47, 0x33, 0x47, 0xD3, 0x3E, 0xD3, 0x3E, 0xF3,
    0x3E, 0xF3, 0x3E, 0xF3, 0x3E, 0xF3, 0x3E, 0xF3, 0x3E, 0xF3, 0x3E, 0xF3, 0x3E, 0xF3, 0x3E, 0xF3, 0x3E, 0xF3, 0x3E,
    0xF3, 0x3E, 0xF3, 0x3E, 0xF3, 0x3E, 0xF3, 0x3E, 0xF3, 0x3E, 0xF3, 0x3E, 0xF3, 0x3E, 0xF3, 0x3E, 0xF3, 0x3E, 0xF3,
    0x3E, 0xF3, 0x3E, 0xF3, 0x3E, 0xF3, 0x3E, 0xF3, 0x3E, 0xF3, 0x3E, 0xF3, 0x3E, 0xF3, 0x3E, 0xF3, 0x3E, 0xF3, 0x3E,
    0xF3, 0x3E, 0xF3, 0x3E, 0xF3, 0x3E, 0xF3, 0x3E, 0xF3, 0x3E, 0xF3, 0x3E, 0xF3, 0x3E, 0xF3, 0x3E, 0xF3, 0x3E, 0xF3,
    0x3E, 0xF3, 0x3E, 0xF3, 0x3E, 0xF3, 0x3E, 0xF3, 0x3E, 0xF3, 0x3E, 0xF3, 0x3E, 0xF3, 0x3E, 0xF3, 0x3E, 0xF3, 0x3E,
    0xF3, 0x3E, 0xF3, 0x3E, 0xF3, 0x3E, 0xF3, 0x3E, 0xF3, 0x3E, 0xF3, 0x3E, 0xF3, 0x3E, 0xF3, 0x3E, 0xF3, 0x3E, 0xF3,
    0x3E, 0xF3, 0x3E, 0xF3, 0x3E, 0xF3, 0x3E, 0xF3, 0x3E, 0xF3, 0x3E, 0xF3, 0x3E, 0xF3, 0x3E, 0xF3, 0x3E, 0xF3, 0x3E,
    0xF3, 0x3E, 0xF3, 0x3E, 0xF3, 0x3E, 0xF3, 0x3E, 0xF3, 0x3E, 0xF3, 0x3E, 0xF3, 0x3E, 0xF3, 0x3E, 0xF3, 0x3E, 0xF3,
    0x3E, 0xF3, 0x3E, 0xF3, 0x3E, 0xF3, 0x3E, 0xF3, 0x3E, 0xF3, 0x3E, 0xF3, 0x3E, 0xF3, 0x3E, 0xF3, 0x3E, 0xF3, 0x3E,
    0xF3, 0x3E, 0xF3, 0x3E, 0xF3, 0x3E, 0xF3, 0x3E, 0xF3, 0x3E, 0xF3, 0x3E, 0xF3, 0x3E, 0xF3, 0x3E, 0xF3, 0x3E, 0xF3,
    0x3E, 0xF3, 0x3E, 0xF3, 0x3E, 0xD3, 0x3E, 0xD3, 0x3E, 0x33, 0x47, 0x33, 0x47, 0x6E, 0x2D, 0xC7, 0x12, 0xE5, 0x09,
    0x25, 0x0A, 0x05, 0x0A, 0xE5, 0x09, 0xC4, 0x09, 0xA4, 0x09, 0x84, 0x09, 0x84, 0x09, 0x63, 0x09, 0x43, 0x09, 0x23,
    0x09, 0x22, 0x01, 0x02, 0x01, 0xE2, 0x00, 0xE2, 0x00, 0xC2, 0x00, 0xA1, 0x00, 0xA1, 0x00, 0x81, 0x00, 0x81, 0x00,
    0x61, 0x00, 0x61, 0x00, 0x40, 0x00, 0x40, 0x00, 0x40, 0x00, 0x20, 0x00, 0x20, 0x00, 0x20, 0x00, 0x20, 0x00, 0x00,
    0x00, 0x00, 0x00, 0x00, 0x00, 0x00, 0x00, 0x00, 0x00, 0x00, 0x00, 0x00, 0x00, 0x00, 0x00, 0x00, 0x00, 0x00, 0x00,
    0x00, 0x00, 0x00, 0x00, 0x00, 0x00, 0x00, 0x00, 0x00, 0x00, 0x00, 0x00, 0x00, 0x00, 0x00, 0x00, 0x00, 0x00, 0x00,
    0x00, 0x00, 0x00, 0x00, 0x00, 0x00, 0x00, 0x00, 0x00, 0x00, 0x00, 0x00, 0x00, 0x00, 0x00, 0x00, 0x00, 0x00, 0x00,
    0x00, 0x00, 0x00, 0x00, 0x20, 0x00, 0x20, 0x00, 0x20, 0x00, 0x20, 0x00, 0x40, 0x00, 0x40, 0x00, 0x40, 0x00, 0x61,
    0x00, 0x61, 0x00, 0x81, 0x00, 0x81, 0x00, 0xA1, 0x00, 0xA1, 0x00, 0xC2, 0x00, 0xE2, 0x00, 0xE2, 0x00, 0x02, 0x01,
    0x23, 0x01, 0x23, 0x09, 0x43, 0x09, 0x63, 0x09, 0x84, 0x09, 0xA4, 0x09, 0xA4, 0x09, 0xC4, 0x09, 0xE5, 0x09, 0x25,
    0x0A, 0x05, 0x0A, 0x05, 0x0A, 0x2B, 0x24, 0xD2, 0x3E, 0x34, 0x47, 0xD3, 0x3E, 0xD3, 0x3E, 0xF3, 0x3E, 0xF3, 0x3E,
    0xF3, 0x3E, 0xF3, 0x3E, 0xF3, 0x3E, 0xF3, 0x3E, 0xF3, 0x3E, 0xF3, 0x3E, 0xF3, 0x3E, 0xF3, 0x3E, 0xF3, 0x3E, 0xF3,
    0x3E, 0xF3, 0x3E, 0xF3, 0x3E, 0xF3, 0x3E, 0xF3, 0x3E, 0xF3, 0x3E, 0xF3, 0x3E, 0xF3, 0x3E, 0xF3, 0x3E, 0xF3, 0x3E,
    0xF3, 0x3E, 0xF3, 0x3E, 0xF3, 0x3E, 0xF3, 0x3E, 0xF3, 0x3E, 0xF3, 0x3E, 0xF3, 0x3E, 0xF3, 0x3E, 0xF3, 0x3E, 0xF3,
    0x3E, 0xF3, 0x3E, 0xF3, 0x3E, 0xF3, 0x3E, 0xF3, 0x3E, 0xF3, 0x3E, 0xF3, 0x3E, 0xF3, 0x3E, 0xF3, 0x3E, 0xF3, 0x3E,
    0xF3, 0x3E, 0xF3, 0x3E, 0xF3, 0x3E, 0xF3, 0x3E, 0xF3, 0x3E, 0xF3, 0x3E, 0xF3, 0x3E, 0xF3, 0x3E, 0xF3, 0x3E, 0xF3,
    0x3E, 0xF3, 0x3E, 0xF3, 0x3E, 0xF3, 0x3E, 0xF3, 0x3E, 0xF3, 0x3E, 0xF3, 0x3E, 0xF3, 0x3E, 0xF3, 0x3E, 0xF3, 0x3E,
    0xF3, 0x3E, 0xF3, 0x3E, 0xF3, 0x3E, 0xF3, 0x3E, 0xF3, 0x3E, 0xF3, 0x3E, 0xF3, 0x3E, 0xF3, 0x3E, 0xF3, 0x3E, 0xF3,
    0x3E, 0xF3, 0x3E, 0xF3, 0x3E, 0xF3, 0x3E, 0xF3, 0x3E, 0xF3, 0x3E, 0xF3, 0x3E, 0xF3, 0x3E, 0xF3, 0x3E, 0xF3, 0x3E,
    0xF3, 0x3E, 0xF3, 0x3E, 0xF3, 0x3E, 0xF3, 0x3E, 0xF3, 0x3E, 0xF3, 0x3E, 0xF3, 0x3E, 0xF3, 0x3E, 0xF3, 0x3E, 0xF3,
    0x3E, 0xF3, 0x3E, 0xF3, 0x3E, 0xF3, 0x3E, 0xF3, 0x3E, 0xF3, 0x3E, 0xF3, 0x3E, 0xF3, 0x3E, 0xF3, 0x3E, 0xF3, 0x3E,
    0xF3, 0x3E, 0xF3, 0x3E, 0xF3, 0x3E, 0xF3, 0x3E, 0xF3, 0x3E, 0xD3, 0x3E, 0xD3, 0x3E, 0x34, 0x47, 0xD2, 0x3E, 0x2B,
    0x24, 0x05, 0x0A, 0x05, 0x0A, 0x25, 0x0A, 0xE5, 0x09, 0xC4, 0x09, 0xA4, 0x09, 0xA4, 0x09, 0x84, 0x09, 0x63, 0x09,
    0x43, 0x09, 0x23, 0x09, 0x23, 0x01, 0x02, 0x01, 0xE2, 0x00, 0xE2, 0x00, 0xC2, 0x00, 0xA1, 0x00, 0xA1, 0x00, 0x81,
    0x00, 0x81, 0x00, 0x61, 0x00, 0x61, 0x00, 0x40, 0x00, 0x40, 0x00, 0x40, 0x00, 0x20, 0x00, 0x20, 0x00, 0x20, 0x00,
    0x20, 0x00, 0x00, 0x00, 0x00, 0x00, 0x00, 0x00, 0x00, 0x00, 0x00, 0x00, 0x00, 0x00, 0x00, 0x00, 0x00, 0x00, 0x00,
    0x00, 0x00, 0x00, 0x00, 0x00, 0x00, 0x00, 0x00, 0x00, 0x00, 0x00, 0x00, 0x00, 0x00, 0x00, 0x00, 0x00, 0x00, 0x00,
    0x00, 0x00, 0x00, 0x00, 0x00, 0x00, 0x00, 0x00, 0x00, 0x00, 0x00, 0x00, 0x00, 0x00, 0x00, 0x00, 0x00, 0x00, 0x00,
    0x00, 0x00, 0x00, 0x20, 0x00, 0x20, 0x00, 0x20, 0x00, 0x20, 0x00, 0x20, 0x00, 0x40, 0x00, 0x40, 0x00, 0x41, 0x00,
    0x61, 0x00, 0x81, 0x00, 0x81, 0x00, 0xA1, 0x00, 0xA1, 0x00, 0xC2, 0x00, 0xE2, 0x00, 0xE2, 0x00, 0x02, 0x01, 0x23,
    0x01, 0x23, 0x09, 0x43, 0x09, 0x63, 0x09, 0x84, 0x09, 0xA4, 0x09, 0xC4, 0x09, 0xC4, 0x09, 0xE5, 0x09, 0x25, 0x0A,
    0xE5, 0x09, 0xA7, 0x12, 0xAF, 0x35, 0x34, 0x47, 0xF3, 0x3E, 0xD2, 0x3E, 0xD3, 0x3E, 0xD3, 0x3E, 0xD3, 0x3E, 0xD3,
    0x3E, 0xD3, 0x3E, 0xD3, 0x3E, 0xD3, 0x3E, 0xD3, 0x3E, 0xD3, 0x3E, 0xD3, 0x3E, 0xD3, 0x3E, 0xD3, 0x3E, 0xD3, 0x3E,
    0xD3, 0x3E, 0xD3, 0x3E, 0xD3, 0x3E, 0xD3, 0x3E, 0xD3, 0x3E, 0xD3, 0x3E, 0xD3, 0x3E, 0xD3, 0x3E, 0xD3, 0x3E, 0xD3,
    0x3E, 0xD3, 0x3E, 0xD3, 0x3E, 0xD3, 0x3E, 0xD3, 0x3E, 0xD3, 0x3E, 0xD3, 0x3E, 0xD3, 0x3E, 0xD3, 0x3E, 0xD3, 0x3E,
    0xD3, 0x3E, 0xD3, 0x3E, 0xD3, 0x3E, 0xD3, 0x3E, 0xD3, 0x3E, 0xD3, 0x3E, 0xD3, 0x3E, 0xD3, 0x3E, 0xD3, 0x3E, 0xD3,
    0x3E, 0xD3, 0x3E, 0xD3, 0x3E, 0xD3, 0x3E, 0xD3, 0x3E, 0xD3, 0x3E, 0xD3, 0x3E, 0xD3, 0x3E, 0xD3, 0x3E, 0xD3, 0x3E,
    0xD3, 0x3E, 0xD3, 0x3E, 0xD3, 0x3E, 0xD3, 0x3E, 0xD3, 0x3E, 0xD3, 0x3E, 0xD3, 0x3E, 0xD3, 0x3E, 0xD3, 0x3E, 0xD3,
    0x3E, 0xD3, 0x3E, 0xD3, 0x3E, 0xD3, 0x3E, 0xD3, 0x3E, 0xD3, 0x3E, 0xD3, 0x3E, 0xD3, 0x3E, 0xD3, 0x3E, 0xD3, 0x3E,
    0xD3, 0x3E, 0xD3, 0x3E, 0xD3, 0x3E, 0xD3, 0x3E, 0xD3, 0x3E, 0xD3, 0x3E, 0xD3, 0x3E, 0xD3, 0x3E, 0xD3, 0x3E, 0xD3,
    0x3E, 0xD3, 0x3E, 0xD3, 0x3E, 0xD3, 0x3E, 0xD3, 0x3E, 0xD3, 0x3E, 0xD3, 0x3E, 0xD3, 0x3E, 0xD3, 0x3E, 0xD3, 0x3E,
    0xD3, 0x3E, 0xD3, 0x3E, 0xD3, 0x3E, 0xD3, 0x3E, 0xD3, 0x3E, 0xD3, 0x3E, 0xD3, 0x3E, 0xD3, 0x3E, 0xD3, 0x3E, 0xD3,
    0x3E, 0xD3, 0x3E, 0xD3, 0x3E, 0xD3, 0x3E, 0xD3, 0x3E, 0xD3, 0x3E, 0xD3, 0x3E, 0xD3, 0x3E, 0xD2, 0x3E, 0xF3, 0x3E,
    0x34, 0x47, 0xAF, 0x35, 0xA7, 0x12, 0xE5, 0x09, 0x25, 0x0A, 0xE5, 0x09, 0xC4, 0x09, 0xC4, 0x09, 0xA4, 0x09, 0x84,
    0x09, 0x63, 0x09, 0x43, 0x09, 0x23, 0x09, 0x23, 0x01, 0x02, 0x01, 0xE2, 0x00, 0xE2, 0x00, 0xC2, 0x00, 0xA1, 0x00,
    0xA1, 0x00, 0x81, 0x00, 0x81, 0x00, 0x61, 0x00, 0x41, 0x00, 0x40, 0x00, 0x40, 0x00, 0x20, 0x00, 0x20, 0x00, 0x20,
    0x00, 0x20, 0x00, 0x20, 0x00, 0x00, 0x00, 0x00, 0x00, 0x00, 0x00, 0x00, 0x00, 0x00, 0x00, 0x00, 0x00, 0x00, 0x00,
    0x00, 0x00, 0x00, 0x00, 0x00, 0x00, 0x00, 0x00, 0x00, 0x00, 0x00, 0x00, 0x00, 0x00, 0x00, 0x00, 0x00, 0x00, 0x00,
    0x00, 0x00, 0x00, 0x00, 0x00, 0x00, 0x00, 0x00, 0x00, 0x00, 0x00, 0x00, 0x00, 0x00, 0x00, 0x00, 0x00, 0x00, 0x00,
    0x00, 0x00, 0x00, 0x00, 0x20, 0x00, 0x20, 0x00, 0x20, 0x00, 0x20, 0x00, 0x40, 0x00, 0x40, 0x00, 0x40, 0x00, 0x61,
    0x00, 0x61, 0x00, 0x81, 0x00, 0x81, 0x00, 0xA1, 0x00, 0xC2, 0x00, 0xC2, 0x00, 0xE2, 0x00, 0x02, 0x01, 0x23, 0x01,
    0x23, 0x09, 0x43, 0x09, 0x63, 0x09, 0x84, 0x09, 0xA4, 0x09, 0xC4, 0x09, 0xE5, 0x09, 0x05, 0x0A, 0x25, 0x0A, 0xE5,
    0x09, 0x89, 0x1B, 0x92, 0x3E, 0x13, 0x47, 0xD2, 0x3E, 0xD2, 0x3E, 0xD3, 0x3E, 0xD3, 0x3E, 0xD3, 0x3E, 0xD3, 0x3E,
    0xD3, 0x3E, 0xD3, 0x3E, 0xD3, 0x3E, 0xD3, 0x3E, 0xD3, 0x3E, 0xD3, 0x3E, 0xD3, 0x3E, 0xD3, 0x3E, 0xD3, 0x3E, 0xD3,
    0x3E, 0xD3, 0x3E, 0xD3, 0x3E, 0xD3, 0x3E, 0xD3, 0x3E, 0xD3, 0x3E, 0xD3, 0x3E, 0xD3, 0x3E, 0xD3, 0x3E, 0xD3, 0x3E,
    0xD3, 0x3E, 0xD3, 0x3E, 0xD3, 0x3E, 0xD3, 0x3E, 0xD3, 0x3E, 0xD3, 0x3E, 0xD3, 0x3E, 0xD3, 0x3E, 0xD3, 0x3E, 0xD3,
    0x3E, 0xD3, 0x3E, 0xD3, 0x3E, 0xD3, 0x3E, 0xD3, 0x3E, 0xD3, 0x3E, 0xD3, 0x3E, 0xD3, 0x3E, 0xD3, 0x3E, 0xD3, 0x3E,
    0xD3, 0x3E, 0xD3, 0x3E, 0xD3, 0x3E, 0xD3, 0x3E, 0xD3, 0x3E, 0xD3, 0x3E, 0xD3, 0x3E, 0xD3, 0x3E, 0xD3, 0x3E, 0xD3,
    0x3E, 0xD3, 0x3E, 0xD3, 0x3E, 0xD3, 0x3E, 0xD3, 0x3E, 0xD3, 0x3E, 0xD3, 0x3E, 0xD3, 0x3E, 0xD3, 0x3E, 0xD3, 0x3E,
    0xD3, 0x3E, 0xD3, 0x3E, 0xD3, 0x3E, 0xD3, 0x3E, 0xD3, 0x3E, 0xD3, 0x3E, 0xD3, 0x3E, 0xD3, 0x3E, 0xD3, 0x3E, 0xD3,
    0x3E, 0xD3, 0x3E, 0xD3, 0x3E, 0xD3, 0x3E, 0xD3, 0x3E, 0xD3, 0x3E, 0xD3, 0x3E, 0xD3, 0x3E, 0xD3, 0x3E, 0xD3, 0x3E,
    0xD3, 0x3E, 0xD3, 0x3E, 0xD3, 0x3E, 0xD3, 0x3E, 0xD3, 0x3E, 0xD3, 0x3E, 0xD3, 0x3E, 0xD3, 0x3E, 0xD3, 0x3E, 0xD3,
    0x3E, 0xD3, 0x3E, 0xD3, 0x3E, 0xD3, 0x3E, 0xD3, 0x3E, 0xD3, 0x3E, 0xD3, 0x3E, 0xD3, 0x3E, 0xD3, 0x3E, 0xD3, 0x3E,
    0xD3, 0x3E, 0xD3, 0x3E, 0xD3, 0x3E, 0xD3, 0x3E, 0xD3, 0x3E, 0xD3, 0x3E, 0xD3, 0x3E, 0xD3, 0x3E, 0xD3, 0x3E, 0xD2,
    0x3E, 0xD2, 0x3E, 0x13, 0x47, 0x92, 0x3E, 0x89, 0x1B, 0xE5, 0x09, 0x25, 0x0A, 0x05, 0x0A, 0xE5, 0x09, 0xC4, 0x09,
    0xA4, 0x09, 0x84, 0x09, 0x63, 0x09, 0x43, 0x09, 0x23, 0x09, 0x23, 0x01, 0x02, 0x01, 0xE2, 0x00, 0xC2, 0x00, 0xC2,
    0x00, 0xA1, 0x00, 0x81, 0x00, 0x81, 0x00, 0x61, 0x00, 0x61, 0x00, 0x40, 0x00, 0x40, 0x00, 0x40, 0x00, 0x20, 0x00,
    0x20, 0x00, 0x20, 0x00, 0x20, 0x00, 0x00, 0x00, 0x00, 0x00, 0x00, 0x00, 0x00, 0x00, 0x00, 0x00, 0x00, 0x00, 0x00,
    0x00, 0x00, 0x00, 0x00, 0x00, 0x00, 0x00, 0x00, 0x00, 0x00, 0x00, 0x00, 0x00, 0x00, 0x00, 0x00, 0x00, 0x00, 0x00,
    0x00, 0x00, 0x00, 0x00, 0x00, 0x00, 0x00, 0x00, 0x00, 0x00, 0x00, 0x00, 0x00, 0x00, 0x00, 0x00, 0x00, 0x00, 0x00,
    0x00, 0x00, 0x00, 0x20, 0x00, 0x20, 0x00, 0x20, 0x00, 0x20, 0x00, 0x40, 0x00, 0x40, 0x00, 0x40, 0x00, 0x61, 0x00,
    0x61, 0x00, 0x81, 0x00, 0x81, 0x00, 0xA1, 0x00, 0xA2, 0x00, 0xC2, 0x00, 0xE2, 0x00, 0x02, 0x01, 0x22, 0x01, 0x23,
    0x09, 0x43, 0x09, 0x63, 0x09, 0x84, 0x09, 0xA4, 0x09, 0xC4, 0x09, 0xE5, 0x09, 0x05, 0x0A, 0x25, 0x0A, 0x05, 0x0A,
    0x4B, 0x24, 0x13, 0x3F, 0xF3, 0x3E, 0xD2, 0x3E, 0xD3, 0x3E, 0xD3, 0x3E, 0xD3, 0x3E, 0xD3, 0x3E, 0xD3, 0x3E, 0xD3,
    0x3E, 0xD3, 0x3E, 0xD3, 0x3E, 0xD3, 0x3E, 0xD3, 0x3E, 0xD3, 0x3E, 0xD3, 0x3E, 0xD3, 0x3E, 0xD3, 0x3E, 0xD3, 0x3E,
    0xD3, 0x3E, 0xD3, 0x3E, 0xD3, 0x3E, 0xD3, 0x3E, 0xD3, 0x3E, 0xD3, 0x3E, 0xD3, 0x3E, 0xD3, 0x3E, 0xD3, 0x3E, 0xD3,
    0x3E, 0xD3, 0x3E, 0xD3, 0x3E, 0xD3, 0x3E, 0xD3, 0x3E, 0xD3, 0x3E, 0xD3, 0x3E, 0xD3, 0x3E, 0xD3, 0x3E, 0xD3, 0x3E,
    0xD3, 0x3E, 0xD3, 0x3E, 0xD3, 0x3E, 0xD3, 0x3E, 0xD3, 0x3E, 0xD3, 0x3E, 0xD3, 0x3E, 0xD3, 0x3E, 0xD3, 0x3E, 0xD3,
    0x3E, 0xD3, 0x3E, 0xD3, 0x3E, 0xD3, 0x3E, 0xD3, 0x3E, 0xD3, 0x3E, 0xD3, 0x3E, 0xD3, 0x3E, 0xD3, 0x3E, 0xD3, 0x3E,
    0xD3, 0x3E, 0xD3, 0x3E, 0xD3, 0x3E, 0xD3, 0x3E, 0xD3, 0x3E, 0xD3, 0x3E, 0xD3, 0x3E, 0xD3, 0x3E, 0xD3, 0x3E, 0xD3,
    0x3E, 0xD3, 0x3E, 0xD3, 0x3E, 0xD3, 0x3E, 0xD3, 0x3E, 0xD3, 0x3E, 0xD3, 0x3E, 0xD3, 0x3E, 0xD3, 0x3E, 0xD3, 0x3E,
    0xD3, 0x3E, 0xD3, 0x3E, 0xD3, 0x3E, 0xD3, 0x3E, 0xD3, 0x3E, 0xD3, 0x3E, 0xD3, 0x3E, 0xD3, 0x3E, 0xD3, 0x3E, 0xD3,
    0x3E, 0xD3, 0x3E, 0xD3, 0x3E, 0xD3, 0x3E, 0xD3, 0x3E, 0xD3, 0x3E, 0xD3, 0x3E, 0xD3, 0x3E, 0xD3, 0x3E, 0xD3, 0x3E,
    0xD3, 0x3E, 0xD3, 0x3E, 0xD3, 0x3E, 0xD3, 0x3E, 0xD3, 0x3E, 0xD3, 0x3E, 0xD3, 0x3E, 0xD3, 0x3E, 0xD3, 0x3E, 0xD3,
    0x3E, 0xD3, 0x3E, 0xD3, 0x3E, 0xD3, 0x3E, 0xD3, 0x3E, 0xD3, 0x3E, 0xD3, 0x3E, 0xD3, 0x3E, 0xD3, 0x3E, 0xD3, 0x3E,
    0xD3, 0x3E, 0xD3, 0x3E, 0xD2, 0x3E, 0xF3, 0x3E, 0x13, 0x3F, 0x4B, 0x24, 0x05, 0x0A, 0x25, 0x0A, 0x05, 0x0A, 0xE5,
    0x09, 0xC4, 0x09, 0xA4, 0x09, 0x84, 0x09, 0x63, 0x09, 0x43, 0x09, 0x23, 0x09, 0x22, 0x01, 0x02, 0x01, 0xE2, 0x00,
    0xC2, 0x00, 0xA2, 0x00, 0xA1, 0x00, 0x81, 0x00, 0x81, 0x00, 0x61, 0x00, 0x61, 0x00, 0x40, 0x00, 0x40, 0x00, 0x40,
    0x00, 0x20, 0x00, 0x20, 0x00, 0x20, 0x00, 0x20, 0x00, 0x00, 0x00, 0x00, 0x00, 0x00, 0x00, 0x00, 0x00, 0x00, 0x00,
    0x00, 0x00, 0x00, 0x00, 0x00, 0x00, 0x00, 0x00, 0x00, 0x00, 0x00, 0x00, 0x00, 0x00, 0x00, 0x00, 0x00, 0x00, 0x00,
    0x00, 0x00, 0x00, 0x00, 0x00, 0x00, 0x00, 0x00, 0x00, 0x00, 0x00, 0x00, 0x00, 0x00, 0x00, 0x00, 0x00, 0x00, 0x00,
    0x00, 0x00, 0x00, 0x00, 0x20, 0x00, 0x20, 0x00, 0x20, 0x00, 0x20, 0x00, 0x40, 0x00, 0x40, 0x00, 0x61, 0x00, 0x61,
    0x00, 0x81, 0x00, 0x81, 0x00, 0xA1, 0x00, 0xA2, 0x00, 0xC2, 0x00, 0xE2, 0x00, 0x02, 0x01, 0x02, 0x01, 0x23, 0x09,
    0x43, 0x09, 0x63, 0x09, 0x84, 0x09, 0xA4, 0x09, 0xC4, 0x09, 0xE5, 0x09, 0x05, 0x0A, 0x25, 0x0A, 0x05, 0x0A, 0x0E,
    0x2D, 0x34, 0x47, 0xD2, 0x3E, 0xD2, 0x3E, 0xD2, 0x3E, 0xD2, 0x3E, 0xD2, 0x3E, 0xD2, 0x3E, 0xD2, 0x3E, 0xD2, 0x3E,
    0xD2, 0x3E, 0xD2, 0x3E, 0xD2, 0x3E, 0xD2, 0x3E, 0xD2, 0x3E, 0xD2, 0x3E, 0xD2, 0x3E, 0xD2, 0x3E, 0xD2, 0x3E, 0xD2,
    0x3E, 0xD2, 0x3E, 0xD2, 0x3E, 0xD2, 0x3E, 0xD2, 0x3E, 0xD2, 0x3E, 0xD2, 0x3E, 0xD2, 0x3E, 0xD2, 0x3E, 0xD2, 0x3E,
    0xD2, 0x3E, 0xD2, 0x3E, 0xD2, 0x3E, 0xD2, 0x3E, 0xD2, 0x3E, 0xD2, 0x3E, 0xD2, 0x3E, 0xD2, 0x3E, 0xD2, 0x3E, 0xD2,
    0x3E, 0xD2, 0x3E, 0xD2, 0x3E, 0xD2, 0x3E, 0xD2, 0x3E, 0xD2, 0x3E, 0xD2, 0x3E, 0xD2, 0x3E, 0xD2, 0x3E, 0xD2, 0x3E,
    0xD2, 0x3E, 0xD2, 0x3E, 0xD2, 0x3E, 0xD2, 0x3E, 0xD2, 0x3E, 0xD2, 0x3E, 0xD2, 0x3E, 0xD2, 0x3E, 0xD2, 0x3E, 0xD2,
    0x3E, 0xD2, 0x3E, 0xD2, 0x3E, 0xD2, 0x3E, 0xD2, 0x3E, 0xD2, 0x3E, 0xD2, 0x3E, 0xD2, 0x3E, 0xD2, 0x3E, 0xD2, 0x3E,
    0xD2, 0x3E, 0xD2, 0x3E, 0xD2, 0x3E, 0xD2, 0x3E, 0xD2, 0x3E, 0xD2, 0x3E, 0xD2, 0x3E, 0xD2, 0x3E, 0xD2, 0x3E, 0xD2,
    0x3E, 0xD2, 0x3E, 0xD2, 0x3E, 0xD2, 0x3E, 0xD2, 0x3E, 0xD2, 0x3E, 0xD2, 0x3E, 0xD2, 0x3E, 0xD2, 0x3E, 0xD2, 0x3E,
    0xD2, 0x3E, 0xD2, 0x3E, 0xD2, 0x3E, 0xD2, 0x3E, 0xD2, 0x3E, 0xD2, 0x3E, 0xD2, 0x3E, 0xD2, 0x3E, 0xD2, 0x3E, 0xD2,
    0x3E, 0xD2, 0x3E, 0xD2, 0x3E, 0xD2, 0x3E, 0xD2, 0x3E, 0xD2, 0x3E, 0xD2, 0x3E, 0xD2, 0x3E, 0xD2, 0x3E, 0xD2, 0x3E,
    0xD2, 0x3E, 0xD2, 0x3E, 0xD2, 0x3E, 0xD2, 0x3E, 0xD2, 0x3E, 0xD2, 0x3E, 0xD2, 0x3E, 0xD2, 0x3E, 0xD2, 0x3E, 0xD2,
    0x3E, 0xD2, 0x3E, 0xD2, 0x3E, 0xD2, 0x3E, 0xD2, 0x3E, 0xD2, 0x3E, 0x34, 0x47, 0x0E, 0x2D, 0x05, 0x0A, 0x25, 0x0A,
    0x05, 0x0A, 0xE5, 0x09, 0xC4, 0x09, 0xA4, 0x09, 0x84, 0x09, 0x63, 0x09, 0x43, 0x09, 0x23, 0x09, 0x02, 0x01, 0x02,
    0x01, 0xE2, 0x00, 0xC2, 0x00, 0xA2, 0x00, 0xA1, 0x00, 0x81, 0x00, 0x81, 0x00, 0x61, 0x00, 0x61, 0x00, 0x40, 0x00,
    0x40, 0x00, 0x20, 0x00, 0x20, 0x00, 0x20, 0x00, 0x20, 0x00, 0x00, 0x00, 0x00, 0x00, 0x00, 0x00, 0x00, 0x00, 0x00,
    0x00, 0x00, 0x00, 0x00, 0x00, 0x00, 0x00, 0x00, 0x00, 0x00, 0x00, 0x00, 0x00, 0x00, 0x00, 0x00, 0x00, 0x00, 0x00,
    0x00, 0x00, 0x00, 0x00, 0x00, 0x00, 0x00, 0x00, 0x00, 0x00, 0x00, 0x00, 0x00, 0x00, 0x00, 0x00, 0x00, 0x00, 0x00,
    0x00, 0x00, 0x00, 0x20, 0x00, 0x20, 0x00, 0x20, 0x00, 0x20, 0x00, 0x40, 0x00, 0x40, 0x00, 0x60, 0x00, 0x61, 0x00,
    0x81, 0x00, 0x81, 0x00, 0xA1, 0x00, 0xA1, 0x00, 0xC2, 0x00, 0xE2, 0x00, 0xE2, 0x00, 0x02, 0x01, 0x23, 0x01, 0x43,
    0x09, 0x63, 0x09, 0x84, 0x09, 0xA4, 0x09, 0xC4, 0x09, 0xE5, 0x09, 0x05, 0x0A, 0x25, 0x0A, 0x05, 0x0A, 0x0E, 0x2D,
    0x33, 0x47, 0xB2, 0x3E, 0xD2, 0x3E, 0xD2, 0x3E, 0xD2, 0x3E, 0xD2, 0x3E, 0xD2, 0x3E, 0xD2, 0x3E, 0xD2, 0x3E, 0xD2,
    0x3E, 0xD2, 0x3E, 0xD2, 0x3E, 0xD2, 0x3E, 0xD2, 0x3E, 0xD2, 0x3E, 0xD2, 0x3E, 0xD2, 0x3E, 0xD2, 0x3E, 0xD2, 0x3E,
    0xD2, 0x3E, 0xD2, 0x3E, 0xD2, 0x3E, 0xD2, 0x3E, 0xD2, 0x3E, 0xD2, 0x3E, 0xD2, 0x3E, 0xD2, 0x3E, 0xD2, 0x3E, 0xD2,
    0x3E, 0xD2, 0x3E, 0xD2, 0x3E, 0xD2, 0x3E, 0xD2, 0x3E, 0xD2, 0x3E, 0xD2, 0x3E, 0xD2, 0x3E, 0xD2, 0x3E, 0xD2, 0x3E,
    0xD2, 0x3E, 0xD2, 0x3E, 0xD2, 0x3E, 0xD2, 0x3E, 0xD2, 0x3E, 0xD2, 0x3E, 0xD2, 0x3E, 0xD2, 0x3E, 0xD2, 0x3E, 0xD2,
    0x3E, 0xD2, 0x3E, 0xD2, 0x3E, 0xD2, 0x3E, 0xD2, 0x3E, 0xD2, 0x3E, 0xD2, 0x3E, 0xD2, 0x3E, 0xD2, 0x3E, 0xD2, 0x3E,
    0xD2, 0x3E, 0xD2, 0x3E, 0xD2, 0x3E, 0xD2, 0x3E, 0xD2, 0x3E, 0xD2, 0x3E, 0xD2, 0x3E, 0xD2, 0x3E, 0xD2, 0x3E, 0xD2,
    0x3E, 0xD2, 0x3E, 0xD2, 0x3E, 0xD2, 0x3E, 0xD2, 0x3E, 0xD2, 0x3E, 0xD2, 0x3E, 0xD2, 0x3E, 0xD2, 0x3E, 0xD2, 0x3E,
    0xD2, 0x3E, 0xD2, 0x3E, 0xD2, 0x3E, 0xD2, 0x3E, 0xD2, 0x3E, 0xD2, 0x3E, 0xD2, 0x3E, 0xD2, 0x3E, 0xD2, 0x3E, 0xD2,
    0x3E, 0xD2, 0x3E, 0xD2, 0x3E, 0xD2, 0x3E, 0xD2, 0x3E, 0xD2, 0x3E, 0xD2, 0x3E, 0xD2, 0x3E, 0xD2, 0x3E, 0xD2, 0x3E,
    0xD2, 0x3E, 0xD2, 0x3E, 0xD2, 0x3E, 0xD2, 0x3E, 0xD2, 0x3E, 0xD2, 0x3E, 0xD2, 0x3E, 0xD2, 0x3E, 0xD2, 0x3E, 0xD2,
    0x3E, 0xD2, 0x3E, 0xD2, 0x3E, 0xD2, 0x3E, 0xD2, 0x3E, 0xD2, 0x3E, 0xD2, 0x3E, 0xD2, 0x3E, 0xD2, 0x3E, 0xD2, 0x3E,
    0xD2, 0x3E, 0xD2, 0x3E, 0xD2, 0x3E, 0xD2, 0x3E, 0xD2, 0x3E, 0xD2, 0x3E, 0xB2, 0x3E, 0x33, 0x47, 0x0E, 0x2D, 0x05,
    0x0A, 0x25, 0x0A, 0x05, 0x0A, 0xE5, 0x09, 0xC4, 0x09, 0xA4, 0x09, 0x84, 0x09, 0x63, 0x09, 0x43, 0x09, 0x23, 0x01,
    0x02, 0x01, 0xE2, 0x00, 0xE2, 0x00, 0xC2, 0x00, 0xA1, 0x00, 0xA1, 0x00, 0x81, 0x00, 0x81, 0x00, 0x61, 0x00, 0x60,
    0x00, 0x40, 0x00, 0x40, 0x00, 0x20, 0x00, 0x20, 0x00, 0x20, 0x00, 0x20, 0x00, 0x00, 0x00, 0x00, 0x00, 0x00, 0x00,
    0x00, 0x00, 0x00, 0x00, 0x00, 0x00, 0x00, 0x00, 0x00, 0x00, 0x00, 0x00, 0x00, 0x00, 0x00, 0x00, 0x00, 0x00, 0x00,
    0x00, 0x00, 0x00, 0x00, 0x00, 0x00, 0x00, 0x00, 0x00, 0x00, 0x00, 0x00, 0x00, 0x00, 0x00, 0x00, 0x00, 0x00, 0x00,
    0x00, 0x00, 0x00, 0x00, 0x20, 0x00, 0x20, 0x00, 0x20, 0x00, 0x40, 0x00, 0x40, 0x00, 0x40, 0x00, 0x61, 0x00, 0x61,
    0x00, 0x81, 0x00, 0x81, 0x00, 0xA1, 0x00, 0xC2, 0x00, 0xC2, 0x00, 0xE2, 0x00, 0x02, 0x01, 0x23, 0x01, 0x43, 0x09,
    0x63, 0x09, 0x84, 0x09, 0xA4, 0x09, 0xC4, 0x09, 0xE5, 0x09, 0x05, 0x0A, 0x25, 0x0A, 0x05, 0x0A, 0x0E, 0x2D, 0x33,
    0x3F, 0xB2, 0x3E, 0xD2, 0x3E, 0xD2, 0x3E, 0xD2, 0x3E, 0xD2, 0x3E, 0xD2, 0x3E, 0xD2, 0x3E, 0xD2, 0x3E, 0xD2, 0x3E,
    0xD2, 0x3E, 0xD2, 0x3E, 0xD2, 0x3E, 0xD2, 0x3E, 0xD2, 0x3E, 0xD2, 0x3E, 0xD2, 0x3E, 0xD2, 0x3E, 0xD2, 0x3E, 0xD2,
    0x3E, 0xD2, 0x3E, 0xD2, 0x3E, 0xD2, 0x3E, 0xD2, 0x3E, 0xD2, 0x3E, 0xD2, 0x3E, 0xD2, 0x3E, 0xD2, 0x3E, 0xD2, 0x3E,
    0xD2, 0x3E, 0xD2, 0x3E, 0xD2, 0x3E, 0xD2, 0x3E, 0xD2, 0x3E, 0xD2, 0x3E, 0xD2, 0x3E, 0xD2, 0x3E, 0xD2, 0x3E, 0xD2,
    0x3E, 0xD2, 0x3E, 0xD2, 0x3E, 0xD2, 0x3E, 0xD2, 0x3E, 0xD2, 0x3E, 0xD2, 0x3E, 0xD2, 0x3E, 0xD2, 0x3E, 0xD2, 0x3E,
    0xD2, 0x3E, 0xD2, 0x3E, 0xD2, 0x3E, 0xD2, 0x3E, 0xD2, 0x3E, 0xD2, 0x3E, 0xD2, 0x3E, 0xD2, 0x3E, 0xD2, 0x3E, 0xD2,
    0x3E, 0xD2, 0x3E, 0xD2, 0x3E, 0xD2, 0x3E, 0xD2, 0x3E, 0xD2, 0x3E, 0xD2, 0x3E, 0xD2, 0x3E, 0xD2, 0x3E, 0xD2, 0x3E,
    0xD2, 0x3E, 0xD2, 0x3E, 0xD2, 0x3E, 0xD2, 0x3E, 0xD2, 0x3E, 0xD2, 0x3E, 0xD2, 0x3E, 0xD2, 0x3E, 0xD2, 0x3E, 0xD2,
    0x3E, 0xD2, 0x3E, 0xD2, 0x3E, 0xD2, 0x3E, 0xD2, 0x3E, 0xD2, 0x3E, 0xD2, 0x3E, 0xD2, 0x3E, 0xD2, 0x3E, 0xD2, 0x3E,
    0xD2, 0x3E, 0xD2, 0x3E, 0xD2, 0x3E, 0xD2, 0x3E, 0xD2, 0x3E, 0xD2, 0x3E, 0xD2, 0x3E, 0xD2, 0x3E, 0xD2, 0x3E, 0xD2,
    0x3E, 0xD2, 0x3E, 0xD2, 0x3E, 0xD2, 0x3E, 0xD2, 0x3E, 0xD2, 0x3E, 0xD2, 0x3E, 0xD2, 0x3E, 0xD2, 0x3E, 0xD2, 0x3E,
    0xD2, 0x3E, 0xD2, 0x3E, 0xD2, 0x3E, 0xD2, 0x3E, 0xD2, 0x3E, 0xD2, 0x3E, 0xD2, 0x3E, 0xD2, 0x3E, 0xD2, 0x3E, 0xD2,
    0x3E, 0xD2, 0x3E, 0xD2, 0x3E, 0xD2, 0x3E, 0xD2, 0x3E, 0xD2, 0x3E, 0xD2, 0x3E, 0xD2, 0x3E, 0xB2, 0x3E, 0x33, 0x3F,
    0x0E, 0x2D, 0x05, 0x0A, 0x25, 0x0A, 0x05, 0x0A, 0xE5, 0x09, 0xC4, 0x09, 0xA4, 0x09, 0x84, 0x09, 0x63, 0x09, 0x43,
    0x09, 0x23, 0x01, 0x02, 0x01, 0xE2, 0x00, 0xC2, 0x00, 0xC2, 0x00, 0xA1, 0x00, 0x81, 0x00, 0x81, 0x00, 0x61, 0x00,
    0x61, 0x00, 0x40, 0x00, 0x40, 0x00, 0x40, 0x00, 0x20, 0x00, 0x20, 0x00, 0x20, 0x00, 0x00, 0x00, 0x00, 0x00, 0x00,
    0x00, 0x00, 0x00, 0x00, 0x00, 0x00, 0x00, 0x00, 0x00, 0x00, 0x00, 0x00, 0x00, 0x00, 0x00, 0x00, 0x00, 0x00, 0x00,
    0x00, 0x00, 0x00, 0x00, 0x00, 0x00, 0x00, 0x00, 0x00, 0x00, 0x00, 0x00, 0x00, 0x00, 0x00, 0x00, 0x00, 0x00, 0x00,
    0x00, 0x00, 0x00, 0x20, 0x00, 0x20, 0x00, 0x20, 0x00, 0x20, 0x00, 0x40, 0x00, 0x40, 0x00, 0x61, 0x00, 0x61, 0x00,
    0x81, 0x00, 0x81, 0x00, 0xA1, 0x00, 0xA2, 0x00, 0xC2, 0x00, 0xE2, 0x00, 0x02, 0x01, 0x23, 0x01, 0x43, 0x09, 0x43,
    0x09, 0x84, 0x09, 0x84, 0x09, 0xC4, 0x09, 0xC4, 0x09, 0x05, 0x0A, 0x25, 0x0A, 0x05, 0x0A, 0x0E, 0x2D, 0x13, 0x3F,
    0xB2, 0x3E, 0xD2, 0x3E, 0xD2, 0x3E, 0xD2, 0x3E, 0xD2, 0x3E, 0xD2, 0x3E, 0xD2, 0x3E, 0xD2, 0x3E, 0xD2, 0x3E, 0xD2,
    0x3E, 0xD2, 0x3E, 0xD2, 0x3E, 0xD2, 0x3E, 0xD2, 0x3E, 0xD2, 0x3E, 0xD2, 0x3E, 0xD2, 0x3E, 0xD2, 0x3E, 0xD2, 0x3E,
    0xD2, 0x3E, 0xD2, 0x3E, 0xD2, 0x3E, 0xD2, 0x3E, 0xD2, 0x3E, 0xD2, 0x3E, 0xD2, 0x3E, 0xD2, 0x3E, 0xD2, 0x3E, 0xD2,
    0x3E, 0xD2, 0x3E, 0xD2, 0x3E, 0xD2, 0x3E, 0xD2, 0x3E, 0xD2, 0x3E, 0xD2, 0x3E, 0xD2, 0x3E, 0xD2, 0x3E, 0xD2, 0x3E,
    0xD2, 0x3E, 0xD2, 0x3E, 0xD2, 0x3E, 0xD2, 0x3E, 0xD2, 0x3E, 0xD2, 0x3E, 0xD2, 0x3E, 0xD2, 0x3E, 0xD2, 0x3E, 0xD2,
    0x3E, 0xD2, 0x3E, 0xD2, 0x3E, 0xD2, 0x3E, 0xD2, 0x3E, 0xD2, 0x3E, 0xD2, 0x3E, 0xD2, 0x3E, 0xD2, 0x3E, 0xD2, 0x3E,
    0xD2, 0x3E, 0xD2, 0x3E, 0xD2, 0x3E, 0xD2, 0x3E, 0xD2, 0x3E, 0xD2, 0x3E, 0xD2, 0x3E, 0xD2, 0x3E, 0xD2, 0x3E, 0xD2,
    0x3E, 0xD2, 0x3E, 0xD2, 0x3E, 0xD2, 0x3E, 0xD2, 0x3E, 0xD2, 0x3E, 0xD2, 0x3E, 0xD2, 0x3E, 0xD2, 0x3E, 0xD2, 0x3E,
    0xD2, 0x3E, 0xD2, 0x3E, 0xD2, 0x3E, 0xD2, 0x3E, 0xD2, 0x3E, 0xD2, 0x3E, 0xD2, 0x3E, 0xD2, 0x3E, 0xD2, 0x3E, 0xD2,
    0x3E, 0xD2, 0x3E, 0xD2, 0x3E, 0xD2, 0x3E, 0xD2, 0x3E, 0xD2, 0x3E, 0xD2, 0x3E, 0xD2, 0x3E, 0xD2, 0x3E, 0xD2, 0x3E,
    0xD2, 0x3E, 0xD2, 0x3E, 0xD2, 0x3E, 0xD2, 0x3E, 0xD2, 0x3E, 0xD2, 0x3E, 0xD2, 0x3E, 0xD2, 0x3E, 0xD2, 0x3E, 0xD2,
    0x3E, 0xD2, 0x3E, 0xD2, 0x3E, 0xD2, 0x3E, 0xD2, 0x3E, 0xD2, 0x3E, 0xD2, 0x3E, 0xD2, 0x3E, 0xD2, 0x3E, 0xD2, 0x3E,
    0xD2, 0x3E, 0xD2, 0x3E, 0xD2, 0x3E, 0xD2, 0x3E, 0xD2, 0x3E, 0xD2, 0x3E, 0xD2, 0x3E, 0xD2, 0x3E, 0xD2, 0x3E, 0xB2,
    0x3E, 0x13, 0x3F, 0x0E, 0x2D, 0x05, 0x0A, 0x25, 0x0A, 0x05, 0x0A, 0xC4, 0x09, 0xC4, 0x09, 0x84, 0x09, 0x84, 0x09,
    0x43, 0x09, 0x43, 0x09, 0x23, 0x01, 0x02, 0x01, 0xE2, 0x00, 0xC2, 0x00, 0xA2, 0x00, 0xA1, 0x00, 0x81, 0x00, 0x81,
    0x00, 0x61, 0x00, 0x61, 0x00, 0x40, 0x00, 0x40, 0x00, 0x20, 0x00, 0x20, 0x00, 0x20, 0x00, 0x20, 0x00, 0x00, 0x00,
    0x00, 0x00, 0x00, 0x00, 0x00, 0x00, 0x00, 0x00, 0x00, 0x00, 0x00, 0x00, 0x00, 0x00, 0x00, 0x00, 0x00, 0x00, 0x00,
    0x00, 0x00, 0x00, 0x00, 0x00, 0x00, 0x00, 0x00, 0x00, 0x00, 0x00, 0x00, 0x00, 0x00, 0x00, 0x00, 0x00, 0x00, 0x00,
    0x00, 0x00, 0x00, 0x00, 0x20, 0x00, 0x20, 0x00, 0x20, 0x00, 0x40, 0x00, 0x40, 0x00, 0x40, 0x00, 0x61, 0x00, 0x81,
    0x00, 0x81, 0x00, 0xA1, 0x00, 0xA2, 0x00, 0xC2, 0x00, 0xE2, 0x00, 0x02, 0x01, 0x02, 0x01, 0x23, 0x09, 0x43, 0x09,
    0x63, 0x09, 0x84, 0x09, 0xA4, 0x09, 0xC4, 0x09, 0x05, 0x0A, 0x25, 0x0A, 0x05, 0x0A, 0x0D, 0x2D, 0x13, 0x3F, 0xB2,
    0x3E, 0xD2, 0x3E, 0xD2, 0x3E, 0xD2, 0x3E, 0xD2, 0x3E, 0xD2, 0x3E, 0xD2, 0x3E, 0xD2, 0x3E, 0xD2, 0x3E, 0xD2, 0x3E,
    0xD2, 0x3E, 0xD2, 0x3E, 0xD2, 0x3E, 0xD2, 0x3E, 0xD2, 0x3E, 0xD2, 0x3E, 0xD2, 0x3E, 0xD2, 0x3E, 0xD2, 0x3E, 0xD2,
    0x3E, 0xD2, 0x3E, 0xD2, 0x3E, 0xD2, 0x3E, 0xD2, 0x3E, 0xD2, 0x3E, 0xD2, 0x3E, 0xD2, 0x3E, 0xD2, 0x3E, 0xD2, 0x3E,
    0xD2, 0x3E, 0xD2, 0x3E, 0xD2, 0x3E, 0xD2, 0x3E, 0xD2, 0x3E, 0xD2, 0x3E, 0xD2, 0x3E, 0xD2, 0x3E, 0xD2, 0x3E, 0xD2,
    0x3E, 0xD2, 0x3E, 0xD2, 0x3E, 0xD2, 0x3E, 0xD2, 0x3E, 0xD2, 0x3E, 0xD2, 0x3E, 0xD2, 0x3E, 0xD2, 0x3E, 0xD2, 0x3E,
    0xD2, 0x3E, 0xD2, 0x3E, 0xD2, 0x3E, 0xD2, 0x3E, 0xD2, 0x3E, 0xD2, 0x3E, 0xD2, 0x3E, 0xD2, 0x3E, 0xD2, 0x3E, 0xD2,
    0x3E, 0xD2, 0x3E, 0xD2, 0x3E, 0xD2, 0x3E, 0xD2, 0x3E, 0xD2, 0x3E, 0xD2, 0x3E, 0xD2, 0x3E, 0xD2, 0x3E, 0xD2, 0x3E,
    0xD2, 0x3E, 0xD2, 0x3E, 0xD2, 0x3E, 0xD2, 0x3E, 0xD2, 0x3E, 0xD2, 0x3E, 0xD2, 0x3E, 0xD2, 0x3E, 0xD2, 0x3E, 0xD2,
    0x3E, 0xD2, 0x3E, 0xD2, 0x3E, 0xD2, 0x3E, 0xD2, 0x3E, 0xD2, 0x3E, 0xD2, 0x3E, 0xD2, 0x3E, 0xD2, 0x3E, 0xD2, 0x3E,
    0xD2, 0x3E, 0xD2, 0x3E, 0xD2, 0x3E, 0xD2, 0x3E, 0xD2, 0x3E, 0xD2, 0x3E, 0xD2, 0x3E, 0xD2, 0x3E, 0xD2, 0x3E, 0xD2,
    0x3E, 0xD2, 0x3E, 0xD2, 0x3E, 0xD2, 0x3E, 0xD2, 0x3E, 0xD2, 0x3E, 0xD2, 0x3E, 0xD2, 0x3E, 0xD2, 0x3E, 0xD2, 0x3E,
    0xD2, 0x3E, 0xD2, 0x3E, 0xD2, 0x3E, 0xD2, 0x3E, 0xD2, 0x3E, 0xD2, 0x3E, 0xD2, 0x3E, 0xD2, 0x3E, 0xD2, 0x3E, 0xD2,
    0x3E, 0xD2, 0x3E, 0xD2, 0x3E, 0xD2, 0x3E, 0xD2, 0x3E, 0xD2, 0x3E, 0xD2, 0x3E, 0xD2, 0x3E, 0xD2, 0x3E, 0xD2, 0x3E,
    0xD2, 0x3E, 0xB2, 0x3E, 0x13, 0x3F, 0x0D, 0x2D, 0x05, 0x0A, 0x25, 0x0A, 0x05, 0x0A, 0xC4, 0x09, 0xA4, 0x09, 0x84,
    0x09, 0x63, 0x09, 0x43, 0x09, 0x23, 0x09, 0x02, 0x01, 0x02, 0x01, 0xE2, 0x00, 0xC2, 0x00, 0xA2, 0x00, 0xA1, 0x00,
    0x81, 0x00, 0x81, 0x00, 0x61, 0x00, 0x40, 0x00, 0x40, 0x00, 0x40, 0x00, 0x20, 0x00, 0x20, 0x00, 0x20, 0x00, 0x00,
    0x00, 0x00, 0x00, 0x00, 0x00, 0x00, 0x00, 0x00, 0x00, 0x00, 0x00, 0x00, 0x00, 0x00, 0x00, 0x00, 0x00, 0x00, 0x00,
    0x00, 0x00, 0x00, 0x00, 0x00, 0x00, 0x00, 0x00, 0x00, 0x00, 0x00, 0x00, 0x00, 0x00, 0x00, 0x00, 0x00, 0x00, 0x00,
    0x00, 0x00, 0x00, 0x20, 0x00, 0x20, 0x00, 0x20, 0x00, 0x20, 0x00, 0x40, 0x00, 0x40, 0x00, 0x61, 0x00, 0x61, 0x00,
    0x81, 0x00, 0x81, 0x00, 0xA1, 0x00, 0xC2, 0x00, 0xC2, 0x00, 0xE2, 0x00, 0x02, 0x01, 0x23, 0x09, 0x43, 0x09, 0x63,
    0x09, 0x84, 0x09, 0xA4, 0x09, 0xC4, 0x09, 0xE5, 0x09, 0x25, 0x0A, 0xE5, 0x09, 0x4B, 0x24, 0x33, 0x3F, 0xB2, 0x3E,
    0xB2, 0x3E, 0xB2, 0x3E, 0xB2, 0x3E, 0xB2, 0x3E, 0xB2, 0x3E, 0xB2, 0x3E, 0xB2, 0x3E, 0xB2, 0x3E, 0xB2, 0x3E, 0xB2,
    0x3E, 0xB2, 0x3E, 0xB2, 0x3E, 0xB2, 0x3E, 0xB2, 0x3E, 0xB2, 0x3E, 0xB2, 0x3E, 0xB2, 0x3E, 0xB2, 0x3E, 0xB2, 0x3E,
    0xB2, 0x3E, 0xB2, 0x3E, 0xB2, 0x3E, 0xB2, 0x3E, 0xB2, 0x3E, 0xB2, 0x3E, 0xB2, 0x3E, 0xB2, 0x3E, 0xB2, 0x3E, 0xB2,
    0x3E, 0xB2, 0x3E, 0xB2, 0x3E, 0xB2, 0x3E, 0xB2, 0x3E, 0xB2, 0x3E, 0xB2, 0x3E, 0xB2, 0x3E, 0xB2, 0x3E, 0xB2, 0x3E,
    0xB2, 0x3E, 0xB2, 0x3E, 0xB2, 0x3E, 0xB2, 0x3E, 0xB2, 0x3E, 0xB2, 0x3E, 0xB2, 0x3E, 0xB2, 0x3E, 0xB2, 0x3E, 0xB2,
    0x3E, 0xB2, 0x3E, 0xB2, 0x3E, 0xB2, 0x3E, 0xB2, 0x3E, 0xB2, 0x3E, 0xB2, 0x3E, 0xB2, 0x3E, 0xB2, 0x3E, 0xB2, 0x3E,
    0xB2, 0x3E, 0xB2, 0x3E, 0xB2, 0x3E, 0xB2, 0x3E, 0xB2, 0x3E, 0xB2, 0x3E, 0xB2, 0x3E, 0xB2, 0x3E, 0xB2, 0x3E, 0xB2,
    0x3E, 0xB2, 0x3E, 0xB2, 0x3E, 0xB2, 0x3E, 0xB2, 0x3E, 0xB2, 0x3E, 0xB2, 0x3E, 0xB2, 0x3E, 0xB2, 0x3E, 0xB2, 0x3E,
    0xB2, 0x3E, 0xB2, 0x3E, 0xB2, 0x3E, 0xB2, 0x3E, 0xB2, 0x3E, 0xB2, 0x3E, 0xB2, 0x3E, 0xB2, 0x3E, 0xB2, 0x3E, 0xB2,
    0x3E, 0xB2, 0x3E, 0xB2, 0x3E, 0xB2, 0x3E, 0xB2, 0x3E, 0xB2, 0x3E, 0xB2, 0x3E, 0xB2, 0x3E, 0xB2, 0x3E, 0xB2, 0x3E,
    0xB2, 0x3E, 0xB2, 0x3E, 0xB2, 0x3E, 0xB2, 0x3E, 0xB2, 0x3E, 0xB2, 0x3E, 0xB2, 0x3E, 0xB2, 0x3E, 0xB2, 0x3E, 0xB2,
    0x3E, 0xB2, 0x3E, 0xB2, 0x3E, 0xB2, 0x3E, 0xB2, 0x3E, 0xB2, 0x3E, 0xB2, 0x3E, 0xB2, 0x3E, 0xB2, 0x3E, 0xB2, 0x3E,
    0xB2, 0x3E, 0xB2, 0x3E, 0xB2, 0x3E, 0xB2, 0x3E, 0xB2, 0x3E, 0xB2, 0x3E, 0xB2, 0x3E, 0xB2, 0x3E, 0xB2, 0x3E, 0xB2,
    0x3E, 0xB2, 0x3E, 0xB2, 0x3E, 0xB2, 0x3E, 0x33, 0x3F, 0x4B, 0x24, 0xE5, 0x09, 0x25, 0x0A, 0xE5, 0x09, 0xC4, 0x09,
    0xA4, 0x09, 0x84, 0x09, 0x63, 0x09, 0x43, 0x09, 0x23, 0x09, 0x02, 0x01, 0xE2, 0x00, 0xC2, 0x00, 0xC2, 0x00, 0xA1,
    0x00, 0x81, 0x00, 0x81, 0x00, 0x61, 0x00, 0x61, 0x00, 0x40, 0x00, 0x40, 0x00, 0x20, 0x00, 0x20, 0x00, 0x20, 0x00,
    0x20, 0x00, 0x00, 0x00, 0x00, 0x00, 0x00, 0x00, 0x00, 0x00, 0x00, 0x00, 0x00, 0x00, 0x00, 0x00, 0x00, 0x00, 0x00,
    0x00, 0x00, 0x00, 0x00, 0x00, 0x00, 0x00, 0x00, 0x00, 0x00, 0x00, 0x00, 0x00, 0x00, 0x00, 0x00, 0x00, 0x00, 0x00,
    0x00, 0x00, 0x20, 0x00, 0x20, 0x00, 0x20, 0x00, 0x20, 0x00, 0x40, 0x00, 0x40, 0x00, 0x40, 0x00, 0x61, 0x00, 0x81,
    0x00, 0x81, 0x00, 0xA1, 0x00, 0xA2, 0x00, 0xC2, 0x00, 0xE2, 0x00, 0x02, 0x01, 0x23, 0x01, 0x43, 0x09, 0x63, 0x09,
    0x84, 0x09, 0xA4, 0x09, 0xC4, 0x09, 0xE5, 0x09, 0x25, 0x0A, 0xE5, 0x09, 0x69, 0x1B, 0xF3, 0x3E, 0xB2, 0x3E, 0xB2,
    0x3E, 0xB2, 0x3E, 0xB2, 0x3E, 0xB2, 0x3E, 0xB2, 0x3E, 0xB2, 0x3E, 0xB2, 0x3E, 0xB2, 0x3E, 0xB2, 0x3E, 0xB2, 0x3E,
    0xB2, 0x3E, 0xB2, 0x3E, 0xB2, 0x3E, 0xB2, 0x3E, 0xB2, 0x3E, 0xB2, 0x3E, 0xB2, 0x3E, 0xB2, 0x3E, 0xB2, 0x3E, 0xB2,
    0x3E, 0xB2, 0x3E, 0xB2, 0x3E, 0xB2, 0x3E, 0xB2, 0x3E, 0xB2, 0x3E, 0xB2, 0x3E, 0xB2, 0x3E, 0xB2, 0x3E, 0xB2, 0x3E,
    0xB2, 0x3E, 0xB2, 0x3E, 0xB2, 0x3E, 0xB2, 0x3E, 0xB2, 0x3E, 0xB2, 0x3E, 0xB2, 0x3E, 0xB2, 0x3E, 0xB2, 0x3E, 0xB2,
    0x3E, 0xB2, 0x3E, 0xB2, 0x3E, 0xB2, 0x3E, 0xB2, 0x3E, 0xB2, 0x3E, 0xB2, 0x3E, 0xB2, 0x3E, 0xB2, 0x3E, 0xB2, 0x3E,
    0xB2, 0x3E, 0xB2, 0x3E, 0xB2, 0x3E, 0xB2, 0x3E, 0xB2, 0x3E, 0xB2, 0x3E, 0xB2, 0x3E, 0xB2, 0x3E, 0xB2, 0x3E, 0xB2,
    0x3E, 0xB2, 0x3E, 0xB2, 0x3E, 0xB2, 0x3E, 0xB2, 0x3E, 0xB2, 0x3E, 0xB2, 0x3E, 0xB2, 0x3E, 0xB2, 0x3E, 0xB2, 0x3E,
    0xB2, 0x3E, 0xB2, 0x3E, 0xB2, 0x3E, 0xB2, 0x3E, 0xB2, 0x3E, 0xB2, 0x3E, 0xB2, 0x3E, 0xB2, 0x3E, 0xB2, 0x3E, 0xB2,
    0x3E, 0xB2, 0x3E, 0xB2, 0x3E, 0xB2, 0x3E, 0xB2, 0x3E, 0xB2, 0x3E, 0xB2, 0x3E, 0xB2, 0x3E, 0xB2, 0x3E, 0xB2, 0x3E,
    0xB2, 0x3E, 0xB2, 0x3E, 0xB2, 0x3E, 0xB2, 0x3E, 0xB2, 0x3E, 0xB2, 0x3E, 0xB2, 0x3E, 0xB2, 0x3E, 0xB2, 0x3E, 0xB2,
    0x3E, 0xB2, 0x3E, 0xB2, 0x3E, 0xB2, 0x3E, 0xB2, 0x3E, 0xB2, 0x3E, 0xB2, 0x3E, 0xB2, 0x3E, 0xB2, 0x3E, 0xB2, 0x3E,
    0xB2, 0x3E, 0xB2, 0x3E, 0xB2, 0x3E, 0xB2, 0x3E, 0xB2, 0x3E, 0xB2, 0x3E, 0xB2, 0x3E, 0xB2, 0x3E, 0xB2, 0x3E, 0xB2,
    0x3E, 0xB2, 0x3E, 0xB2, 0x3E, 0xB2, 0x3E, 0xB2, 0x3E, 0xB2, 0x3E, 0xB2, 0x3E, 0xB2, 0x3E, 0xB2, 0x3E, 0xB2, 0x3E,
    0xB2, 0x3E, 0xB2, 0x3E, 0xB2, 0x3E, 0xB2, 0x3E, 0xB2, 0x3E, 0xF3, 0x3E, 0x69, 0x1B, 0xE5, 0x09, 0x25, 0x0A, 0xE5,
    0x09, 0xC4, 0x09, 0xA4, 0x09, 0x84, 0x09, 0x63, 0x09, 0x43, 0x09, 0x23, 0x01, 0x02, 0x01, 0xE2, 0x00, 0xC2, 0x00,
    0xA2, 0x00, 0xA1, 0x00, 0x81, 0x00, 0x81, 0x00, 0x61, 0x00, 0x40, 0x00, 0x40, 0x00, 0x40, 0x00, 0x20, 0x00, 0x20,
    0x00, 0x20, 0x00, 0x20, 0x00, 0x00, 0x00, 0x00, 0x00, 0x00, 0x00, 0x00, 0x00, 0x00, 0x00, 0x00, 0x00, 0x00, 0x00,
    0x00, 0x00, 0x00, 0x00, 0x00, 0x00, 0x00, 0x00, 0x00, 0x00, 0x00, 0x00, 0x00, 0x00, 0x00, 0x00, 0x00, 0x00, 0x00,
    0x00, 0x00, 0x00, 0x20, 0x00, 0x20, 0x00, 0x20, 0x00, 0x20, 0x00, 0x40, 0x00, 0x40, 0x00, 0x61, 0x00, 0x61, 0x00,
    0x81, 0x00, 0x81, 0x00, 0xA1, 0x00, 0xC2, 0x00, 0xE2, 0x00, 0xE2, 0x00, 0x02, 0x01, 0x23, 0x09, 0x43, 0x09, 0x63,
    0x09, 0x84, 0x09, 0xA4, 0x09, 0xE5, 0x09, 0x05, 0x0A, 0x05, 0x0A, 0xA7, 0x12, 0x71, 0x36, 0xD2, 0x3E, 0xB2, 0x3E,
    0xB2, 0x3E, 0xB2, 0x3E, 0xB2, 0x3E, 0xB2, 0x3E, 0xB2, 0x3E, 0xB2, 0x3E, 0xB2, 0x3E, 0xB2, 0x3E, 0xB2, 0x3E, 0xB2,
    0x3E, 0xB2, 0x3E, 0xB2, 0x3E, 0xB2, 0x3E, 0xB2, 0x3E, 0xB2, 0x3E, 0xB2, 0x3E, 0xB2, 0x3E, 0xB2, 0x3E, 0xB2, 0x3E,
    0xB2, 0x3E, 0xB2, 0x3E, 0xB2, 0x3E, 0xB2, 0x3E, 0xB2, 0x3E, 0xB2, 0x3E, 0xB2, 0x3E, 0xB2, 0x3E, 0xB2, 0x3E, 0xB2,
    0x3E, 0xB2, 0x3E, 0xB2, 0x3E, 0xB2, 0x3E, 0xB2, 0x3E, 0xB2, 0x3E, 0xB2, 0x3E, 0xB2, 0x3E, 0xB2, 0x3E, 0xB2, 0x3E,
    0xB2, 0x3E, 0xB2, 0x3E, 0xB2, 0x3E, 0xB2, 0x3E, 0xB2, 0x3E, 0xB2, 0x3E, 0xB2, 0x3E, 0xB2, 0x3E, 0xB2, 0x3E, 0xB2,
    0x3E, 0xB2, 0x3E, 0xB2, 0x3E, 0xB2, 0x3E, 0xB2, 0x3E, 0xB2, 0x3E, 0xB2, 0x3E, 0xB2, 0x3E, 0xB2, 0x3E, 0xB2, 0x3E,
    0xB2, 0x3E, 0xB2, 0x3E, 0xB2, 0x3E, 0xB2, 0x3E, 0xB2, 0x3E, 0xB2, 0x36, 0xB2, 0x36, 0xB2, 0x36, 0xB2, 0x36, 0xB2,
    0x3E, 0xB2, 0x3E, 0xB2, 0x3E, 0xB2, 0x3E, 0xB2, 0x3E, 0xB2, 0x3E, 0xB2, 0x3E, 0xB2, 0x3E, 0xB2, 0x3E, 0xB2, 0x3E,
    0xB2, 0x3E, 0xB2, 0x3E, 0xB2, 0x3E, 0xB2, 0x3E, 0xB2, 0x3E, 0xB2, 0x3E, 0xB2, 0x3E, 0xB2, 0x3E, 0xB2, 0x3E, 0xB2,
    0x3E, 0xB2, 0x3E, 0xB2, 0x3E, 0xB2, 0x3E, 0xB2, 0x3E, 0xB2, 0x3E, 0xB2, 0x3E, 0xB2, 0x3E, 0xB2, 0x3E, 0xB2, 0x3E,
    0xB2, 0x3E, 0xB2, 0x3E, 0xB2, 0x3E, 0xB2, 0x3E, 0xB2, 0x3E, 0xB2, 0x3E, 0xB2, 0x3E, 0xB2, 0x3E, 0xB2, 0x3E, 0xB2,
    0x3E, 0xB2, 0x3E, 0xB2, 0x3E, 0xB2, 0x3E, 0xB2, 0x3E, 0xB2, 0x3E, 0xB2, 0x3E, 0xB2, 0x3E, 0xB2, 0x3E, 0xB2, 0x3E,
    0xB2, 0x3E, 0xB2, 0x3E, 0xB2, 0x3E, 0xB2, 0x3E, 0xB2, 0x3E, 0xB2, 0x3E, 0xB2, 0x3E, 0xB2, 0x3E, 0xB2, 0x3E, 0xB2,
    0x3E, 0xB2, 0x3E, 0xB2, 0x3E, 0xB2, 0x3E, 0xB2, 0x3E, 0xB2, 0x3E, 0xD2, 0x3E, 0x71, 0x36, 0xA7, 0x12, 0x05, 0x0A,
    0x05, 0x0A, 0xE5, 0x09, 0xA4, 0x09, 0x84, 0x09, 0x63, 0x09, 0x43, 0x09, 0x23, 0x09, 0x02, 0x01, 0xE2, 0x00, 0xE2,
    0x00, 0xC2, 0x00, 0xA1, 0x00, 0x81, 0x00, 0x81, 0x00, 0x61, 0x00, 0x61, 0x00, 0x40, 0x00, 0x40, 0x00, 0x20, 0x00,
    0x20, 0x00, 0x20, 0x00, 0x20, 0x00, 0x00, 0x00, 0x00, 0x00, 0x00, 0x00, 0x00, 0x00, 0x00, 0x00, 0x00, 0x00, 0x00,
    0x00, 0x00, 0x00, 0x00, 0x00, 0x00, 0x00, 0x00, 0x00, 0x00, 0x00, 0x00, 0x00, 0x00, 0x00, 0x00, 0x00, 0x00, 0x00,
    0x00, 0x00, 0x20, 0x00, 0x20, 0x00, 0x20, 0x00, 0x20, 0x00, 0x40, 0x00, 0x40, 0x00, 0x40, 0x00, 0x61, 0x00, 0x81,
    0x00, 0x81, 0x00, 0xA1, 0x00, 0xA2, 0x00, 0xC2, 0x00, 0xE2, 0x00, 0x02, 0x01, 0x23, 0x01, 0x43, 0x09, 0x63, 0x09,
    0x84, 0x09, 0xA4, 0x09, 0xC4, 0x09, 0xE5, 0x09, 0x25, 0x0A, 0x05, 0x0A, 0x8F, 0x2D, 0xF3, 0x3E, 0x92, 0x3E, 0xB2,
    0x3E, 0xB2, 0x3E, 0xB2, 0x3E, 0xB2, 0x3E, 0xB2, 0x3E, 0xB2, 0x3E, 0xB2, 0x3E, 0xB2, 0x3E, 0xB2, 0x3E, 0xB2, 0x3E,
    0xB2, 0x3E, 0xB2, 0x3E, 0xB2, 0x3E, 0xB2, 0x3E, 0xB2, 0x3E, 0xB2, 0x3E, 0xB2, 0x3E, 0xB2, 0x3E, 0xB2, 0x3E, 0xB2,
    0x3E, 0xB2, 0x3E, 0xB2, 0x3E, 0xB2, 0x3E, 0xB2, 0x3E, 0xB2, 0x3E, 0xB2, 0x3E, 0xB2, 0x3E, 0xB2, 0x3E, 0xB2, 0x3E,
    0xB2, 0x3E, 0xB2, 0x3E, 0xB2, 0x3E, 0xB2, 0x3E, 0xB2, 0x3E, 0xB2, 0x3E, 0xB2, 0x3E, 0xB2, 0x3E, 0xB2, 0x3E, 0xB2,
    0x3E, 0xB2, 0x3E, 0xB2, 0x3E, 0xB2, 0x3E, 0xB2, 0x3E, 0xB2, 0x3E, 0xB2, 0x3E, 0xB2, 0x3E, 0xB2, 0x3E, 0xB2, 0x3E,
    0xB2, 0x3E, 0xB2, 0x3E, 0xB2, 0x3E, 0xB2, 0x3E, 0xB2, 0x3E, 0xB2, 0x3E, 0xB2, 0x3E, 0xB2, 0x3E, 0xB2, 0x3E, 0xB2,
    0x3E, 0xB2, 0x3E, 0xB2, 0x3E, 0xB2, 0x3E, 0xB2, 0x36, 0xB2, 0x36, 0xD4, 0x56, 0xF5, 0x5E, 0xF4, 0x5E, 0xD3, 0x4E,
    0xB2, 0x36, 0x91, 0x2E, 0xB2, 0x36, 0xB2, 0x3E, 0xB2, 0x3E, 0xB2, 0x3E, 0xB2, 0x3E, 0xB2, 0x3E, 0xB2, 0x3E, 0xB2,
    0x3E, 0xB2, 0x3E, 0xB2, 0x3E, 0xB2, 0x3E, 0xB2, 0x3E, 0xB2, 0x3E, 0xB2, 0x3E, 0xB2, 0x3E, 0xB2, 0x3E, 0xB2, 0x3E,
    0xB2, 0x3E, 0xB2, 0x3E, 0xB2, 0x3E, 0xB2, 0x3E, 0xB2, 0x3E, 0xB2, 0x3E, 0xB2, 0x3E, 0xB2, 0x3E, 0xB2, 0x3E, 0xB2,
    0x3E, 0xB2, 0x3E, 0xB2, 0x3E, 0xB2, 0x3E, 0xB2, 0x3E, 0xB2, 0x3E, 0xB2, 0x3E, 0xB2, 0x3E, 0xB2, 0x3E, 0xB2, 0x3E,
    0xB2, 0x3E, 0xB2, 0x3E, 0xB2, 0x3E, 0xB2, 0x3E, 0xB2, 0x3E, 0xB2, 0x3E, 0xB2, 0x3E, 0xB2, 0x3E, 0xB2, 0x3E, 0xB2,
    0x3E, 0xB2, 0x3E, 0xB2, 0x3E, 0xB2, 0x3E, 0xB2, 0x3E, 0xB2, 0x3E, 0xB2, 0x3E, 0xB2, 0x3E, 0xB2, 0x3E, 0xB2, 0x3E,
    0xB2, 0x3E, 0xB2, 0x3E, 0xB2, 0x3E, 0xB2, 0x3E, 0xB2, 0x3E, 0xB2, 0x3E, 0x92, 0x3E, 0xF3, 0x3E, 0x8F, 0x2D, 0x05,
    0x0A, 0x25, 0x0A, 0xE5, 0x09, 0xC4, 0x09, 0xA4, 0x09, 0x84, 0x09, 0x63, 0x09, 0x43, 0x09, 0x23, 0x01, 0x02, 0x01,
    0xE2, 0x00, 0xC2, 0x00, 0xA2, 0x00, 0xA1, 0x00, 0x81, 0x00, 0x81, 0x00, 0x61, 0x00, 0x40, 0x00, 0x40, 0x00, 0x40,
    0x00, 0x20, 0x00, 0x20, 0x00, 0x20, 0x00, 0x20, 0x00, 0x00, 0x00, 0x00, 0x00, 0x00, 0x00, 0x00, 0x00, 0x00, 0x00,
    0x00, 0x00, 0x00, 0x00, 0x00, 0x00, 0x00, 0x00, 0x00, 0x00, 0x00, 0x00, 0x00, 0x00, 0x00, 0x00, 0x00, 0x00, 0x00,
    0x00, 0x00, 0x00, 0x20, 0x00, 0x20, 0x00, 0x20, 0x00, 0x20, 0x00, 0x40, 0x00, 0x40, 0x00, 0x61, 0x00, 0x61, 0x00,
    0x81, 0x00, 0x81, 0x00, 0xA1, 0x00, 0xC2, 0x00, 0xE2, 0x00, 0x02, 0x01, 0x22, 0x01, 0x23, 0x09, 0x43, 0x09, 0x84,
    0x09, 0xA4, 0x09, 0xC4, 0x09, 0xE5, 0x09, 0x25, 0x0A, 0xE5, 0x09, 0x2B, 0x24, 0xF3, 0x3E, 0x92, 0x3E, 0xB2, 0x3E,
    0xB2, 0x3E, 0xB2, 0x3E, 0xB2, 0x3E, 0xB2, 0x3E, 0xB2, 0x3E, 0xB2, 0x3E, 0xB2, 0x3E, 0xB2, 0x3E, 0xB2, 0x3E, 0xB2,
    0x3E, 0xB2, 0x3E, 0xB2, 0x3E, 0xB2, 0x3E, 0xB2, 0x3E, 0xB2, 0x3E, 0xB2, 0x3E, 0xB2, 0x3E, 0xB2, 0x3E, 0xB2, 0x3E,
    0xB2, 0x3E, 0xB2, 0x3E, 0xB2, 0x3E, 0xB2, 0x3E, 0xB2, 0x3E, 0xB2, 0x3E, 0xB2, 0x3E, 0xB2, 0x3E, 0xB2, 0x3E, 0xB2,
    0x3E, 0xB2, 0x3E, 0xB2, 0x3E, 0xB2, 0x3E, 0xB2, 0x3E, 0xB2, 0x3E, 0xB2, 0x3E, 0xB2, 0x3E, 0xB2, 0x3E, 0xB2, 0x3E,
    0xB2, 0x3E, 0xB2, 0x3E, 0xB2, 0x3E, 0xB2, 0x3E, 0xB2, 0x3E, 0xB2, 0x3E, 0xB2, 0x3E, 0xB2, 0x3E, 0xB2, 0x3E, 0xB2,
    0x3E, 0xB2, 0x3E, 0xB2, 0x3E, 0xB2, 0x3E, 0xB2, 0x3E, 0xB2, 0x3E, 0xB2, 0x3E, 0xB2, 0x3E, 0xB2, 0x3E, 0xB2, 0x3E,
    0xB2, 0x3E, 0xB2, 0x3E, 0xB2, 0x3E, 0x92, 0x36, 0xF4, 0x5E, 0xBC, 0xD7, 0xFF, 0xF7, 0xFF, 0xFF, 0xFF, 0xFF, 0xDE,
    0xEF, 0xBC, 0xCF, 0x38, 0x97, 0xD3, 0x4E, 0x91, 0x2E, 0xB2, 0x36, 0xB2, 0x3E, 0xB2, 0x3E, 0xB2, 0x3E, 0xB2, 0x3E,
    0xB2, 0x3E, 0xB2, 0x3E, 0xB2, 0x3E, 0xB2, 0x3E, 0xB2, 0x3E, 0xB2, 0x3E, 0xB2, 0x3E, 0xB2, 0x3E, 0xB2, 0x3E, 0xB2,
    0x3E, 0xB2, 0x3E, 0xB2, 0x3E, 0xB2, 0x3E, 0xB2, 0x3E, 0xB2, 0x3E, 0xB2, 0x3E, 0xB2, 0x3E, 0xB2, 0x3E, 0xB2, 0x3E,
    0xB2, 0x3E, 0xB2, 0x3E, 0xB2, 0x3E, 0xB2, 0x3E, 0xB2, 0x3E, 0xB2, 0x3E, 0xB2, 0x3E, 0xB2, 0x3E, 0xB2, 0x3E, 0xB2,
    0x3E, 0xB2, 0x3E, 0xB2, 0x3E, 0xB2, 0x3E, 0xB2, 0x3E, 0xB2, 0x3E, 0xB2, 0x3E, 0xB2, 0x3E, 0xB2, 0x3E, 0xB2, 0x3E,
    0xB2, 0x3E, 0xB2, 0x3E, 0xB2, 0x3E, 0xB2, 0x3E, 0xB2, 0x3E, 0xB2, 0x3E, 0xB2, 0x3E, 0xB2, 0x3E, 0xB2, 0x3E, 0xB2,
    0x3E, 0xB2, 0x3E, 0xB2, 0x3E, 0xB2, 0x3E, 0xB2, 0x3E, 0xB2, 0x3E, 0xB2, 0x3E, 0xB2, 0x3E, 0x92, 0x3E, 0xF3, 0x3E,
    0x2B, 0x24, 0xE5, 0x09, 0x25, 0x0A, 0xE5, 0x09, 0xC4, 0x09, 0xA4, 0x09, 0x84, 0x09, 0x43, 0x09, 0x23, 0x09, 0x22,
    0x01, 0x02, 0x01, 0xE2, 0x00, 0xC2, 0x00, 0xA1, 0x00, 0x81, 0x00, 0x81, 0x00, 0x61, 0x00, 0x61, 0x00, 0x40, 0x00,
    0x40, 0x00, 0x20, 0x00, 0x20, 0x00, 0x20, 0x00, 0x20, 0x00, 0x00, 0x00, 0x00, 0x00, 0x00, 0x00, 0x00, 0x00, 0x00,
    0x00, 0x00, 0x00, 0x00, 0x00, 0x00, 0x00, 0x00, 0x00, 0x00, 0x00, 0x00, 0x00, 0x00, 0x00, 0x00, 0x00, 0x00, 0x00,
    0x00, 0x00, 0x00, 0x00, 0x20, 0x00, 0x20, 0x00, 0x20, 0x00, 0x20, 0x00, 0x40, 0x00, 0x40, 0x00, 0x61, 0x00, 0x81,
    0x00, 0x81, 0x00, 0xA1, 0x00, 0xC2, 0x00, 0xC2, 0x00, 0xE2, 0x00, 0x02, 0x01, 0x23, 0x09, 0x43, 0x09, 0x63, 0x09,
    0x84, 0x09, 0xA4, 0x09, 0xC4, 0x09, 0x05, 0x0A, 0x05, 0x0A, 0xC7, 0x12, 0x92, 0x3E, 0xB2, 0x3E, 0xB2, 0x3E, 0xB2,
    0x3E, 0xB2, 0x3E, 0xB2, 0x3E, 0xB2, 0x3E, 0xB2, 0x3E, 0xB2, 0x3E, 0xB2, 0x3E, 0xB2, 0x3E, 0xB2, 0x3E, 0xB2, 0x3E,
    0xB2, 0x3E, 0xB2, 0x3E, 0xB2, 0x3E, 0xB2, 0x3E, 0xB2, 0x3E, 0xB2, 0x3E, 0xB2, 0x3E, 0xB2, 0x3E, 0xB2, 0x3E, 0xB2,
    0x3E, 0xB2, 0x3E, 0xB2, 0x3E, 0xB2, 0x3E, 0xB2, 0x3E, 0xB2, 0x3E, 0xB2, 0x3E, 0xB2, 0x3E, 0xB2, 0x3E, 0xB2, 0x3E,
    0xB2, 0x3E, 0xB2, 0x3E, 0xB2, 0x3E, 0xB2, 0x3E, 0xB2, 0x3E, 0xB2, 0x3E, 0xB2, 0x3E, 0xB2, 0x3E, 0xB2, 0x3E, 0xB2,
    0x3E, 0xB2, 0x3E, 0xB2, 0x3E, 0xB2, 0x3E, 0xB2, 0x3E, 0xB2, 0x3E, 0xB2, 0x3E, 0xB2, 0x3E, 0xB2, 0x3E, 0xB2, 0x3E,
    0xB2, 0x3E, 0xB2, 0x3E, 0xB2, 0x3E, 0xB2, 0x3E, 0xB2, 0x3E, 0xB2, 0x3E, 0xB2, 0x3E, 0xB2, 0x3E, 0xB2, 0x3E, 0xB2,
    0x3E, 0xB2, 0x3E, 0xB2, 0x3E, 0xB2, 0x3E, 0x92, 0x36, 0xBD, 0xD7, 0xFF, 0xFF, 0xFF, 0xFF, 0xFF, 0xFF, 0xFF, 0xFF,
    0xFF, 0xFF, 0xFF, 0xFF, 0xFF, 0xFF, 0xFF, 0xF7, 0x7A, 0xAF, 0xD3, 0x4E, 0x91, 0x36, 0xB2, 0x3E, 0xB2, 0x3E, 0xB2,
    0x3E, 0xB2, 0x3E, 0xB2, 0x3E, 0xB2, 0x3E, 0xB2, 0x3E, 0xB2, 0x3E, 0xB2, 0x3E, 0xB2, 0x3E, 0xB2, 0x3E, 0xB2, 0x3E,
    0xB2, 0x3E, 0xB2, 0x3E, 0xB2, 0x3E, 0xB2, 0x3E, 0xB2, 0x3E, 0xB2, 0x3E, 0xB2, 0x3E, 0xB2, 0x3E, 0xB2, 0x3E, 0xB2,
    0x3E, 0xB2, 0x3E, 0xB2, 0x3E, 0xB2, 0x3E, 0xB2, 0x3E, 0xB2, 0x3E, 0xB2, 0x3E, 0xB2, 0x3E, 0xB2, 0x3E, 0xB2, 0x3E,
    0xB2, 0x3E, 0xB2, 0x3E, 0xB2, 0x3E, 0xB2, 0x3E, 0xB2, 0x3E, 0xB2, 0x3E, 0xB2, 0x3E, 0xB2, 0x3E, 0xB2, 0x3E, 0xB2,
    0x3E, 0xB2, 0x3E, 0xB2, 0x3E, 0xB2, 0x3E, 0xB2, 0x3E, 0xB2, 0x3E, 0xB2, 0x3E, 0xB2, 0x3E, 0xB2, 0x3E, 0xB2, 0x3E,
    0xB2, 0x3E, 0xB2, 0x3E, 0xB2, 0x3E, 0xB2, 0x3E, 0xB2, 0x3E, 0xB2, 0x3E, 0xB2, 0x3E, 0xB2, 0x3E, 0xB2, 0x3E, 0xB2,
    0x3E, 0x92, 0x3E, 0xC7, 0x12, 0x05, 0x0A, 0x05, 0x0A, 0xC4, 0x09, 0xA4, 0x09, 0x84, 0x09, 0x63, 0x09, 0x43, 0x09,
    0x23, 0x09, 0x02, 0x01, 0xE2, 0x00, 0xC2, 0x00, 0xC2, 0x00, 0xA1, 0x00, 0x81, 0x00, 0x81, 0x00, 0x61, 0x00, 0x40,
    0x00, 0x40, 0x00, 0x20, 0x00, 0x20, 0x00, 0x20, 0x00, 0x20, 0x00, 0x00, 0x00, 0x00, 0x00, 0x00, 0x00, 0x00, 0x00,
    0x00, 0x00, 0x00, 0x00, 0x00, 0x00, 0x00, 0x00, 0x00, 0x00, 0x00, 0x00, 0x00, 0x00, 0x00, 0x00, 0x00, 0x00, 0x00,
    0x00, 0x00, 0x00, 0x20, 0x00, 0x20, 0x00, 0x20, 0x00, 0x20, 0x00, 0x40, 0x00, 0x40, 0x00, 0x61, 0x00, 0x61, 0x00,
    0x81, 0x00, 0x81, 0x00, 0xA1, 0x00, 0xC2, 0x00, 0xE2, 0x00, 0xE2, 0x00, 0x22, 0x01, 0x43, 0x09, 0x43, 0x09, 0x84,
    0x09, 0xA4, 0x09, 0xC4, 0x09, 0xE5, 0x09, 0x25, 0x0A, 0x05, 0x0A, 0x2E, 0x2D, 0xF3, 0x3E, 0x92, 0x3E, 0xB2, 0x3E,
    0xB2, 0x3E, 0xB2, 0x3E, 0xB2, 0x3E, 0xB2, 0x3E, 0xB2, 0x3E, 0xB2, 0x3E, 0xB2, 0x3E, 0xB2, 0x3E, 0xB2, 0x3E, 0xB2,
    0x3E, 0xB2, 0x3E, 0xB2, 0x3E, 0xB2, 0x3E, 0xB2, 0x3E, 0xB2, 0x3E, 0xB2, 0x3E, 0xB2, 0x3E, 0xB2, 0x3E, 0xB2, 0x3E,
    0xB2, 0x3E, 0xB2, 0x3E, 0xB2, 0x3E, 0xB2, 0x3E, 0xB2, 0x3E, 0xB2, 0x3E, 0xB2, 0x3E, 0xB2, 0x3E, 0xB2, 0x3E, 0xB2,
    0x3E, 0xB2, 0x3E, 0xB2, 0x3E, 0xB2, 0x3E, 0xB2, 0x3E, 0xB2, 0x3E, 0xB2, 0x3E, 0xB2, 0x3E, 0xB2, 0x3E, 0xB2, 0x3E,
    0xB2, 0x3E, 0xB2, 0x3E, 0xB2, 0x3E, 0xB2, 0x3E, 0xB2, 0x3E, 0xB2, 0x3E, 0xB2, 0x3E, 0xB2, 0x3E, 0xB2, 0x3E, 0xB2,
    0x3E, 0xB2, 0x3E, 0xB2, 0x3E, 0xB2, 0x3E, 0xB2, 0x3E, 0xB2, 0x3E, 0xB2, 0x3E, 0xB2, 0x3E, 0xB2, 0x3E, 0xB2, 0x3E,
    0xB2, 0x3E, 0xB2, 0x3E, 0xB2, 0x3E, 0x91, 0x36, 0xD4, 0x5E, 0xFF, 0xFF, 0xFF, 0xFF, 0xFF, 0xFF, 0xFF, 0xFF, 0xFF,
    0xFF, 0xFF, 0xFF, 0xFF, 0xFF, 0xFF, 0xFF, 0xFF, 0xFF, 0xFF, 0xFF, 0xDE, 0xEF, 0xF5, 0x66, 0x91, 0x36, 0xB2, 0x3E,
    0xB2, 0x3E, 0xB2, 0x3E, 0xB2, 0x3E, 0xB2, 0x3E, 0xB2, 0x3E, 0xB2, 0x3E, 0xB2, 0x3E, 0xB2, 0x3E, 0xB2, 0x3E, 0xB2,
    0x3E, 0xB2, 0x3E, 0xB2, 0x3E, 0xB2, 0x3E, 0xB2, 0x3E, 0xB2, 0x3E, 0xB2, 0x3E, 0xB2, 0x3E, 0xB2, 0x3E, 0xB2, 0x3E,
    0xB2, 0x3E, 0xB2, 0x3E, 0xB2, 0x3E, 0xB2, 0x3E, 0xB2, 0x3E, 0xB2, 0x3E, 0xB2, 0x3E, 0xB2, 0x3E, 0xB2, 0x3E, 0xB2,
    0x3E, 0xB2, 0x3E, 0xB2, 0x3E, 0xB2, 0x3E, 0xB2, 0x3E, 0xB2, 0x3E, 0xB2, 0x3E, 0xB2, 0x3E, 0xB2, 0x3E, 0xB2, 0x3E,
    0xB2, 0x3E, 0xB2, 0x3E, 0xB2, 0x3E, 0xB2, 0x3E, 0xB2, 0x3E, 0xB2, 0x3E, 0xB2, 0x3E, 0xB2, 0x3E, 0xB2, 0x3E, 0xB2,
    0x3E, 0xB2, 0x3E, 0xB2, 0x3E, 0xB2, 0x3E, 0xB2, 0x3E, 0xB2, 0x3E, 0xB2, 0x3E, 0xB2, 0x3E, 0xB2, 0x3E, 0xB2, 0x3E,
    0x92, 0x3E, 0xF3, 0x3E, 0x2E, 0x2D, 0x05, 0x0A, 0x25, 0x0A, 0xE5, 0x09, 0xC4, 0x09, 0xA4, 0x09, 0x84, 0x09, 0x43,
    0x09, 0x43, 0x09, 0x22, 0x01, 0xE2, 0x00, 0xE2, 0x00, 0xC2, 0x00, 0xA1, 0x00, 0x81, 0x00, 0x81, 0x00, 0x61, 0x00,
    0x61, 0x00, 0x40, 0x00, 0x40, 0x00, 0x20, 0x00, 0x20, 0x00, 0x20, 0x00, 0x20, 0x00, 0x00, 0x00, 0x00, 0x00, 0x00,
    0x00, 0x00, 0x00, 0x00, 0x00, 0x00, 0x00, 0x00, 0x00, 0x00, 0x00, 0x00, 0x00, 0x00, 0x00, 0x00, 0x00, 0x00, 0x00,
    0x00, 0x00, 0x00, 0x00, 0x20, 0x00, 0x20, 0x00, 0x20, 0x00, 0x20, 0x00, 0x40, 0x00, 0x40, 0x00, 0x61, 0x00, 0x61,
    0x00, 0x81, 0x00, 0xA1, 0x00, 0xA2, 0x00, 0xC2, 0x00, 0xE2, 0x00, 0x02, 0x01, 0x23, 0x09, 0x43, 0x09, 0x63, 0x09,
    0x84, 0x09, 0xA4, 0x09, 0xE5, 0x09, 0x05, 0x0A, 0xE5, 0x09, 0x69, 0x1B, 0xD3, 0x3E, 0x92, 0x3E, 0x92, 0x3E, 0x92,
    0x3E, 0xB2, 0x3E, 0xB2, 0x3E, 0xB2, 0x3E, 0xB2, 0x3E, 0xB2, 0x3E, 0xB2, 0x3E, 0xB2, 0x3E, 0xB2, 0x3E, 0xB2, 0x3E,
    0xB2, 0x3E, 0xB2, 0x3E, 0xB2, 0x3E, 0xB2, 0x3E, 0xB2, 0x3E, 0xB2, 0x3E, 0xB2, 0x3E, 0xB2, 0x3E, 0xB2, 0x3E, 0xB2,
    0x3E, 0xB2, 0x3E, 0xB2, 0x3E, 0xB2, 0x3E, 0xB2, 0x3E, 0xB2, 0x3E, 0xB2, 0x3E, 0xB2, 0x3E, 0xB2, 0x3E, 0xB2, 0x3E,
    0xB2, 0x3E, 0xB2, 0x3E, 0xB2, 0x3E, 0xB2, 0x3E, 0xB2, 0x3E, 0xB2, 0x3E, 0xB2, 0x3E, 0xB2, 0x3E, 0xB2, 0x3E, 0xB2,
    0x3E, 0xB2, 0x3E, 0xB2, 0x3E, 0xB2, 0x3E, 0xB2, 0x3E, 0xB2, 0x3E, 0xB2, 0x3E, 0xB2, 0x3E, 0xB2, 0x3E, 0xB2, 0x3E,
    0xB2, 0x3E, 0xB2, 0x3E, 0xB2, 0x3E, 0xB2, 0x3E, 0xB2, 0x3E, 0xB2, 0x3E, 0xB2, 0x3E, 0xB2, 0x3E, 0xB2, 0x3E, 0xB2,
    0x3E, 0xB2, 0x3E, 0xB2, 0x3E, 0xB2, 0x3E, 0x91, 0x2E, 0x16, 0x7F, 0xFF, 0xFF, 0xFF, 0xFF, 0xFF, 0xFF, 0xFF, 0xFF,
    0xFF, 0xFF, 0xFF, 0xFF, 0xFF, 0xFF, 0xFF, 0xFF, 0xFF, 0xFF, 0xFF, 0xFF, 0xFF, 0xFF, 0xFF, 0xF7, 0xD3, 0x4E, 0x92,
    0x36, 0xB2, 0x3E, 0xB2, 0x3E, 0xB2, 0x3E, 0xB2, 0x3E, 0xB2, 0x3E, 0xB2, 0x3E, 0xB2, 0x3E, 0xB2, 0x3E, 0xB2, 0x3E,
    0xB2, 0x3E, 0xB2, 0x3E, 0xB2, 0x3E, 0xB2, 0x3E, 0xB2, 0x3E, 0xB2, 0x3E, 0xB2, 0x3E, 0xB2, 0x3E, 0xB2, 0x3E, 0xB2,
    0x3E, 0xB2, 0x3E, 0xB2, 0x3E, 0xB2, 0x3E, 0xB2, 0x3E, 0xB2, 0x3E, 0xB2, 0x3E, 0xB2, 0x3E, 0xB2, 0x3E, 0xB2, 0x3E,
    0xB2, 0x3E, 0xB2, 0x3E, 0xB2, 0x3E, 0xB2, 0x3E, 0xB2, 0x3E, 0xB2, 0x3E, 0xB2, 0x3E, 0xB2, 0x3E, 0xB2, 0x3E, 0xB2,
    0x3E, 0xB2, 0x3E, 0xB2, 0x3E, 0xB2, 0x3E, 0xB2, 0x3E, 0xB2, 0x3E, 0xB2, 0x3E, 0xB2, 0x3E, 0xB2, 0x3E, 0xB2, 0x3E,
    0xB2, 0x3E, 0xB2, 0x3E, 0xB2, 0x3E, 0xB2, 0x3E, 0xB2, 0x3E, 0xB2, 0x3E, 0xB2, 0x3E, 0xB2, 0x3E, 0xB2, 0x3E, 0x92,
    0x3E, 0x92, 0x3E, 0x92, 0x3E, 0xD3, 0x3E, 0x69, 0x1B, 0xE5, 0x09, 0x05, 0x0A, 0xE5, 0x09, 0xA4, 0x09, 0x84, 0x09,
    0x63, 0x09, 0x43, 0x09, 0x23, 0x09, 0x02, 0x01, 0xE2, 0x00, 0xC2, 0x00, 0xA2, 0x00, 0xA1, 0x00, 0x81, 0x00, 0x61,
    0x00, 0x61, 0x00, 0x40, 0x00, 0x40, 0x00, 0x20, 0x00, 0x20, 0x00, 0x20, 0x00, 0x20, 0x00, 0x00, 0x00, 0x00, 0x00,
    0x00, 0x00, 0x00, 0x00, 0x00, 0x00, 0x00, 0x00, 0x00, 0x00, 0x00, 0x00, 0x00, 0x00, 0x00, 0x00, 0x00, 0x00, 0x00,
    0x00, 0x00, 0x00, 0x00, 0x00, 0x20, 0x00, 0x20, 0x00, 0x20, 0x00, 0x40, 0x00, 0x40, 0x00, 0x41, 0x00, 0x61, 0x00,
    0x81, 0x00, 0x81, 0x00, 0xA1, 0x00, 0xC2, 0x00, 0xE2, 0x00, 0xE2, 0x00, 0x22, 0x01, 0x23, 0x09, 0x63, 0x09, 0x84,
    0x09, 0xA4, 0x09, 0xC4, 0x09, 0xE5, 0x09, 0x25, 0x0A, 0x05, 0x0A, 0x8F, 0x2D, 0xD2, 0x3E, 0x92, 0x3E, 0x92, 0x3E,
    0x92, 0x3E, 0x92, 0x3E, 0x92, 0x3E, 0x92, 0x3E, 0x92, 0x3E, 0x92, 0x3E, 0x92, 0x3E, 0x92, 0x3E, 0x92, 0x3E, 0x92,
    0x3E, 0x92, 0x3E, 0x92, 0x3E, 0x92, 0x3E, 0x92, 0x3E, 0x92, 0x3E, 0x92, 0x3E, 0x92, 0x3E, 0x92, 0x3E, 0x92, 0x3E,
    0x92, 0x3E, 0x92, 0x3E, 0x92, 0x3E, 0x92, 0x3E, 0x92, 0x3E, 0x92, 0x3E, 0x92, 0x3E, 0x92, 0x3E, 0x92, 0x3E, 0x92,
    0x3E, 0x92, 0x3E, 0x92, 0x3E, 0x92, 0x3E, 0x92, 0x3E, 0x92, 0x3E, 0x92, 0x3E, 0x92, 0x3E, 0x92, 0x3E, 0x92, 0x3E,
    0x92, 0x3E, 0x92, 0x3E, 0x92, 0x3E, 0x92, 0x3E, 0x92, 0x3E, 0x92, 0x3E, 0x92, 0x3E, 0x92, 0x3E, 0x92, 0x3E, 0x92,
    0x3E, 0x92, 0x3E, 0x92, 0x3E, 0x92, 0x3E, 0x92, 0x3E, 0x92, 0x3E, 0x92, 0x3E, 0x92, 0x3E, 0x92, 0x3E, 0x92, 0x3E,
    0x92, 0x3E, 0x92, 0x3E, 0x92, 0x3E, 0xB2, 0x3E, 0x91, 0x2E, 0x38, 0x97, 0xFF, 0xFF, 0xFF, 0xFF, 0xFF, 0xFF, 0xFF,
    0xFF, 0xFF, 0xFF, 0xFF, 0xFF, 0xFF, 0xFF, 0xFF, 0xFF, 0xFF, 0xFF, 0xFF, 0xFF, 0xFF, 0xFF, 0xFF, 0xFF, 0x59, 0x9F,
    0x91, 0x2E, 0xB2, 0x3E, 0x92, 0x3E, 0x92, 0x3E, 0x92, 0x3E, 0x92, 0x3E, 0x92, 0x3E, 0x92, 0x3E, 0x92, 0x3E, 0x92,
    0x3E, 0x92, 0x3E, 0x92, 0x3E, 0x92, 0x3E, 0x92, 0x3E, 0x92, 0x3E, 0x92, 0x3E, 0x92, 0x3E, 0x92, 0x3E, 0x92, 0x3E,
    0x92, 0x3E, 0x92, 0x3E, 0x92, 0x3E, 0x92, 0x3E, 0x92, 0x3E, 0x92, 0x3E, 0x92, 0x3E, 0x92, 0x3E, 0x92, 0x3E, 0x92,
    0x3E, 0x92, 0x3E, 0x92, 0x3E, 0x92, 0x3E, 0x92, 0x3E, 0x92, 0x3E, 0x92, 0x3E, 0x92, 0x3E, 0x92, 0x3E, 0x92, 0x3E,
    0x92, 0x3E, 0x92, 0x3E, 0x92, 0x3E, 0x92, 0x3E, 0x92, 0x3E, 0x92, 0x3E, 0x92, 0x3E, 0x92, 0x3E, 0x92, 0x3E, 0x92,
    0x3E, 0x92, 0x3E, 0x92, 0x3E, 0x92, 0x3E, 0x92, 0x3E, 0x92, 0x3E, 0x92, 0x3E, 0x92, 0x3E, 0x92, 0x3E, 0x92, 0x3E,
    0x92, 0x3E, 0x92, 0x3E, 0x92, 0x3E, 0xD2, 0x3E, 0x8F, 0x2D, 0x05, 0x0A, 0x25, 0x0A, 0xE5, 0x09, 0xC4, 0x09, 0xA4,
    0x09, 0x84, 0x09, 0x63, 0x09, 0x23, 0x09, 0x22, 0x01, 0xE2, 0x00, 0xE2, 0x00, 0xC2, 0x00, 0xA1, 0x00, 0x81, 0x00,
    0x81, 0x00, 0x61, 0x00, 0x41, 0x00, 0x40, 0x00, 0x40, 0x00, 0x20, 0x00, 0x20, 0x00, 0x20, 0x00, 0x00, 0x00, 0x00,
    0x00, 0x00, 0x00, 0x00, 0x00, 0x00, 0x00, 0x00, 0x00, 0x00, 0x00, 0x00, 0x00, 0x00, 0x00, 0x00, 0x00, 0x00, 0x00,
    0x00, 0x00, 0x00, 0x00, 0x20, 0x00, 0x20, 0x00, 0x20, 0x00, 0x20, 0x00, 0x40, 0x00, 0x40, 0x00, 0x61, 0x00, 0x61,
    0x00, 0x81, 0x00, 0xA1, 0x00, 0xA1, 0x00, 0xC2, 0x00, 0xE2, 0x00, 0x02, 0x01, 0x23, 0x01, 0x43, 0x09, 0x63, 0x09,
    0x84, 0x09, 0xA4, 0x09, 0xE5, 0x09, 0x05, 0x0A, 0xE5, 0x09, 0x69, 0x1B, 0xD2, 0x3E, 0x92, 0x3E, 0x92, 0x3E, 0x92,
    0x3E, 0x92, 0x3E, 0x92, 0x3E, 0x92, 0x3E, 0x92, 0x3E, 0x92, 0x3E, 0x92, 0x3E, 0x92, 0x3E, 0x92, 0x3E, 0x92, 0x3E,
    0x92, 0x3E, 0x92, 0x3E, 0x92, 0x3E, 0x92, 0x3E, 0x92, 0x3E, 0x92, 0x3E, 0x92, 0x3E, 0x92, 0x3E, 0x92, 0x3E, 0x92,
    0x3E, 0x92, 0x3E, 0x92, 0x3E, 0x92, 0x3E, 0x92, 0x3E, 0x92, 0x3E, 0x92, 0x3E, 0x92, 0x3E, 0x92, 0x3E, 0x92, 0x3E,
    0x92, 0x3E, 0x92, 0x3E, 0x92, 0x3E, 0x92, 0x3E, 0x92, 0x3E, 0x92, 0x3E, 0x92, 0x3E, 0x92, 0x3E, 0x92, 0x3E, 0x92,
    0x3E, 0x92, 0x3E, 0x92, 0x3E, 0x92, 0x3E, 0x92, 0x3E, 0x92, 0x3E, 0x92, 0x3E, 0x92, 0x3E, 0x92, 0x3E, 0x92, 0x3E,
    0x92, 0x3E, 0x92, 0x3E, 0x92, 0x3E, 0x92, 0x3E, 0x92, 0x3E, 0x92, 0x3E, 0x92, 0x3E, 0x92, 0x3E, 0x92, 0x3E, 0x92,
    0x3E, 0x92, 0x3E, 0x92, 0x3E, 0x92, 0x3E, 0xB2, 0x3E, 0x91, 0x2E, 0x7A, 0xAF, 0xFF, 0xFF, 0xFF, 0xFF, 0xFF, 0xFF,
    0xFF, 0xFF, 0xFF, 0xFF, 0xFF, 0xFF, 0xFF, 0xFF, 0xFF, 0xFF, 0xFF, 0xFF, 0xFF, 0xFF, 0xFF, 0xFF, 0xFF, 0xFF, 0x38,
    0x97, 0x71, 0x2E, 0xB2, 0x3E, 0x92, 0x3E, 0x92, 0x3E, 0x92, 0x3E, 0x92, 0x3E, 0x92, 0x3E, 0x92, 0x3E, 0x92, 0x3E,
    0x92, 0x3E, 0x92, 0x3E, 0x92, 0x3E, 0x92, 0x3E, 0x92, 0x3E, 0x92, 0x3E, 0x92, 0x3E, 0x92, 0x3E, 0x92, 0x3E, 0x92,
    0x3E, 0x92, 0x3E, 0x92, 0x3E, 0x92, 0x3E, 0x92, 0x3E, 0x92, 0x3E, 0x92, 0x3E, 0x92, 0x3E, 0x92, 0x3E, 0x92, 0x3E,
    0x92, 0x3E, 0x92, 0x3E, 0x92, 0x3E, 0x92, 0x3E, 0x92, 0x3E, 0x92, 0x3E, 0x92, 0x3E, 0x92, 0x3E, 0x92, 0x3E, 0x92,
    0x3E, 0x92, 0x3E, 0x92, 0x3E, 0x92, 0x3E, 0x92, 0x3E, 0x92, 0x3E, 0x92, 0x3E, 0x92, 0x3E, 0x92, 0x3E, 0x92, 0x3E,
    0x92, 0x3E, 0x92, 0x3E, 0x92, 0x3E, 0x92, 0x3E, 0x92, 0x3E, 0x92, 0x3E, 0x92, 0x3E, 0x92, 0x3E, 0x92, 0x3E, 0x92,
    0x3E, 0x92, 0x3E, 0x92, 0x3E, 0x92, 0x3E, 0x92, 0x3E, 0xD2, 0x3E, 0x69, 0x1B, 0xE5, 0x09, 0x05, 0x0A, 0xE5, 0x09,
    0xA4, 0x09, 0x84, 0x09, 0x63, 0x09, 0x43, 0x09, 0x23, 0x01, 0x02, 0x01, 0xE2, 0x00, 0xC2, 0x00, 0xA1, 0x00, 0xA1,
    0x00, 0x81, 0x00, 0x61, 0x00, 0x61, 0x00, 0x40, 0x00, 0x40, 0x00, 0x20, 0x00, 0x20, 0x00, 0x20, 0x00, 0x20, 0x00,
    0x00, 0x00, 0x00, 0x00, 0x00, 0x00, 0x00, 0x00, 0x00, 0x00, 0x00, 0x00, 0x00, 0x00, 0x00, 0x00, 0x00, 0x00, 0x00,
    0x00, 0x00, 0x00, 0x00, 0x00, 0x20, 0x00, 0x20, 0x00, 0x20, 0x00, 0x20, 0x00, 0x40, 0x00, 0x40, 0x00, 0x61, 0x00,
    0x81, 0x00, 0x81, 0x00, 0xA1, 0x00, 0xC2, 0x00, 0xC2, 0x00, 0xE2, 0x00, 0x02, 0x01, 0x23, 0x09, 0x43, 0x09, 0x63,
    0x09, 0xA4, 0x09, 0xC4, 0x09, 0xE5, 0x09, 0x25, 0x0A, 0x05, 0x0A, 0x8F, 0x2D, 0xD2, 0x3E, 0x92, 0x3E, 0x92, 0x3E,
    0x92, 0x3E, 0x92, 0x3E, 0x92, 0x3E, 0x92, 0x3E, 0x92, 0x3E, 0x92, 0x3E, 0x92, 0x3E, 0x92, 0x3E, 0x92, 0x3E, 0x92,
    0x3E, 0x92, 0x3E, 0x92, 0x3E, 0x92, 0x3E, 0x92, 0x3E, 0x92, 0x3E, 0x92, 0x3E, 0x92, 0x3E, 0x92, 0x3E, 0x92, 0x3E,
    0x92, 0x3E, 0x92, 0x3E, 0x92, 0x3E, 0x92, 0x3E, 0x92, 0x3E, 0x92, 0x3E, 0x92, 0x3E, 0x92, 0x3E, 0x92, 0x3E, 0x92,
    0x3E, 0x92, 0x3E, 0x92, 0x3E, 0x92, 0x3E, 0x92, 0x3E, 0x92, 0x3E, 0x92, 0x3E, 0x92, 0x3E, 0x92, 0x3E, 0x92, 0x3E,
    0x92, 0x3E, 0x92, 0x3E, 0x92, 0x3E, 0x92, 0x3E, 0x92, 0x3E, 0x92, 0x3E, 0x92, 0x3E, 0x92, 0x3E, 0x92, 0x3E, 0x92,
    0x3E, 0x92, 0x3E, 0x92, 0x3E, 0x92, 0x3E, 0x92, 0x3E, 0x92, 0x3E, 0x92, 0x3E, 0x92, 0x3E, 0x92, 0x3E, 0x92, 0x3E,
    0x92, 0x3E, 0x92, 0x3E, 0x92, 0x3E, 0x92, 0x3E, 0x92, 0x3E, 0x91, 0x36, 0x9C, 0xCF, 0xFF, 0xFF, 0xFF, 0xFF, 0xFF,
    0xFF, 0xFF, 0xFF, 0xFF, 0xFF, 0xFF, 0xFF, 0xFF, 0xFF, 0xFF, 0xFF, 0xFF, 0xFF, 0xFF, 0xFF, 0xFF, 0xFF, 0xFF, 0xFF,
    0x16, 0x77, 0x71, 0x2E, 0x92, 0x3E, 0x92, 0x3E, 0x92, 0x3E, 0x92, 0x3E, 0x92, 0x3E, 0x92, 0x3E, 0x92, 0x3E, 0x92,
    0x3E, 0x92, 0x3E, 0x92, 0x3E, 0x92, 0x3E, 0x92, 0x3E, 0x92, 0x3E, 0x92, 0x3E, 0x92, 0x3E, 0x92, 0x3E, 0x92, 0x3E,
    0x92, 0x3E, 0x92, 0x3E, 0x92, 0x3E, 0x92, 0x3E, 0x92, 0x3E, 0x92, 0x3E, 0x92, 0x3E, 0x92, 0x3E, 0x92, 0x3E, 0x92,
    0x3E, 0x92, 0x3E, 0x92, 0x3E, 0x92, 0x3E, 0x92, 0x3E, 0x92, 0x3E, 0x92, 0x3E, 0x92, 0x3E, 0x92, 0x3E, 0x92, 0x3E,
    0x92, 0x3E, 0x92, 0x3E, 0x92, 0x3E, 0x92, 0x3E, 0x92, 0x3E, 0x92, 0x3E, 0x92, 0x3E, 0x92, 0x3E, 0x92, 0x3E, 0x92,
    0x3E, 0x92, 0x3E, 0x92, 0x3E, 0x92, 0x3E, 0x92, 0x3E, 0x92, 0x3E, 0x92, 0x3E, 0x92, 0x3E, 0x92, 0x3E, 0x92, 0x3E,
    0x92, 0x3E, 0x92, 0x3E, 0x92, 0x3E, 0x92, 0x3E, 0x92, 0x3E, 0xD2, 0x3E, 0x8F, 0x2D, 0x05, 0x0A, 0x25, 0x0A, 0xE5,
    0x09, 0xC4, 0x09, 0xA4, 0x09, 0x63, 0x09, 0x43, 0x09, 0x23, 0x09, 0x02, 0x01, 0xE2, 0x00, 0xC2, 0x00, 0xC2, 0x00,
    0xA1, 0x00, 0x81, 0x00, 0x81, 0x00, 0x61, 0x00, 0x40, 0x00, 0x40, 0x00, 0x20, 0x00, 0x20, 0x00, 0x20, 0x00, 0x20,
    0x00, 0x00, 0x00, 0x00, 0x00, 0x00, 0x00, 0x00, 0x00, 0x00, 0x00, 0x00, 0x00, 0x00, 0x00, 0x00, 0x00, 0x00, 0x00,
    0x00, 0x00, 0x00, 0x00, 0x00, 0x00, 0x20, 0x00, 0x20, 0x00, 0x20, 0x00, 0x40, 0x00, 0x40, 0x00, 0x60, 0x00, 0x61,
    0x00, 0x81, 0x00, 0x81, 0x00, 0xA1, 0x00, 0xC2, 0x00, 0xE2, 0x00, 0x02, 0x01, 0x23, 0x01, 0x43, 0x09, 0x63, 0x09,
    0x84, 0x09, 0xA4, 0x09, 0xC5, 0x09, 0x05, 0x0A, 0xE5, 0x09, 0x69, 0x1B, 0xB2, 0x3E, 0x92, 0x36, 0x92, 0x3E, 0x92,
    0x3E, 0x92, 0x3E, 0x92, 0x3E, 0x92, 0x3E, 0x92, 0x3E, 0x92, 0x3E, 0x92, 0x3E, 0x92, 0x3E, 0x92, 0x3E, 0x92, 0x3E,
    0x92, 0x3E, 0x92, 0x3E, 0x92, 0x3E, 0x92, 0x3E, 0x92, 0x3E, 0x92, 0x3E, 0x92, 0x3E, 0x92, 0x3E, 0x92, 0x3E, 0x92,
    0x3E, 0x92, 0x3E, 0x92, 0x3E, 0x92, 0x3E, 0x92, 0x3E, 0x92, 0x3E, 0x92, 0x3E, 0x92, 0x3E, 0x92, 0x3E, 0x92, 0x3E,
    0x92, 0x3E, 0x92, 0x3E, 0x92, 0x3E, 0x92, 0x3E, 0x92, 0x3E, 0x92, 0x3E, 0x92, 0x3E, 0x92, 0x3E, 0x92, 0x3E, 0x92,
    0x3E, 0x92, 0x3E, 0x92, 0x3E, 0x92, 0x3E, 0x92, 0x3E, 0x92, 0x3E, 0x92, 0x3E, 0x92, 0x3E, 0x92, 0x3E, 0x92, 0x3E,
    0x92, 0x3E, 0x92, 0x3E, 0x92, 0x3E, 0x92, 0x3E, 0x92, 0x3E, 0x92, 0x3E, 0x92, 0x3E, 0x92, 0x3E, 0x92, 0x3E, 0x92,
    0x3E, 0x92, 0x3E, 0x92, 0x3E, 0x92, 0x3E, 0x92, 0x3E, 0x92, 0x36, 0x92, 0x46, 0xDE, 0xEF, 0xFF, 0xFF, 0xFF, 0xFF,
    0xFF, 0xFF, 0xFF, 0xFF, 0xFF, 0xFF, 0xFF, 0xFF, 0xFF, 0xFF, 0xFF, 0xFF, 0xFF, 0xFF, 0xFF, 0xFF, 0xFF, 0xFF, 0xFF,
    0xFF, 0xD4, 0x5E, 0x91, 0x36, 0x92, 0x3E, 0x92, 0x3E, 0x92, 0x3E, 0x92, 0x3E, 0x92, 0x3E, 0x92, 0x3E, 0x92, 0x3E,
    0x92, 0x3E, 0x92, 0x3E, 0x92, 0x3E, 0x92, 0x3E, 0x92, 0x3E, 0x92, 0x3E, 0x92, 0x3E, 0x92, 0x3E, 0x92, 0x3E, 0x92,
    0x3E, 0x92, 0x3E, 0x92, 0x3E, 0x92, 0x3E, 0x92, 0x3E, 0x92, 0x3E, 0x92, 0x3E, 0x92, 0x3E, 0x92, 0x3E, 0x92, 0x3E,
    0x92, 0x3E, 0x92, 0x3E, 0x92, 0x3E, 0x92, 0x3E, 0x92, 0x3E, 0x92, 0x3E, 0x92, 0x3E, 0x92, 0x3E, 0x92, 0x3E, 0x92,
    0x3E, 0x92, 0x3E, 0x92, 0x3E, 0x92, 0x3E, 0x92, 0x3E, 0x92, 0x3E, 0x92, 0x3E, 0x92, 0x3E, 0x92, 0x3E, 0x92, 0x3E,
    0x92, 0x3E, 0x92, 0x3E, 0x92, 0x3E, 0x92, 0x3E, 0x92, 0x3E, 0x92, 0x3E, 0x92, 0x3E, 0x92, 0x3E, 0x92, 0x3E, 0x92,
    0x3E, 0x92, 0x3E, 0x92, 0x3E, 0x92, 0x3E, 0x92, 0x3E, 0x92, 0x3E, 0x92, 0x36, 0xB2, 0x3E, 0x69, 0x1B, 0xE5, 0x09,
    0x05, 0x0A, 0xC5, 0x09, 0xA4, 0x09, 0x84, 0x09, 0x63, 0x09, 0x43, 0x09, 0x23, 0x01, 0x02, 0x01, 0xE2, 0x00, 0xC2,
    0x00, 0xA1, 0x00, 0x81, 0x00, 0x81, 0x00, 0x61, 0x00, 0x60, 0x00, 0x40, 0x00, 0x40, 0x00, 0x20, 0x00, 0x20, 0x00,
    0x20, 0x00, 0x00, 0x00, 0x00, 0x00, 0x00, 0x00, 0x00, 0x00, 0x00, 0x00, 0x00, 0x00, 0x00, 0x00, 0x00, 0x00, 0x00,
    0x00, 0x00, 0x00, 0x00, 0x00, 0x20, 0x00, 0x20, 0x00, 0x20, 0x00, 0x20, 0x00, 0x40, 0x00, 0x40, 0x00, 0x61, 0x00,
    0x61, 0x00, 0x81, 0x00, 0xA1, 0x00, 0xA2, 0x00, 0xC2, 0x00, 0xE2, 0x00, 0x02, 0x01, 0x23, 0x09, 0x43, 0x09, 0x63,
    0x09, 0xA4, 0x09, 0xC4, 0x09, 0xE5, 0x09, 0x25, 0x0A, 0x05, 0x0A, 0x0E, 0x2D, 0xD2, 0x3E, 0x71, 0x36, 0x92, 0x36,
    0x92, 0x36, 0x92, 0x36, 0x92, 0x36, 0x92, 0x36, 0x92, 0x36, 0x92, 0x36, 0x92, 0x36, 0x92, 0x36, 0x92, 0x36, 0x92,
    0x36, 0x92, 0x36, 0x92, 0x36, 0x92, 0x36, 0x92, 0x36, 0x92, 0x36, 0x92, 0x36, 0x92, 0x36, 0x92, 0x36, 0x92, 0x36,
    0x92, 0x36, 0x92, 0x36, 0x92, 0x36, 0x92, 0x36, 0x92, 0x36, 0x92, 0x36, 0x92, 0x36, 0x92, 0x36, 0x92, 0x36, 0x92,
    0x36, 0x92, 0x36, 0x92, 0x36, 0x92, 0x36, 0x92, 0x36, 0x92, 0x36, 0x92, 0x36, 0x92, 0x36, 0x92, 0x36, 0x92, 0x36,
    0x92, 0x36, 0x92, 0x36, 0x92, 0x36, 0x92, 0x36, 0x92, 0x36, 0x92, 0x36, 0x92, 0x36, 0x92, 0x36, 0x92, 0x36, 0x92,
    0x36, 0x92, 0x36, 0x92, 0x36, 0x92, 0x36, 0x92, 0x36, 0x92, 0x36, 0x92, 0x36, 0x92, 0x36, 0x92, 0x36, 0x92, 0x36,
    0x92, 0x36, 0x92, 0x36, 0x92, 0x36, 0x92, 0x36, 0x92, 0x3E, 0x71, 0x2E, 0xF5, 0x6E, 0xFF, 0xFF, 0xFF, 0xFF, 0xFF,
    0xFF, 0xFF, 0xFF, 0xFF, 0xFF, 0xFF, 0xFF, 0xFF, 0xFF, 0xFF, 0xFF, 0xFF, 0xFF, 0xFF, 0xFF, 0xFF, 0xFF, 0xFF, 0xFF,
    0xFF, 0xFF, 0xD5, 0x66, 0x71, 0x2E, 0x92, 0x3E, 0x92, 0x36, 0x92, 0x36, 0x92, 0x36, 0x92, 0x36, 0x92, 0x36, 0x92,
    0x36, 0x92, 0x36, 0x92, 0x36, 0x92, 0x36, 0x92, 0x36, 0x92, 0x36, 0x92, 0x36, 0x92, 0x36, 0x92, 0x36, 0x92, 0x36,
    0x92, 0x36, 0x92, 0x36, 0x92, 0x36, 0x92, 0x36, 0x92, 0x36, 0x92, 0x36, 0x92, 0x36, 0x92, 0x36, 0x92, 0x36, 0x92,
    0x36, 0x92, 0x36, 0x92, 0x36, 0x92, 0x36, 0x92, 0x36, 0x92, 0x36, 0x92, 0x36, 0x92, 0x36, 0x92, 0x36, 0x92, 0x36,
    0x92, 0x36, 0x92, 0x36, 0x92, 0x36, 0x92, 0x36, 0x92, 0x36, 0x92, 0x36, 0x92, 0x36, 0x92, 0x36, 0x92, 0x36, 0x92,
    0x36, 0x92, 0x36, 0x92, 0x36, 0x92, 0x36, 0x92, 0x36, 0x92, 0x36, 0x92, 0x36, 0x92, 0x36, 0x92, 0x36, 0x92, 0x36,
    0x92, 0x36, 0x92, 0x36, 0x92, 0x36, 0x92, 0x36, 0x92, 0x36, 0x92, 0x36, 0x71, 0x36, 0xD2, 0x3E, 0x0E, 0x2D, 0x05,
    0x0A, 0x25, 0x0A, 0xE5, 0x09, 0xC4, 0x09, 0xA4, 0x09, 0x63, 0x09, 0x43, 0x09, 0x23, 0x09, 0x02, 0x01, 0xE2, 0x00,
    0xC2, 0x00, 0xA2, 0x00, 0xA1, 0x00, 0x81, 0x00, 0x61, 0x00, 0x61, 0x00, 0x40, 0x00, 0x40, 0x00, 0x20, 0x00, 0x20,
    0x00, 0x20, 0x00, 0x20, 0x00, 0x00, 0x00, 0x00, 0x00, 0x00, 0x00, 0x00, 0x00, 0x00, 0x00, 0x00, 0x00, 0x00, 0x00,
    0x00, 0x00, 0x00, 0x00, 0x00, 0x00, 0x20, 0x00, 0x20, 0x00, 0x20, 0x00, 0x20, 0x00, 0x40, 0x00, 0x40, 0x00, 0x61,
    0x00, 0x81, 0x00, 0x81, 0x00, 0xA1, 0x00, 0xC2, 0x00, 0xC2, 0x00, 0xE2, 0x00, 0x02, 0x01, 0x23, 0x09, 0x63, 0x09,
    0x84, 0x09, 0xA4, 0x09, 0xC4, 0x09, 0x05, 0x0A, 0x05, 0x0A, 0xA7, 0x12, 0x71, 0x36, 0x92, 0x3E, 0x72, 0x36, 0x92,
    0x36, 0x92, 0x36, 0x92, 0x36, 0x92, 0x36, 0x92, 0x36, 0x92, 0x36, 0x92, 0x36, 0x92, 0x36, 0x92, 0x36, 0x92, 0x36,
    0x92, 0x36, 0x92, 0x36, 0x92, 0x36, 0x92, 0x36, 0x92, 0x36, 0x92, 0x36, 0x92, 0x36, 0x92, 0x36, 0x92, 0x36, 0x92,
    0x36, 0x92, 0x36, 0x92, 0x36, 0x92, 0x36, 0x92, 0x36, 0x92, 0x36, 0x92, 0x36, 0x92, 0x36, 0x92, 0x36, 0x92, 0x36,
    0x92, 0x36, 0x92, 0x36, 0x92, 0x36, 0x92, 0x36, 0x92, 0x36, 0x92, 0x36, 0x92, 0x36, 0x92, 0x36, 0x92, 0x36, 0x92,
    0x36, 0x92, 0x36, 0x92, 0x36, 0x92, 0x36, 0x92, 0x36, 0x92, 0x36, 0x92, 0x36, 0x92, 0x36, 0x92, 0x36, 0x92, 0x36,
    0x92, 0x36, 0x92, 0x36, 0x92, 0x36, 0x92, 0x36, 0x92, 0x36, 0x92, 0x36, 0x92, 0x36, 0x92, 0x36, 0x92, 0x36, 0x92,
    0x36, 0x92, 0x36, 0x92, 0x36, 0x92, 0x36, 0x92, 0x36, 0x92, 0x3E, 0x71, 0x2E, 0x7B, 0xBF, 0xFF, 0xFF, 0xFF, 0xFF,
    0xFF, 0xFF, 0xFF, 0xFF, 0xFF, 0xFF, 0xFF, 0xFF, 0xFF, 0xFF, 0xFF, 0xFF, 0xFF, 0xFF, 0xFF, 0xFF, 0xFF, 0xFF, 0xFF,
    0xFF, 0xFF, 0xFF, 0x38, 0x9F, 0x71, 0x2E, 0x92, 0x3E, 0x92, 0x36, 0x92, 0x36, 0x92, 0x36, 0x92, 0x36, 0x92, 0x36,
    0x92, 0x36, 0x92, 0x36, 0x92, 0x36, 0x92, 0x36, 0x92, 0x36, 0x92, 0x36, 0x92, 0x36, 0x92, 0x36, 0x92, 0x36, 0x92,
    0x36, 0x92, 0x36, 0x92, 0x36, 0x92, 0x36, 0x92, 0x36, 0x92, 0x36, 0x92, 0x36, 0x92, 0x36, 0x92, 0x36, 0x92, 0x36,
    0x92, 0x36, 0x92, 0x36, 0x92, 0x36, 0x92, 0x36, 0x92, 0x36, 0x92, 0x36, 0x92, 0x36, 0x92, 0x36, 0x92, 0x36, 0x92,
    0x36, 0x92, 0x36, 0x92, 0x36, 0x92, 0x36, 0x92, 0x36, 0x92, 0x36, 0x92, 0x36, 0x92, 0x36, 0x92, 0x36, 0x92, 0x36,
    0x92, 0x36, 0x92, 0x36, 0x92, 0x36, 0x92, 0x36, 0x92, 0x36, 0x92, 0x36, 0x92, 0x36, 0x92, 0x36, 0x92, 0x36, 0x92,
    0x36, 0x92, 0x36, 0x92, 0x36, 0x92, 0x36, 0x92, 0x36, 0x92, 0x36, 0x92, 0x36, 0x72, 0x36, 0x92, 0x3E, 0x71, 0x36,
    0xA7, 0x12, 0x05, 0x0A, 0x05, 0x0A, 0xC4, 0x09, 0xA4, 0x09, 0x84, 0x09, 0x63, 0x09, 0x23, 0x09, 0x02, 0x01, 0xE2,
    0x00, 0xC2, 0x00, 0xC2, 0x00, 0xA1, 0x00, 0x81, 0x00, 0x81, 0x00, 0x61, 0x00, 0x40, 0x00, 0x40, 0x00, 0x20, 0x00,
    0x20, 0x00, 0x20, 0x00, 0x20, 0x00, 0x00, 0x00, 0x00, 0x00, 0x00, 0x00, 0x00, 0x00, 0x00, 0x00, 0x00, 0x00, 0x00,
    0x00, 0x00, 0x00, 0x00, 0x00, 0x00, 0x00, 0x20, 0x00, 0x20, 0x00, 0x20, 0x00, 0x20, 0x00, 0x40, 0x00, 0x40, 0x00,
    0x61, 0x00, 0x81, 0x00, 0x81, 0x00, 0xA1, 0x00, 0xC2, 0x00, 0xE2, 0x00, 0x02, 0x01, 0x23, 0x01, 0x43, 0x09, 0x63,
    0x09, 0x84, 0x09, 0xA4, 0x09, 0xE5, 0x09, 0x05, 0x0A, 0xE5, 0x09, 0x0B, 0x24, 0xD2, 0x3E, 0x71, 0x36, 0x92, 0x36,
    0x92, 0x36, 0x92, 0x36, 0x92, 0x36, 0x92, 0x36, 0x92, 0x36, 0x92, 0x36, 0x92, 0x36, 0x92, 0x36, 0x92, 0x36, 0x92,
    0x36, 0x92, 0x36, 0x92, 0x36, 0x92, 0x36, 0x92, 0x36, 0x92, 0x36, 0x92, 0x36, 0x92, 0x36, 0x92, 0x36, 0x92, 0x36,
    0x92, 0x36, 0x92, 0x36, 0x92, 0x36, 0x92, 0x36, 0x92, 0x36, 0x92, 0x36, 0x92, 0x36, 0x92, 0x36, 0x92, 0x36, 0x92,
    0x36, 0x92, 0x36, 0x92, 0x36, 0x92, 0x36, 0x92, 0x36, 0x92, 0x36, 0x92, 0x36, 0x92, 0x36, 0x92, 0x36, 0x92, 0x36,
    0x92, 0x36, 0x92, 0x36, 0x92, 0x36, 0x92, 0x36, 0x92, 0x36, 0x92, 0x36, 0x92, 0x36, 0x92, 0x36, 0x92, 0x36, 0x92,
    0x36, 0x92, 0x36, 0x92, 0x36, 0x92, 0x36, 0x92, 0x36, 0x92, 0x36, 0x92, 0x36, 0x92, 0x36, 0x92, 0x36, 0x92, 0x36,
    0x92, 0x36, 0x92, 0x36, 0x92, 0x36, 0x92, 0x36, 0x92, 0x3E, 0x71, 0x36, 0xB3, 0x4E, 0xFF, 0xF7, 0xFF, 0xFF, 0xFF,
    0xFF, 0xFF, 0xFF, 0xFF, 0xFF, 0xFF, 0xFF, 0xFF, 0xFF, 0xFF, 0xFF, 0xFF, 0xFF, 0xFF, 0xFF, 0xFF, 0xFF, 0xFF, 0xFF,
    0xFF, 0xFF, 0xFF, 0xFF, 0xBD, 0xD7, 0x71, 0x36, 0x92, 0x3E, 0x92, 0x36, 0x92, 0x36, 0x92, 0x36, 0x92, 0x36, 0x92,
    0x36, 0x92, 0x36, 0x92, 0x36, 0x92, 0x36, 0x92, 0x36, 0x92, 0x36, 0x92, 0x36, 0x92, 0x36, 0x92, 0x36, 0x92, 0x36,
    0x92, 0x36, 0x92, 0x36, 0x92, 0x36, 0x92, 0x36, 0x92, 0x36, 0x92, 0x36, 0x92, 0x36, 0x92, 0x36, 0x92, 0x36, 0x92,
    0x36, 0x92, 0x36, 0x92, 0x36, 0x92, 0x36, 0x92, 0x36, 0x92, 0x36, 0x92, 0x36, 0x92, 0x36, 0x92, 0x36, 0x92, 0x36,
    0x92, 0x36, 0x92, 0x36, 0x92, 0x36, 0x92, 0x36, 0x92, 0x36, 0x92, 0x36, 0x92, 0x36, 0x92, 0x36, 0x92, 0x36, 0x92,
    0x36, 0x92, 0x36, 0x92, 0x36, 0x92, 0x36, 0x92, 0x36, 0x92, 0x36, 0x92, 0x36, 0x92, 0x36, 0x92, 0x36, 0x92, 0x36,
    0x92, 0x36, 0x92, 0x36, 0x92, 0x36, 0x92, 0x36, 0x92, 0x36, 0x92, 0x36, 0x92, 0x36, 0x92, 0x36, 0x71, 0x36, 0xD2,
    0x3E, 0x0B, 0x24, 0xE5, 0x09, 0x05, 0x0A, 0xE5, 0x09, 0xA4, 0x09, 0x84, 0x09, 0x63, 0x09, 0x43, 0x09, 0x23, 0x01,
    0x02, 0x01, 0xE2, 0x00, 0xC2, 0x00, 0xA1, 0x00, 0x81, 0x00, 0x81, 0x00, 0x61, 0x00, 0x40, 0x00, 0x40, 0x00, 0x20,
    0x00, 0x20, 0x00, 0x20, 0x00, 0x20, 0x00, 0x00, 0x00, 0x00, 0x00, 0x00, 0x00, 0x00, 0x00, 0x00, 0x00, 0x00, 0x00,
    0x00, 0x00, 0x00, 0x00, 0x00, 0x00, 0x00, 0x00, 0x20, 0x00, 0x20, 0x00, 0x20, 0x00, 0x40, 0x00, 0x40, 0x00, 0x61,
    0x00, 0x61, 0x00, 0x81, 0x00, 0x81, 0x00, 0xA1, 0x00, 0xC2, 0x00, 0xE2, 0x00, 0x02, 0x01, 0x23, 0x09, 0x43, 0x09,
    0x63, 0x09, 0xA4, 0x09, 0xC4, 0x09, 0xE5, 0x09, 0x25, 0x0A, 0x05, 0x0A, 0x6F, 0x2D, 0xB2, 0x3E, 0x71, 0x36, 0x72,
    0x36, 0x72, 0x36, 0x72, 0x36, 0x72, 0x36, 0x72, 0x36, 0x72, 0x36, 0x72, 0x36, 0x72, 0x36, 0x72, 0x36, 0x72, 0x36,
    0x72, 0x36, 0x72, 0x36, 0x72, 0x36, 0x72, 0x36, 0x72, 0x36, 0x72, 0x36, 0x72, 0x36, 0x72, 0x36, 0x72, 0x36, 0x72,
    0x36, 0x72, 0x36, 0x72, 0x36, 0x72, 0x36, 0x72, 0x36, 0x72, 0x36, 0x72, 0x36, 0x72, 0x36, 0x72, 0x36, 0x72, 0x36,
    0x72, 0x36, 0x72, 0x36, 0x72, 0x36, 0x72, 0x36, 0x72, 0x36, 0x72, 0x36, 0x72, 0x36, 0x72, 0x36, 0x72, 0x36, 0x72,
    0x36, 0x72, 0x36, 0x72, 0x36, 0x72, 0x36, 0x72, 0x36, 0x72, 0x36, 0x72, 0x36, 0x72, 0x36, 0x72, 0x36, 0x72, 0x36,
    0x72, 0x36, 0x72, 0x36, 0x72, 0x36, 0x72, 0x36, 0x72, 0x36, 0x72, 0x36, 0x72, 0x36, 0x72, 0x36, 0x72, 0x36, 0x72,
    0x36, 0x72, 0x36, 0x72, 0x36, 0x72, 0x36, 0x72, 0x36, 0x92, 0x3E, 0x71, 0x2E, 0x38, 0x97, 0xFF, 0xFF, 0xFF, 0xFF,
    0xFF, 0xFF, 0xFF, 0xFF, 0xFF, 0xFF, 0xFF, 0xFF, 0xFF, 0xFF, 0xFF, 0xFF, 0xFF, 0xFF, 0xFF, 0xFF, 0xFF, 0xFF, 0xFF,
    0xFF, 0xFF, 0xFF, 0xFF, 0xFF, 0xFF, 0xFF, 0xD4, 0x5E, 0x71, 0x2E, 0x92, 0x3E, 0x72, 0x36, 0x72, 0x36, 0x72, 0x36,
    0x72, 0x36, 0x72, 0x36, 0x72, 0x36, 0x72, 0x36, 0x72, 0x36, 0x72, 0x36, 0x72, 0x36, 0x72, 0x36, 0x72, 0x36, 0x72,
    0x36, 0x72, 0x36, 0x72, 0x36, 0x72, 0x36, 0x72, 0x36, 0x72, 0x36, 0x72, 0x36, 0x72, 0x36, 0x72, 0x36, 0x72, 0x36,
    0x72, 0x36, 0x72, 0x36, 0x72, 0x36, 0x72, 0x36, 0x72, 0x36, 0x72, 0x36, 0x72, 0x36, 0x72, 0x36, 0x72, 0x36, 0x72,
    0x36, 0x72, 0x36, 0x72, 0x36, 0x72, 0x36, 0x72, 0x36, 0x72, 0x36, 0x72, 0x36, 0x72, 0x36, 0x72, 0x36, 0x72, 0x36,
    0x72, 0x36, 0x72, 0x36, 0x72, 0x36, 0x72, 0x36, 0x72, 0x36, 0x72, 0x36, 0x72, 0x36, 0x72, 0x36, 0x72, 0x36, 0x72,
    0x36, 0x72, 0x36, 0x72, 0x36, 0x72, 0x36, 0x72, 0x36, 0x72, 0x36, 0x72, 0x36, 0x72, 0x36, 0x72, 0x36, 0x71, 0x36,
    0xB2, 0x3E, 0x6F, 0x2D, 0x05, 0x0A, 0x25, 0x0A, 0xE5, 0x09, 0xC4, 0x09, 0xA4, 0x09, 0x63, 0x09, 0x43, 0x09, 0x23,
    0x09, 0x02, 0x01, 0xE2, 0x00, 0xC2, 0x00, 0xA1, 0x00, 0x81, 0x00, 0x81, 0x00, 0x61, 0x00, 0x61, 0x00, 0x40, 0x00,
    0x40, 0x00, 0x20, 0x00, 0x20, 0x00, 0x20, 0x00, 0x00, 0x00, 0x00, 0x00, 0x00, 0x00, 0x00, 0x00, 0x00, 0x00, 0x00,
    0x00, 0x00, 0x00, 0x00, 0x00, 0x00, 0x00, 0x00, 0x00, 0x20, 0x00, 0x20, 0x00, 0x20, 0x00, 0x40, 0x00, 0x40, 0x00,
    0x61, 0x00, 0x61, 0x00, 0x81, 0x00, 0xA1, 0x00, 0xC2, 0x00, 0xC2, 0x00, 0xE2, 0x00, 0x02, 0x01, 0x23, 0x09, 0x63,
    0x09, 0x84, 0x09, 0xA4, 0x09, 0xC4, 0x09, 0x05, 0x0A, 0x05, 0x0A, 0xA7, 0x12, 0x51, 0x36, 0x92, 0x36, 0x72, 0x36,
    0x72, 0x36, 0x72, 0x36, 0x72, 0x36, 0x72, 0x36, 0x72, 0x36, 0x72, 0x36, 0x72, 0x36, 0x72, 0x36, 0x72, 0x36, 0x72,
    0x36, 0x72, 0x36, 0x72, 0x36, 0x72, 0x36, 0x72, 0x36, 0x72, 0x36, 0x72, 0x36, 0x72, 0x36, 0x72, 0x36, 0x72, 0x36,
    0x72, 0x36, 0x72, 0x36, 0x72, 0x36, 0x72, 0x36, 0x72, 0x36, 0x72, 0x36, 0x72, 0x36, 0x72, 0x36, 0x72, 0x36, 0x72,
    0x36, 0x72, 0x36, 0x72, 0x36, 0x72, 0x36, 0x72, 0x36, 0x72, 0x36, 0x72, 0x36, 0x72, 0x36, 0x72, 0x36, 0x72, 0x36,
    0x72, 0x36, 0x72, 0x36, 0x72, 0x36, 0x72, 0x36, 0x72, 0x36, 0x72, 0x36, 0x72, 0x36, 0x72, 0x36, 0x72, 0x36, 0x72,
    0x36, 0x72, 0x36, 0x72, 0x36, 0x72, 0x36, 0x72, 0x36, 0x72, 0x36, 0x72, 0x36, 0x72, 0x36, 0x72, 0x36, 0x72, 0x36,
    0x72, 0x36, 0x72, 0x36, 0x72, 0x36, 0x72, 0x36, 0x72, 0x36, 0x71, 0x36, 0x72, 0x3E, 0xDD, 0xDF, 0xFF, 0xFF, 0xFF,
    0xFF, 0xFF, 0xFF, 0xFF, 0xFF, 0xFF, 0xFF, 0xFF, 0xFF, 0xFF, 0xFF, 0xFF, 0xFF, 0xFF, 0xFF, 0xFF, 0xFF, 0xFF, 0xFF,
    0xFF, 0xFF, 0xFF, 0xFF, 0xFF, 0xFF, 0xFF, 0xFF, 0x39, 0x9F, 0x71, 0x2E, 0x92, 0x3E, 0x72, 0x36, 0x72, 0x36, 0x72,
    0x36, 0x72, 0x36, 0x72, 0x36, 0x72, 0x36, 0x72, 0x36, 0x72, 0x36, 0x72, 0x36, 0x72, 0x36, 0x72, 0x36, 0x72, 0x36,
    0x72, 0x36, 0x72, 0x36, 0x72, 0x36, 0x72, 0x36, 0x72, 0x36, 0x72, 0x36, 0x72, 0x36, 0x72, 0x36, 0x72, 0x36, 0x72,
    0x36, 0x72, 0x36, 0x72, 0x36, 0x72, 0x36, 0x72, 0x36, 0x72, 0x36, 0x72, 0x36, 0x72, 0x36, 0x72, 0x36, 0x72, 0x36,
    0x72, 0x36, 0x72, 0x36, 0x72, 0x36, 0x72, 0x36, 0x72, 0x36, 0x72, 0x36, 0x72, 0x36, 0x72, 0x36, 0x72, 0x36, 0x72,
    0x36, 0x72, 0x36, 0x72, 0x36, 0x72, 0x36, 0x72, 0x36, 0x72, 0x36, 0x72, 0x36, 0x72, 0x36, 0x72, 0x36, 0x72, 0x36,
    0x72, 0x36, 0x72, 0x36, 0x72, 0x36, 0x72, 0x36, 0x72, 0x36, 0x72, 0x36, 0x72, 0x36, 0x72, 0x36, 0x72, 0x36, 0x72,
    0x36, 0x92, 0x36, 0x51, 0x36, 0xA7, 0x12, 0x05, 0x0A, 0x05, 0x0A, 0xC4, 0x09, 0xA4, 0x09, 0x84, 0x09, 0x63, 0x09,
    0x23, 0x09, 0x02, 0x01, 0xE2, 0x00, 0xC2, 0x00, 0xC2, 0x00, 0xA1, 0x00, 0x81, 0x00, 0x61, 0x00, 0x61, 0x00, 0x40,
    0x00, 0x40, 0x00, 0x20, 0x00, 0x20, 0x00, 0x20, 0x00, 0x00, 0x00, 0x00, 0x00, 0x00, 0x00, 0x00, 0x00, 0x00, 0x00,
    0x00, 0x00, 0x00, 0x00, 0x00, 0x00, 0x00, 0x00, 0x20, 0x00, 0x20, 0x00, 0x20, 0x00, 0x20, 0x00, 0x40, 0x00, 0x40,
    0x00, 0x61, 0x00, 0x81, 0x00, 0x81, 0x00, 0xA1, 0x00, 0xC2, 0x00, 0xE2, 0x00, 0x02, 0x01, 0x23, 0x01, 0x43, 0x09,
    0x63, 0x09, 0x84, 0x09, 0xA4, 0x09, 0xE5, 0x09, 0x05, 0x0A, 0xE5, 0x09, 0xEA, 0x1B, 0xB2, 0x3E, 0x71, 0x36, 0x71,
    0x36, 0x71, 0x36, 0x71, 0x36, 0x71, 0x36, 0x71, 0x36, 0x71, 0x36, 0x71, 0x36, 0x71, 0x36, 0x71, 0x36, 0x71, 0x36,
    0x71, 0x36, 0x71, 0x36, 0x71, 0x36, 0x71, 0x36, 0x71, 0x36, 0x71, 0x36, 0x71, 0x36, 0x71, 0x36, 0x71, 0x36, 0x71,
    0x36, 0x71, 0x36, 0x71, 0x36, 0x71, 0x36, 0x71, 0x36, 0x71, 0x36, 0x71, 0x36, 0x71, 0x36, 0x71, 0x36, 0x71, 0x36,
    0x71, 0x36, 0x71, 0x36, 0x71, 0x36, 0x71, 0x36, 0x71, 0x36, 0x71, 0x36, 0x71, 0x36, 0x71, 0x36, 0x71, 0x36, 0x71,
    0x36, 0x71, 0x36, 0x71, 0x36, 0x71, 0x36, 0x71, 0x36, 0x71, 0x36, 0x71, 0x36, 0x71, 0x36, 0x71, 0x36, 0x71, 0x36,
    0x71, 0x36, 0x71, 0x36, 0x71, 0x36, 0x71, 0x36, 0x71, 0x36, 0x71, 0x36, 0x71, 0x36, 0x71, 0x36, 0x71, 0x36, 0x71,
    0x36, 0x71, 0x36, 0x71, 0x36, 0x71, 0x36, 0x71, 0x36, 0x72, 0x3E, 0x71, 0x2E, 0xF6, 0x76, 0xFF, 0xFF, 0xFF, 0xFF,
    0xFF, 0xFF, 0xFF, 0xFF, 0xFF, 0xFF, 0xFF, 0xFF, 0xFF, 0xFF, 0xFF, 0xFF, 0xFF, 0xFF, 0xFF, 0xFF, 0xFF, 0xFF, 0xFF,
    0xFF, 0xFF, 0xFF, 0xFF, 0xFF, 0xFF, 0xFF, 0xFF, 0xFF, 0xDD, 0xE7, 0x72, 0x3E, 0x71, 0x36, 0x71, 0x36, 0x71, 0x36,
    0x71, 0x36, 0x71, 0x36, 0x71, 0x36, 0x71, 0x36, 0x71, 0x36, 0x71, 0x36, 0x71, 0x36, 0x71, 0x36, 0x71, 0x36, 0x71,
    0x36, 0x71, 0x36, 0x71, 0x36, 0x71, 0x36, 0x71, 0x36, 0x71, 0x36, 0x71, 0x36, 0x71, 0x36, 0x71, 0x36, 0x71, 0x36,
    0x71, 0x36, 0x71, 0x36, 0x71, 0x36, 0x71, 0x36, 0x71, 0x36, 0x71, 0x36, 0x71, 0x36, 0x71, 0x36, 0x71, 0x36, 0x71,
    0x36, 0x71, 0x36, 0x71, 0x36, 0x71, 0x36, 0x71, 0x36, 0x71, 0x36, 0x71, 0x36, 0x71, 0x36, 0x71, 0x36, 0x71, 0x36,
    0x71, 0x36, 0x71, 0x36, 0x71, 0x36, 0x71, 0x36, 0x71, 0x36, 0x71, 0x36, 0x71, 0x36, 0x71, 0x36, 0x71, 0x36, 0x71,
    0x36, 0x71, 0x36, 0x71, 0x36, 0x71, 0x36, 0x71, 0x36, 0x71, 0x36, 0x71, 0x36, 0x71, 0x36, 0x71, 0x36, 0x71, 0x36,
    0x71, 0x36, 0x71, 0x36, 0xB2, 0x3E, 0xEA, 0x1B, 0xE5, 0x09, 0x05, 0x0A, 0xE5, 0x09, 0xA4, 0x09, 0x84, 0x09, 0x63,
    0x09, 0x43, 0x09, 0x23, 0x01, 0x02, 0x01, 0xE2, 0x00, 0xC2, 0x00, 0xA1, 0x00, 0x81, 0x00, 0x81, 0x00, 0x61, 0x00,
    0x40, 0x00, 0x40, 0x00, 0x20, 0x00, 0x20, 0x00, 0x20, 0x00, 0x20, 0x00, 0x00, 0x00, 0x00, 0x00, 0x00, 0x00, 0x00,
    0x00, 0x00, 0x00, 0x00, 0x00, 0x00, 0x00, 0x00, 0x00, 0x20, 0x00, 0x20, 0x00, 0x20, 0x00, 0x20, 0x00, 0x40, 0x00,
    0x40, 0x00, 0x61, 0x00, 0x81, 0x00, 0x81, 0x00, 0xA1, 0x00, 0xC2, 0x00, 0xE2, 0x00, 0x02, 0x01, 0x23, 0x01, 0x43,
    0x09, 0x63, 0x09, 0x84, 0x09, 0xC4, 0x09, 0xE5, 0x09, 0x25, 0x0A, 0x05, 0x0A, 0xED, 0x24, 0xB2, 0x3E, 0x71, 0x36,
    0x71, 0x36, 0x71, 0x36, 0x71, 0x36, 0x71, 0x36, 0x71, 0x36, 0x71, 0x36, 0x71, 0x36, 0x71, 0x36, 0x71, 0x36, 0x71,
    0x36, 0x71, 0x36, 0x71, 0x36, 0x71, 0x36, 0x71, 0x36, 0x71, 0x36, 0x71, 0x36, 0x71, 0x36, 0x71, 0x36, 0x71, 0x36,
    0x71, 0x36, 0x71, 0x36, 0x71, 0x36, 0x71, 0x36, 0x71, 0x36, 0x71, 0x36, 0x71, 0x36, 0x71, 0x36, 0x71, 0x36, 0x71,
    0x36, 0x71, 0x36, 0x71, 0x36, 0x71, 0x36, 0x71, 0x36, 0x71, 0x36, 0x71, 0x36, 0x71, 0x36, 0x71, 0x36, 0x71, 0x36,
    0x71, 0x36, 0x71, 0x36, 0x71, 0x36, 0x71, 0x36, 0x71, 0x36, 0x71, 0x36, 0x71, 0x36, 0x71, 0x36, 0x71, 0x36, 0x71,
    0x36, 0x71, 0x36, 0x71, 0x36, 0x71, 0x36, 0x71, 0x36, 0x71, 0x36, 0x71, 0x36, 0x71, 0x36, 0x71, 0x36, 0x71, 0x36,
    0x71, 0x36, 0x71, 0x36, 0x71, 0x36, 0x71, 0x36, 0x71, 0x36, 0x72, 0x36, 0x71, 0x2E, 0x9B, 0xC7, 0xFF, 0xFF, 0xFF,
    0xFF, 0xFF, 0xFF, 0xFF, 0xFF, 0xFF, 0xFF, 0xFF, 0xFF, 0xFF, 0xFF, 0xFF, 0xFF, 0xFF, 0xFF, 0xFF, 0xFF, 0xFF, 0xFF,
    0xFF, 0xFF, 0xFF, 0xFF, 0xFF, 0xFF, 0xFF, 0xFF, 0xFF, 0xFF, 0xFF, 0xFF, 0xD5, 0x6E, 0x51, 0x2E, 0x72, 0x3E, 0x71,
    0x36, 0x71, 0x36, 0x71, 0x36, 0x71, 0x36, 0x71, 0x36, 0x71, 0x36, 0x71, 0x36, 0x71, 0x36, 0x71, 0x36, 0x71, 0x36,
    0x71, 0x36, 0x71, 0x36, 0x71, 0x36, 0x71, 0x36, 0x71, 0x36, 0x71, 0x36, 0x71, 0x36, 0x71, 0x36, 0x71, 0x36, 0x71,
    0x36, 0x71, 0x36, 0x71, 0x36, 0x71, 0x36, 0x71, 0x36, 0x71, 0x36, 0x71, 0x36, 0x71, 0x36, 0x71, 0x36, 0x71, 0x36,
    0x71, 0x36, 0x71, 0x36, 0x71, 0x36, 0x71, 0x36, 0x71, 0x36, 0x71, 0x36, 0x71, 0x36, 0x71, 0x36, 0x71, 0x36, 0x71,
    0x36, 0x71, 0x36, 0x71, 0x36, 0x71, 0x36, 0x71, 0x36, 0x71, 0x36, 0x71, 0x36, 0x71, 0x36, 0x71, 0x36, 0x71, 0x36,
    0x71, 0x36, 0x71, 0x36, 0x71, 0x36, 0x71, 0x36, 0x71, 0x36, 0x71, 0x36, 0x71, 0x36, 0x71, 0x36, 0x71, 0x36, 0x71,
    0x36, 0x71, 0x36, 0x71, 0x36, 0xB2, 0x3E, 0xED, 0x24, 0x05, 0x0A, 0x25, 0x0A, 0xE5, 0x09, 0xC4, 0x09, 0x84, 0x09,
    0x63, 0x09, 0x43, 0x09, 0x23, 0x01, 0x02, 0x01, 0xE2, 0x00, 0xC2, 0x00, 0xA1, 0x00, 0x81, 0x00, 0x81, 0x00, 0x61,
    0x00, 0x40, 0x00, 0x40, 0x00, 0x20, 0x00, 0x20, 0x00, 0x20, 0x00, 0x20, 0x00, 0x00, 0x00, 0x00, 0x00, 0x00, 0x00,
    0x00, 0x00, 0x00, 0x00, 0x00, 0x00, 0x00, 0x00, 0x00, 0x00, 0x20, 0x00, 0x20, 0x00, 0x20, 0x00, 0x40, 0x00, 0x40,
    0x00, 0x41, 0x00, 0x61, 0x00, 0x81, 0x00, 0x81, 0x00, 0xA1, 0x00, 0xC2, 0x00, 0xE2, 0x00, 0x02, 0x01, 0x23, 0x09,
    0x43, 0x09, 0x63, 0x09, 0xA4, 0x09, 0xC4, 0x09, 0xE5, 0x09, 0x25, 0x0A, 0x46, 0x12, 0xD0, 0x35, 0x92, 0x36, 0x71,
    0x36, 0x71, 0x36, 0x71, 0x36, 0x71, 0x36, 0x71, 0x36, 0x71, 0x36, 0x71, 0x36, 0x71, 0x36, 0x71, 0x36, 0x71, 0x36,
    0x71, 0x36, 0x71, 0x36, 0x71, 0x36, 0x71, 0x36, 0x71, 0x36, 0x71, 0x36, 0x71, 0x36, 0x71, 0x36, 0x71, 0x36, 0x71,
    0x36, 0x71, 0x36, 0x71, 0x36, 0x71, 0x36, 0x71, 0x36, 0x71, 0x36, 0x71, 0x36, 0x71, 0x36, 0x71, 0x36, 0x71, 0x36,
    0x71, 0x36, 0x71, 0x36, 0x71, 0x36, 0x71, 0x36, 0x71, 0x36, 0x71, 0x36, 0x71, 0x36, 0x71, 0x36, 0x71, 0x36, 0x71,
    0x36, 0x71, 0x36, 0x71, 0x36, 0x71, 0x36, 0x71, 0x36, 0x71, 0x36, 0x71, 0x36, 0x71, 0x36, 0x71, 0x36, 0x71, 0x36,
    0x71, 0x36, 0x71, 0x36, 0x71, 0x36, 0x71, 0x36, 0x71, 0x36, 0x71, 0x36, 0x71, 0x36, 0x71, 0x36, 0x71, 0x36, 0x71,
    0x36, 0x71, 0x36, 0x71, 0x36, 0x71, 0x36, 0x71, 0x36, 0x71, 0x36, 0x51, 0x2E, 0xB4, 0x5E, 0xFF, 0xFF, 0xFF, 0xFF,
    0xFF, 0xFF, 0xFF, 0xFF, 0xFF, 0xFF, 0xFF, 0xFF, 0xFF, 0xFF, 0xFF, 0xFF, 0xFF, 0xFF, 0xFF, 0xFF, 0xFF, 0xFF, 0xFF,
    0xFF, 0xFF, 0xFF, 0xFF, 0xFF, 0xFF, 0xFF, 0xFF, 0xFF, 0xFF, 0xFF, 0xFF, 0xFF, 0x7A, 0xB7, 0x50, 0x2E, 0x72, 0x3E,
    0x71, 0x36, 0x71, 0x36, 0x71, 0x36, 0x71, 0x36, 0x71, 0x36, 0x71, 0x36, 0x71, 0x36, 0x71, 0x36, 0x71, 0x36, 0x71,
    0x36, 0x71, 0x36, 0x71, 0x36, 0x71, 0x36, 0x71, 0x36, 0x71, 0x36, 0x71, 0x36, 0x71, 0x36, 0x71, 0x36, 0x71, 0x36,
    0x71, 0x36, 0x71, 0x36, 0x71, 0x36, 0x71, 0x36, 0x71, 0x36, 0x71, 0x36, 0x71, 0x36, 0x71, 0x36, 0x71, 0x36, 0x71,
    0x36, 0x71, 0x36, 0x71, 0x36, 0x71, 0x36, 0x71, 0x36, 0x71, 0x36, 0x71, 0x36, 0x71, 0x36, 0x71, 0x36, 0x71, 0x36,
    0x71, 0x36, 0x71, 0x36, 0x71, 0x36, 0x71, 0x36, 0x71, 0x36, 0x71, 0x36, 0x71, 0x36, 0x71, 0x36, 0x71, 0x36, 0x71,
    0x36, 0x71, 0x36, 0x71, 0x36, 0x71, 0x36, 0x71, 0x36, 0x71, 0x36, 0x71, 0x36, 0x71, 0x36, 0x71, 0x36, 0x71, 0x36,
    0x71, 0x36, 0x71, 0x36, 0x71, 0x36, 0x92, 0x36, 0xD0, 0x35, 0x46, 0x12, 0x25, 0x0A, 0xE5, 0x09, 0xC4, 0x09, 0xA4,
    0x09, 0x63, 0x09, 0x43, 0x09, 0x23, 0x09, 0x02, 0x01, 0xE2, 0x00, 0xC2, 0x00, 0xA1, 0x00, 0x81, 0x00, 0x81, 0x00,
    0x61, 0x00, 0x41, 0x00, 0x40, 0x00, 0x40, 0x00, 0x20, 0x00, 0x20, 0x00, 0x20, 0x00, 0x00, 0x00, 0x00, 0x00, 0x00,
    0x00, 0x00, 0x00, 0x00, 0x00, 0x00, 0x00, 0x00, 0x00, 0x00, 0x00, 0x20, 0x00, 0x20, 0x00, 0x20, 0x00, 0x40, 0x00,
    0x40, 0x00, 0x61, 0x00, 0x61, 0x00, 0x81, 0x00, 0xA1, 0x00, 0xA2, 0x00, 0xC2, 0x00, 0xE2, 0x00, 0x02, 0x01, 0x23,
    0x09, 0x43, 0x09, 0x84, 0x09, 0xA4, 0x09, 0xC4, 0x09, 0x05, 0x0A, 0x05, 0x0A, 0xC7, 0x12, 0x51, 0x36, 0x71, 0x36,
    0x71, 0x36, 0x71, 0x36, 0x71, 0x36, 0x71, 0x36, 0x71, 0x36, 0x71, 0x36, 0x71, 0x36, 0x71, 0x36, 0x71, 0x36, 0x71,
    0x36, 0x71, 0x36, 0x71, 0x36, 0x71, 0x36, 0x71, 0x36, 0x71, 0x36, 0x71, 0x36, 0x71, 0x36, 0x71, 0x36, 0x71, 0x36,
    0x71, 0x36, 0x71, 0x36, 0x71, 0x36, 0x71, 0x36, 0x71, 0x36, 0x71, 0x36, 0x71, 0x36, 0x71, 0x36, 0x71, 0x36, 0x71,
    0x36, 0x71, 0x36, 0x71, 0x36, 0x71, 0x36, 0x71, 0x36, 0x71, 0x36, 0x71, 0x36, 0x71, 0x36, 0x71, 0x36, 0x71, 0x36,
    0x71, 0x36, 0x71, 0x36, 0x71, 0x36, 0x71, 0x36, 0x71, 0x36, 0x71, 0x36, 0x71, 0x36, 0x71, 0x36, 0x71, 0x36, 0x71,
    0x36, 0x71, 0x36, 0x71, 0x36, 0x71, 0x36, 0x71, 0x36, 0x71, 0x36, 0x71, 0x36, 0x71, 0x36, 0x71, 0x36, 0x71, 0x36,
    0x71, 0x36, 0x71, 0x36, 0x71, 0x36, 0x71, 0x36, 0x71, 0x36, 0x72, 0x3E, 0x50, 0x2E, 0x59, 0xAF, 0xFF, 0xFF, 0xFF,
    0xFF, 0xFF, 0xFF, 0xFF, 0xFF, 0xFF, 0xFF, 0xFF, 0xFF, 0xFF, 0xFF, 0xFF, 0xFF, 0xFF, 0xFF, 0xFF, 0xFF, 0xFF, 0xFF,
    0xFF, 0xFF, 0xFF, 0xFF, 0xFF, 0xFF, 0xFF, 0xFF, 0xFF, 0xFF, 0xFF, 0xFF, 0xFF, 0xFF, 0xFF, 0xF7, 0x93, 0x46, 0x71,
    0x36, 0x71, 0x36, 0x71, 0x36, 0x71, 0x36, 0x71, 0x36, 0x71, 0x36, 0x71, 0x36, 0x71, 0x36, 0x71, 0x36, 0x71, 0x36,
    0x71, 0x36, 0x71, 0x36, 0x71, 0x36, 0x71, 0x36, 0x71, 0x36, 0x71, 0x36, 0x71, 0x36, 0x71, 0x36, 0x71, 0x36, 0x71,
    0x36, 0x71, 0x36, 0x71, 0x36, 0x71, 0x36, 0x71, 0x36, 0x71, 0x36, 0x71, 0x36, 0x71, 0x36, 0x71, 0x36, 0x71, 0x36,
    0x71, 0x36, 0x71, 0x36, 0x71, 0x36, 0x71, 0x36, 0x71, 0x36, 0x71, 0x36, 0x71, 0x36, 0x71, 0x36, 0x71, 0x36, 0x71,
    0x36, 0x71, 0x36, 0x71, 0x36, 0x71, 0x36, 0x71, 0x36, 0x71, 0x36, 0x71, 0x36, 0x71, 0x36, 0x71, 0x36, 0x71, 0x36,
    0x71, 0x36, 0x71, 0x36, 0x71, 0x36, 0x71, 0x36, 0x71, 0x36, 0x71, 0x36, 0x71, 0x36, 0x71, 0x36, 0x71, 0x36, 0x71,
    0x36, 0x71, 0x36, 0x71, 0x36, 0x71, 0x36, 0x71, 0x36, 0x51, 0x36, 0xC7, 0x12, 0x05, 0x0A, 0x05, 0x0A, 0xC4, 0x09,
    0xA4, 0x09, 0x84, 0x09, 0x43, 0x09, 0x23, 0x09, 0x02, 0x01, 0xE2, 0x00, 0xC2, 0x00, 0xA2, 0x00, 0xA1, 0x00, 0x81,
    0x00, 0x61, 0x00, 0x61, 0x00, 0x40, 0x00, 0x40, 0x00, 0x20, 0x00, 0x20, 0x00, 0x20, 0x00, 0x00, 0x00, 0x00, 0x00,
    0x00, 0x00, 0x00, 0x00, 0x00, 0x00, 0x00, 0x00, 0x00, 0x00, 0x00, 0x00, 0x20, 0x00, 0x20, 0x00, 0x20, 0x00, 0x40,
    0x00, 0x40, 0x00, 0x61, 0x00, 0x61, 0x00, 0x81, 0x00, 0xA1, 0x00, 0xC2, 0x00, 0xC2, 0x00, 0xE2, 0x00, 0x02, 0x01,
    0x43, 0x09, 0x63, 0x09, 0x84, 0x09, 0xA4, 0x09, 0xE5, 0x09, 0x05, 0x0A, 0x05, 0x0A, 0x89, 0x1B, 0x92, 0x36, 0x51,
    0x36, 0x71, 0x36, 0x71, 0x36, 0x71, 0x36, 0x71, 0x36, 0x71, 0x36, 0x71, 0x36, 0x71, 0x36, 0x71, 0x36, 0x71, 0x36,
    0x71, 0x36, 0x71, 0x36, 0x71, 0x36, 0x71, 0x36, 0x71, 0x36, 0x71, 0x36, 0x71, 0x36, 0x71, 0x36, 0x71, 0x36, 0x71,
    0x36, 0x71, 0x36, 0x71, 0x36, 0x71, 0x36, 0x71, 0x36, 0x71, 0x36, 0x71, 0x36, 0x71, 0x36, 0x71, 0x36, 0x71, 0x36,
    0x71, 0x36, 0x71, 0x36, 0x71, 0x36, 0x71, 0x36, 0x71, 0x36, 0x71, 0x36, 0x71, 0x36, 0x71, 0x36, 0x71, 0x36, 0x71,
    0x36, 0x71, 0x36, 0x71, 0x36, 0x71, 0x36, 0x71, 0x36, 0x71, 0x36, 0x71, 0x36, 0x71, 0x36, 0x71, 0x36, 0x71, 0x36,
    0x71, 0x36, 0x71, 0x36, 0x71, 0x36, 0x71, 0x36, 0x71, 0x36, 0x71, 0x36, 0x71, 0x36, 0x71, 0x36, 0x71, 0x36, 0x71,
    0x36, 0x71, 0x36, 0x71, 0x36, 0x71, 0x36, 0x71, 0x36, 0x71, 0x36, 0x51, 0x36, 0x92, 0x46, 0xFE, 0xF7, 0xFF, 0xFF,
    0xFF, 0xFF, 0xFF, 0xFF, 0xFF, 0xFF, 0xFF, 0xFF, 0xFF, 0xFF, 0xFF, 0xFF, 0xFF, 0xFF, 0xFF, 0xF7, 0x5A, 0xAF, 0xFF,
    0xFF, 0xFF, 0xFF, 0xFF, 0xFF, 0xFF, 0xFF, 0xFF, 0xFF, 0xFF, 0xFF, 0xFF, 0xFF, 0xFF, 0xFF, 0xFF, 0xFF, 0x17, 0x8F,
    0x50, 0x26, 0x72, 0x3E, 0x71, 0x36, 0x71, 0x36, 0x71, 0x36, 0x71, 0x36, 0x71, 0x36, 0x71, 0x36, 0x71, 0x36, 0x71,
    0x36, 0x71, 0x36, 0x71, 0x36, 0x71, 0x36, 0x71, 0x36, 0x71, 0x36, 0x71, 0x36, 0x71, 0x36, 0x71, 0x36, 0x71, 0x36,
    0x71, 0x36, 0x71, 0x36, 0x71, 0x36, 0x71, 0x36, 0x71, 0x36, 0x71, 0x36, 0x71, 0x36, 0x71, 0x36, 0x71, 0x36, 0x71,
    0x36, 0x71, 0x36, 0x71, 0x36, 0x71, 0x36, 0x71, 0x36, 0x71, 0x36, 0x71, 0x36, 0x71, 0x36, 0x71, 0x36, 0x71, 0x36,
    0x71, 0x36, 0x71, 0x36, 0x71, 0x36, 0x71, 0x36, 0x71, 0x36, 0x71, 0x36, 0x71, 0x36, 0x71, 0x36, 0x71, 0x36, 0x71,
    0x36, 0x71, 0x36, 0x71, 0x36, 0x71, 0x36, 0x71, 0x36, 0x71, 0x36, 0x71, 0x36, 0x71, 0x36, 0x71, 0x36, 0x71, 0x36,
    0x71, 0x36, 0x71, 0x36, 0x71, 0x36, 0x71, 0x36, 0x51, 0x36, 0x92, 0x36, 0x89, 0x1B, 0x05, 0x0A, 0x05, 0x0A, 0xE5,
    0x09, 0xA4, 0x09, 0x84, 0x09, 0x63, 0x09, 0x43, 0x09, 0x02, 0x01, 0xE2, 0x00, 0xC2, 0x00, 0xC2, 0x00, 0xA1, 0x00,
    0x81, 0x00, 0x61, 0x00, 0x61, 0x00, 0x40, 0x00, 0x40, 0x00, 0x20, 0x00, 0x20, 0x00, 0x20, 0x00, 0x00, 0x00, 0x00,
    0x00, 0x00, 0x00, 0x00, 0x00, 0x00, 0x00, 0x00, 0x00, 0x00, 0x00, 0x00, 0x00, 0x20, 0x00, 0x20, 0x00, 0x20, 0x00,
    0x40, 0x00, 0x40, 0x00, 0x61, 0x00, 0x61, 0x00, 0x81, 0x00, 0xA1, 0x00, 0xC2, 0x00, 0xE2, 0x00, 0x02, 0x01, 0x23,
    0x01, 0x43, 0x09, 0x63, 0x09, 0x84, 0x09, 0xA4, 0x09, 0xE5, 0x09, 0x25, 0x0A, 0xE5, 0x09, 0x4B, 0x24, 0xB2, 0x36,
    0x51, 0x36, 0x71, 0x36, 0x71, 0x36, 0x71, 0x36, 0x71, 0x36, 0x71, 0x36, 0x71, 0x36, 0x71, 0x36, 0x71, 0x36, 0x71,
    0x36, 0x71, 0x36, 0x71, 0x36, 0x71, 0x36, 0x71, 0x36, 0x71, 0x36, 0x71, 0x36, 0x71, 0x36, 0x71, 0x36, 0x71, 0x36,
    0x71, 0x36, 0x71, 0x36, 0x71, 0x36, 0x71, 0x36, 0x71, 0x36, 0x71, 0x36, 0x71, 0x36, 0x71, 0x36, 0x71, 0x36, 0x71,
    0x36, 0x71, 0x36, 0x71, 0x36, 0x71, 0x36, 0x71, 0x36, 0x71, 0x36, 0x71, 0x36, 0x71, 0x36, 0x71, 0x36, 0x71, 0x36,
    0x71, 0x36, 0x71, 0x36, 0x71, 0x36, 0x71, 0x36, 0x71, 0x36, 0x71, 0x36, 0x71, 0x36, 0x71, 0x36, 0x71, 0x36, 0x71,
    0x36, 0x71, 0x36, 0x71, 0x36, 0x71, 0x36, 0x71, 0x36, 0x71, 0x36, 0x71, 0x36, 0x71, 0x36, 0x71, 0x36, 0x71, 0x36,
    0x71, 0x36, 0x71, 0x36, 0x71, 0x36, 0x71, 0x36, 0x71, 0x36, 0x71, 0x36, 0x50, 0x26, 0x18, 0x97, 0xFF, 0xFF, 0xFF,
    0xFF, 0xFF, 0xFF, 0xFF, 0xFF, 0xFF, 0xFF, 0xFF, 0xFF, 0xFF, 0xFF, 0xFF, 0xFF, 0xFF, 0xFF, 0x9B, 0xC7, 0x71, 0x3E,
    0xDE, 0xF7, 0xFF, 0xFF, 0xFF, 0xFF, 0xFF, 0xFF, 0xFF, 0xFF, 0xFF, 0xFF, 0xFF, 0xFF, 0xFF, 0xFF, 0xFF, 0xFF, 0xBC,
    0xD7, 0x51, 0x36, 0x71, 0x36, 0x71, 0x36, 0x71, 0x36, 0x71, 0x36, 0x71, 0x36, 0x71, 0x36, 0x71, 0x36, 0x71, 0x36,
    0x71, 0x36, 0x71, 0x36, 0x71, 0x36, 0x71, 0x36, 0x71, 0x36, 0x71, 0x36, 0x71, 0x36, 0x71, 0x36, 0x71, 0x36, 0x71,
    0x36, 0x71, 0x36, 0x71, 0x36, 0x71, 0x36, 0x71, 0x36, 0x71, 0x36, 0x71, 0x36, 0x71, 0x36, 0x71, 0x36, 0x71, 0x36,
    0x71, 0x36, 0x71, 0x36, 0x71, 0x36, 0x71, 0x36, 0x71, 0x36, 0x71, 0x36, 0x71, 0x36, 0x71, 0x36, 0x71, 0x36, 0x71,
    0x36, 0x71, 0x36, 0x71, 0x36, 0x71, 0x36, 0x71, 0x36, 0x71, 0x36, 0x71, 0x36, 0x71, 0x36, 0x71, 0x36, 0x71, 0x36,
    0x71, 0x36, 0x71, 0x36, 0x71, 0x36, 0x71, 0x36, 0x71, 0x36, 0x71, 0x36, 0x71, 0x36, 0x71, 0x36, 0x71, 0x36, 0x71,
    0x36, 0x71, 0x36, 0x71, 0x36, 0x71, 0x36, 0x71, 0x36, 0x51, 0x36, 0xB2, 0x36, 0x4B, 0x24, 0xE5, 0x09, 0x25, 0x0A,
    0xE5, 0x09, 0xA4, 0x09, 0x84, 0x09, 0x63, 0x09, 0x43, 0x09, 0x23, 0x01, 0x02, 0x01, 0xE2, 0x00, 0xC2, 0x00, 0xA1,
    0x00, 0x81, 0x00, 0x61, 0x00, 0x61, 0x00, 0x40, 0x00, 0x40, 0x00, 0x20, 0x00, 0x20, 0x00, 0x20, 0x00, 0x00, 0x00,
    0x00, 0x00, 0x00, 0x00, 0x00, 0x00, 0x00, 0x00, 0x00, 0x00, 0x00, 0x00, 0x20, 0x00, 0x20, 0x00, 0x20, 0x00, 0x20,
    0x00, 0x40, 0x00, 0x40, 0x00, 0x61, 0x00, 0x81, 0x00, 0x81, 0x00, 0xA1, 0x00, 0xC2, 0x00, 0xE2, 0x00, 0x02, 0x01,
    0x23, 0x01, 0x43, 0x09, 0x63, 0x09, 0x84, 0x09, 0xC4, 0x09, 0xE5, 0x09, 0x25, 0x0A, 0x05, 0x0A, 0xAC, 0x24, 0xB2,
    0x36, 0x51, 0x36, 0x51, 0x36, 0x51, 0x36, 0x51, 0x36, 0x51, 0x36, 0x51, 0x36, 0x51, 0x36, 0x51, 0x36, 0x51, 0x36,
    0x51, 0x36, 0x51, 0x36, 0x51, 0x36, 0x51, 0x36, 0x51, 0x36, 0x51, 0x36, 0x51, 0x36, 0x51, 0x36, 0x51, 0x36, 0x51,
    0x36, 0x51, 0x36, 0x51, 0x36, 0x51, 0x36, 0x51, 0x36, 0x51, 0x36, 0x51, 0x36, 0x51, 0x36, 0x51, 0x36, 0x51, 0x36,
    0x51, 0x36, 0x51, 0x36, 0x51, 0x36, 0x51, 0x36, 0x51, 0x36, 0x51, 0x36, 0x51, 0x36, 0x51, 0x36, 0x51, 0x36, 0x51,
    0x36, 0x51, 0x36, 0x51, 0x36, 0x51, 0x36, 0x51, 0x36, 0x51, 0x36, 0x51, 0x36, 0x51, 0x36, 0x51, 0x36, 0x51, 0x36,
    0x51, 0x36, 0x51, 0x36, 0x51, 0x36, 0x51, 0x36, 0x51, 0x36, 0x51, 0x36, 0x51, 0x36, 0x51, 0x36, 0x51, 0x36, 0x51,
    0x36, 0x51, 0x36, 0x51, 0x36, 0x51, 0x36, 0x51, 0x36, 0x51, 0x36, 0x51, 0x36, 0x71, 0x3E, 0xDD, 0xE7, 0xFF, 0xFF,
    0xFF, 0xFF, 0xFF, 0xFF, 0xFF, 0xFF, 0xFF, 0xFF, 0xFF, 0xFF, 0xFF, 0xFF, 0xFF, 0xFF, 0xFF, 0xFF, 0xD6, 0x76, 0x2F,
    0x1E, 0x5A, 0xB7, 0xFF, 0xFF, 0xFF, 0xFF, 0xFF, 0xFF, 0xFF, 0xFF, 0xFF, 0xFF, 0xFF, 0xFF, 0xFF, 0xFF, 0xFF, 0xFF,
    0xFF, 0xFF, 0xB4, 0x66, 0x51, 0x2E, 0x71, 0x36, 0x51, 0x36, 0x51, 0x36, 0x51, 0x36, 0x51, 0x36, 0x51, 0x36, 0x51,
    0x36, 0x51, 0x36, 0x51, 0x36, 0x51, 0x36, 0x51, 0x36, 0x51, 0x36, 0x51, 0x36, 0x51, 0x36, 0x51, 0x36, 0x51, 0x36,
    0x51, 0x36, 0x51, 0x36, 0x51, 0x36, 0x51, 0x36, 0x51, 0x36, 0x51, 0x36, 0x51, 0x36, 0x51, 0x36, 0x51, 0x36, 0x51,
    0x36, 0x51, 0x36, 0x51, 0x36, 0x51, 0x36, 0x51, 0x36, 0x51, 0x36, 0x51, 0x36, 0x51, 0x36, 0x51, 0x36, 0x51, 0x36,
    0x51, 0x36, 0x51, 0x36, 0x51, 0x36, 0x51, 0x36, 0x51, 0x36, 0x51, 0x36, 0x51, 0x36, 0x51, 0x36, 0x51, 0x36, 0x51,
    0x36, 0x51, 0x36, 0x51, 0x36, 0x51, 0x36, 0x51, 0x36, 0x51, 0x36, 0x51, 0x36, 0x51, 0x36, 0x51, 0x36, 0x51, 0x36,
    0x51, 0x36, 0x51, 0x36, 0x51, 0x36, 0x51, 0x36, 0x51, 0x36, 0x51, 0x36, 0xB2, 0x36, 0xAC, 0x24, 0x05, 0x0A, 0x25,
    0x0A, 0xE5, 0x09, 0xC4, 0x09, 0x84, 0x09, 0x63, 0x09, 0x43, 0x09, 0x23, 0x01, 0x02, 0x01, 0xE2, 0x00, 0xC2, 0x00,
    0xA1, 0x00, 0x81, 0x00, 0x81, 0x00, 0x61, 0x00, 0x40, 0x00, 0x40, 0x00, 0x20, 0x00, 0x20, 0x00, 0x20, 0x00, 0x20,
    0x00, 0x00, 0x00, 0x00, 0x00, 0x00, 0x00, 0x00, 0x00, 0x00, 0x00, 0x00, 0x00, 0x20, 0x00, 0x20, 0x00, 0x20, 0x00,
    0x20, 0x00, 0x40, 0x00, 0x40, 0x00, 0x61, 0x00, 0x81, 0x00, 0x81, 0x00, 0xA1, 0x00, 0xC2, 0x00, 0xE2, 0x00, 0x02,
    0x01, 0x23, 0x09, 0x43, 0x09, 0x63, 0x09, 0xA4, 0x09, 0xC4, 0x09, 0xE5, 0x09, 0x25, 0x0A, 0x25, 0x0A, 0x6E, 0x2D,
    0x92, 0x36, 0x51, 0x36, 0x51, 0x36, 0x51, 0x36, 0x51, 0x36, 0x51, 0x36, 0x51, 0x36, 0x51, 0x36, 0x51, 0x36, 0x51,
    0x36, 0x51, 0x36, 0x51, 0x36, 0x51, 0x36, 0x51, 0x36, 0x51, 0x36, 0x51, 0x36, 0x51, 0x36, 0x51, 0x36, 0x51, 0x36,
    0x51, 0x36, 0x51, 0x36, 0x51, 0x36, 0x51, 0x36, 0x51, 0x36, 0x51, 0x36, 0x51, 0x36, 0x51, 0x36, 0x51, 0x36, 0x51,
    0x36, 0x51, 0x36, 0x51, 0x36, 0x51, 0x36, 0x51, 0x36, 0x51, 0x36, 0x51, 0x36, 0x51, 0x36, 0x51, 0x36, 0x51, 0x36,
    0x51, 0x36, 0x51, 0x36, 0x51, 0x36, 0x51, 0x36, 0x51, 0x36, 0x51, 0x36, 0x51, 0x36, 0x51, 0x36, 0x51, 0x36, 0x51,
    0x36, 0x51, 0x36, 0x51, 0x36, 0x51, 0x36, 0x51, 0x36, 0x51, 0x36, 0x51, 0x36, 0x51, 0x36, 0x51, 0x36, 0x51, 0x36,
    0x51, 0x36, 0x51, 0x36, 0x51, 0x36, 0x51, 0x36, 0x51, 0x36, 0x71, 0x36, 0x50, 0x2E, 0xF6, 0x7E, 0xFF, 0xFF, 0xFF,
    0xFF, 0xFF, 0xFF, 0xFF, 0xFF, 0xFF, 0xFF, 0xFF, 0xFF, 0xFF, 0xFF, 0xFF, 0xFF, 0xFF, 0xFF, 0xBD, 0xDF, 0x51, 0x36,
    0x50, 0x2E, 0xB5, 0x66, 0xFF, 0xFF, 0xFF, 0xFF, 0xFF, 0xFF, 0xFF, 0xFF, 0xFF, 0xFF, 0xFF, 0xFF, 0xFF, 0xFF, 0xFF,
    0xFF, 0xFF, 0xFF, 0x5A, 0xB7, 0x30, 0x2E, 0x71, 0x36, 0x51, 0x36, 0x51, 0x36, 0x51, 0x36, 0x51, 0x36, 0x51, 0x36,
    0x51, 0x36, 0x51, 0x36, 0x51, 0x36, 0x51, 0x36, 0x51, 0x36, 0x51, 0x36, 0x51, 0x36, 0x51, 0x36, 0x51, 0x36, 0x51,
    0x36, 0x51, 0x36, 0x51, 0x36, 0x51, 0x36, 0x51, 0x36, 0x51, 0x36, 0x51, 0x36, 0x51, 0x36, 0x51, 0x36, 0x51, 0x36,
    0x51, 0x36, 0x51, 0x36, 0x51, 0x36, 0x51, 0x36, 0x51, 0x36, 0x51, 0x36, 0x51, 0x36, 0x51, 0x36, 0x51, 0x36, 0x51,
    0x36, 0x51, 0x36, 0x51, 0x36, 0x51, 0x36, 0x51, 0x36, 0x51, 0x36, 0x51, 0x36, 0x51, 0x36, 0x51, 0x36, 0x51, 0x36,
    0x51, 0x36, 0x51, 0x36, 0x51, 0x36, 0x51, 0x36, 0x51, 0x36, 0x51, 0x36, 0x51, 0x36, 0x51, 0x36, 0x51, 0x36, 0x51,
    0x36, 0x51, 0x36, 0x51, 0x36, 0x51, 0x36, 0x51, 0x36, 0x51, 0x36, 0x51, 0x36, 0x92, 0x36, 0x6E, 0x2D, 0x25, 0x0A,
    0x25, 0x0A, 0xE5, 0x09, 0xC4, 0x09, 0xA4, 0x09, 0x63, 0x09, 0x43, 0x09, 0x23, 0x09, 0x02, 0x01, 0xE2, 0x00, 0xC2,
    0x00, 0xA1, 0x00, 0x81, 0x00, 0x81, 0x00, 0x61, 0x00, 0x40, 0x00, 0x40, 0x00, 0x20, 0x00, 0x20, 0x00, 0x20, 0x00,
    0x20, 0x00, 0x00, 0x00, 0x00, 0x00, 0x00, 0x00, 0x00, 0x00, 0x00, 0x00, 0x00, 0x00, 0x20, 0x00, 0x20, 0x00, 0x20,
    0x00, 0x20, 0x00, 0x40, 0x00, 0x40, 0x00, 0x61, 0x00, 0x81, 0x00, 0x81, 0x00, 0xA1, 0x00, 0xC2, 0x00, 0xE2, 0x00,
    0x02, 0x01, 0x23, 0x09, 0x43, 0x09, 0x84, 0x09, 0xA4, 0x09, 0xC4, 0x09, 0xE5, 0x09, 0x25, 0x0A, 0x25, 0x0A, 0x4E,
    0x2D, 0x92, 0x36, 0x51, 0x36, 0x51, 0x36, 0x51, 0x36, 0x51, 0x36, 0x51, 0x36, 0x51, 0x36, 0x51, 0x36, 0x51, 0x36,
    0x51, 0x36, 0x51, 0x36, 0x51, 0x36, 0x51, 0x36, 0x51, 0x36, 0x51, 0x36, 0x51, 0x36, 0x51, 0x36, 0x51, 0x36, 0x51,
    0x36, 0x51, 0x36, 0x51, 0x36, 0x51, 0x36, 0x51, 0x36, 0x51, 0x36, 0x51, 0x36, 0x51, 0x36, 0x51, 0x36, 0x51, 0x36,
    0x51, 0x36, 0x51, 0x36, 0x51, 0x36, 0x51, 0x36, 0x51, 0x36, 0x51, 0x36, 0x51, 0x36, 0x51, 0x36, 0x51, 0x36, 0x51,
    0x36, 0x51, 0x36, 0x51, 0x36, 0x51, 0x36, 0x51, 0x36, 0x51, 0x36, 0x51, 0x36, 0x51, 0x36, 0x51, 0x36, 0x51, 0x36,
    0x51, 0x36, 0x51, 0x36, 0x51, 0x36, 0x51, 0x36, 0x51, 0x36, 0x51, 0x36, 0x51, 0x36, 0x51, 0x36, 0x51, 0x36, 0x51,
    0x36, 0x51, 0x36, 0x51, 0x36, 0x51, 0x36, 0x51, 0x36, 0x51, 0x36, 0x51, 0x36, 0x51, 0x2E, 0x9C, 0xD7, 0xFF, 0xFF,
    0xFF, 0xFF, 0xFF, 0xFF, 0xFF, 0xFF, 0xFF, 0xFF, 0xFF, 0xFF, 0xFF, 0xFF, 0xFF, 0xFF, 0xFF, 0xFF, 0xF7, 0x86, 0x30,
    0x26, 0x51, 0x36, 0x51, 0x36, 0xBD, 0xDF, 0xFF, 0xFF, 0xFF, 0xFF, 0xFF, 0xFF, 0xFF, 0xFF, 0xFF, 0xFF, 0xFF, 0xFF,
    0xFF, 0xFF, 0xFF, 0xFF, 0xDE, 0xF7, 0x72, 0x46, 0x51, 0x36, 0x51, 0x36, 0x51, 0x36, 0x51, 0x36, 0x51, 0x36, 0x51,
    0x36, 0x51, 0x36, 0x51, 0x36, 0x51, 0x36, 0x51, 0x36, 0x51, 0x36, 0x51, 0x36, 0x51, 0x36, 0x51, 0x36, 0x51, 0x36,
    0x51, 0x36, 0x51, 0x36, 0x51, 0x36, 0x51, 0x36, 0x51, 0x36, 0x51, 0x36, 0x51, 0x36, 0x51, 0x36, 0x51, 0x36, 0x51,
    0x36, 0x51, 0x36, 0x51, 0x36, 0x51, 0x36, 0x51, 0x36, 0x51, 0x36, 0x51, 0x36, 0x51, 0x36, 0x51, 0x36, 0x51, 0x36,
    0x51, 0x36, 0x51, 0x36, 0x51, 0x36, 0x51, 0x36, 0x51, 0x36, 0x51, 0x36, 0x51, 0x36, 0x51, 0x36, 0x51, 0x36, 0x51,
    0x36, 0x51, 0x36, 0x51, 0x36, 0x51, 0x36, 0x51, 0x36, 0x51, 0x36, 0x51, 0x36, 0x51, 0x36, 0x51, 0x36, 0x51, 0x36,
    0x51, 0x36, 0x51, 0x36, 0x51, 0x36, 0x51, 0x36, 0x51, 0x36, 0x51, 0x36, 0x51, 0x36, 0x92, 0x36, 0x4E, 0x2D, 0x25,
    0x0A, 0x25, 0x0A, 0xE5, 0x09, 0xC4, 0x09, 0xA4, 0x09, 0x84, 0x09, 0x43, 0x09, 0x23, 0x09, 0x02, 0x01, 0xE2, 0x00,
    0xC2, 0x00, 0xA1, 0x00, 0x81, 0x00, 0x81, 0x00, 0x61, 0x00, 0x40, 0x00, 0x40, 0x00, 0x20, 0x00, 0x20, 0x00, 0x20,
    0x00, 0x20, 0x00, 0x00, 0x00, 0x00, 0x00, 0x00, 0x00, 0x00, 0x00, 0x00, 0x00, 0x00, 0x00, 0x20, 0x00, 0x20, 0x00,
    0x20, 0x00, 0x40, 0x00, 0x40, 0x00, 0x61, 0x00, 0x61, 0x00, 0x81, 0x00, 0xA1, 0x00, 0xA1, 0x00, 0xC2, 0x00, 0xE2,
    0x00, 0x02, 0x01, 0x23, 0x09, 0x43, 0x09, 0x84, 0x09, 0xA4, 0x09, 0xC5, 0x09, 0x05, 0x0A, 0x25, 0x0A, 0x86, 0x12,
    0xF0, 0x2D, 0x71, 0x36, 0x51, 0x36, 0x51, 0x36, 0x51, 0x36, 0x51, 0x36, 0x51, 0x36, 0x51, 0x36, 0x51, 0x36, 0x51,
    0x36, 0x51, 0x36, 0x51, 0x36, 0x51, 0x36, 0x51, 0x36, 0x51, 0x36, 0x51, 0x36, 0x51, 0x36, 0x51, 0x36, 0x51, 0x36,
    0x51, 0x36, 0x51, 0x36, 0x51, 0x36, 0x51, 0x36, 0x51, 0x36, 0x51, 0x36, 0x51, 0x36, 0x51, 0x36, 0x51, 0x36, 0x51,
    0x36, 0x51, 0x36, 0x51, 0x36, 0x51, 0x36, 0x51, 0x36, 0x51, 0x36, 0x51, 0x36, 0x51, 0x36, 0x51, 0x36, 0x51, 0x36,
    0x51, 0x36, 0x51, 0x36, 0x51, 0x36, 0x51, 0x36, 0x51, 0x36, 0x51, 0x36, 0x51, 0x36, 0x51, 0x36, 0x51, 0x36, 0x51,
    0x36, 0x51, 0x36, 0x51, 0x36, 0x51, 0x36, 0x51, 0x36, 0x51, 0x36, 0x51, 0x36, 0x51, 0x36, 0x51, 0x36, 0x51, 0x36,
    0x51, 0x36, 0x51, 0x36, 0x51, 0x36, 0x51, 0x36, 0x51, 0x36, 0x51, 0x36, 0x30, 0x2E, 0xD5, 0x66, 0xFF, 0xFF, 0xFF,
    0xFF, 0xFF, 0xFF, 0xFF, 0xFF, 0xFF, 0xFF, 0xFF, 0xFF, 0xFF, 0xFF, 0xFF, 0xFF, 0xFF, 0xFF, 0xDE, 0xE7, 0x72, 0x3E,
    0x51, 0x36, 0x51, 0x36, 0x30, 0x26, 0x17, 0x8F, 0xFF, 0xFF, 0xFF, 0xFF, 0xFF, 0xFF, 0xFF, 0xFF, 0xFF, 0xFF, 0xFF,
    0xFF, 0xFF, 0xFF, 0xFF, 0xFF, 0xFF, 0xFF, 0x17, 0x8F, 0x30, 0x26, 0x51, 0x36, 0x51, 0x36, 0x51, 0x36, 0x51, 0x36,
    0x51, 0x36, 0x51, 0x36, 0x51, 0x36, 0x51, 0x36, 0x51, 0x36, 0x51, 0x36, 0x51, 0x36, 0x51, 0x36, 0x51, 0x36, 0x51,
    0x36, 0x51, 0x36, 0x51, 0x36, 0x51, 0x36, 0x51, 0x36, 0x51, 0x36, 0x51, 0x36, 0x51, 0x36, 0x51, 0x36, 0x51, 0x36,
    0x51, 0x36, 0x51, 0x36, 0x51, 0x36, 0x51, 0x36, 0x51, 0x36, 0x51, 0x36, 0x51, 0x36, 0x51, 0x36, 0x51, 0x36, 0x51,
    0x36, 0x51, 0x36, 0x51, 0x36, 0x51, 0x36, 0x51, 0x36, 0x51, 0x36, 0x51, 0x36, 0x51, 0x36, 0x51, 0x36, 0x51, 0x36,
    0x51, 0x36, 0x51, 0x36, 0x51, 0x36, 0x51, 0x36, 0x51, 0x36, 0x51, 0x36, 0x51, 0x36, 0x51, 0x36, 0x51, 0x36, 0x51,
    0x36, 0x51, 0x36, 0x51, 0x36, 0x51, 0x36, 0x51, 0x36, 0x51, 0x36, 0x51, 0x36, 0x51, 0x36, 0x71, 0x36, 0xF0, 0x2D,
    0x86, 0x12, 0x25, 0x0A, 0x05, 0x0A, 0xC5, 0x09, 0xA4, 0x09, 0x84, 0x09, 0x43, 0x09, 0x23, 0x09, 0x02, 0x01, 0xE2,
    0x00, 0xC2, 0x00, 0xA1, 0x00, 0xA1, 0x00, 0x81, 0x00, 0x61, 0x00, 0x61, 0x00, 0x40, 0x00, 0x40, 0x00, 0x20, 0x00,
    0x20, 0x00, 0x20, 0x00, 0x00, 0x00, 0x00, 0x00, 0x00, 0x00, 0x00, 0x00, 0x00, 0x00, 0x00, 0x00, 0x20, 0x00, 0x20,
    0x00, 0x20, 0x00, 0x40, 0x00, 0x40, 0x00, 0x61, 0x00, 0x61, 0x00, 0x81, 0x00, 0xA1, 0x00, 0xA2, 0x00, 0xC2, 0x00,
    0xE2, 0x00, 0x02, 0x01, 0x23, 0x09, 0x63, 0x09, 0x84, 0x09, 0xA4, 0x09, 0xC5, 0x09, 0x05, 0x0A, 0x25, 0x0A, 0xA7,
    0x12, 0x10, 0x36, 0x51, 0x36, 0x51, 0x36, 0x51, 0x36, 0x51, 0x36, 0x51, 0x36, 0x51, 0x36, 0x51, 0x36, 0x51, 0x36,
    0x51, 0x36, 0x51, 0x36, 0x51, 0x36, 0x51, 0x36, 0x51, 0x36, 0x51, 0x36, 0x51, 0x36, 0x51, 0x36, 0x51, 0x36, 0x51,
    0x36, 0x51, 0x36, 0x51, 0x36, 0x51, 0x36, 0x51, 0x36, 0x51, 0x36, 0x51, 0x36, 0x51, 0x36, 0x51, 0x36, 0x51, 0x36,
    0x51, 0x36, 0x51, 0x36, 0x51, 0x36, 0x51, 0x36, 0x51, 0x36, 0x51, 0x36, 0x51, 0x36, 0x51, 0x36, 0x51, 0x36, 0x51,
    0x36, 0x51, 0x36, 0x51, 0x36, 0x51, 0x36, 0x51, 0x36, 0x51, 0x36, 0x51, 0x36, 0x51, 0x36, 0x51, 0x36, 0x51, 0x36,
    0x51, 0x36, 0x51, 0x36, 0x51, 0x36, 0x51, 0x36, 0x51, 0x36, 0x51, 0x36, 0x51, 0x36, 0x51, 0x36, 0x51, 0x36, 0x51,
    0x36, 0x51, 0x36, 0x51, 0x36, 0x51, 0x36, 0x51, 0x36, 0x51, 0x36, 0x51, 0x36, 0x30, 0x2E, 0x7B, 0xC7, 0xFF, 0xFF,
    0xFF, 0xFF, 0xFF, 0xFF, 0xFF, 0xFF, 0xFF, 0xFF, 0xFF, 0xFF, 0xFF, 0xFF, 0xFF, 0xFF, 0xFF, 0xFF, 0x18, 0x97, 0x30,
    0x26, 0x51, 0x36, 0x51, 0x36, 0x51, 0x2E, 0x72, 0x4E, 0xFF, 0xF7, 0xFF, 0xFF, 0xFF, 0xFF, 0xFF, 0xFF, 0xFF, 0xFF,
    0xFF, 0xFF, 0xFF, 0xFF, 0xFF, 0xFF, 0xFF, 0xFF, 0xBD, 0xDF, 0x51, 0x36, 0x51, 0x36, 0x51, 0x36, 0x51, 0x36, 0x51,
    0x36, 0x51, 0x36, 0x51, 0x36, 0x51, 0x36, 0x51, 0x36, 0x51, 0x36, 0x51, 0x36, 0x51, 0x36, 0x51, 0x36, 0x51, 0x36,
    0x51, 0x36, 0x51, 0x36, 0x51, 0x36, 0x51, 0x36, 0x51, 0x36, 0x51, 0x36, 0x51, 0x36, 0x51, 0x36, 0x51, 0x36, 0x51,
    0x36, 0x51, 0x36, 0x51, 0x36, 0x51, 0x36, 0x51, 0x36, 0x51, 0x36, 0x51, 0x36, 0x51, 0x36, 0x51, 0x36, 0x51, 0x36,
    0x51, 0x36, 0x51, 0x36, 0x51, 0x36, 0x51, 0x36, 0x51, 0x36, 0x51, 0x36, 0x51, 0x36, 0x51, 0x36, 0x51, 0x36, 0x51,
    0x36, 0x51, 0x36, 0x51, 0x36, 0x51, 0x36, 0x51, 0x36, 0x51, 0x36, 0x51, 0x36, 0x51, 0x36, 0x51, 0x36, 0x51, 0x36,
    0x51, 0x36, 0x51, 0x36, 0x51, 0x36, 0x51, 0x36, 0x51, 0x36, 0x51, 0x36, 0x51, 0x36, 0x51, 0x36, 0x51, 0x36, 0x10,
    0x36, 0xA7, 0x12, 0x25, 0x0A, 0x05, 0x0A, 0xC5, 0x09, 0xA4, 0x09, 0x84, 0x09, 0x63, 0x09, 0x23, 0x09, 0x02, 0x01,
    0xE2, 0x00, 0xC2, 0x00, 0xA2, 0x00, 0xA1, 0x00, 0x81, 0x00, 0x61, 0x00, 0x61, 0x00, 0x40, 0x00, 0x40, 0x00, 0x20,
    0x00, 0x20, 0x00, 0x20, 0x00, 0x00, 0x00, 0x00, 0x00, 0x00, 0x00, 0x00, 0x00, 0x00, 0x00, 0x00, 0x00, 0x20, 0x00,
    0x20, 0x00, 0x20, 0x00, 0x40, 0x00, 0x40, 0x00, 0x61, 0x00, 0x61, 0x00, 0x81, 0x00, 0xA1, 0x00, 0xC2, 0x00, 0xC2,
    0x00, 0xE2, 0x00, 0x02, 0x01, 0x43, 0x09, 0x63, 0x09, 0x84, 0x09, 0xA4, 0x09, 0xE5, 0x09, 0x05, 0x0A, 0x25, 0x0A,
    0xA7, 0x12, 0x10, 0x36, 0x51, 0x36, 0x51, 0x36, 0x51, 0x36, 0x51, 0x36, 0x51, 0x36, 0x51, 0x36, 0x51, 0x36, 0x51,
    0x36, 0x51, 0x36, 0x51, 0x36, 0x51, 0x36, 0x51, 0x36, 0x51, 0x36, 0x51, 0x36, 0x51, 0x36, 0x51, 0x36, 0x51, 0x36,
    0x51, 0x36, 0x51, 0x36, 0x51, 0x36, 0x51, 0x36, 0x51, 0x36, 0x51, 0x36, 0x51, 0x36, 0x51, 0x36, 0x51, 0x36, 0x51,
    0x36, 0x51, 0x36, 0x51, 0x36, 0x51, 0x36, 0x51, 0x36, 0x51, 0x36, 0x51, 0x36, 0x51, 0x36, 0x51, 0x36, 0x51, 0x36,
    0x51, 0x36, 0x51, 0x36, 0x51, 0x36, 0x51, 0x36, 0x51, 0x36, 0x51, 0x36, 0x51, 0x36, 0x51, 0x36, 0x51, 0x36, 0x51,
    0x36, 0x51, 0x36, 0x51, 0x36, 0x51, 0x36, 0x51, 0x36, 0x51, 0x36, 0x51, 0x36, 0x51, 0x36, 0x51, 0x36, 0x51, 0x36,
    0x51, 0x36, 0x51, 0x36, 0x51, 0x36, 0x51, 0x36, 0x51, 0x36, 0x51, 0x36, 0x30, 0x2E, 0x94, 0x5E, 0xFF, 0xFF, 0xFF,
    0xFF, 0xFF, 0xFF, 0xFF, 0xFF, 0xFF, 0xFF, 0xFF, 0xFF, 0xFF, 0xFF, 0xFF, 0xFF, 0xFF, 0xFF, 0xFF, 0xF7, 0x72, 0x46,
    0x31, 0x2E, 0x51, 0x36, 0x51, 0x36, 0x51, 0x36, 0x30, 0x2E, 0x7A, 0xB7, 0xFF, 0xFF, 0xFF, 0xFF, 0xFF, 0xFF, 0xFF,
    0xFF, 0xFF, 0xFF, 0xFF, 0xFF, 0xFF, 0xFF, 0xFF, 0xFF, 0xFF, 0xFF, 0xB5, 0x66, 0x30, 0x2E, 0x51, 0x36, 0x51, 0x36,
    0x51, 0x36, 0x51, 0x36, 0x51, 0x36, 0x51, 0x36, 0x51, 0x36, 0x51, 0x36, 0x51, 0x36, 0x51, 0x36, 0x51, 0x36, 0x51,
    0x36, 0x51, 0x36, 0x51, 0x36, 0x51, 0x36, 0x51, 0x36, 0x51, 0x36, 0x51, 0x36, 0x51, 0x36, 0x51, 0x36, 0x51, 0x36,
    0x51, 0x36, 0x51, 0x36, 0x51, 0x36, 0x51, 0x36, 0x51, 0x36, 0x51, 0x36, 0x51, 0x36, 0x51, 0x36, 0x51, 0x36, 0x51,
    0x36, 0x51, 0x36, 0x51, 0x36, 0x51, 0x36, 0x51, 0x36, 0x51, 0x36, 0x51, 0x36, 0x51, 0x36, 0x51, 0x36, 0x51, 0x36,
    0x51, 0x36, 0x51, 0x36, 0x51, 0x36, 0x51, 0x36, 0x51, 0x36, 0x51, 0x36, 0x51, 0x36, 0x51, 0x36, 0x51, 0x36, 0x51,
    0x36, 0x51, 0x36, 0x51, 0x36, 0x51, 0x36, 0x51, 0x36, 0x51, 0x36, 0x51, 0x36, 0x51, 0x36, 0x51, 0x36, 0x51, 0x36,
    0x10, 0x36, 0xA7, 0x12, 0x25, 0x0A, 0x05, 0x0A, 0xE5, 0x09, 0xA4, 0x09, 0x84, 0x09, 0x63, 0x09, 0x43, 0x09, 0x02,
    0x01, 0xE2, 0x00, 0xC2, 0x00, 0xC2, 0x00, 0xA1, 0x00, 0x81, 0x00, 0x61, 0x00, 0x61, 0x00, 0x40, 0x00, 0x40, 0x00,
    0x20, 0x00, 0x20, 0x00, 0x20, 0x00, 0x00, 0x00, 0x00, 0x00, 0x00, 0x00, 0x00, 0x00, 0x00, 0x00, 0x00, 0x00, 0x20,
    0x00, 0x20, 0x00, 0x20, 0x00, 0x40, 0x00, 0x40, 0x00, 0x61, 0x00, 0x61, 0x00, 0x81, 0x00, 0xA1, 0x00, 0xC2, 0x00,
    0xC2, 0x00, 0x02, 0x01, 0x23, 0x01, 0x43, 0x09, 0x63, 0x09, 0x84, 0x09, 0xA4, 0x09, 0xE5, 0x09, 0x05, 0x0A, 0x25,
    0x0A, 0xA7, 0x12, 0x10, 0x36, 0x51, 0x36, 0x31, 0x36, 0x51, 0x36, 0x51, 0x36, 0x51, 0x36, 0x51, 0x36, 0x51, 0x36,
    0x51, 0x36, 0x51, 0x36, 0x51, 0x36, 0x51, 0x36, 0x51, 0x36, 0x51, 0x36, 0x51, 0x36, 0x51, 0x36, 0x51, 0x36, 0x51,
    0x36, 0x51, 0x36, 0x51, 0x36, 0x51, 0x36, 0x51, 0x36, 0x51, 0x36, 0x51, 0x36, 0x51, 0x36, 0x51, 0x36, 0x51, 0x36,
    0x51, 0x36, 0x51, 0x36, 0x51, 0x36, 0x51, 0x36, 0x51, 0x36, 0x51, 0x36, 0x51, 0x36, 0x51, 0x36, 0x51, 0x36, 0x51,
    0x36, 0x51, 0x36, 0x51, 0x36, 0x51, 0x36, 0x51, 0x36, 0x51, 0x36, 0x51, 0x36, 0x51, 0x36, 0x51, 0x36, 0x51, 0x36,
    0x51, 0x36, 0x51, 0x36, 0x51, 0x36, 0x51, 0x36, 0x51, 0x36, 0x51, 0x36, 0x51, 0x36, 0x51, 0x36, 0x51, 0x36, 0x51,
    0x36, 0x51, 0x36, 0x51, 0x36, 0x51, 0x36, 0x51, 0x36, 0x51, 0x36, 0x51, 0x36, 0x30, 0x26, 0x5A, 0xB7, 0xFF, 0xFF,
    0xFF, 0xFF, 0xFF, 0xFF, 0xFF, 0xFF, 0xFF, 0xFF, 0xFF, 0xFF, 0xFF, 0xFF, 0xFF, 0xFF, 0xFF, 0xFF, 0x59, 0xAF, 0x30,
    0x26, 0x51, 0x36, 0x51, 0x36, 0x51, 0x36, 0x51, 0x36, 0x30, 0x2E, 0xB5, 0x6E, 0xFF, 0xFF, 0xFF, 0xFF, 0xFF, 0xFF,
    0xFF, 0xFF, 0xFF, 0xFF, 0xFF, 0xFF, 0xFF, 0xFF, 0xFF, 0xFF, 0xFF, 0xFF, 0x5A, 0xB7, 0x30, 0x26, 0x51, 0x36, 0x51,
    0x36, 0x51, 0x36, 0x51, 0x36, 0x51, 0x36, 0x51, 0x36, 0x51, 0x36, 0x51, 0x36, 0x51, 0x36, 0x51, 0x36, 0x51, 0x36,
    0x51, 0x36, 0x51, 0x36, 0x51, 0x36, 0x51, 0x36, 0x51, 0x36, 0x51, 0x36, 0x51, 0x36, 0x51, 0x36, 0x51, 0x36, 0x51,
    0x36, 0x51, 0x36, 0x51, 0x36, 0x51, 0x36, 0x51, 0x36, 0x51, 0x36, 0x51, 0x36, 0x51, 0x36, 0x51, 0x36, 0x51, 0x36,
    0x51, 0x36, 0x51, 0x36, 0x51, 0x36, 0x51, 0x36, 0x51, 0x36, 0x51, 0x36, 0x51, 0x36, 0x51, 0x36, 0x51, 0x36, 0x51,
    0x36, 0x51, 0x36, 0x51, 0x36, 0x51, 0x36, 0x51, 0x36, 0x51, 0x36, 0x51, 0x36, 0x51, 0x36, 0x51, 0x36, 0x51, 0x36,
    0x51, 0x36, 0x51, 0x36, 0x51, 0x36, 0x51, 0x36, 0x51, 0x36, 0x51, 0x36, 0x51, 0x36, 0x51, 0x36, 0x31, 0x36, 0x51,
    0x36, 0x10, 0x36, 0xA7, 0x12, 0x25, 0x0A, 0x05, 0x0A, 0xE5, 0x09, 0xA4, 0x09, 0x84, 0x09, 0x63, 0x09, 0x43, 0x09,
    0x23, 0x01, 0x02, 0x01, 0xC2, 0x00, 0xC2, 0x00, 0xA1, 0x00, 0x81, 0x00, 0x61, 0x00, 0x61, 0x00, 0x40, 0x00, 0x40,
    0x00, 0x20, 0x00, 0x20, 0x00, 0x20, 0x00, 0x00, 0x00, 0x00, 0x00, 0x00, 0x00, 0x00, 0x00, 0x00, 0x00, 0x20, 0x00,
    0x20, 0x00, 0x20, 0x00, 0x20, 0x00, 0x40, 0x00, 0x40, 0x00, 0x61, 0x00, 0x61, 0x00, 0x81, 0x00, 0xA1, 0x00, 0xC2,
    0x00, 0xE2, 0x00, 0x02, 0x01, 0x23, 0x01, 0x43, 0x09, 0x63, 0x09, 0x84, 0x09, 0xC4, 0x09, 0xE5, 0x09, 0x05, 0x0A,
    0x25, 0x0A, 0xA7, 0x12, 0x10, 0x36, 0x51, 0x36, 0x31, 0x36, 0x51, 0x36, 0x51, 0x36, 0x51, 0x36, 0x51, 0x36, 0x51,
    0x36, 0x51, 0x36, 0x51, 0x36, 0x51, 0x36, 0x51, 0x36, 0x51, 0x36, 0x51, 0x36, 0x51, 0x36, 0x51, 0x36, 0x51, 0x36,
    0x51, 0x36, 0x51, 0x36, 0x51, 0x36, 0x51, 0x36, 0x51, 0x36, 0x51, 0x36, 0x51, 0x36, 0x51, 0x36, 0x51, 0x36, 0x51,
    0x36, 0x51, 0x36, 0x51, 0x36, 0x51, 0x36, 0x51, 0x36, 0x51, 0x36, 0x51, 0x36, 0x51, 0x36, 0x51, 0x36, 0x51, 0x36,
    0x51, 0x36, 0x51, 0x36, 0x51, 0x36, 0x51, 0x36, 0x51, 0x36, 0x51, 0x36, 0x51, 0x36, 0x51, 0x36, 0x51, 0x36, 0x51,
    0x36, 0x51, 0x36, 0x51, 0x36, 0x51, 0x36, 0x51, 0x36, 0x51, 0x36, 0x51, 0x36, 0x51, 0x36, 0x51, 0x36, 0x51, 0x36,
    0x51, 0x36, 0x51, 0x36, 0x51, 0x36, 0x51, 0x36, 0x51, 0x36, 0x51, 0x36, 0x30, 0x2E, 0x73, 0x4E, 0xFF, 0xF7, 0xFF,
    0xFF, 0xFF, 0xFF, 0xFF, 0xFF, 0xFF, 0xFF, 0xFF, 0xFF, 0xFF, 0xFF, 0xFF, 0xFF, 0xFF, 0xFF, 0xFF, 0xFF, 0x93, 0x56,
    0x30, 0x2E, 0x51, 0x36, 0x51, 0x36, 0x51, 0x36, 0x51, 0x36, 0x51, 0x36, 0x51, 0x36, 0xBD, 0xDF, 0xFF, 0xFF, 0xFF,
    0xFF, 0xFF, 0xFF, 0xFF, 0xFF, 0xFF, 0xFF, 0xFF, 0xFF, 0xFF, 0xFF, 0xFF, 0xFF, 0xFF, 0xF7, 0x72, 0x4E, 0x30, 0x2E,
    0x51, 0x36, 0x51, 0x36, 0x51, 0x36, 0x51, 0x36, 0x51, 0x36, 0x51, 0x36, 0x51, 0x36, 0x51, 0x36, 0x51, 0x36, 0x51,
    0x36, 0x51, 0x36, 0x51, 0x36, 0x51, 0x36, 0x51, 0x36, 0x51, 0x36, 0x51, 0x36, 0x51, 0x36, 0x51, 0x36, 0x51, 0x36,
    0x51, 0x36, 0x51, 0x36, 0x51, 0x36, 0x51, 0x36, 0x51, 0x36, 0x51, 0x36, 0x51, 0x36, 0x51, 0x36, 0x51, 0x36, 0x51,
    0x36, 0x51, 0x36, 0x51, 0x36, 0x51, 0x36, 0x51, 0x36, 0x51, 0x36, 0x51, 0x36, 0x51, 0x36, 0x51, 0x36, 0x51, 0x36,
    0x51, 0x36, 0x51, 0x36, 0x51, 0x36, 0x51, 0x36, 0x51, 0x36, 0x51, 0x36, 0x51, 0x36, 0x51, 0x36, 0x51, 0x36, 0x51,
    0x36, 0x51, 0x36, 0x51, 0x36, 0x51, 0x36, 0x51, 0x36, 0x51, 0x36, 0x51, 0x36, 0x51, 0x36, 0x51, 0x36, 0x31, 0x36,
    0x51, 0x36, 0x10, 0x36, 0xA7, 0x12, 0x25, 0x0A, 0x05, 0x0A, 0xE5, 0x09, 0xC4, 0x09, 0x84, 0x09, 0x63, 0x09, 0x43,
    0x09, 0x23, 0x01, 0x02, 0x01, 0xE2, 0x00, 0xC2, 0x00, 0xA1, 0x00, 0x81, 0x00, 0x61, 0x00, 0x61, 0x00, 0x40, 0x00,
    0x40, 0x00, 0x20, 0x00, 0x20, 0x00, 0x20, 0x00, 0x20, 0x00, 0x00, 0x00, 0x00, 0x00, 0x00, 0x00, 0x00, 0x00, 0x20,
    0x00, 0x20, 0x00, 0x20, 0x00, 0x20, 0x00, 0x40, 0x00, 0x40, 0x00, 0x61, 0x00, 0x81, 0x00, 0x81, 0x00, 0xA1, 0x00,
    0xC2, 0x00, 0xE2, 0x00, 0x02, 0x01, 0x23, 0x01, 0x43, 0x09, 0x63, 0x09, 0x84, 0x09, 0xC4, 0x09, 0xE5, 0x09, 0x25,
    0x0A, 0x26, 0x0A, 0xA7, 0x12, 0x10, 0x36, 0x51, 0x36, 0x31, 0x36, 0x31, 0x36, 0x31, 0x36, 0x31, 0x36, 0x31, 0x36,
    0x31, 0x36, 0x31, 0x36, 0x31, 0x36, 0x31, 0x36, 0x31, 0x36, 0x31, 0x36, 0x31, 0x36, 0x31, 0x36, 0x31, 0x36, 0x31,
    0x36, 0x31, 0x36, 0x31, 0x36, 0x31, 0x36, 0x31, 0x36, 0x31, 0x36, 0x31, 0x36, 0x31, 0x36, 0x31, 0x36, 0x31, 0x36,
    0x31, 0x36, 0x31, 0x36, 0x31, 0x36, 0x31, 0x36, 0x31, 0x36, 0x31, 0x36, 0x31, 0x36, 0x31, 0x36, 0x31, 0x36, 0x31,
    0x36, 0x31, 0x36, 0x31, 0x36, 0x31, 0x36, 0x31, 0x36, 0x31, 0x36, 0x31, 0x36, 0x31, 0x36, 0x31, 0x36, 0x31, 0x36,
    0x31, 0x36, 0x31, 0x36, 0x31, 0x36, 0x31, 0x36, 0x31, 0x36, 0x31, 0x36, 0x31, 0x36, 0x31, 0x36, 0x31, 0x36, 0x31,
    0x36, 0x31, 0x36, 0x31, 0x36, 0x31, 0x36, 0x31, 0x36, 0x31, 0x36, 0x51, 0x36, 0x10, 0x26, 0x39, 0xA7, 0xFF, 0xFF,
    0xFF, 0xFF, 0xFF, 0xFF, 0xFF, 0xFF, 0xFF, 0xFF, 0xFF, 0xFF, 0xFF, 0xFF, 0xFF, 0xFF, 0xFF, 0xFF, 0x7B, 0xBF, 0x30,
    0x26, 0x51, 0x36, 0x31, 0x36, 0x31, 0x36, 0x31, 0x36, 0x31, 0x36, 0x51, 0x36, 0x10, 0x26, 0x17, 0x8F, 0xFF, 0xFF,
    0xFF, 0xFF, 0xFF, 0xFF, 0xFF, 0xFF, 0xFF, 0xFF, 0xFF, 0xFF, 0xFF, 0xFF, 0xFF, 0xFF, 0xFF, 0xFF, 0x18, 0x97, 0x10,
    0x26, 0x51, 0x36, 0x31, 0x36, 0x31, 0x36, 0x31, 0x36, 0x31, 0x36, 0x31, 0x36, 0x31, 0x36, 0x31, 0x36, 0x31, 0x36,
    0x31, 0x36, 0x31, 0x36, 0x31, 0x36, 0x31, 0x36, 0x31, 0x36, 0x31, 0x36, 0x31, 0x36, 0x31, 0x36, 0x31, 0x36, 0x31,
    0x36, 0x31, 0x36, 0x31, 0x36, 0x31, 0x36, 0x31, 0x36, 0x31, 0x36, 0x31, 0x36, 0x31, 0x36, 0x31, 0x36, 0x31, 0x36,
    0x31, 0x36, 0x31, 0x36, 0x31, 0x36, 0x31, 0x36, 0x31, 0x36, 0x31, 0x36, 0x31, 0x36, 0x31, 0x36, 0x31, 0x36, 0x31,
    0x36, 0x31, 0x36, 0x31, 0x36, 0x31, 0x36, 0x31, 0x36, 0x31, 0x36, 0x31, 0x36, 0x31, 0x36, 0x31, 0x36, 0x31, 0x36,
    0x31, 0x36, 0x31, 0x36, 0x31, 0x36, 0x31, 0x36, 0x31, 0x36, 0x31, 0x36, 0x31, 0x36, 0x31, 0x36, 0x31, 0x36, 0x31,
    0x36, 0x51, 0x36, 0x10, 0x36, 0xA7, 0x12, 0x26, 0x0A, 0x25, 0x0A, 0xE5, 0x09, 0xC4, 0x09, 0x84, 0x09, 0x63, 0x09,
    0x43, 0x09, 0x23, 0x01, 0x02, 0x01, 0xE2, 0x00, 0xC2, 0x00, 0xA1, 0x00, 0x81, 0x00, 0x81, 0x00, 0x61, 0x00, 0x40,
    0x00, 0x40, 0x00, 0x20, 0x00, 0x20, 0x00, 0x20, 0x00, 0x20, 0x00, 0x00, 0x00, 0x00, 0x00, 0x00, 0x00, 0x00, 0x00,
    0x20, 0x00, 0x20, 0x00, 0x20, 0x00, 0x20, 0x00, 0x40, 0x00, 0x40, 0x00, 0x61, 0x00, 0x81, 0x00, 0x81, 0x00, 0xA1,
    0x00, 0xC2, 0x00, 0xE2, 0x00, 0x02, 0x01, 0x23, 0x01, 0x43, 0x09, 0x63, 0x09, 0x84, 0x09, 0xC4, 0x09, 0xE5, 0x09,
    0x25, 0x0A, 0x26, 0x0A, 0xA7, 0x12, 0x10, 0x36, 0x51, 0x36, 0x31, 0x36, 0x31, 0x36, 0x31, 0x36, 0x31, 0x36, 0x31,
    0x36, 0x31, 0x36, 0x31, 0x36, 0x31, 0x36, 0x31, 0x36, 0x31, 0x36, 0x31, 0x36, 0x31, 0x36, 0x31, 0x36, 0x31, 0x36,
    0x31, 0x36, 0x31, 0x36, 0x31, 0x36, 0x31, 0x36, 0x31, 0x36, 0x31, 0x36, 0x31, 0x36, 0x31, 0x36, 0x31, 0x36, 0x31,
    0x36, 0x31, 0x36, 0x31, 0x36, 0x31, 0x36, 0x31, 0x36, 0x31, 0x36, 0x31, 0x36, 0x31, 0x36, 0x31, 0x36, 0x31, 0x36,
    0x31, 0x36, 0x31, 0x36, 0x31, 0x36, 0x31, 0x36, 0x31, 0x36, 0x31, 0x36, 0x31, 0x36, 0x31, 0x36, 0x31, 0x36, 0x31,
    0x36, 0x31, 0x36, 0x31, 0x36, 0x31, 0x36, 0x31, 0x36, 0x31, 0x36, 0x31, 0x36, 0x31, 0x36, 0x31, 0x36, 0x31, 0x36,
    0x31, 0x36, 0x31, 0x36, 0x31, 0x36, 0x31, 0x36, 0x31, 0x36, 0x31, 0x36, 0x31, 0x2E, 0x52, 0x46, 0xDE, 0xEF, 0xFF,
    0xFF, 0xFF, 0xFF, 0xFF, 0xFF, 0xFF, 0xFF, 0xFF, 0xFF, 0xFF, 0xFF, 0xFF, 0xFF, 0xFF, 0xFF, 0xFF, 0xFF, 0xB4, 0x66,
    0x30, 0x2E, 0x51, 0x36, 0x31, 0x36, 0x31, 0x36, 0x31, 0x36, 0x31, 0x36, 0x31, 0x36, 0x30, 0x2E, 0x72, 0x4E, 0xFF,
    0xF7, 0xFF, 0xFF, 0xFF, 0xFF, 0xFF, 0xFF, 0xFF, 0xFF, 0xFF, 0xFF, 0xFF, 0xFF, 0xFF, 0xFF, 0xFF, 0xFF, 0xBD, 0xE7,
    0x51, 0x36, 0x31, 0x36, 0x31, 0x36, 0x31, 0x36, 0x31, 0x36, 0x31, 0x36, 0x31, 0x36, 0x31, 0x36, 0x31, 0x36, 0x31,
    0x36, 0x31, 0x36, 0x31, 0x36, 0x31, 0x36, 0x31, 0x36, 0x31, 0x36, 0x31, 0x36, 0x31, 0x36, 0x31, 0x36, 0x31, 0x36,
    0x31, 0x36, 0x31, 0x36, 0x31, 0x36, 0x31, 0x36, 0x31, 0x36, 0x31, 0x36, 0x31, 0x36, 0x31, 0x36, 0x31, 0x36, 0x31,
    0x36, 0x31, 0x36, 0x31, 0x36, 0x31, 0x36, 0x31, 0x36, 0x31, 0x36, 0x31, 0x36, 0x31, 0x36, 0x31, 0x36, 0x31, 0x36,
    0x31, 0x36, 0x31, 0x36, 0x31, 0x36, 0x31, 0x36, 0x31, 0x36, 0x31, 0x36, 0x31, 0x36, 0x31, 0x36, 0x31, 0x36, 0x31,
    0x36, 0x31, 0x36, 0x31, 0x36, 0x31, 0x36, 0x31, 0x36, 0x31, 0x36, 0x31, 0x36, 0x31, 0x36, 0x31, 0x36, 0x31, 0x36,
    0x31, 0x36, 0x51, 0x36, 0x10, 0x36, 0xA7, 0x12, 0x26, 0x0A, 0x25, 0x0A, 0xE5, 0x09, 0xC4, 0x09, 0x84, 0x09, 0x63,
    0x09, 0x43, 0x09, 0x23, 0x01, 0x02, 0x01, 0xE2, 0x00, 0xC2, 0x00, 0xA1, 0x00, 0x81, 0x00, 0x81, 0x00, 0x61, 0x00,
    0x40, 0x00, 0x40, 0x00, 0x20, 0x00, 0x20, 0x00, 0x20, 0x00, 0x20, 0x00, 0x00, 0x00, 0x00, 0x00, 0x00, 0x00, 0x00,
    0x00, 0x20, 0x00, 0x20, 0x00, 0x20, 0x00, 0x20, 0x00, 0x40, 0x00, 0x40, 0x00, 0x61, 0x00, 0x81, 0x00, 0x81, 0x00,
    0xA1, 0x00, 0xC2, 0x00, 0xE2, 0x00, 0x02, 0x01, 0x23, 0x09, 0x43, 0x09, 0x63, 0x09, 0xA4, 0x09, 0xC4, 0x09, 0xE5,
    0x09, 0x25, 0x0A, 0x46, 0x0A, 0xA7, 0x12, 0xF0, 0x2D, 0x51, 0x36, 0x31, 0x36, 0x31, 0x36, 0x31, 0x36, 0x31, 0x36,
    0x31, 0x36, 0x31, 0x36, 0x31, 0x36, 0x31, 0x36, 0x31, 0x36, 0x31, 0x36, 0x31, 0x36, 0x31, 0x36, 0x31, 0x36, 0x31,
    0x36, 0x31, 0x36, 0x31, 0x36, 0x31, 0x36, 0x31, 0x36, 0x31, 0x36, 0x31, 0x36, 0x31, 0x36, 0x31, 0x36, 0x31, 0x36,
    0x31, 0x36, 0x31, 0x36, 0x31, 0x36, 0x31, 0x36, 0x31, 0x36, 0x31, 0x36, 0x31, 0x36, 0x31, 0x36, 0x31, 0x36, 0x31,
    0x36, 0x31, 0x36, 0x31, 0x36, 0x31, 0x36, 0x31, 0x36, 0x31, 0x36, 0x31, 0x36, 0x31, 0x36, 0x31, 0x36, 0x31, 0x36,
    0x31, 0x36, 0x31, 0x36, 0x31, 0x36, 0x31, 0x36, 0x31, 0x36, 0x31, 0x36, 0x31, 0x36, 0x31, 0x36, 0x31, 0x36, 0x31,
    0x36, 0x31, 0x36, 0x31, 0x36, 0x31, 0x36, 0x31, 0x36, 0x31, 0x36, 0x31, 0x36, 0x10, 0x26, 0x18, 0x97, 0xFF, 0xFF,
    0xFF, 0xFF, 0xFF, 0xFF, 0xFF, 0xFF, 0xFF, 0xFF, 0xFF, 0xFF, 0xFF, 0xFF, 0xFF, 0xFF, 0xFF, 0xFF, 0x9C, 0xCF, 0x30,
    0x2E, 0x31, 0x36, 0x31, 0x36, 0x31, 0x36, 0x31, 0x36, 0x31, 0x36, 0x31, 0x36, 0x31, 0x36, 0x31, 0x36, 0x10, 0x26,
    0x5A, 0xB7, 0xFF, 0xFF, 0xFF, 0xFF, 0xFF, 0xFF, 0xFF, 0xFF, 0xFF, 0xFF, 0xFF, 0xFF, 0xFF, 0xFF, 0xFF, 0xFF, 0xFF,
    0xFF, 0xB5, 0x76, 0x10, 0x26, 0x31, 0x36, 0x31, 0x36, 0x31, 0x36, 0x31, 0x36, 0x31, 0x36, 0x31, 0x36, 0x31, 0x36,
    0x31, 0x36, 0x31, 0x36, 0x31, 0x36, 0x31, 0x36, 0x31, 0x36, 0x31, 0x36, 0x31, 0x36, 0x31, 0x36, 0x31, 0x36, 0x31,
    0x36, 0x31, 0x36, 0x31, 0x36, 0x31, 0x36, 0x31, 0x36, 0x31, 0x36, 0x31, 0x36, 0x31, 0x36, 0x31, 0x36, 0x31, 0x36,
    0x31, 0x36, 0x31, 0x36, 0x31, 0x36, 0x31, 0x36, 0x31, 0x36, 0x31, 0x36, 0x31, 0x36, 0x31, 0x36, 0x31, 0x36, 0x31,
    0x36, 0x31, 0x36, 0x31, 0x36, 0x31, 0x36, 0x31, 0x36, 0x31, 0x36, 0x31, 0x36, 0x31, 0x36, 0x31, 0x36, 0x31, 0x36,
    0x31, 0x36, 0x31, 0x36, 0x31, 0x36, 0x31, 0x36, 0x31, 0x36, 0x31, 0x36, 0x31, 0x36, 0x31, 0x36, 0x31, 0x36, 0x31,
    0x36, 0x31, 0x36, 0x51, 0x36, 0xF0, 0x2D, 0xA7, 0x12, 0x46, 0x0A, 0x25, 0x0A, 0xE5, 0x09, 0xC4, 0x09, 0xA4, 0x09,
    0x63, 0x09, 0x43, 0x09, 0x23, 0x09, 0x02, 0x01, 0xE2, 0x00, 0xC2, 0x00, 0xA1, 0x00, 0x81, 0x00, 0x81, 0x00, 0x61,
    0x00, 0x40, 0x00, 0x40, 0x00, 0x20, 0x00, 0x20, 0x00, 0x20, 0x00, 0x20, 0x00, 0x00, 0x00, 0x00, 0x00, 0x00, 0x00,
    0x00, 0x00, 0x20, 0x00, 0x20, 0x00, 0x20, 0x00, 0x20, 0x00, 0x40, 0x00, 0x40, 0x00, 0x61, 0x00, 0x81, 0x00, 0x81,
    0x00, 0xA1, 0x00, 0xC2, 0x00, 0xE2, 0x00, 0x02, 0x01, 0x23, 0x09, 0x43, 0x09, 0x63, 0x09, 0xA4, 0x09, 0xC4, 0x09,
    0xE5, 0x09, 0x25, 0x0A, 0x46, 0x0A, 0xA7, 0x12, 0xF0, 0x2D, 0x51, 0x36, 0x31, 0x36, 0x31, 0x36, 0x31, 0x36, 0x31,
    0x36, 0x31, 0x36, 0x31, 0x36, 0x31, 0x36, 0x31, 0x36, 0x31, 0x36, 0x31, 0x36, 0x31, 0x36, 0x31, 0x36, 0x31, 0x36,
    0x31, 0x36, 0x31, 0x36, 0x31, 0x36, 0x31, 0x36, 0x31, 0x36, 0x31, 0x36, 0x31, 0x36, 0x31, 0x36, 0x31, 0x36, 0x31,
    0x36, 0x31, 0x36, 0x31, 0x36, 0x31, 0x36, 0x31, 0x36, 0x31, 0x36, 0x31, 0x36, 0x31, 0x36, 0x31, 0x36, 0x31, 0x36,
    0x31, 0x36, 0x31, 0x36, 0x31, 0x36, 0x31, 0x36, 0x31, 0x36, 0x31, 0x36, 0x31, 0x36, 0x31, 0x36, 0x31, 0x36, 0x31,
    0x36, 0x31, 0x36, 0x31, 0x36, 0x31, 0x36, 0x31, 0x36, 0x31, 0x36, 0x31, 0x36, 0x31, 0x36, 0x31, 0x36, 0x31, 0x36,
    0x31, 0x36, 0x31, 0x36, 0x31, 0x36, 0x31, 0x36, 0x31, 0x36, 0x31, 0x36, 0x31, 0x2E, 0x51, 0x3E, 0xDE, 0xE7, 0xFF,
    0xFF, 0xFF, 0xFF, 0xFF, 0xFF, 0xFF, 0xFF, 0xFF, 0xFF, 0xFF, 0xFF, 0xFF, 0xFF, 0xFF, 0xFF, 0xFF, 0xFF, 0xD5, 0x76,
    0x10, 0x26, 0x31, 0x36, 0x31, 0x36, 0x31, 0x36, 0x31, 0x36, 0x31, 0x36, 0x31, 0x36, 0x31, 0x36, 0x31, 0x36, 0x10,
    0x26, 0xB5, 0x66, 0xFF, 0xFF, 0xFF, 0xFF, 0xFF, 0xFF, 0xFF, 0xFF, 0xFF, 0xFF, 0xFF, 0xFF, 0xFF, 0xFF, 0xFF, 0xFF,
    0xFF, 0xFF, 0x7B, 0xC7, 0x10, 0x2E, 0x31, 0x36, 0x31, 0x36, 0x31, 0x36, 0x31, 0x36, 0x31, 0x36, 0x31, 0x36, 0x31,
    0x36, 0x31, 0x36, 0x31, 0x36, 0x31, 0x36, 0x31, 0x36, 0x31, 0x36, 0x31, 0x36, 0x31, 0x36, 0x31, 0x36, 0x31, 0x36,
    0x31, 0x36, 0x31, 0x36, 0x31, 0x36, 0x31, 0x36, 0x31, 0x36, 0x31, 0x36, 0x31, 0x36, 0x31, 0x36, 0x31, 0x36, 0x31,
    0x36, 0x31, 0x36, 0x31, 0x36, 0x31, 0x36, 0x31, 0x36, 0x31, 0x36, 0x31, 0x36, 0x31, 0x36, 0x31, 0x36, 0x31, 0x36,
    0x31, 0x36, 0x31, 0x36, 0x31, 0x36, 0x31, 0x36, 0x31, 0x36, 0x31, 0x36, 0x31, 0x36, 0x31, 0x36, 0x31, 0x36, 0x31,
    0x36, 0x31, 0x36, 0x31, 0x36, 0x31, 0x36, 0x31, 0x36, 0x31, 0x36, 0x31, 0x36, 0x31, 0x36, 0x31, 0x36, 0x31, 0x36,
    0x31, 0x36, 0x31, 0x36, 0x51, 0x36, 0xF0, 0x2D, 0xA7, 0x12, 0x46, 0x0A, 0x25, 0x0A, 0xE5, 0x09, 0xC4, 0x09, 0xA4,
    0x09, 0x63, 0x09, 0x43, 0x09, 0x23, 0x09, 0x02, 0x01, 0xE2, 0x00, 0xC2, 0x00, 0xA1, 0x00, 0x81, 0x00, 0x81, 0x00,
    0x61, 0x00, 0x40, 0x00, 0x40, 0x00, 0x20, 0x00, 0x20, 0x00, 0x20, 0x00, 0x20, 0x00, 0x00, 0x00, 0x00, 0x00, 0x00,
    0x00, 0x00, 0x00, 0x20, 0x00, 0x20, 0x00, 0x20, 0x00, 0x20, 0x00, 0x40, 0x00, 0x40, 0x00, 0x61, 0x00, 0x81, 0x00,
    0x81, 0x00, 0xA1, 0x00, 0xC2, 0x00, 0xE2, 0x00, 0x02, 0x01, 0x23, 0x09, 0x43, 0x09, 0x83, 0x09, 0xA4, 0x09, 0xC4,
    0x09, 0xE5, 0x09, 0x25, 0x0A, 0x46, 0x0A, 0xA7, 0x12, 0xF0, 0x2D, 0x31, 0x36, 0x31, 0x36, 0x31, 0x36, 0x31, 0x36,
    0x31, 0x36, 0x31, 0x36, 0x31, 0x36, 0x31, 0x36, 0x31, 0x36, 0x31, 0x36, 0x31, 0x36, 0x31, 0x36, 0x31, 0x36, 0x31,
    0x36, 0x31, 0x36, 0x31, 0x36, 0x31, 0x36, 0x31, 0x36, 0x31, 0x36, 0x31, 0x36, 0x31, 0x36, 0x31, 0x36, 0x31, 0x36,
    0x31, 0x36, 0x31, 0x36, 0x31, 0x36, 0x31, 0x36, 0x31, 0x36, 0x31, 0x36, 0x31, 0x36, 0x31, 0x36, 0x31, 0x36, 0x31,
    0x36, 0x31, 0x36, 0x31, 0x36, 0x31, 0x36, 0x31, 0x36, 0x31, 0x36, 0x31, 0x36, 0x31, 0x36, 0x31, 0x36, 0x31, 0x36,
    0x31, 0x36, 0x31, 0x36, 0x31, 0x36, 0x31, 0x36, 0x31, 0x36, 0x31, 0x36, 0x31, 0x36, 0x31, 0x36, 0x31, 0x36, 0x31,
    0x36, 0x31, 0x36, 0x31, 0x36, 0x31, 0x36, 0x31, 0x36, 0x31, 0x36, 0x31, 0x36, 0x10, 0x26, 0xF7, 0x86, 0xFF, 0xFF,
    0xFF, 0xFF, 0xFF, 0xFF, 0xFF, 0xFF, 0xFF, 0xFF, 0xFF, 0xFF, 0xFF, 0xFF, 0xFF, 0xFF, 0xFF, 0xFF, 0xBD, 0xDF, 0x31,
    0x36, 0x31, 0x36, 0x31, 0x36, 0x31, 0x36, 0x31, 0x36, 0x31, 0x36, 0x31, 0x36, 0x31, 0x36, 0x31, 0x36, 0x31, 0x36,
    0x31, 0x36, 0x31, 0x36, 0xBD, 0xDF, 0xFF, 0xFF, 0xFF, 0xFF, 0xFF, 0xFF, 0xFF, 0xFF, 0xFF, 0xFF, 0xFF, 0xFF, 0xFF,
    0xFF, 0xFF, 0xFF, 0xFF, 0xFF, 0x73, 0x56, 0x10, 0x2E, 0x31, 0x36, 0x31, 0x36, 0x31, 0x36, 0x31, 0x36, 0x31, 0x36,
    0x31, 0x36, 0x31, 0x36, 0x31, 0x36, 0x31, 0x36, 0x31, 0x36, 0x31, 0x36, 0x31, 0x36, 0x31, 0x36, 0x31, 0x36, 0x31,
    0x36, 0x31, 0x36, 0x31, 0x36, 0x31, 0x36, 0x31, 0x36, 0x31, 0x36, 0x31, 0x36, 0x31, 0x36, 0x31, 0x36, 0x31, 0x36,
    0x31, 0x36, 0x31, 0x36, 0x31, 0x36, 0x31, 0x36, 0x31, 0x36, 0x31, 0x36, 0x31, 0x36, 0x31, 0x36, 0x31, 0x36, 0x31,
    0x36, 0x31, 0x36, 0x31, 0x36, 0x31, 0x36, 0x31, 0x36, 0x31, 0x36, 0x31, 0x36, 0x31, 0x36, 0x31, 0x36, 0x31, 0x36,
    0x31, 0x36, 0x31, 0x36, 0x31, 0x36, 0x31, 0x36, 0x31, 0x36, 0x31, 0x36, 0x31, 0x36, 0x31, 0x36, 0x31, 0x36, 0x31,
    0x36, 0x31, 0x36, 0x31, 0x36, 0x31, 0x36, 0xF0, 0x2D, 0xA7, 0x12, 0x46, 0x0A, 0x25, 0x0A, 0xE5, 0x09, 0xC4, 0x09,
    0xA4, 0x09, 0x83, 0x09, 0x43, 0x09, 0x23, 0x09, 0x02, 0x01, 0xE2, 0x00, 0xC2, 0x00, 0xA1, 0x00, 0x81, 0x00, 0x81,
    0x00, 0x61, 0x00, 0x40, 0x00, 0x40, 0x00, 0x20, 0x00, 0x20, 0x00, 0x20, 0x00, 0x20, 0x00, 0x00, 0x00, 0x00, 0x00,
    0x00, 0x00, 0x00, 0x00, 0x20, 0x00, 0x20, 0x00, 0x20, 0x00, 0x20, 0x00, 0x40, 0x00, 0x40, 0x00, 0x61, 0x00, 0x81,
    0x00, 0x81, 0x00, 0xA1, 0x00, 0xC2, 0x00, 0xE2, 0x00, 0x02, 0x01, 0x23, 0x09, 0x43, 0x09, 0x83, 0x09, 0xA4, 0x09,
    0xC4, 0x09, 0x05, 0x0A, 0x25, 0x0A, 0x46, 0x0A, 0xC7, 0x12, 0xF0, 0x2D, 0x31, 0x36, 0x31, 0x36, 0x31, 0x36, 0x31,
    0x36, 0x31, 0x36, 0x31, 0x36, 0x31, 0x36, 0x31, 0x36, 0x31, 0x36, 0x31, 0x36, 0x31, 0x36, 0x31, 0x36, 0x31, 0x36,
    0x31, 0x36, 0x31, 0x36, 0x31, 0x36, 0x31, 0x36, 0x31, 0x36, 0x31, 0x36, 0x31, 0x36, 0x31, 0x36, 0x31, 0x36, 0x31,
    0x36, 0x31, 0x36, 0x31, 0x36, 0x31, 0x36, 0x31, 0x36, 0x31, 0x36, 0x31, 0x36, 0x31, 0x36, 0x31, 0x36, 0x31, 0x36,
    0x31, 0x36, 0x31, 0x36, 0x31, 0x36, 0x31, 0x36, 0x31, 0x36, 0x31, 0x36, 0x31, 0x36, 0x31, 0x36, 0x31, 0x36, 0x31,
    0x36, 0x31, 0x36, 0x31, 0x36, 0x31, 0x36, 0x31, 0x36, 0x31, 0x36, 0x31, 0x36, 0x31, 0x36, 0x31, 0x36, 0x31, 0x36,
    0x31, 0x36, 0x31, 0x36, 0x31, 0x36, 0x31, 0x36, 0x31, 0x36, 0x31, 0x36, 0x31, 0x2E, 0x31, 0x36, 0xBD, 0xDF, 0xFF,
    0xFF, 0xFF, 0xFF, 0xFF, 0xFF, 0xFF, 0xFF, 0xFF, 0xFF, 0xFF, 0xFF, 0xFF, 0xFF, 0xFF, 0xFF, 0xFF, 0xFF, 0xF7, 0x86,
    0x10, 0x26, 0x31, 0x36, 0x31, 0x36, 0x31, 0x36, 0x31, 0x36, 0x31, 0x36, 0x31, 0x36, 0x31, 0x36, 0x31, 0x36, 0x31,
    0x36, 0x31, 0x36, 0x10, 0x26, 0xF7, 0x8E, 0xFF, 0xFF, 0xFF, 0xFF, 0xFF, 0xFF, 0xFF, 0xFF, 0xFF, 0xFF, 0xFF, 0xFF,
    0xFF, 0xFF, 0xFF, 0xFF, 0xFF, 0xFF, 0x39, 0xA7, 0x10, 0x26, 0x31, 0x36, 0x31, 0x36, 0x31, 0x36, 0x31, 0x36, 0x31,
    0x36, 0x31, 0x36, 0x31, 0x36, 0x31, 0x36, 0x31, 0x36, 0x31, 0x36, 0x31, 0x36, 0x31, 0x36, 0x31, 0x36, 0x31, 0x36,
    0x31, 0x36, 0x31, 0x36, 0x31, 0x36, 0x31, 0x36, 0x31, 0x36, 0x31, 0x36, 0x31, 0x36, 0x31, 0x36, 0x31, 0x36, 0x31,
    0x36, 0x31, 0x36, 0x31, 0x36, 0x31, 0x36, 0x31, 0x36, 0x31, 0x36, 0x31, 0x36, 0x31, 0x36, 0x31, 0x36, 0x31, 0x36,
    0x31, 0x36, 0x31, 0x36, 0x31, 0x36, 0x31, 0x36, 0x31, 0x36, 0x31, 0x36, 0x31, 0x36, 0x31, 0x36, 0x31, 0x36, 0x31,
    0x36, 0x31, 0x36, 0x31, 0x36, 0x31, 0x36, 0x31, 0x36, 0x31, 0x36, 0x31, 0x36, 0x31, 0x36, 0x31, 0x36, 0x31, 0x36,
    0x31, 0x36, 0x31, 0x36, 0x31, 0x36, 0x31, 0x36, 0xF0, 0x2D, 0xC7, 0x12, 0x46, 0x0A, 0x25, 0x0A, 0x05, 0x0A, 0xC4,
    0x09, 0xA4, 0x09, 0x83, 0x09, 0x43, 0x09, 0x23, 0x09, 0x02, 0x01, 0xE2, 0x00, 0xC2, 0x00, 0xA1, 0x00, 0x81, 0x00,
    0x81, 0x00, 0x61, 0x00, 0x40, 0x00, 0x40, 0x00, 0x20, 0x00, 0x20, 0x00, 0x20, 0x00, 0x20, 0x00, 0x00, 0x00, 0x00,
    0x00, 0x00, 0x00, 0x00, 0x00, 0x20, 0x00, 0x20, 0x00, 0x20, 0x00, 0x20, 0x00, 0x40, 0x00, 0x40, 0x00, 0x61, 0x00,
    0x81, 0x00, 0x81, 0x00, 0xA1, 0x00, 0xC2, 0x00, 0xE2, 0x00, 0x02, 0x01, 0x23, 0x09, 0x43, 0x09, 0x83, 0x09, 0xA4,
    0x09, 0xC4, 0x09, 0x05, 0x0A, 0x25, 0x0A, 0x46, 0x0A, 0xC7, 0x12, 0xF0, 0x2D, 0x31, 0x36, 0x31, 0x36, 0x31, 0x36,
    0x31, 0x36, 0x31, 0x36, 0x31, 0x36, 0x31, 0x36, 0x31, 0x36, 0x31, 0x36, 0x31, 0x36, 0x31, 0x36, 0x31, 0x36, 0x31,
    0x36, 0x31, 0x36, 0x31, 0x36, 0x31, 0x36, 0x31, 0x36, 0x31, 0x36, 0x31, 0x36, 0x31, 0x36, 0x31, 0x36, 0x31, 0x36,
    0x31, 0x36, 0x31, 0x36, 0x31, 0x36, 0x31, 0x36, 0x31, 0x36, 0x31, 0x36, 0x31, 0x36, 0x31, 0x36, 0x31, 0x36, 0x31,
    0x36, 0x31, 0x36, 0x31, 0x36, 0x31, 0x36, 0x31, 0x36, 0x31, 0x36, 0x31, 0x36, 0x31, 0x36, 0x31, 0x36, 0x31, 0x36,
    0x31, 0x36, 0x31, 0x36, 0x31, 0x36, 0x31, 0x36, 0x31, 0x36, 0x31, 0x36, 0x31, 0x36, 0x31, 0x36, 0x31, 0x36, 0x31,
    0x36, 0x31, 0x36, 0x31, 0x36, 0x31, 0x36, 0x31, 0x36, 0x31, 0x36, 0x31, 0x36, 0x10, 0x26, 0xD6, 0x7E, 0xFF, 0xFF,
    0xFF, 0xFF, 0xFF, 0xFF, 0xFF, 0xFF, 0xFF, 0xFF, 0xFF, 0xFF, 0xFF, 0xFF, 0xFF, 0xFF, 0xFF, 0xFF, 0xDE, 0xEF, 0x31,
    0x3E, 0x10, 0x2E, 0x31, 0x36, 0x31, 0x36, 0x31, 0x36, 0x31, 0x36, 0x31, 0x36, 0x31, 0x36, 0x31, 0x36, 0x31, 0x36,
    0x31, 0x36, 0x31, 0x36, 0x10, 0x2E, 0x52, 0x46, 0xFF, 0xF7, 0xFF, 0xFF, 0xFF, 0xFF, 0xFF, 0xFF, 0xFF, 0xFF, 0xFF,
    0xFF, 0xFF, 0xFF, 0xFF, 0xFF, 0xFF, 0xFF, 0xDE, 0xEF, 0x52, 0x3E, 0x10, 0x2E, 0x31, 0x36, 0x31, 0x36, 0x31, 0x36,
    0x31, 0x36, 0x31, 0x36, 0x31, 0x36, 0x31, 0x36, 0x31, 0x36, 0x31, 0x36, 0x31, 0x36, 0x31, 0x36, 0x31, 0x36, 0x31,
    0x36, 0x31, 0x36, 0x31, 0x36, 0x31, 0x36, 0x31, 0x36, 0x31, 0x36, 0x31, 0x36, 0x31, 0x36, 0x31, 0x36, 0x31, 0x36,
    0x31, 0x36, 0x31, 0x36, 0x31, 0x36, 0x31, 0x36, 0x31, 0x36, 0x31, 0x36, 0x31, 0x36, 0x31, 0x36, 0x31, 0x36, 0x31,
    0x36, 0x31, 0x36, 0x31, 0x36, 0x31, 0x36, 0x31, 0x36, 0x31, 0x36, 0x31, 0x36, 0x31, 0x36, 0x31, 0x36, 0x31, 0x36,
    0x31, 0x36, 0x31, 0x36, 0x31, 0x36, 0x31, 0x36, 0x31, 0x36, 0x31, 0x36, 0x31, 0x36, 0x31, 0x36, 0x31, 0x36, 0x31,
    0x36, 0x31, 0x36, 0x31, 0x36, 0x31, 0x36, 0x31, 0x36, 0xF0, 0x2D, 0xC7, 0x12, 0x46, 0x0A, 0x25, 0x0A, 0x05, 0x0A,
    0xC4, 0x09, 0xA4, 0x09, 0x83, 0x09, 0x43, 0x09, 0x23, 0x09, 0x02, 0x01, 0xE2, 0x00, 0xC2, 0x00, 0xA1, 0x00, 0x81,
    0x00, 0x81, 0x00, 0x61, 0x00, 0x40, 0x00, 0x40, 0x00, 0x20, 0x00, 0x20, 0x00, 0x20, 0x00, 0x20, 0x00, 0x00, 0x00,
    0x00, 0x00, 0x00, 0x00, 0x00, 0x00, 0x20, 0x00, 0x20, 0x00, 0x20, 0x00, 0x20, 0x00, 0x40, 0x00, 0x40, 0x00, 0x61,
    0x00, 0x81, 0x00, 0xA1, 0x00, 0xA1, 0x00, 0xC2, 0x00, 0xE2, 0x00, 0x02, 0x01, 0x23, 0x09, 0x43, 0x09, 0x84, 0x09,
    0xA4, 0x09, 0xC4, 0x09, 0x05, 0x0A, 0x25, 0x0A, 0x46, 0x0A, 0xC7, 0x12, 0xF0, 0x2D, 0x31, 0x36, 0x10, 0x36, 0x10,
    0x36, 0x10, 0x36, 0x10, 0x36, 0x10, 0x36, 0x10, 0x36, 0x10, 0x36, 0x10, 0x36, 0x10, 0x36, 0x10, 0x36, 0x10, 0x36,
    0x10, 0x36, 0x10, 0x36, 0x10, 0x36, 0x10, 0x36, 0x10, 0x36, 0x10, 0x36, 0x10, 0x36, 0x10, 0x36, 0x10, 0x36, 0x10,
    0x36, 0x10, 0x36, 0x10, 0x36, 0x10, 0x36, 0x10, 0x36, 0x10, 0x36, 0x10, 0x36, 0x10, 0x36, 0x10, 0x36, 0x10, 0x36,
    0x10, 0x36, 0x10, 0x36, 0x10, 0x36, 0x10, 0x36, 0x10, 0x36, 0x10, 0x36, 0x10, 0x36, 0x10, 0x36, 0x10, 0x36, 0x10,
    0x36, 0x10, 0x36, 0x10, 0x36, 0x10, 0x36, 0x10, 0x36, 0x10, 0x36, 0x10, 0x36, 0x10, 0x36, 0x10, 0x36, 0x10, 0x36,
    0x10, 0x36, 0x10, 0x36, 0x10, 0x36, 0x10, 0x36, 0x10, 0x36, 0x10, 0x36, 0x30, 0x36, 0x10, 0x2E, 0x9C, 0xD7, 0xFF,
    0xFF, 0xFF, 0xFF, 0xFF, 0xFF, 0xFF, 0xFF, 0xFF, 0xFF, 0xFF, 0xFF, 0xFF, 0xFF, 0xFF, 0xFF, 0xFF, 0xFF, 0x18, 0x9F,
    0xEF, 0x25, 0x31, 0x36, 0x10, 0x36, 0x10, 0x36, 0x10, 0x36, 0x10, 0x36, 0x10, 0x36, 0x10, 0x36, 0x10, 0x36, 0x10,
    0x36, 0x10, 0x36, 0x10, 0x36, 0x31, 0x36, 0x10, 0x26, 0x5A, 0xB7, 0xFF, 0xFF, 0xFF, 0xFF, 0xFF, 0xFF, 0xFF, 0xFF,
    0xFF, 0xFF, 0xFF, 0xFF, 0xFF, 0xFF, 0xFF, 0xFF, 0xFF, 0xFF, 0xF7, 0x86, 0xEF, 0x25, 0x31, 0x36, 0x30, 0x36, 0x10,
    0x36, 0x10, 0x36, 0x10, 0x36, 0x10, 0x36, 0x10, 0x36, 0x10, 0x36, 0x10, 0x36, 0x10, 0x36, 0x10, 0x36, 0x10, 0x36,
    0x10, 0x36, 0x10, 0x36, 0x10, 0x36, 0x10, 0x36, 0x10, 0x36, 0x10, 0x36, 0x10, 0x36, 0x10, 0x36, 0x10, 0x36, 0x10,
    0x36, 0x10, 0x36, 0x10, 0x36, 0x10, 0x36, 0x10, 0x36, 0x10, 0x36, 0x10, 0x36, 0x10, 0x36, 0x10, 0x36, 0x10, 0x36,
    0x10, 0x36, 0x10, 0x36, 0x10, 0x36, 0x10, 0x36, 0x10, 0x36, 0x10, 0x36, 0x10, 0x36, 0x10, 0x36, 0x10, 0x36, 0x10,
    0x36, 0x10, 0x36, 0x10, 0x36, 0x10, 0x36, 0x10, 0x36, 0x10, 0x36, 0x10, 0x36, 0x10, 0x36, 0x10, 0x36, 0x10, 0x36,
    0x10, 0x36, 0x10, 0x36, 0x10, 0x36, 0x10, 0x36, 0x31, 0x36, 0xF0, 0x2D, 0xC7, 0x12, 0x46, 0x0A, 0x25, 0x0A, 0x05,
    0x0A, 0xC4, 0x09, 0xA4, 0x09, 0x84, 0x09, 0x43, 0x09, 0x23, 0x09, 0x02, 0x01, 0xE2, 0x00, 0xC2, 0x00, 0xA1, 0x00,
    0xA1, 0x00, 0x81, 0x00, 0x61, 0x00, 0x40, 0x00, 0x40, 0x00, 0x20, 0x00, 0x20, 0x00, 0x20, 0x00, 0x20, 0x00, 0x00,
    0x00, 0x00, 0x00, 0x00, 0x00, 0x00, 0x00, 0x20, 0x00, 0x20, 0x00, 0x20, 0x00, 0x20, 0x00, 0x40, 0x00, 0x40, 0x00,
    0x61, 0x00, 0x81, 0x00, 0xA1, 0x00, 0xA1, 0x00, 0xC2, 0x00, 0xE2, 0x00, 0x02, 0x01, 0x23, 0x09, 0x43, 0x09, 0x84,
    0x09, 0xA4, 0x09, 0xC4, 0x09, 0x05, 0x0A, 0x25, 0x0A, 0x46, 0x0A, 0xC7, 0x12, 0xF0, 0x2D, 0x31, 0x36, 0x10, 0x2E,
    0x10, 0x2E, 0x10, 0x2E, 0x10, 0x2E, 0x10, 0x2E, 0x10, 0x2E, 0x10, 0x2E, 0x10, 0x2E, 0x10, 0x2E, 0x10, 0x2E, 0x10,
    0x2E, 0x10, 0x2E, 0x10, 0x2E, 0x10, 0x2E, 0x10, 0x2E, 0x10, 0x2E, 0x10, 0x2E, 0x10, 0x2E, 0x10, 0x2E, 0x10, 0x2E,
    0x10, 0x2E, 0x10, 0x2E, 0x10, 0x2E, 0x10, 0x2E, 0x10, 0x2E, 0x10, 0x2E, 0x10, 0x2E, 0x10, 0x2E, 0x10, 0x2E, 0x10,
    0x2E, 0x10, 0x2E, 0x10, 0x2E, 0x10, 0x2E, 0x10, 0x2E, 0x10, 0x2E, 0x10, 0x2E, 0x10, 0x2E, 0x10, 0x2E, 0x10, 0x2E,
    0x10, 0x2E, 0x10, 0x2E, 0x10, 0x2E, 0x10, 0x2E, 0x10, 0x2E, 0x10, 0x2E, 0x10, 0x2E, 0x10, 0x2E, 0x10, 0x2E, 0x10,
    0x2E, 0x10, 0x2E, 0x10, 0x2E, 0x10, 0x2E, 0x10, 0x2E, 0x10, 0x2E, 0x31, 0x36, 0x10, 0x26, 0xB5, 0x6E, 0xFF, 0xFF,
    0xFF, 0xFF, 0xFF, 0xFF, 0xFF, 0xFF, 0xFF, 0xFF, 0xFF, 0xFF, 0xFF, 0xFF, 0xFF, 0xFF, 0xFF, 0xFF, 0xFF, 0xF7, 0x52,
    0x46, 0x10, 0x2E, 0x11, 0x36, 0x10, 0x2E, 0x10, 0x2E, 0x10, 0x2E, 0x10, 0x2E, 0x10, 0x2E, 0x10, 0x2E, 0x10, 0x2E,
    0x10, 0x2E, 0x10, 0x2E, 0x10, 0x2E, 0x31, 0x36, 0x10, 0x26, 0x94, 0x5E, 0xFF, 0xFF, 0xFF, 0xFF, 0xFF, 0xFF, 0xFF,
    0xFF, 0xFF, 0xFF, 0xFF, 0xFF, 0xFF, 0xFF, 0xFF, 0xFF, 0xFF, 0xFF, 0xBD, 0xDF, 0x10, 0x2E, 0x10, 0x2E, 0x10, 0x36,
    0x10, 0x2E, 0x10, 0x2E, 0x10, 0x2E, 0x10, 0x2E, 0x10, 0x2E, 0x10, 0x2E, 0x10, 0x2E, 0x10, 0x2E, 0x10, 0x2E, 0x10,
    0x2E, 0x10, 0x2E, 0x10, 0x2E, 0x10, 0x2E, 0x10, 0x2E, 0x10, 0x2E, 0x10, 0x2E, 0x10, 0x2E, 0x10, 0x2E, 0x10, 0x2E,
    0x10, 0x2E, 0x10, 0x2E, 0x10, 0x2E, 0x10, 0x2E, 0x10, 0x2E, 0x10, 0x2E, 0x10, 0x2E, 0x10, 0x2E, 0x10, 0x2E, 0x10,
    0x2E, 0x10, 0x2E, 0x10, 0x2E, 0x10, 0x2E, 0x10, 0x2E, 0x10, 0x2E, 0x10, 0x2E, 0x10, 0x2E, 0x10, 0x2E, 0x10, 0x2E,
    0x10, 0x2E, 0x10, 0x2E, 0x10, 0x2E, 0x10, 0x2E, 0x10, 0x2E, 0x10, 0x2E, 0x10, 0x2E, 0x10, 0x2E, 0x10, 0x2E, 0x10,
    0x2E, 0x10, 0x2E, 0x10, 0x2E, 0x10, 0x2E, 0x10, 0x2E, 0x31, 0x36, 0xF0, 0x2D, 0xC7, 0x12, 0x46, 0x0A, 0x25, 0x0A,
    0x05, 0x0A, 0xC4, 0x09, 0xA4, 0x09, 0x84, 0x09, 0x43, 0x09, 0x23, 0x09, 0x02, 0x01, 0xE2, 0x00, 0xC2, 0x00, 0xA1,
    0x00, 0xA1, 0x00, 0x81, 0x00, 0x61, 0x00, 0x40, 0x00, 0x40, 0x00, 0x20, 0x00, 0x20, 0x00, 0x20, 0x00, 0x20, 0x00,
    0x00, 0x00, 0x00, 0x00, 0x00, 0x00, 0x00, 0x00, 0x20, 0x00, 0x20, 0x00, 0x20, 0x00, 0x20, 0x00, 0x40, 0x00, 0x40,
    0x00, 0x61, 0x00, 0x81, 0x00, 0xA1, 0x00, 0xA1, 0x00, 0xC2, 0x00, 0xE2, 0x00, 0x02, 0x01, 0x23, 0x09, 0x43, 0x09,
    0x84, 0x09, 0xA4, 0x09, 0xC4, 0x09, 0x05, 0x0A, 0x25, 0x0A, 0x46, 0x0A, 0xC7, 0x12, 0xF0, 0x2D, 0x31, 0x36, 0x10,
    0x2E, 0x10, 0x2E, 0x10, 0x2E, 0x10, 0x2E, 0x10, 0x2E, 0x10, 0x2E, 0x10, 0x2E, 0x10, 0x2E, 0x10, 0x2E, 0x10, 0x2E,
    0x10, 0x2E, 0x10, 0x2E, 0x10, 0x2E, 0x10, 0x2E, 0x10, 0x2E, 0x10, 0x2E, 0x10, 0x2E, 0x10, 0x2E, 0x10, 0x2E, 0x10,
    0x2E, 0x10, 0x2E, 0x10, 0x2E, 0x10, 0x2E, 0x10, 0x2E, 0x10, 0x2E, 0x10, 0x2E, 0x10, 0x2E, 0x10, 0x2E, 0x10, 0x2E,
    0x10, 0x2E, 0x10, 0x2E, 0x10, 0x2E, 0x10, 0x2E, 0x10, 0x2E, 0x10, 0x2E, 0x10, 0x2E, 0x10, 0x2E, 0x10, 0x2E, 0x10,
    0x2E, 0x10, 0x2E, 0x10, 0x2E, 0x10, 0x2E, 0x10, 0x2E, 0x10, 0x2E, 0x10, 0x2E, 0x10, 0x2E, 0x10, 0x2E, 0x10, 0x2E,
    0x10, 0x2E, 0x10, 0x2E, 0x10, 0x2E, 0x10, 0x2E, 0x10, 0x2E, 0x10, 0x2E, 0x11, 0x36, 0x10, 0x2E, 0x9C, 0xCF, 0xFF,
    0xFF, 0xFF, 0xFF, 0xFF, 0xFF, 0xFF, 0xFF, 0xFF, 0xFF, 0xFF, 0xFF, 0xFF, 0xFF, 0xFF, 0xFF, 0xFF, 0xFF, 0x39, 0xAF,
    0xEF, 0x25, 0x31, 0x36, 0x10, 0x2E, 0x10, 0x2E, 0x10, 0x2E, 0x10, 0x2E, 0x10, 0x2E, 0x10, 0x2E, 0x10, 0x2E, 0x10,
    0x2E, 0x10, 0x2E, 0x10, 0x2E, 0x10, 0x2E, 0x10, 0x2E, 0x10, 0x36, 0x10, 0x2E, 0x9C, 0xD7, 0xFF, 0xFF, 0xFF, 0xFF,
    0xFF, 0xFF, 0xFF, 0xFF, 0xFF, 0xFF, 0xFF, 0xFF, 0xFF, 0xFF, 0xFF, 0xFF, 0xFF, 0xFF, 0x94, 0x66, 0xF0, 0x25, 0x11,
    0x36, 0x10, 0x2E, 0x10, 0x2E, 0x10, 0x2E, 0x10, 0x2E, 0x10, 0x2E, 0x10, 0x2E, 0x10, 0x2E, 0x10, 0x2E, 0x10, 0x2E,
    0x10, 0x2E, 0x10, 0x2E, 0x10, 0x2E, 0x10, 0x2E, 0x10, 0x2E, 0x10, 0x2E, 0x10, 0x2E, 0x10, 0x2E, 0x10, 0x2E, 0x10,
    0x2E, 0x10, 0x2E, 0x10, 0x2E, 0x10, 0x2E, 0x10, 0x2E, 0x10, 0x2E, 0x10, 0x2E, 0x10, 0x2E, 0x10, 0x2E, 0x10, 0x2E,
    0x10, 0x2E, 0x10, 0x2E, 0x10, 0x2E, 0x10, 0x2E, 0x10, 0x2E, 0x10, 0x2E, 0x10, 0x2E, 0x10, 0x2E, 0x10, 0x2E, 0x10,
    0x2E, 0x10, 0x2E, 0x10, 0x2E, 0x10, 0x2E, 0x10, 0x2E, 0x10, 0x2E, 0x10, 0x2E, 0x10, 0x2E, 0x10, 0x2E, 0x10, 0x2E,
    0x10, 0x2E, 0x10, 0x2E, 0x10, 0x2E, 0x10, 0x2E, 0x10, 0x2E, 0x31, 0x36, 0xF0, 0x2D, 0xC7, 0x12, 0x46, 0x0A, 0x25,
    0x0A, 0x05, 0x0A, 0xC4, 0x09, 0xA4, 0x09, 0x84, 0x09, 0x43, 0x09, 0x23, 0x09, 0x02, 0x01, 0xE2, 0x00, 0xC2, 0x00,
    0xA1, 0x00, 0xA1, 0x00, 0x81, 0x00, 0x61, 0x00, 0x40, 0x00, 0x40, 0x00, 0x20, 0x00, 0x20, 0x00, 0x20, 0x00, 0x20,
    0x00, 0x00, 0x00, 0x00, 0x00, 0x00, 0x00, 0x00, 0x00, 0x20, 0x00, 0x20, 0x00, 0x20, 0x00, 0x20, 0x00, 0x40, 0x00,
    0x40, 0x00, 0x61, 0x00, 0x81, 0x00, 0xA1, 0x00, 0xA1, 0x00, 0xC2, 0x00, 0xE2, 0x00, 0x02, 0x01, 0x23, 0x09, 0x43,
    0x09, 0x84, 0x09, 0xA4, 0x09, 0xC4, 0x09, 0x05, 0x0A, 0x25, 0x0A, 0x46, 0x0A, 0xC7, 0x12, 0xD0, 0x2D, 0x30, 0x36,
    0x10, 0x2E, 0x10, 0x2E, 0x10, 0x2E, 0x10, 0x2E, 0x10, 0x2E, 0x10, 0x2E, 0x10, 0x2E, 0x10, 0x2E, 0x10, 0x2E, 0x10,
    0x2E, 0x10, 0x2E, 0x10, 0x2E, 0x10, 0x2E, 0x10, 0x2E, 0x10, 0x2E, 0x10, 0x2E, 0x10, 0x2E, 0x10, 0x2E, 0x10, 0x2E,
    0x10, 0x2E, 0x10, 0x2E, 0x10, 0x2E, 0x10, 0x2E, 0x10, 0x2E, 0x10, 0x2E, 0x10, 0x2E, 0x10, 0x2E, 0x10, 0x2E, 0x10,
    0x2E, 0x10, 0x2E, 0x10, 0x2E, 0x10, 0x2E, 0x10, 0x2E, 0x10, 0x2E, 0x10, 0x2E, 0x10, 0x2E, 0x10, 0x2E, 0x10, 0x2E,
    0x10, 0x2E, 0x10, 0x2E, 0x10, 0x2E, 0x10, 0x2E, 0x10, 0x2E, 0x10, 0x2E, 0x10, 0x2E, 0x10, 0x2E, 0x10, 0x2E, 0x10,
    0x2E, 0x10, 0x2E, 0x10, 0x2E, 0x10, 0x2E, 0x10, 0x2E, 0x10, 0x2E, 0x11, 0x36, 0xF0, 0x25, 0x94, 0x66, 0xFF, 0xFF,
    0xFF, 0xFF, 0xFF, 0xFF, 0xFF, 0xFF, 0xFF, 0xFF, 0xFF, 0xFF, 0xFF, 0xFF, 0xFF, 0xFF, 0xFF, 0xFF, 0xFF, 0xFF, 0x73,
    0x56, 0x10, 0x2E, 0x10, 0x36, 0x10, 0x2E, 0x10, 0x2E, 0x10, 0x2E, 0x10, 0x2E, 0x10, 0x2E, 0x10, 0x2E, 0x10, 0x2E,
    0x10, 0x2E, 0x10, 0x2E, 0x10, 0x2E, 0x10, 0x2E, 0x10, 0x2E, 0x11, 0x36, 0xEF, 0x25, 0xD6, 0x86, 0xFF, 0xFF, 0xFF,
    0xFF, 0xFF, 0xFF, 0xFF, 0xFF, 0xFF, 0xFF, 0xFF, 0xFF, 0xFF, 0xFF, 0xFF, 0xFF, 0xFF, 0xFF, 0x7B, 0xBF, 0xF0, 0x25,
    0x11, 0x36, 0x10, 0x2E, 0x10, 0x2E, 0x10, 0x2E, 0x10, 0x2E, 0x10, 0x2E, 0x10, 0x2E, 0x10, 0x2E, 0x10, 0x2E, 0x10,
    0x2E, 0x10, 0x2E, 0x10, 0x2E, 0x10, 0x2E, 0x10, 0x2E, 0x10, 0x2E, 0x10, 0x2E, 0x10, 0x2E, 0x10, 0x2E, 0x10, 0x2E,
    0x10, 0x2E, 0x10, 0x2E, 0x10, 0x2E, 0x10, 0x2E, 0x10, 0x2E, 0x10, 0x2E, 0x10, 0x2E, 0x10, 0x2E, 0x10, 0x2E, 0x10,
    0x2E, 0x10, 0x2E, 0x10, 0x2E, 0x10, 0x2E, 0x10, 0x2E, 0x10, 0x2E, 0x10, 0x2E, 0x10, 0x2E, 0x10, 0x2E, 0x10, 0x2E,
    0x10, 0x2E, 0x10, 0x2E, 0x10, 0x2E, 0x10, 0x2E, 0x10, 0x2E, 0x10, 0x2E, 0x10, 0x2E, 0x10, 0x2E, 0x10, 0x2E, 0x10,
    0x2E, 0x10, 0x2E, 0x10, 0x2E, 0x10, 0x2E, 0x10, 0x2E, 0x10, 0x2E, 0x30, 0x36, 0xD0, 0x2D, 0xC7, 0x12, 0x46, 0x0A,
    0x25, 0x0A, 0x05, 0x0A, 0xC4, 0x09, 0xA4, 0x09, 0x84, 0x09, 0x43, 0x09, 0x23, 0x09, 0x02, 0x01, 0xE2, 0x00, 0xC2,
    0x00, 0xA1, 0x00, 0xA1, 0x00, 0x81, 0x00, 0x61, 0x00, 0x40, 0x00, 0x40, 0x00, 0x20, 0x00, 0x20, 0x00, 0x20, 0x00,
    0x20, 0x00, 0x00, 0x00, 0x00, 0x00, 0x00, 0x00, 0x00, 0x00, 0x20, 0x00, 0x20, 0x00, 0x20, 0x00, 0x20, 0x00, 0x40,
    0x00, 0x40, 0x00, 0x61, 0x00, 0x81, 0x00, 0xA1, 0x00, 0xA1, 0x00, 0xC2, 0x00, 0xE2, 0x00, 0x02, 0x01, 0x23, 0x09,
    0x43, 0x09, 0x84, 0x09, 0xA4, 0x09, 0xC4, 0x09, 0x05, 0x0A, 0x25, 0x0A, 0x46, 0x0A, 0xC7, 0x12, 0xD0, 0x2D, 0x30,
    0x2E, 0x10, 0x2E, 0x10, 0x2E, 0x10, 0x2E, 0x10, 0x2E, 0x10, 0x2E, 0x10, 0x2E, 0x10, 0x2E, 0x10, 0x2E, 0x10, 0x2E,
    0x10, 0x2E, 0x10, 0x2E, 0x10, 0x2E, 0x10, 0x2E, 0x10, 0x2E, 0x10, 0x2E, 0x10, 0x2E, 0x10, 0x2E, 0x10, 0x2E, 0x10,
    0x2E, 0x10, 0x2E, 0x10, 0x2E, 0x10, 0x2E, 0x10, 0x2E, 0x10, 0x2E, 0x10, 0x2E, 0x10, 0x2E, 0x10, 0x2E, 0x10, 0x2E,
    0x10, 0x2E, 0x10, 0x2E, 0x10, 0x2E, 0x10, 0x2E, 0x10, 0x2E, 0x10, 0x2E, 0x10, 0x2E, 0x10, 0x2E, 0x10, 0x2E, 0x10,
    0x2E, 0x10, 0x2E, 0x10, 0x2E, 0x10, 0x2E, 0x10, 0x2E, 0x10, 0x2E, 0x10, 0x2E, 0x10, 0x2E, 0x10, 0x2E, 0x10, 0x2E,
    0x10, 0x2E, 0x10, 0x2E, 0x10, 0x2E, 0x10, 0x2E, 0x10, 0x2E, 0x10, 0x2E, 0x10, 0x36, 0xF0, 0x25, 0x7B, 0xC7, 0xFF,
    0xFF, 0xFF, 0xFF, 0xFF, 0xFF, 0xFF, 0xFF, 0xFF, 0xFF, 0xFF, 0xFF, 0xFF, 0xFF, 0xFF, 0xFF, 0xFF, 0xFF, 0x5A, 0xBF,
    0xF0, 0x25, 0x11, 0x36, 0x10, 0x2E, 0x10, 0x2E, 0x10, 0x2E, 0x10, 0x2E, 0x10, 0x2E, 0x10, 0x2E, 0x10, 0x2E, 0x10,
    0x2E, 0x10, 0x2E, 0x10, 0x2E, 0x10, 0x2E, 0x10, 0x2E, 0x10, 0x2E, 0x10, 0x36, 0x10, 0x2E, 0x31, 0x3E, 0xDE, 0xEF,
    0xFF, 0xFF, 0xFF, 0xFF, 0xFF, 0xFF, 0xFF, 0xFF, 0xFF, 0xFF, 0xFF, 0xFF, 0xFF, 0xFF, 0xFF, 0xFF, 0xFF, 0xFF, 0x53,
    0x4E, 0x10, 0x2E, 0x10, 0x36, 0x10, 0x2E, 0x10, 0x2E, 0x10, 0x2E, 0x10, 0x2E, 0x10, 0x2E, 0x10, 0x2E, 0x10, 0x2E,
    0x10, 0x2E, 0x10, 0x2E, 0x10, 0x2E, 0x10, 0x2E, 0x10, 0x2E, 0x10, 0x2E, 0x10, 0x2E, 0x10, 0x2E, 0x10, 0x2E, 0x10,
    0x2E, 0x10, 0x2E, 0x10, 0x2E, 0x10, 0x2E, 0x10, 0x2E, 0x10, 0x2E, 0x10, 0x2E, 0x10, 0x2E, 0x10, 0x2E, 0x10, 0x2E,
    0x10, 0x2E, 0x10, 0x2E, 0x10, 0x2E, 0x10, 0x2E, 0x10, 0x2E, 0x10, 0x2E, 0x10, 0x2E, 0x10, 0x2E, 0x10, 0x2E, 0x10,
    0x2E, 0x10, 0x2E, 0x10, 0x2E, 0x10, 0x2E, 0x10, 0x2E, 0x10, 0x2E, 0x10, 0x2E, 0x10, 0x2E, 0x10, 0x2E, 0x10, 0x2E,
    0x10, 0x2E, 0x10, 0x2E, 0x10, 0x2E, 0x10, 0x2E, 0x10, 0x2E, 0x10, 0x2E, 0x30, 0x2E, 0xD0, 0x2D, 0xC7, 0x12, 0x46,
    0x0A, 0x25, 0x0A, 0x05, 0x0A, 0xC4, 0x09, 0xA4, 0x09, 0x84, 0x09, 0x43, 0x09, 0x23, 0x09, 0x02, 0x01, 0xE2, 0x00,
    0xC2, 0x00, 0xA1, 0x00, 0xA1, 0x00, 0x81, 0x00, 0x61, 0x00, 0x40, 0x00, 0x40, 0x00, 0x20, 0x00, 0x20, 0x00, 0x20,
    0x00, 0x20, 0x00, 0x00, 0x00, 0x00, 0x00, 0x00, 0x00, 0x00, 0x00, 0x20, 0x00, 0x20, 0x00, 0x20, 0x00, 0x20, 0x00,
    0x40, 0x00, 0x40, 0x00, 0x61, 0x00, 0x81, 0x00, 0xA1, 0x00, 0xA1, 0x00, 0xC2, 0x00, 0xE2, 0x00, 0x02, 0x01, 0x23,
    0x09, 0x43, 0x09, 0x84, 0x09, 0xA4, 0x09, 0xC4, 0x09, 0x05, 0x0A, 0x25, 0x0A, 0x46, 0x0A, 0xC7, 0x12, 0xD0, 0x2D,
    0x10, 0x2E, 0x10, 0x2E, 0x10, 0x2E, 0x10, 0x2E, 0x10, 0x2E, 0x10, 0x2E, 0x10, 0x2E, 0x10, 0x2E, 0x10, 0x2E, 0x10,
    0x2E, 0x10, 0x2E, 0x10, 0x2E, 0x10, 0x2E, 0x10, 0x2E, 0x10, 0x2E, 0x10, 0x2E, 0x10, 0x2E, 0x10, 0x2E, 0x10, 0x2E,
    0x10, 0x2E, 0x10, 0x2E, 0x10, 0x2E, 0x10, 0x2E, 0x10, 0x2E, 0x10, 0x2E, 0x10, 0x2E, 0x10, 0x2E, 0x10, 0x2E, 0x10,
    0x2E, 0x10, 0x2E, 0x10, 0x2E, 0x10, 0x2E, 0x10, 0x2E, 0x10, 0x2E, 0x10, 0x2E, 0x10, 0x2E, 0x10, 0x2E, 0x10, 0x2E,
    0x10, 0x2E, 0x10, 0x2E, 0x10, 0x2E, 0x10, 0x2E, 0x10, 0x2E, 0x10, 0x2E, 0x10, 0x2E, 0x10, 0x2E, 0x10, 0x2E, 0x10,
    0x2E, 0x10, 0x2E, 0x10, 0x2E, 0x10, 0x2E, 0x10, 0x2E, 0x10, 0x2E, 0x10, 0x36, 0xF0, 0x25, 0x74, 0x5E, 0xFF, 0xFF,
    0xFF, 0xFF, 0xFF, 0xFF, 0xFF, 0xFF, 0xFF, 0xFF, 0xFF, 0xFF, 0xFF, 0xFF, 0xFF, 0xFF, 0xFF, 0xFF, 0xFF, 0xFF, 0x74,
    0x5E, 0xF0, 0x25, 0x10, 0x36, 0x10, 0x2E, 0x10, 0x2E, 0x10, 0x2E, 0x10, 0x2E, 0x10, 0x2E, 0x10, 0x2E, 0x10, 0x2E,
    0x10, 0x2E, 0x10, 0x2E, 0x10, 0x2E, 0x10, 0x2E, 0x10, 0x2E, 0x10, 0x2E, 0x10, 0x2E, 0x11, 0x36, 0xEF, 0x25, 0x39,
    0xA7, 0xFF, 0xFF, 0xFF, 0xFF, 0xFF, 0xFF, 0xFF, 0xFF, 0xFF, 0xFF, 0xFF, 0xFF, 0xFF, 0xFF, 0xFF, 0xFF, 0xFF, 0xFF,
    0x18, 0x9F, 0xEF, 0x25, 0x11, 0x36, 0x10, 0x2E, 0x10, 0x2E, 0x10, 0x2E, 0x10, 0x2E, 0x10, 0x2E, 0x10, 0x2E, 0x10,
    0x2E, 0x10, 0x2E, 0x10, 0x2E, 0x10, 0x2E, 0x10, 0x2E, 0x10, 0x2E, 0x10, 0x2E, 0x10, 0x2E, 0x10, 0x2E, 0x10, 0x2E,
    0x10, 0x2E, 0x10, 0x2E, 0x10, 0x2E, 0x10, 0x2E, 0x10, 0x2E, 0x10, 0x2E, 0x10, 0x2E, 0x10, 0x2E, 0x10, 0x2E, 0x10,
    0x2E, 0x10, 0x2E, 0x10, 0x2E, 0x10, 0x2E, 0x10, 0x2E, 0x10, 0x2E, 0x10, 0x2E, 0x10, 0x2E, 0x10, 0x2E, 0x10, 0x2E,
    0x10, 0x2E, 0x10, 0x2E, 0x10, 0x2E, 0x10, 0x2E, 0x10, 0x2E, 0x10, 0x2E, 0x10, 0x2E, 0x10, 0x2E, 0x10, 0x2E, 0x10,
    0x2E, 0x10, 0x2E, 0x10, 0x2E, 0x10, 0x2E, 0x10, 0x2E, 0x10, 0x2E, 0x10, 0x2E, 0x10, 0x2E, 0xD0, 0x2D, 0xC7, 0x12,
    0x46, 0x0A, 0x25, 0x0A, 0x05, 0x0A, 0xC4, 0x09, 0xA4, 0x09, 0x84, 0x09, 0x43, 0x09, 0x23, 0x09, 0x02, 0x01, 0xE2,
    0x00, 0xC2, 0x00, 0xA1, 0x00, 0xA1, 0x00, 0x81, 0x00, 0x61, 0x00, 0x40, 0x00, 0x40, 0x00, 0x20, 0x00, 0x20, 0x00,
    0x20, 0x00, 0x20, 0x00, 0x00, 0x00, 0x00, 0x00, 0x00, 0x00, 0x00, 0x00, 0x20, 0x00, 0x20, 0x00, 0x20, 0x00, 0x20,
    0x00, 0x40, 0x00, 0x40, 0x00, 0x61, 0x00, 0x81, 0x00, 0xA1, 0x00, 0xA1, 0x00, 0xC2, 0x00, 0xE2, 0x00, 0x02, 0x01,
    0x23, 0x09, 0x43, 0x09, 0x84, 0x09, 0xA4, 0x09, 0xC4, 0x09, 0x05, 0x0A, 0x25, 0x0A, 0x46, 0x0A, 0xC7, 0x12, 0xD0,
    0x2D, 0x10, 0x2E, 0x10, 0x2E, 0x10, 0x2E, 0x10, 0x2E, 0x10, 0x2E, 0x10, 0x2E, 0x10, 0x2E, 0x10, 0x2E, 0x10, 0x2E,
    0x10, 0x2E, 0x10, 0x2E, 0x10, 0x2E, 0x10, 0x2E, 0x10, 0x2E, 0x10, 0x2E, 0x10, 0x2E, 0x10, 0x2E, 0x10, 0x2E, 0x10,
    0x2E, 0x10, 0x2E, 0x10, 0x2E, 0x10, 0x2E, 0x10, 0x2E, 0x10, 0x2E, 0x10, 0x2E, 0x10, 0x2E, 0x10, 0x2E, 0x10, 0x2E,
    0x10, 0x2E, 0x10, 0x2E, 0x10, 0x2E, 0x10, 0x2E, 0x10, 0x2E, 0x10, 0x2E, 0x10, 0x2E, 0x10, 0x2E, 0x10, 0x2E, 0x10,
    0x2E, 0x10, 0x2E, 0x10, 0x2E, 0x10, 0x2E, 0x10, 0x2E, 0x10, 0x2E, 0x10, 0x2E, 0x10, 0x2E, 0x10, 0x2E, 0x10, 0x2E,
    0x10, 0x2E, 0x10, 0x2E, 0x10, 0x2E, 0x10, 0x2E, 0x10, 0x2E, 0x10, 0x2E, 0x10, 0x36, 0xEF, 0x25, 0x5B, 0xBF, 0xFF,
    0xFF, 0xFF, 0xFF, 0xFF, 0xFF, 0xFF, 0xFF, 0xFF, 0xFF, 0xFF, 0xFF, 0xFF, 0xFF, 0xFF, 0xFF, 0xFF, 0xFF, 0x7C, 0xCF,
    0xF0, 0x25, 0x10, 0x2E, 0x10, 0x2E, 0x10, 0x2E, 0x10, 0x2E, 0x10, 0x2E, 0x10, 0x2E, 0x10, 0x2E, 0x10, 0x2E, 0x10,
    0x2E, 0x10, 0x2E, 0x10, 0x2E, 0x10, 0x2E, 0x10, 0x2E, 0x10, 0x2E, 0x10, 0x2E, 0x10, 0x2E, 0x10, 0x36, 0xF0, 0x25,
    0x53, 0x56, 0xFF, 0xFF, 0xFF, 0xFF, 0xFF, 0xFF, 0xFF, 0xFF, 0xFF, 0xFF, 0xFF, 0xFF, 0xFF, 0xFF, 0xFF, 0xFF, 0xFF,
    0xFF, 0xDE, 0xEF, 0x31, 0x3E, 0x10, 0x2E, 0x10, 0x2E, 0x10, 0x2E, 0x10, 0x2E, 0x10, 0x2E, 0x10, 0x2E, 0x10, 0x2E,
    0x10, 0x2E, 0x10, 0x2E, 0x10, 0x2E, 0x10, 0x2E, 0x10, 0x2E, 0x10, 0x2E, 0x10, 0x2E, 0x10, 0x2E, 0x10, 0x2E, 0x10,
    0x2E, 0x10, 0x2E, 0x10, 0x2E, 0x10, 0x2E, 0x10, 0x2E, 0x10, 0x2E, 0x10, 0x2E, 0x10, 0x2E, 0x10, 0x2E, 0x10, 0x2E,
    0x10, 0x2E, 0x10, 0x2E, 0x10, 0x2E, 0x10, 0x2E, 0x10, 0x2E, 0x10, 0x2E, 0x10, 0x2E, 0x10, 0x2E, 0x10, 0x2E, 0x10,
    0x2E, 0x10, 0x2E, 0x10, 0x2E, 0x10, 0x2E, 0x10, 0x2E, 0x10, 0x2E, 0x10, 0x2E, 0x10, 0x2E, 0x10, 0x2E, 0x10, 0x2E,
    0x10, 0x2E, 0x10, 0x2E, 0x10, 0x2E, 0x10, 0x2E, 0x10, 0x2E, 0x10, 0x2E, 0x10, 0x2E, 0x10, 0x2E, 0xD0, 0x2D, 0xC7,
    0x12, 0x46, 0x0A, 0x25, 0x0A, 0x05, 0x0A, 0xC4, 0x09, 0xA4, 0x09, 0x84, 0x09, 0x43, 0x09, 0x23, 0x09, 0x02, 0x01,
    0xE2, 0x00, 0xC2, 0x00, 0xA1, 0x00, 0xA1, 0x00, 0x81, 0x00, 0x61, 0x00, 0x40, 0x00, 0x40, 0x00, 0x20, 0x00, 0x20,
    0x00, 0x20, 0x00, 0x20, 0x00, 0x00, 0x00, 0x00, 0x00, 0x00, 0x00, 0x00, 0x00, 0x20, 0x00, 0x20, 0x00, 0x20, 0x00,
    0x20, 0x00, 0x40, 0x00, 0x40, 0x00, 0x61, 0x00, 0x81, 0x00, 0xA1, 0x00, 0xA1, 0x00, 0xC2, 0x00, 0xE2, 0x00, 0x02,
    0x01, 0x23, 0x09, 0x43, 0x09, 0x84, 0x09, 0xA4, 0x09, 0xC4, 0x09, 0x05, 0x0A, 0x25, 0x0A, 0x46, 0x0A, 0xC7, 0x12,
    0xD0, 0x2D, 0x10, 0x2E, 0x10, 0x2E, 0x10, 0x2E, 0x10, 0x2E, 0x10, 0x2E, 0x10, 0x2E, 0x10, 0x2E, 0x10, 0x2E, 0x10,
    0x2E, 0x10, 0x2E, 0x10, 0x2E, 0x10, 0x2E, 0x10, 0x2E, 0x10, 0x2E, 0x10, 0x2E, 0x10, 0x2E, 0x10, 0x2E, 0x10, 0x2E,
    0x10, 0x2E, 0x10, 0x2E, 0x10, 0x2E, 0x10, 0x2E, 0x10, 0x2E, 0x10, 0x2E, 0x10, 0x2E, 0x10, 0x2E, 0x10, 0x2E, 0x10,
    0x2E, 0x10, 0x2E, 0x10, 0x2E, 0x10, 0x2E, 0x10, 0x2E, 0x10, 0x2E, 0x10, 0x2E, 0x10, 0x2E, 0x10, 0x2E, 0x10, 0x2E,
    0x10, 0x2E, 0x10, 0x2E, 0x10, 0x2E, 0x10, 0x2E, 0x10, 0x2E, 0x10, 0x2E, 0x10, 0x2E, 0x10, 0x2E, 0x10, 0x2E, 0x10,
    0x2E, 0x10, 0x2E, 0x10, 0x2E, 0x10, 0x2E, 0x10, 0x2E, 0x10, 0x2E, 0x10, 0x36, 0xF0, 0x25, 0x73, 0x56, 0xFF, 0xFF,
    0xFF, 0xFF, 0xFF, 0xFF, 0xFF, 0xFF, 0xFF, 0xFF, 0xFF, 0xFF, 0xFF, 0xFF, 0xFF, 0xFF, 0xFF, 0xFF, 0xFF, 0xFF, 0x95,
    0x6E, 0xEF, 0x25, 0x10, 0x36, 0x10, 0x2E, 0x10, 0x2E, 0x10, 0x2E, 0x10, 0x2E, 0x10, 0x2E, 0x10, 0x2E, 0x10, 0x2E,
    0x10, 0x2E, 0x10, 0x2E, 0x10, 0x2E, 0x10, 0x2E, 0x10, 0x2E, 0x10, 0x2E, 0x10, 0x2E, 0x10, 0x2E, 0x10, 0x2E, 0x10,
    0x36, 0xF0, 0x25, 0x7B, 0xC7, 0xFF, 0xFF, 0xFF, 0xFF, 0xFF, 0xFF, 0xFF, 0xFF, 0xFF, 0xFF, 0xFF, 0xFF, 0xFF, 0xFF,
    0xFF, 0xFF, 0xFF, 0xFF, 0xD6, 0x86, 0xEF, 0x25, 0x10, 0x36, 0x10, 0x2E, 0x10, 0x2E, 0x10, 0x2E, 0x10, 0x2E, 0x10,
    0x2E, 0x10, 0x2E, 0x10, 0x2E, 0x10, 0x2E, 0x10, 0x2E, 0x10, 0x2E, 0x10, 0x2E, 0x10, 0x2E, 0x10, 0x2E, 0x10, 0x2E,
    0x10, 0x2E, 0x10, 0x2E, 0x10, 0x2E, 0x10, 0x2E, 0x10, 0x2E, 0x10, 0x2E, 0x10, 0x2E, 0x10, 0x2E, 0x10, 0x2E, 0x10,
    0x2E, 0x10, 0x2E, 0x10, 0x2E, 0x10, 0x2E, 0x10, 0x2E, 0x10, 0x2E, 0x10, 0x2E, 0x10, 0x2E, 0x10, 0x2E, 0x10, 0x2E,
    0x10, 0x2E, 0x10, 0x2E, 0x10, 0x2E, 0x10, 0x2E, 0x10, 0x2E, 0x10, 0x2E, 0x10, 0x2E, 0x10, 0x2E, 0x10, 0x2E, 0x10,
    0x2E, 0x10, 0x2E, 0x10, 0x2E, 0x10, 0x2E, 0x10, 0x2E, 0x10, 0x2E, 0x10, 0x2E, 0x10, 0x2E, 0x10, 0x2E, 0xD0, 0x2D,
    0xC7, 0x12, 0x46, 0x0A, 0x25, 0x0A, 0x05, 0x0A, 0xC4, 0x09, 0xA4, 0x09, 0x84, 0x09, 0x43, 0x09, 0x23, 0x09, 0x02,
    0x01, 0xE2, 0x00, 0xC2, 0x00, 0xA1, 0x00, 0xA1, 0x00, 0x81, 0x00, 0x61, 0x00, 0x40, 0x00, 0x40, 0x00, 0x20, 0x00,
    0x20, 0x00, 0x20, 0x00, 0x20, 0x00, 0x00, 0x00, 0x00, 0x00, 0x00, 0x00, 0x00, 0x00, 0x20, 0x00, 0x20, 0x00, 0x20,
    0x00, 0x20, 0x00, 0x40, 0x00, 0x40, 0x00, 0x61, 0x00, 0x81, 0x00, 0xA1, 0x00, 0xA1, 0x00, 0xC2, 0x00, 0xE2, 0x00,
    0x02, 0x01, 0x23, 0x09, 0x43, 0x09, 0x84, 0x09, 0xA4, 0x09, 0xC4, 0x09, 0x05, 0x0A, 0x25, 0x0A, 0x46, 0x0A, 0xC7,
    0x12, 0xD0, 0x2D, 0x10, 0x2E, 0x10, 0x2E, 0x10, 0x2E, 0x10, 0x2E, 0x10, 0x2E, 0x10, 0x2E, 0x10, 0x2E, 0x10, 0x2E,
    0x10, 0x2E, 0x10, 0x2E, 0x10, 0x2E, 0x10, 0x2E, 0x10, 0x2E, 0x10, 0x2E, 0x10, 0x2E, 0x10, 0x2E, 0x10, 0x2E, 0x10,
    0x2E, 0x10, 0x2E, 0x10, 0x2E, 0x10, 0x2E, 0x10, 0x2E, 0x10, 0x2E, 0x10, 0x2E, 0x10, 0x2E, 0x10, 0x2E, 0x10, 0x2E,
    0x10, 0x2E, 0x10, 0x2E, 0x10, 0x2E, 0x10, 0x2E, 0x10, 0x2E, 0x10, 0x2E, 0x10, 0x2E, 0x10, 0x2E, 0x10, 0x2E, 0x10,
    0x2E, 0x10, 0x2E, 0x10, 0x2E, 0x10, 0x2E, 0x10, 0x2E, 0x10, 0x2E, 0x10, 0x2E, 0x10, 0x2E, 0x10, 0x2E, 0x10, 0x2E,
    0x10, 0x2E, 0x10, 0x2E, 0x10, 0x2E, 0x10, 0x2E, 0x10, 0x2E, 0xF0, 0x2D, 0x10, 0x36, 0xEF, 0x25, 0x5A, 0xB7, 0xFF,
    0xFF, 0xFF, 0xFF, 0xFF, 0xFF, 0xFF, 0xFF, 0xFF, 0xFF, 0xFF, 0xFF, 0xFF, 0xFF, 0xFF, 0xFF, 0xFF, 0xFF, 0x9D, 0xDF,
    0xF0, 0x2D, 0x10, 0x2E, 0x10, 0x2E, 0x10, 0x2E, 0x10, 0x2E, 0x10, 0x2E, 0x10, 0x2E, 0x10, 0x2E, 0x10, 0x2E, 0x10,
    0x2E, 0x10, 0x2E, 0x10, 0x2E, 0x10, 0x2E, 0x10, 0x2E, 0x10, 0x2E, 0x10, 0x2E, 0x10, 0x2E, 0x10, 0x2E, 0x10, 0x2E,
    0x10, 0x36, 0xEF, 0x25, 0xB5, 0x76, 0xFF, 0xFF, 0xFF, 0xFF, 0xFF, 0xFF, 0xFF, 0xFF, 0xFF, 0xFF, 0xFF, 0xFF, 0xFF,
    0xFF, 0xFF, 0xFF, 0xFF, 0xFF, 0x9C, 0xD7, 0xF0, 0x2D, 0x10, 0x2E, 0xF0, 0x2D, 0x10, 0x2E, 0x10, 0x2E, 0x10, 0x2E,
    0x10, 0x2E, 0x10, 0x2E, 0x10, 0x2E, 0x10, 0x2E, 0x10, 0x2E, 0x10, 0x2E, 0x10, 0x2E, 0x10, 0x2E, 0x10, 0x2E, 0x10,
    0x2E, 0x10, 0x2E, 0x10, 0x2E, 0x10, 0x2E, 0x10, 0x2E, 0x10, 0x2E, 0x10, 0x2E, 0x10, 0x2E, 0x10, 0x2E, 0x10, 0x2E,
    0x10, 0x2E, 0x10, 0x2E, 0x10, 0x2E, 0x10, 0x2E, 0x10, 0x2E, 0x10, 0x2E, 0x10, 0x2E, 0x10, 0x2E, 0x10, 0x2E, 0x10,
    0x2E, 0x10, 0x2E, 0x10, 0x2E, 0x10, 0x2E, 0x10, 0x2E, 0x10, 0x2E, 0x10, 0x2E, 0x10, 0x2E, 0x10, 0x2E, 0x10, 0x2E,
    0x10, 0x2E, 0x10, 0x2E, 0x10, 0x2E, 0x10, 0x2E, 0x10, 0x2E, 0x10, 0x2E, 0x10, 0x2E, 0x10, 0x2E, 0x10, 0x2E, 0xD0,
    0x2D, 0xC7, 0x12, 0x46, 0x0A, 0x25, 0x0A, 0x05, 0x0A, 0xC4, 0x09, 0xA4, 0x09, 0x84, 0x09, 0x43, 0x09, 0x23, 0x09,
    0x02, 0x01, 0xE2, 0x00, 0xC2, 0x00, 0xA1, 0x00, 0xA1, 0x00, 0x81, 0x00, 0x61, 0x00, 0x40, 0x00, 0x40, 0x00, 0x20,
    0x00, 0x20, 0x00, 0x20, 0x00, 0x20, 0x00, 0x00, 0x00, 0x00, 0x00, 0x00, 0x00, 0x00, 0x00, 0x20, 0x00, 0x20, 0x00,
    0x20, 0x00, 0x20, 0x00, 0x40, 0x00, 0x40, 0x00, 0x61, 0x00, 0x81, 0x00, 0xA1, 0x00, 0xA1, 0x00, 0xC2, 0x00, 0xE2,
    0x00, 0x02, 0x01, 0x23, 0x09, 0x43, 0x09, 0x84, 0x09, 0xA4, 0x09, 0xC4, 0x09, 0x05, 0x0A, 0x25, 0x0A, 0x46, 0x0A,
    0xC7, 0x12, 0xCF, 0x2D, 0x10, 0x2E, 0xF0, 0x2D, 0xF0, 0x2D, 0xF0, 0x2D, 0xF0, 0x2D, 0xF0, 0x2D, 0xF0, 0x2D, 0xF0,
    0x2D, 0xF0, 0x2D, 0xF0, 0x2D, 0xF0, 0x2D, 0xF0, 0x2D, 0xF0, 0x2D, 0xF0, 0x2D, 0xF0, 0x2D, 0xF0, 0x2D, 0xF0, 0x2D,
    0xF0, 0x2D, 0xF0, 0x2D, 0xF0, 0x2D, 0xF0, 0x2D, 0xF0, 0x2D, 0xF0, 0x2D, 0xF0, 0x2D, 0xF0, 0x2D, 0xF0, 0x2D, 0xF0,
    0x2D, 0xF0, 0x2D, 0xF0, 0x2D, 0xF0, 0x2D, 0xF0, 0x2D, 0xF0, 0x2D, 0xF0, 0x2D, 0xF0, 0x2D, 0xF0, 0x2D, 0xF0, 0x2D,
    0xF0, 0x2D, 0xF0, 0x2D, 0xF0, 0x2D, 0xF0, 0x2D, 0xF0, 0x2D, 0xF0, 0x2D, 0xF0, 0x2D, 0xF0, 0x2D, 0xF0, 0x2D, 0xF0,
    0x2D, 0xF0, 0x2D, 0xF0, 0x2D, 0xF0, 0x2D, 0xF0, 0x2D, 0xF0, 0x2D, 0xF0, 0x2D, 0xF0, 0x25, 0x53, 0x56, 0xFF, 0xFF,
    0xFF, 0xFF, 0xFF, 0xFF, 0xFF, 0xFF, 0xFF, 0xFF, 0xFF, 0xFF, 0xFF, 0xFF, 0xFF, 0xFF, 0xFF, 0xFF, 0xFF, 0xFF, 0xB6,
    0x7E, 0xCF, 0x1D, 0x10, 0x36, 0xF0, 0x2D, 0xF0, 0x2D, 0xF0, 0x2D, 0xF0, 0x2D, 0xF0, 0x2D, 0xF0, 0x2D, 0xF0, 0x2D,
    0xF0, 0x2D, 0xF0, 0x2D, 0xF0, 0x2D, 0xF0, 0x2D, 0xF0, 0x2D, 0xF0, 0x2D, 0xF0, 0x2D, 0xF0, 0x2D, 0xF0, 0x2D, 0xF0,
    0x2D, 0xF0, 0x2D, 0xF0, 0x2D, 0x10, 0x36, 0xBD, 0xE7, 0xFF, 0xFF, 0xFF, 0xFF, 0xFF, 0xFF, 0xFF, 0xFF, 0xFF, 0xFF,
    0xFF, 0xFF, 0xFF, 0xFF, 0xFF, 0xFF, 0xFF, 0xFF, 0x74, 0x66, 0xEF, 0x25, 0x10, 0x2E, 0xF0, 0x2D, 0xF0, 0x2D, 0xF0,
    0x2D, 0xF0, 0x2D, 0xF0, 0x2D, 0xF0, 0x2D, 0xF0, 0x2D, 0xF0, 0x2D, 0xF0, 0x2D, 0xF0, 0x2D, 0xF0, 0x2D, 0xF0, 0x2D,
    0xF0, 0x2D, 0xF0, 0x2D, 0xF0, 0x2D, 0xF0, 0x2D, 0xF0, 0x2D, 0xF0, 0x2D, 0xF0, 0x2D, 0xF0, 0x2D, 0xF0, 0x2D, 0xF0,
    0x2D, 0xF0, 0x2D, 0xF0, 0x2D, 0xF0, 0x2D, 0xF0, 0x2D, 0xF0, 0x2D, 0xF0, 0x2D, 0xF0, 0x2D, 0xF0, 0x2D, 0xF0, 0x2D,
    0xF0, 0x2D, 0xF0, 0x2D, 0xF0, 0x2D, 0xF0, 0x2D, 0xF0, 0x2D, 0xF0, 0x2D, 0xF0, 0x2D, 0xF0, 0x2D, 0xF0, 0x2D, 0xF0,
    0x2D, 0xF0, 0x2D, 0xF0, 0x2D, 0xF0, 0x2D, 0xF0, 0x2D, 0xF0, 0x2D, 0xF0, 0x2D, 0xF0, 0x2D, 0xF0, 0x2D, 0x10, 0x2E,
    0xCF, 0x2D, 0xC7, 0x12, 0x46, 0x0A, 0x25, 0x0A, 0x05, 0x0A, 0xC4, 0x09, 0xA4, 0x09, 0x84, 0x09, 0x43, 0x09, 0x23,
    0x09, 0x02, 0x01, 0xE2, 0x00, 0xC2, 0x00, 0xA1, 0x00, 0xA1, 0x00, 0x81, 0x00, 0x61, 0x00, 0x40, 0x00, 0x40, 0x00,
    0x20, 0x00, 0x20, 0x00, 0x20, 0x00, 0x20, 0x00, 0x00, 0x00, 0x00, 0x00, 0x00, 0x00, 0x00, 0x00, 0x20, 0x00, 0x20,
    0x00, 0x20, 0x00, 0x20, 0x00, 0x40, 0x00, 0x40, 0x00, 0x61, 0x00, 0x81, 0x00, 0xA1, 0x00, 0xA1, 0x00, 0xC2, 0x00,
    0xE2, 0x00, 0x02, 0x01, 0x23, 0x09, 0x43, 0x09, 0x84, 0x09, 0xA4, 0x09, 0xC4, 0x09, 0x05, 0x0A, 0x25, 0x0A, 0x46,
    0x0A, 0xC7, 0x12, 0xAF, 0x2D, 0x10, 0x2E, 0xF0, 0x2D, 0xF0, 0x2D, 0xF0, 0x2D, 0xF0, 0x2D, 0xF0, 0x2D, 0xF0, 0x2D,
    0xF0, 0x2D, 0xF0, 0x2D, 0xF0, 0x2D, 0xF0, 0x2D, 0xF0, 0x2D, 0xF0, 0x2D, 0xF0, 0x2D, 0xF0, 0x2D, 0xF0, 0x2D, 0xF0,
    0x2D, 0xF0, 0x2D, 0xF0, 0x2D, 0xF0, 0x2D, 0xF0, 0x2D, 0xF0, 0x2D, 0xF0, 0x2D, 0xF0, 0x2D, 0xF0, 0x2D, 0xF0, 0x2D,
    0xF0, 0x2D, 0xF0, 0x2D, 0xF0, 0x2D, 0xF0, 0x2D, 0xF0, 0x2D, 0xF0, 0x2D, 0xF0, 0x2D, 0xF0, 0x2D, 0xF0, 0x2D, 0xF0,
    0x2D, 0xF0, 0x2D, 0xF0, 0x2D, 0xF0, 0x2D, 0xF0, 0x2D, 0xF0, 0x2D, 0xF0, 0x2D, 0xF0, 0x2D, 0xF0, 0x2D, 0xF0, 0x2D,
    0xF0, 0x2D, 0xF0, 0x2D, 0xF0, 0x2D, 0xF0, 0x2D, 0xF0, 0x2D, 0xF0, 0x2D, 0xF0, 0x35, 0xCF, 0x25, 0x3A, 0xAF, 0xFF,
    0xFF, 0xFF, 0xFF, 0xFF, 0xFF, 0xFF, 0xFF, 0xFF, 0xFF, 0xFF, 0xFF, 0xFF, 0xFF, 0xFF, 0xFF, 0xFF, 0xFF, 0xBD, 0xE7,
    0x11, 0x36, 0xF0, 0x2D, 0xF0, 0x2D, 0xF0, 0x2D, 0xF0, 0x2D, 0xF0, 0x2D, 0xF0, 0x2D, 0xF0, 0x2D, 0xF0, 0x2D, 0xF0,
    0x2D, 0xF0, 0x2D, 0xF0, 0x2D, 0xF0, 0x2D, 0xF0, 0x2D, 0xF0, 0x2D, 0xF0, 0x2D, 0xF0, 0x2D, 0xF0, 0x2D, 0xF0, 0x2D,
    0xF0, 0x2D, 0xF0, 0x2D, 0xF0, 0x35, 0xCF, 0x1D, 0xF7, 0x96, 0xFF, 0xFF, 0xFF, 0xFF, 0xFF, 0xFF, 0xFF, 0xFF, 0xFF,
    0xFF, 0xFF, 0xFF, 0xFF, 0xFF, 0xFF, 0xFF, 0xFF, 0xFF, 0x5A, 0xBF, 0xCF, 0x25, 0xF0, 0x35, 0xF0, 0x2D, 0xF0, 0x2D,
    0xF0, 0x2D, 0xF0, 0x2D, 0xF0, 0x2D, 0xF0, 0x2D, 0xF0, 0x2D, 0xF0, 0x2D, 0xF0, 0x2D, 0xF0, 0x2D, 0xF0, 0x2D, 0xF0,
    0x2D, 0xF0, 0x2D, 0xF0, 0x2D, 0xF0, 0x2D, 0xF0, 0x2D, 0xF0, 0x2D, 0xF0, 0x2D, 0xF0, 0x2D, 0xF0, 0x2D, 0xF0, 0x2D,
    0xF0, 0x2D, 0xF0, 0x2D, 0xF0, 0x2D, 0xF0, 0x2D, 0xF0, 0x2D, 0xF0, 0x2D, 0xF0, 0x2D, 0xF0, 0x2D, 0xF0, 0x2D, 0xF0,
    0x2D, 0xF0, 0x2D, 0xF0, 0x2D, 0xF0, 0x2D, 0xF0, 0x2D, 0xF0, 0x2D, 0xF0, 0x2D, 0xF0, 0x2D, 0xF0, 0x2D, 0xF0, 0x2D,
    0xF0, 0x2D, 0xF0, 0x2D, 0xF0, 0x2D, 0xF0, 0x2D, 0xF0, 0x2D, 0xF0, 0x2D, 0xF0, 0x2D, 0xF0, 0x2D, 0xF0, 0x2D, 0x10,
    0x2E, 0xAF, 0x2D, 0xC7, 0x12, 0x46, 0x0A, 0x25, 0x0A, 0x05, 0x0A, 0xC4, 0x09, 0xA4, 0x09, 0x84, 0x09, 0x43, 0x09,
    0x23, 0x09, 0x02, 0x01, 0xE2, 0x00, 0xC2, 0x00, 0xA1, 0x00, 0xA1, 0x00, 0x81, 0x00, 0x61, 0x00, 0x40, 0x00, 0x40,
    0x00, 0x20, 0x00, 0x20, 0x00, 0x20, 0x00, 0x20, 0x00, 0x00, 0x00, 0x00, 0x00, 0x00, 0x00, 0x00, 0x00, 0x20, 0x00,
    0x20, 0x00, 0x20, 0x00, 0x20, 0x00, 0x40, 0x00, 0x40, 0x00, 0x61, 0x00, 0x81, 0x00, 0xA1, 0x00, 0xA1, 0x00, 0xC2,
    0x00, 0xE2, 0x00, 0x02, 0x01, 0x23, 0x09, 0x43, 0x09, 0x84, 0x09, 0xA4, 0x09, 0xC4, 0x09, 0x05, 0x0A, 0x25, 0x0A,
    0x46, 0x0A, 0xC7, 0x12, 0xAF, 0x2D, 0x10, 0x2E, 0xF0, 0x2D, 0xF0, 0x2D, 0xF0, 0x2D, 0xF0, 0x2D, 0xF0, 0x2D, 0xF0,
    0x2D, 0xF0, 0x2D, 0xF0, 0x2D, 0xF0, 0x2D, 0xF0, 0x2D, 0xF0, 0x2D, 0xF0, 0x2D, 0xF0, 0x2D, 0xF0, 0x2D, 0xF0, 0x2D,
    0xF0, 0x2D, 0xF0, 0x2D, 0xF0, 0x2D, 0xF0, 0x2D, 0xF0, 0x2D, 0xF0, 0x2D, 0xF0, 0x2D, 0xF0, 0x2D, 0xF0, 0x2D, 0xF0,
    0x2D, 0xF0, 0x2D, 0xF0, 0x2D, 0xF0, 0x2D, 0xF0, 0x2D, 0xF0, 0x2D, 0xF0, 0x2D, 0xF0, 0x2D, 0xF0, 0x2D, 0xF0, 0x2D,
    0xF0, 0x2D, 0xF0, 0x2D, 0xF0, 0x2D, 0xF0, 0x2D, 0xF0, 0x2D, 0xF0, 0x2D, 0xF0, 0x2D, 0xF0, 0x2D, 0xF0, 0x2D, 0xF0,
    0x2D, 0xF0, 0x2D, 0xF0, 0x2D, 0xF0, 0x2D, 0xF0, 0x2D, 0xF0, 0x2D, 0xF0, 0x2D, 0xEF, 0x25, 0x32, 0x4E, 0xFF, 0xFF,
    0xFF, 0xFF, 0xFF, 0xFF, 0xFF, 0xFF, 0xFF, 0xFF, 0xFF, 0xFF, 0xFF, 0xFF, 0xFF, 0xFF, 0xFF, 0xFF, 0xFF, 0xFF, 0xF7,
    0x8E, 0xCF, 0x1D, 0xF0, 0x35, 0xF0, 0x2D, 0xF0, 0x2D, 0xF0, 0x2D, 0xF0, 0x2D, 0xF0, 0x2D, 0xF0, 0x2D, 0xF0, 0x2D,
    0xF0, 0x2D, 0xF0, 0x2D, 0xF0, 0x2D, 0xF0, 0x2D, 0xF0, 0x2D, 0xF0, 0x2D, 0xF0, 0x2D, 0xF0, 0x2D, 0xF0, 0x2D, 0xF0,
    0x2D, 0xF0, 0x2D, 0xF0, 0x2D, 0xF0, 0x2D, 0xF0, 0x25, 0x32, 0x46, 0xFF, 0xF7, 0xFF, 0xFF, 0xFF, 0xFF, 0xFF, 0xFF,
    0xFF, 0xFF, 0xFF, 0xFF, 0xFF, 0xFF, 0xFF, 0xFF, 0xFF, 0xFF, 0xFF, 0xFF, 0x32, 0x4E, 0xEF, 0x25, 0xF0, 0x2D, 0xF0,
    0x2D, 0xF0, 0x2D, 0xF0, 0x2D, 0xF0, 0x2D, 0xF0, 0x2D, 0xF0, 0x2D, 0xF0, 0x2D, 0xF0, 0x2D, 0xF0, 0x2D, 0xF0, 0x2D,
    0xF0, 0x2D, 0xF0, 0x2D, 0xF0, 0x2D, 0xF0, 0x2D, 0xF0, 0x2D, 0xF0, 0x2D, 0xF0, 0x2D, 0xF0, 0x2D, 0xF0, 0x2D, 0xF0,
    0x2D, 0xF0, 0x2D, 0xF0, 0x2D, 0xF0, 0x2D, 0xF0, 0x2D, 0xF0, 0x2D, 0xF0, 0x2D, 0xF0, 0x2D, 0xF0, 0x2D, 0xF0, 0x2D,
    0xF0, 0x2D, 0xF0, 0x2D, 0xF0, 0x2D, 0xF0, 0x2D, 0xF0, 0x2D, 0xF0, 0x2D, 0xF0, 0x2D, 0xF0, 0x2D, 0xF0, 0x2D, 0xF0,
    0x2D, 0xF0, 0x2D, 0xF0, 0x2D, 0xF0, 0x2D, 0xF0, 0x2D, 0xF0, 0x2D, 0xF0, 0x2D, 0xF0, 0x2D, 0xF0, 0x2D, 0xF0, 0x2D,
    0x10, 0x2E, 0xAF, 0x2D, 0xC7, 0x12, 0x46, 0x0A, 0x25, 0x0A, 0x05, 0x0A, 0xC4, 0x09, 0xA4, 0x09, 0x84, 0x09, 0x43,
    0x09, 0x23, 0x09, 0x02, 0x01, 0xE2, 0x00, 0xC2, 0x00, 0xA1, 0x00, 0xA1, 0x00, 0x81, 0x00, 0x61, 0x00, 0x40, 0x00,
    0x40, 0x00, 0x20, 0x00, 0x20, 0x00, 0x20, 0x00, 0x20, 0x00, 0x00, 0x00, 0x00, 0x00, 0x00, 0x00, 0x00, 0x00, 0x20,
    0x00, 0x20, 0x00, 0x20, 0x00, 0x20, 0x00, 0x40, 0x00, 0x40, 0x00, 0x61, 0x00, 0x81, 0x00, 0xA1, 0x00, 0xA1, 0x00,
    0xC2, 0x00, 0xE2, 0x00, 0x02, 0x01, 0x23, 0x09, 0x43, 0x09, 0x84, 0x09, 0xA4, 0x09, 0xC4, 0x09, 0x05, 0x0A, 0x25,
    0x0A, 0x46, 0x0A, 0xC7, 0x12, 0xAF, 0x2D, 0xF0, 0x2D, 0xF0, 0x2D, 0xF0, 0x2D, 0xF0, 0x2D, 0xF0, 0x2D, 0xF0, 0x2D,
    0xF0, 0x2D, 0xF0, 0x2D, 0xF0, 0x2D, 0xF0, 0x2D, 0xF0, 0x2D, 0xF0, 0x2D, 0xF0, 0x2D, 0xF0, 0x2D, 0xF0, 0x2D, 0xF0,
    0x2D, 0xF0, 0x2D, 0xF0, 0x2D, 0xF0, 0x2D, 0xF0, 0x2D, 0xF0, 0x2D, 0xF0, 0x2D, 0xF0, 0x2D, 0xF0, 0x2D, 0xF0, 0x2D,
    0xF0, 0x2D, 0xF0, 0x2D, 0xF0, 0x2D, 0xF0, 0x2D, 0xF0, 0x2D, 0xF0, 0x2D, 0xF0, 0x2D, 0xF0, 0x2D, 0xF0, 0x2D, 0xF0,
    0x2D, 0xF0, 0x2D, 0xF0, 0x2D, 0xF0, 0x2D, 0xF0, 0x2D, 0xF0, 0x2D, 0xF0, 0x2D, 0xF0, 0x2D, 0xF0, 0x2D, 0xF0, 0x2D,
    0xF0, 0x2D, 0xF0, 0x2D, 0xF0, 0x2D, 0xF0, 0x2D, 0xF0, 0x2D, 0xF0, 0x2D, 0xF0, 0x2D, 0xCF, 0x1D, 0x39, 0xAF, 0xFF,
    0xFF, 0xFF, 0xFF, 0xFF, 0xFF, 0xFF, 0xFF, 0xFF, 0xFF, 0xFF, 0xFF, 0xFF, 0xFF, 0xFF, 0xFF, 0xFF, 0xFF, 0xDE, 0xEF,
    0x11, 0x3E, 0xF0, 0x2D, 0xF0, 0x2D, 0xF0, 0x2D, 0xF0, 0x2D, 0xF0, 0x2D, 0xF0, 0x2D, 0xF0, 0x2D, 0xF0, 0x2D, 0xF0,
    0x2D, 0xF0, 0x2D, 0xF0, 0x2D, 0xF0, 0x2D, 0xF0, 0x2D, 0xF0, 0x2D, 0xF0, 0x2D, 0xF0, 0x2D, 0xF0, 0x2D, 0xF0, 0x2D,
    0xF0, 0x2D, 0xF0, 0x2D, 0xF0, 0x2D, 0xF0, 0x2D, 0xF0, 0x2D, 0xCF, 0x25, 0x3A, 0xB7, 0xFF, 0xFF, 0xFF, 0xFF, 0xFF,
    0xFF, 0xFF, 0xFF, 0xFF, 0xFF, 0xFF, 0xFF, 0xFF, 0xFF, 0xFF, 0xFF, 0xFF, 0xFF, 0x18, 0x9F, 0xCF, 0x1D, 0xF0, 0x2D,
    0xF0, 0x2D, 0xF0, 0x2D, 0xF0, 0x2D, 0xF0, 0x2D, 0xF0, 0x2D, 0xF0, 0x2D, 0xF0, 0x2D, 0xF0, 0x2D, 0xF0, 0x2D, 0xF0,
    0x2D, 0xF0, 0x2D, 0xF0, 0x2D, 0xF0, 0x2D, 0xF0, 0x2D, 0xF0, 0x2D, 0xF0, 0x2D, 0xF0, 0x2D, 0xF0, 0x2D, 0xF0, 0x2D,
    0xF0, 0x2D, 0xF0, 0x2D, 0xF0, 0x2D, 0xF0, 0x2D, 0xF0, 0x2D, 0xF0, 0x2D, 0xF0, 0x2D, 0xF0, 0x2D, 0xF0, 0x2D, 0xF0,
    0x2D, 0xF0, 0x2D, 0xF0, 0x2D, 0xF0, 0x2D, 0xF0, 0x2D, 0xF0, 0x2D, 0xF0, 0x2D, 0xF0, 0x2D, 0xF0, 0x2D, 0xF0, 0x2D,
    0xF0, 0x2D, 0xF0, 0x2D, 0xF0, 0x2D, 0xF0, 0x2D, 0xF0, 0x2D, 0xF0, 0x2D, 0xF0, 0x2D, 0xF0, 0x2D, 0xF0, 0x2D, 0xF0,
    0x2D, 0xF0, 0x2D, 0xAF, 0x2D, 0xC7, 0x12, 0x46, 0x0A, 0x25, 0x0A, 0x05, 0x0A, 0xC4, 0x09, 0xA4, 0x09, 0x84, 0x09,
    0x43, 0x09, 0x23, 0x09, 0x02, 0x01, 0xE2, 0x00, 0xC2, 0x00, 0xA1, 0x00, 0xA1, 0x00, 0x81, 0x00, 0x61, 0x00, 0x40,
    0x00, 0x40, 0x00, 0x20, 0x00, 0x20, 0x00, 0x20, 0x00, 0x20, 0x00, 0x00, 0x00, 0x00, 0x00, 0x00, 0x00, 0x00, 0x00,
    0x20, 0x00, 0x20, 0x00, 0x20, 0x00, 0x20, 0x00, 0x40, 0x00, 0x40, 0x00, 0x61, 0x00, 0x81, 0x00, 0xA1, 0x00, 0xA1,
    0x00, 0xC2, 0x00, 0xE2, 0x00, 0x02, 0x01, 0x23, 0x09, 0x43, 0x09, 0x84, 0x09, 0xA4, 0x09, 0xC4, 0x09, 0x05, 0x0A,
    0x25, 0x0A, 0x46, 0x0A, 0xC7, 0x12, 0xAF, 0x2D, 0xF0, 0x2D, 0xF0, 0x2D, 0xF0, 0x2D, 0xF0, 0x2D, 0xF0, 0x2D, 0xF0,
    0x2D, 0xF0, 0x2D, 0xF0, 0x2D, 0xF0, 0x2D, 0xF0, 0x2D, 0xF0, 0x2D, 0xF0, 0x2D, 0xF0, 0x2D, 0xF0, 0x2D, 0xF0, 0x2D,
    0xF0, 0x2D, 0xF0, 0x2D, 0xF0, 0x2D, 0xF0, 0x2D, 0xF0, 0x2D, 0xF0, 0x2D, 0xF0, 0x2D, 0xF0, 0x2D, 0xF0, 0x2D, 0xF0,
    0x2D, 0xF0, 0x2D, 0xF0, 0x2D, 0xF0, 0x2D, 0xF0, 0x2D, 0xF0, 0x2D, 0xF0, 0x2D, 0xF0, 0x2D, 0xF0, 0x2D, 0xF0, 0x2D,
    0xF0, 0x2D, 0xF0, 0x2D, 0xF0, 0x2D, 0xF0, 0x2D, 0xF0, 0x2D, 0xF0, 0x2D, 0xF0, 0x2D, 0xF0, 0x2D, 0xF0, 0x2D, 0xF0,
    0x2D, 0xF0, 0x2D, 0xF0, 0x2D, 0xF0, 0x2D, 0xF0, 0x2D, 0xF0, 0x2D, 0xF0, 0x2D, 0xCF, 0x25, 0x32, 0x46, 0xFF, 0xF7,
    0xFF, 0xFF, 0xFF, 0xFF, 0xFF, 0xFF, 0xFF, 0xFF, 0xFF, 0xFF, 0xFF, 0xFF, 0xFF, 0xFF, 0xFF, 0xFF, 0xFF, 0xFF, 0x18,
    0x9F, 0xCF, 0x1D, 0xF0, 0x2D, 0xF0, 0x2D, 0xF0, 0x2D, 0xF0, 0x2D, 0xF0, 0x2D, 0xF0, 0x2D, 0xF0, 0x2D, 0xF0, 0x2D,
    0xF0, 0x2D, 0xF0, 0x2D, 0xF0, 0x2D, 0xF0, 0x2D, 0xF0, 0x2D, 0xF0, 0x2D, 0xF0, 0x2D, 0xF0, 0x2D, 0xF0, 0x2D, 0xF0,
    0x2D, 0xF0, 0x2D, 0xF0, 0x2D, 0xF0, 0x2D, 0xF0, 0x2D, 0xF0, 0x2D, 0xCF, 0x25, 0x74, 0x5E, 0xFF, 0xFF, 0xFF, 0xFF,
    0xFF, 0xFF, 0xFF, 0xFF, 0xFF, 0xFF, 0xFF, 0xFF, 0xFF, 0xFF, 0xFF, 0xFF, 0xFF, 0xFF, 0xDE, 0xEF, 0x11, 0x36, 0xF0,
    0x2D, 0xF0, 0x2D, 0xF0, 0x2D, 0xF0, 0x2D, 0xF0, 0x2D, 0xF0, 0x2D, 0xF0, 0x2D, 0xF0, 0x2D, 0xF0, 0x2D, 0xF0, 0x2D,
    0xF0, 0x2D, 0xF0, 0x2D, 0xF0, 0x2D, 0xF0, 0x2D, 0xF0, 0x2D, 0xF0, 0x2D, 0xF0, 0x2D, 0xF0, 0x2D, 0xF0, 0x2D, 0xF0,
    0x2D, 0xF0, 0x2D, 0xF0, 0x2D, 0xF0, 0x2D, 0xF0, 0x2D, 0xF0, 0x2D, 0xF0, 0x2D, 0xF0, 0x2D, 0xF0, 0x2D, 0xF0, 0x2D,
    0xF0, 0x2D, 0xF0, 0x2D, 0xF0, 0x2D, 0xF0, 0x2D, 0xF0, 0x2D, 0xF0, 0x2D, 0xF0, 0x2D, 0xF0, 0x2D, 0xF0, 0x2D, 0xF0,
    0x2D, 0xF0, 0x2D, 0xF0, 0x2D, 0xF0, 0x2D, 0xF0, 0x2D, 0xF0, 0x2D, 0xF0, 0x2D, 0xF0, 0x2D, 0xF0, 0x2D, 0xF0, 0x2D,
    0xF0, 0x2D, 0xF0, 0x2D, 0xAF, 0x2D, 0xC7, 0x12, 0x46, 0x0A, 0x25, 0x0A, 0x05, 0x0A, 0xC4, 0x09, 0xA4, 0x09, 0x84,
    0x09, 0x43, 0x09, 0x23, 0x09, 0x02, 0x01, 0xE2, 0x00, 0xC2, 0x00, 0xA1, 0x00, 0xA1, 0x00, 0x81, 0x00, 0x61, 0x00,
    0x40, 0x00, 0x40, 0x00, 0x20, 0x00, 0x20, 0x00, 0x20, 0x00, 0x20, 0x00, 0x00, 0x00, 0x00, 0x00, 0x00, 0x00, 0x00,
    0x00, 0x20, 0x00, 0x20, 0x00, 0x20, 0x00, 0x20, 0x00, 0x40, 0x00, 0x40, 0x00, 0x61, 0x00, 0x81, 0x00, 0xA1, 0x00,
    0xA1, 0x00, 0xC2, 0x00, 0xE2, 0x00, 0x02, 0x01, 0x23, 0x09, 0x43, 0x09, 0x84, 0x09, 0xA4, 0x09, 0xC4, 0x09, 0x05,
    0x0A, 0x25, 0x0A, 0x46, 0x0A, 0xC7, 0x12, 0xAF, 0x2D, 0xF0, 0x2D, 0xF0, 0x2D, 0xF0, 0x2D, 0xF0, 0x2D, 0xF0, 0x2D,
    0xF0, 0x2D, 0xF0, 0x2D, 0xF0, 0x2D, 0xF0, 0x2D, 0xF0, 0x2D, 0xF0, 0x2D, 0xF0, 0x2D, 0xF0, 0x2D, 0xF0, 0x2D, 0xF0,
    0x2D, 0xF0, 0x2D, 0xF0, 0x2D, 0xF0, 0x2D, 0xF0, 0x2D, 0xF0, 0x2D, 0xF0, 0x2D, 0xF0, 0x2D, 0xF0, 0x2D, 0xF0, 0x2D,
    0xF0, 0x2D, 0xF0, 0x2D, 0xF0, 0x2D, 0xF0, 0x2D, 0xF0, 0x2D, 0xF0, 0x2D, 0xF0, 0x2D, 0xF0, 0x2D, 0xF0, 0x2D, 0xF0,
    0x2D, 0xF0, 0x2D, 0xF0, 0x2D, 0xF0, 0x2D, 0xF0, 0x2D, 0xF0, 0x2D, 0xF0, 0x2D, 0xF0, 0x2D, 0xF0, 0x2D, 0xF0, 0x2D,
    0xF0, 0x2D, 0xF0, 0x2D, 0xF0, 0x2D, 0xF0, 0x2D, 0xF0, 0x2D, 0xF0, 0x2D, 0xF0, 0x2D, 0xCF, 0x1D, 0x19, 0xA7, 0xFF,
    0xFF, 0xFF, 0xFF, 0xFF, 0xFF, 0xFF, 0xFF, 0xFF, 0xFF, 0xFF, 0xFF, 0xFF, 0xFF, 0xFF, 0xFF, 0xFF, 0xFF, 0xFF, 0xF7,
    0x32, 0x46, 0xCF, 0x25, 0xF0, 0x2D, 0xF0, 0x2D, 0xF0, 0x2D, 0xF0, 0x2D, 0xF0, 0x2D, 0xF0, 0x2D, 0xF0, 0x2D, 0xF0,
    0x2D, 0xF0, 0x2D, 0xF0, 0x2D, 0xF0, 0x2D, 0xF0, 0x2D, 0xF0, 0x2D, 0xF0, 0x2D, 0xF0, 0x2D, 0xF0, 0x2D, 0xF0, 0x2D,
    0xF0, 0x2D, 0xF0, 0x2D, 0xF0, 0x2D, 0xF0, 0x2D, 0xF0, 0x2D, 0xF0, 0x2D, 0xF0, 0x2D, 0xCF, 0x2D, 0x9C, 0xD7, 0xFF,
    0xFF, 0xFF, 0xFF, 0xFF, 0xFF, 0xFF, 0xFF, 0xFF, 0xFF, 0xFF, 0xFF, 0xFF, 0xFF, 0xFF, 0xFF, 0xFF, 0xFF, 0xB6, 0x7E,
    0xCF, 0x1D, 0xF0, 0x2D, 0xF0, 0x2D, 0xF0, 0x2D, 0xF0, 0x2D, 0xF0, 0x2D, 0xF0, 0x2D, 0xF0, 0x2D, 0xF0, 0x2D, 0xF0,
    0x2D, 0xF0, 0x2D, 0xF0, 0x2D, 0xF0, 0x2D, 0xF0, 0x2D, 0xF0, 0x2D, 0xF0, 0x2D, 0xF0, 0x2D, 0xF0, 0x2D, 0xF0, 0x2D,
    0xF0, 0x2D, 0xF0, 0x2D, 0xF0, 0x2D, 0xF0, 0x2D, 0xF0, 0x2D, 0xF0, 0x2D, 0xF0, 0x2D, 0xF0, 0x2D, 0xF0, 0x2D, 0xF0,
    0x2D, 0xF0, 0x2D, 0xF0, 0x2D, 0xF0, 0x2D, 0xF0, 0x2D, 0xF0, 0x2D, 0xF0, 0x2D, 0xF0, 0x2D, 0xF0, 0x2D, 0xF0, 0x2D,
    0xF0, 0x2D, 0xF0, 0x2D, 0xF0, 0x2D, 0xF0, 0x2D, 0xF0, 0x2D, 0xF0, 0x2D, 0xF0, 0x2D, 0xF0, 0x2D, 0xF0, 0x2D, 0xF0,
    0x2D, 0xF0, 0x2D, 0xF0, 0x2D, 0xAF, 0x2D, 0xC7, 0x12, 0x46, 0x0A, 0x25, 0x0A, 0x05, 0x0A, 0xC4, 0x09, 0xA4, 0x09,
    0x84, 0x09, 0x43, 0x09, 0x23, 0x09, 0x02, 0x01, 0xE2, 0x00, 0xC2, 0x00, 0xA1, 0x00, 0xA1, 0x00, 0x81, 0x00, 0x61,
    0x00, 0x40, 0x00, 0x40, 0x00, 0x20, 0x00, 0x20, 0x00, 0x20, 0x00, 0x20, 0x00, 0x00, 0x00, 0x00, 0x00, 0x00, 0x00,
    0x00, 0x00, 0x20, 0x00, 0x20, 0x00, 0x20, 0x00, 0x20, 0x00, 0x40, 0x00, 0x40, 0x00, 0x61, 0x00, 0x81, 0x00, 0xA1,
    0x00, 0xA1, 0x00, 0xC2, 0x00, 0xE2, 0x00, 0x02, 0x01, 0x23, 0x09, 0x43, 0x09, 0x84, 0x09, 0xA4, 0x09, 0xC4, 0x09,
    0x05, 0x0A, 0x25, 0x0A, 0x46, 0x0A, 0xC7, 0x12, 0xAF, 0x2D, 0xF0, 0x2D, 0xF0, 0x2D, 0xF0, 0x2D, 0xF0, 0x2D, 0xF0,
    0x2D, 0xF0, 0x2D, 0xF0, 0x2D, 0xF0, 0x2D, 0xF0, 0x2D, 0xF0, 0x2D, 0xF0, 0x2D, 0xF0, 0x2D, 0xF0, 0x2D, 0xF0, 0x2D,
    0xF0, 0x2D, 0xF0, 0x2D, 0xF0, 0x2D, 0xF0, 0x2D, 0xF0, 0x2D, 0xF0, 0x2D, 0xF0, 0x2D, 0xF0, 0x2D, 0xF0, 0x2D, 0xF0,
    0x2D, 0xF0, 0x2D, 0xF0, 0x2D, 0xF0, 0x2D, 0xF0, 0x2D, 0xF0, 0x2D, 0xF0, 0x2D, 0xF0, 0x2D, 0xF0, 0x2D, 0xF0, 0x2D,
    0xF0, 0x2D, 0xF0, 0x2D, 0xF0, 0x2D, 0xF0, 0x2D, 0xF0, 0x2D, 0xF0, 0x2D, 0xF0, 0x2D, 0xF0, 0x2D, 0xF0, 0x2D, 0xF0,
    0x2D, 0xF0, 0x2D, 0xF0, 0x2D, 0xF0, 0x2D, 0xF0, 0x2D, 0xF0, 0x2D, 0xF0, 0x2D, 0xCF, 0x25, 0x11, 0x46, 0xDF, 0xF7,
    0xFF, 0xFF, 0xFF, 0xFF, 0xFF, 0xFF, 0xFF, 0xFF, 0xFF, 0xFF, 0xFF, 0xFF, 0xFF, 0xFF, 0xFF, 0xFF, 0xFF, 0xFF, 0x39,
    0xAF, 0xCF, 0x1D, 0xF0, 0x2D, 0xF0, 0x2D, 0xF0, 0x2D, 0xF0, 0x2D, 0xF0, 0x2D, 0xF0, 0x2D, 0xF0, 0x2D, 0xF0, 0x2D,
    0xF0, 0x2D, 0xF0, 0x2D, 0xF0, 0x2D, 0xF0, 0x2D, 0xF0, 0x2D, 0xF0, 0x2D, 0xF0, 0x2D, 0xF0, 0x2D, 0xF0, 0x2D, 0xF0,
    0x2D, 0xF0, 0x2D, 0xF0, 0x2D, 0xF0, 0x2D, 0xF0, 0x2D, 0xF0, 0x2D, 0xF0, 0x2D, 0xF0, 0x2D, 0xCF, 0x1D, 0xB6, 0x7E,
    0xFF, 0xFF, 0xFF, 0xFF, 0xFF, 0xFF, 0xFF, 0xFF, 0xFF, 0xFF, 0xFF, 0xFF, 0xFF, 0xFF, 0xFF, 0xFF, 0xFF, 0xFF, 0x9C,
    0xD7, 0xD0, 0x2D, 0xF0, 0x2D, 0xF0, 0x2D, 0xF0, 0x2D, 0xF0, 0x2D, 0xF0, 0x2D, 0xF0, 0x2D, 0xF0, 0x2D, 0xF0, 0x2D,
    0xF0, 0x2D, 0xF0, 0x2D, 0xF0, 0x2D, 0xF0, 0x2D, 0xF0, 0x2D, 0xF0, 0x2D, 0xF0, 0x2D, 0xF0, 0x2D, 0xF0, 0x2D, 0xF0,
    0x2D, 0xF0, 0x2D, 0xF0, 0x2D, 0xF0, 0x2D, 0xF0, 0x2D, 0xF0, 0x2D, 0xF0, 0x2D, 0xF0, 0x2D, 0xF0, 0x2D, 0xF0, 0x2D,
    0xF0, 0x2D, 0xF0, 0x2D, 0xF0, 0x2D, 0xF0, 0x2D, 0xF0, 0x2D, 0xF0, 0x2D, 0xF0, 0x2D, 0xF0, 0x2D, 0xF0, 0x2D, 0xF0,
    0x2D, 0xF0, 0x2D, 0xF0, 0x2D, 0xF0, 0x2D, 0xF0, 0x2D, 0xF0, 0x2D, 0xF0, 0x2D, 0xF0, 0x2D, 0xF0, 0x2D, 0xF0, 0x2D,
    0xF0, 0x2D, 0xF0, 0x2D, 0xF0, 0x2D, 0xAF, 0x2D, 0xC7, 0x12, 0x46, 0x0A, 0x25, 0x0A, 0x05, 0x0A, 0xC4, 0x09, 0xA4,
    0x09, 0x84, 0x09, 0x43, 0x09, 0x23, 0x09, 0x02, 0x01, 0xE2, 0x00, 0xC2, 0x00, 0xA1, 0x00, 0xA1, 0x00, 0x81, 0x00,
    0x61, 0x00, 0x40, 0x00, 0x40, 0x00, 0x20, 0x00, 0x20, 0x00, 0x20, 0x00, 0x20, 0x00, 0x00, 0x00, 0x00, 0x00, 0x00,
    0x00, 0x00, 0x00, 0x20, 0x00, 0x20, 0x00, 0x20, 0x00, 0x20, 0x00, 0x40, 0x00, 0x40, 0x00, 0x61, 0x00, 0x81, 0x00,
    0xA1, 0x00, 0xA1, 0x00, 0xC2, 0x00, 0xE2, 0x00, 0x02, 0x01, 0x23, 0x09, 0x43, 0x09, 0x84, 0x09, 0xA4, 0x09, 0xC4,
    0x09, 0x05, 0x0A, 0x25, 0x0A, 0x46, 0x0A, 0xC7, 0x12, 0xAF, 0x2D, 0xF0, 0x2D, 0xD0, 0x2D, 0xD0, 0x2D, 0xD0, 0x2D,
    0xD0, 0x2D, 0xD0, 0x2D, 0xD0, 0x2D, 0xD0, 0x2D, 0xD0, 0x2D, 0xD0, 0x2D, 0xD0, 0x2D, 0xD0, 0x2D, 0xD0, 0x2D, 0xD0,
    0x2D, 0xD0, 0x2D, 0xD0, 0x2D, 0xD0, 0x2D, 0xD0, 0x2D, 0xD0, 0x2D, 0xD0, 0x2D, 0xD0, 0x2D, 0xD0, 0x2D, 0xD0, 0x2D,
    0xD0, 0x2D, 0xD0, 0x2D, 0xD0, 0x2D, 0xD0, 0x2D, 0xD0, 0x2D, 0xD0, 0x2D, 0xD0, 0x2D, 0xD0, 0x2D, 0xD0, 0x2D, 0xD0,
    0x2D, 0xD0, 0x2D, 0xD0, 0x2D, 0xD0, 0x2D, 0xD0, 0x2D, 0xD0, 0x2D, 0xD0, 0x2D, 0xD0, 0x2D, 0xD0, 0x2D, 0xD0, 0x2D,
    0xD0, 0x2D, 0xD0, 0x2D, 0xD0, 0x2D, 0xD0, 0x2D, 0xD0, 0x2D, 0xD0, 0x2D, 0xF0, 0x2D, 0xAF, 0x1D, 0x18, 0x9F, 0xFF,
    0xFF, 0xFF, 0xFF, 0xFF, 0xFF, 0xFF, 0xFF, 0xFF, 0xFF, 0xFF, 0xFF, 0xFF, 0xFF, 0xFF, 0xFF, 0xFF, 0xFF, 0xFF, 0xFF,
    0x32, 0x4E, 0xCF, 0x25, 0xF0, 0x2D, 0xD0, 0x2D, 0xD0, 0x2D, 0xD0, 0x2D, 0xD0, 0x2D, 0xD0, 0x2D, 0xD0, 0x2D, 0xD0,
    0x2D, 0xD0, 0x2D, 0xD0, 0x2D, 0xD0, 0x2D, 0xD0, 0x2D, 0xD0, 0x2D, 0xD0, 0x2D, 0xD0, 0x2D, 0xD0, 0x2D, 0xD0, 0x2D,
    0xD0, 0x2D, 0xD0, 0x2D, 0xD0, 0x2D, 0xD0, 0x2D, 0xD0, 0x2D, 0xD0, 0x2D, 0xD0, 0x2D, 0xF0, 0x2D, 0xD0, 0x2D, 0xF0,
    0x35, 0xDE, 0xEF, 0xFF, 0xFF, 0xFF, 0xFF, 0xFF, 0xFF, 0xFF, 0xFF, 0xFF, 0xFF, 0xFF, 0xFF, 0xFF, 0xFF, 0xFF, 0xFF,
    0xFF, 0xFF, 0x74, 0x66, 0xCF, 0x25, 0xF0, 0x2D, 0xD0, 0x2D, 0xD0, 0x2D, 0xD0, 0x2D, 0xD0, 0x2D, 0xD0, 0x2D, 0xD0,
    0x2D, 0xD0, 0x2D, 0xD0, 0x2D, 0xD0, 0x2D, 0xD0, 0x2D, 0xD0, 0x2D, 0xD0, 0x2D, 0xD0, 0x2D, 0xD0, 0x2D, 0xD0, 0x2D,
    0xD0, 0x2D, 0xD0, 0x2D, 0xD0, 0x2D, 0xD0, 0x2D, 0xD0, 0x2D, 0xD0, 0x2D, 0xD0, 0x2D, 0xD0, 0x2D, 0xD0, 0x2D, 0xD0,
    0x2D, 0xD0, 0x2D, 0xD0, 0x2D, 0xD0, 0x2D, 0xD0, 0x2D, 0xD0, 0x2D, 0xD0, 0x2D, 0xD0, 0x2D, 0xD0, 0x2D, 0xD0, 0x2D,
    0xD0, 0x2D, 0xD0, 0x2D, 0xD0, 0x2D, 0xD0, 0x2D, 0xD0, 0x2D, 0xD0, 0x2D, 0xD0, 0x2D, 0xD0, 0x2D, 0xD0, 0x2D, 0xD0,
    0x2D, 0xD0, 0x2D, 0xD0, 0x2D, 0xF0, 0x2D, 0xAF, 0x2D, 0xC7, 0x12, 0x46, 0x0A, 0x25, 0x0A, 0x05, 0x0A, 0xC4, 0x09,
    0xA4, 0x09, 0x84, 0x09, 0x43, 0x09, 0x23, 0x09, 0x02, 0x01, 0xE2, 0x00, 0xC2, 0x00, 0xA1, 0x00, 0xA1, 0x00, 0x81,
    0x00, 0x61, 0x00, 0x40, 0x00, 0x40, 0x00, 0x20, 0x00, 0x20, 0x00, 0x20, 0x00, 0x20, 0x00, 0x00, 0x00, 0x00, 0x00,
    0x00, 0x00, 0x00, 0x00, 0x20, 0x00, 0x20, 0x00, 0x20, 0x00, 0x20, 0x00, 0x40, 0x00, 0x40, 0x00, 0x61, 0x00, 0x81,
    0x00, 0xA1, 0x00, 0xA1, 0x00, 0xC2, 0x00, 0xE2, 0x00, 0x02, 0x01, 0x23, 0x09, 0x43, 0x09, 0x84, 0x09, 0xA4, 0x09,
    0xC4, 0x09, 0x05, 0x0A, 0x25, 0x0A, 0x46, 0x0A, 0xC7, 0x12, 0xAF, 0x2D, 0xF0, 0x2D, 0xD0, 0x2D, 0xD0, 0x2D, 0xD0,
    0x2D, 0xD0, 0x2D, 0xD0, 0x2D, 0xD0, 0x2D, 0xD0, 0x2D, 0xD0, 0x2D, 0xD0, 0x2D, 0xD0, 0x2D, 0xD0, 0x2D, 0xD0, 0x2D,
    0xD0, 0x2D, 0xD0, 0x2D, 0xD0, 0x2D, 0xD0, 0x2D, 0xD0, 0x2D, 0xD0, 0x2D, 0xD0, 0x2D, 0xD0, 0x2D, 0xD0, 0x2D, 0xD0,
    0x2D, 0xD0, 0x2D, 0xD0, 0x2D, 0xD0, 0x2D, 0xD0, 0x2D, 0xD0, 0x2D, 0xD0, 0x2D, 0xD0, 0x2D, 0xD0, 0x2D, 0xD0, 0x2D,
    0xD0, 0x2D, 0xD0, 0x2D, 0xD0, 0x2D, 0xD0, 0x2D, 0xD0, 0x2D, 0xD0, 0x2D, 0xD0, 0x2D, 0xD0, 0x2D, 0xD0, 0x2D, 0xD0,
    0x2D, 0xD0, 0x2D, 0xD0, 0x2D, 0xD0, 0x2D, 0xD0, 0x2D, 0xD0, 0x2D, 0xD0, 0x2D, 0xCF, 0x25, 0x11, 0x3E, 0xDE, 0xF7,
    0xFF, 0xFF, 0xFF, 0xFF, 0xFF, 0xFF, 0xFF, 0xFF, 0xFF, 0xFF, 0xFF, 0xFF, 0xFF, 0xFF, 0xFF, 0xFF, 0xFF, 0xFF, 0x5A,
    0xBF, 0xAF, 0x25, 0xF0, 0x2D, 0xD0, 0x2D, 0xD0, 0x2D, 0xD0, 0x2D, 0xD0, 0x2D, 0xD0, 0x2D, 0xD0, 0x2D, 0xD0, 0x2D,
    0xD0, 0x2D, 0xD0, 0x2D, 0xD0, 0x2D, 0xD0, 0x2D, 0xD0, 0x2D, 0xD0, 0x2D, 0xD0, 0x2D, 0xD0, 0x2D, 0xD0, 0x2D, 0xD0,
    0x2D, 0xD0, 0x2D, 0xD0, 0x2D, 0xD0, 0x2D, 0xD0, 0x2D, 0xD0, 0x2D, 0xD0, 0x2D, 0xD0, 0x2D, 0xD0, 0x2D, 0xF0, 0x2D,
    0xAF, 0x1D, 0xF8, 0x9E, 0xFF, 0xFF, 0xFF, 0xFF, 0xFF, 0xFF, 0xFF, 0xFF, 0xFF, 0xFF, 0xFF, 0xFF, 0xFF, 0xFF, 0xFF,
    0xFF, 0xFF, 0xFF, 0x5B, 0xBF, 0xAF, 0x25, 0xF0, 0x2D, 0xD0, 0x2D, 0xD0, 0x2D, 0xD0, 0x2D, 0xD0, 0x2D, 0xD0, 0x2D,
    0xD0, 0x2D, 0xD0, 0x2D, 0xD0, 0x2D, 0xD0, 0x2D, 0xD0, 0x2D, 0xD0, 0x2D, 0xD0, 0x2D, 0xD0, 0x2D, 0xD0, 0x2D, 0xD0,
    0x2D, 0xD0, 0x2D, 0xD0, 0x2D, 0xD0, 0x2D, 0xD0, 0x2D, 0xD0, 0x2D, 0xD0, 0x2D, 0xD0, 0x2D, 0xD0, 0x2D, 0xD0, 0x2D,
    0xD0, 0x2D, 0xD0, 0x2D, 0xD0, 0x2D, 0xD0, 0x2D, 0xD0, 0x2D, 0xD0, 0x2D, 0xD0, 0x2D, 0xD0, 0x2D, 0xD0, 0x2D, 0xD0,
    0x2D, 0xD0, 0x2D, 0xD0, 0x2D, 0xD0, 0x2D, 0xD0, 0x2D, 0xD0, 0x2D, 0xD0, 0x2D, 0xD0, 0x2D, 0xD0, 0x2D, 0xD0, 0x2D,
    0xD0, 0x2D, 0xD0, 0x2D, 0xD0, 0x2D, 0xF0, 0x2D, 0xAF, 0x2D, 0xC7, 0x12, 0x46, 0x0A, 0x25, 0x0A, 0x05, 0x0A, 0xC4,
    0x09, 0xA4, 0x09, 0x84, 0x09, 0x43, 0x09, 0x23, 0x09, 0x02, 0x01, 0xE2, 0x00, 0xC2, 0x00, 0xA1, 0x00, 0xA1, 0x00,
    0x81, 0x00, 0x61, 0x00, 0x40, 0x00, 0x40, 0x00, 0x20, 0x00, 0x20, 0x00, 0x20, 0x00, 0x20, 0x00, 0x00, 0x00, 0x00,
    0x00, 0x00, 0x00, 0x00, 0x00, 0x20, 0x00, 0x20, 0x00, 0x20, 0x00, 0x20, 0x00, 0x40, 0x00, 0x40, 0x00, 0x61, 0x00,
    0x81, 0x00, 0xA1, 0x00, 0xA1, 0x00, 0xC2, 0x00, 0xE2, 0x00, 0x02, 0x01, 0x23, 0x09, 0x43, 0x09, 0x84, 0x09, 0xA4,
    0x09, 0xC4, 0x09, 0x05, 0x0A, 0x25, 0x0A, 0x46, 0x0A, 0xC7, 0x12, 0xAF, 0x2D, 0xF0, 0x2D, 0xD0, 0x2D, 0xD0, 0x2D,
    0xD0, 0x2D, 0xD0, 0x2D, 0xD0, 0x2D, 0xD0, 0x2D, 0xD0, 0x2D, 0xD0, 0x2D, 0xD0, 0x2D, 0xD0, 0x2D, 0xD0, 0x2D, 0xD0,
    0x2D, 0xD0, 0x2D, 0xD0, 0x2D, 0xD0, 0x2D, 0xD0, 0x2D, 0xD0, 0x2D, 0xD0, 0x2D, 0xD0, 0x2D, 0xD0, 0x2D, 0xD0, 0x2D,
    0xD0, 0x2D, 0xD0, 0x2D, 0xD0, 0x2D, 0xD0, 0x2D, 0xD0, 0x2D, 0xD0, 0x2D, 0xD0, 0x2D, 0xD0, 0x2D, 0xD0, 0x2D, 0xD0,
    0x2D, 0xD0, 0x2D, 0xD0, 0x2D, 0xD0, 0x2D, 0xD0, 0x2D, 0xD0, 0x2D, 0xD0, 0x2D, 0xD0, 0x2D, 0xD0, 0x2D, 0xD0, 0x2D,
    0xD0, 0x2D, 0xD0, 0x2D, 0xD0, 0x2D, 0xD0, 0x2D, 0xD0, 0x2D, 0xD0, 0x2D, 0xD0, 0x2D, 0xAF, 0x1D, 0xF8, 0x9E, 0xFF,
    0xFF, 0xFF, 0xFF, 0xFF, 0xFF, 0xFF, 0xFF, 0xFF, 0xFF, 0xFF, 0xFF, 0xFF, 0xFF, 0xFF, 0xFF, 0xFF, 0xFF, 0xFF, 0xFF,
    0x53, 0x5E, 0xAF, 0x25, 0xD0, 0x2D, 0xD0, 0x2D, 0xD0, 0x2D, 0xD0, 0x2D, 0xD0, 0x2D, 0xD0, 0x2D, 0xD0, 0x2D, 0xD0,
    0x2D, 0xD0, 0x2D, 0xD0, 0x2D, 0xD0, 0x2D, 0xD0, 0x2D, 0xD0, 0x2D, 0xD0, 0x2D, 0xD0, 0x2D, 0xD0, 0x2D, 0xD0, 0x2D,
    0xD0, 0x2D, 0xD0, 0x2D, 0xD0, 0x2D, 0xD0, 0x2D, 0xD0, 0x2D, 0xD0, 0x2D, 0xD0, 0x2D, 0xD0, 0x2D, 0xD0, 0x2D, 0xD0,
    0x2D, 0xCF, 0x25, 0x32, 0x4E, 0xFF, 0xFF, 0xFF, 0xFF, 0xFF, 0xFF, 0xFF, 0xFF, 0xFF, 0xFF, 0xFF, 0xFF, 0xFF, 0xFF,
    0xFF, 0xFF, 0xFF, 0xFF, 0xFF, 0xFF, 0x32, 0x4E, 0xCF, 0x25, 0xD0, 0x2D, 0xD0, 0x2D, 0xD0, 0x2D, 0xD0, 0x2D, 0xD0,
    0x2D, 0xD0, 0x2D, 0xD0, 0x2D, 0xD0, 0x2D, 0xD0, 0x2D, 0xD0, 0x2D, 0xD0, 0x2D, 0xD0, 0x2D, 0xD0, 0x2D, 0xD0, 0x2D,
    0xD0, 0x2D, 0xD0, 0x2D, 0xD0, 0x2D, 0xD0, 0x2D, 0xD0, 0x2D, 0xD0, 0x2D, 0xD0, 0x2D, 0xD0, 0x2D, 0xD0, 0x2D, 0xD0,
    0x2D, 0xD0, 0x2D, 0xD0, 0x2D, 0xD0, 0x2D, 0xD0, 0x2D, 0xD0, 0x2D, 0xD0, 0x2D, 0xD0, 0x2D, 0xD0, 0x2D, 0xD0, 0x2D,
    0xD0, 0x2D, 0xD0, 0x2D, 0xD0, 0x2D, 0xD0, 0x2D, 0xD0, 0x2D, 0xD0, 0x2D, 0xD0, 0x2D, 0xD0, 0x2D, 0xD0, 0x2D, 0xD0,
    0x2D, 0xD0, 0x2D, 0xD0, 0x2D, 0xD0, 0x2D, 0xF0, 0x2D, 0xAF, 0x2D, 0xC7, 0x12, 0x46, 0x0A, 0x25, 0x0A, 0x05, 0x0A,
    0xC4, 0x09, 0xA4, 0x09, 0x84, 0x09, 0x43, 0x09, 0x23, 0x09, 0x02, 0x01, 0xE2, 0x00, 0xC2, 0x00, 0xA1, 0x00, 0xA1,
    0x00, 0x81, 0x00, 0x61, 0x00, 0x40, 0x00, 0x40, 0x00, 0x20, 0x00, 0x20, 0x00, 0x20, 0x00, 0x20, 0x00, 0x00, 0x00,
    0x00, 0x00, 0x00, 0x00, 0x00, 0x00, 0x20, 0x00, 0x20, 0x00, 0x20, 0x00, 0x20, 0x00, 0x40, 0x00, 0x40, 0x00, 0x61,
    0x00, 0x81, 0x00, 0xA1, 0x00, 0xA1, 0x00, 0xC2, 0x00, 0xE2, 0x00, 0x02, 0x01, 0x23, 0x09, 0x43, 0x09, 0x84, 0x09,
    0xA4, 0x09, 0xC4, 0x09, 0x05, 0x0A, 0x25, 0x0A, 0x46, 0x0A, 0xC7, 0x12, 0xAF, 0x2D, 0xF0, 0x2D, 0xD0, 0x2D, 0xD0,
    0x2D, 0xD0, 0x2D, 0xD0, 0x2D, 0xD0, 0x2D, 0xD0, 0x2D, 0xD0, 0x2D, 0xD0, 0x2D, 0xD0, 0x2D, 0xD0, 0x2D, 0xD0, 0x2D,
    0xD0, 0x2D, 0xD0, 0x2D, 0xD0, 0x2D, 0xD0, 0x2D, 0xD0, 0x2D, 0xD0, 0x2D, 0xD0, 0x2D, 0xD0, 0x2D, 0xD0, 0x2D, 0xD0,
    0x2D, 0xD0, 0x2D, 0xD0, 0x2D, 0xD0, 0x2D, 0xD0, 0x2D, 0xD0, 0x2D, 0xD0, 0x2D, 0xD0, 0x2D, 0xD0, 0x2D, 0xD0, 0x2D,
    0xD0, 0x2D, 0xD0, 0x2D, 0xD0, 0x2D, 0xD0, 0x2D, 0xD0, 0x2D, 0xD0, 0x2D, 0xD0, 0x2D, 0xD0, 0x2D, 0xD0, 0x2D, 0xD0,
    0x2D, 0xD0, 0x2D, 0xD0, 0x2D, 0xD0, 0x2D, 0xD0, 0x2D, 0xD0, 0x2D, 0xD0, 0x2D, 0xCF, 0x25, 0x11, 0x3E, 0xDE, 0xEF,
    0xFF, 0xFF, 0xFF, 0xFF, 0xFF, 0xFF, 0xFF, 0xFF, 0xFF, 0xFF, 0xFF, 0xFF, 0xFF, 0xFF, 0xFF, 0xFF, 0xFF, 0xFF, 0x7B,
    0xC7, 0xAF, 0x25, 0xD0, 0x2D, 0xD0, 0x2D, 0xD0, 0x2D, 0xD0, 0x2D, 0xD0, 0x2D, 0xD0, 0x2D, 0xD0, 0x2D, 0xD0, 0x2D,
    0xD0, 0x2D, 0xD0, 0x2D, 0xD0, 0x2D, 0xD0, 0x2D, 0xD0, 0x2D, 0xD0, 0x2D, 0xD0, 0x2D, 0xD0, 0x2D, 0xD0, 0x2D, 0xD0,
    0x2D, 0xD0, 0x2D, 0xD0, 0x2D, 0xD0, 0x2D, 0xD0, 0x2D, 0xD0, 0x2D, 0xD0, 0x2D, 0xD0, 0x2D, 0xD0, 0x2D, 0xD0, 0x2D,
    0xD0, 0x2D, 0xD0, 0x2D, 0xAF, 0x1D, 0x5A, 0xBF, 0xFF, 0xFF, 0xFF, 0xFF, 0xFF, 0xFF, 0xFF, 0xFF, 0xFF, 0xFF, 0xFF,
    0xFF, 0xFF, 0xFF, 0xFF, 0xFF, 0xFF, 0xFF, 0x19, 0xA7, 0xAF, 0x1D, 0xD0, 0x2D, 0xD0, 0x2D, 0xD0, 0x2D, 0xD0, 0x2D,
    0xD0, 0x2D, 0xD0, 0x2D, 0xD0, 0x2D, 0xD0, 0x2D, 0xD0, 0x2D, 0xD0, 0x2D, 0xD0, 0x2D, 0xD0, 0x2D, 0xD0, 0x2D, 0xD0,
    0x2D, 0xD0, 0x2D, 0xD0, 0x2D, 0xD0, 0x2D, 0xD0, 0x2D, 0xD0, 0x2D, 0xD0, 0x2D, 0xD0, 0x2D, 0xD0, 0x2D, 0xD0, 0x2D,
    0xD0, 0x2D, 0xD0, 0x2D, 0xD0, 0x2D, 0xD0, 0x2D, 0xD0, 0x2D, 0xD0, 0x2D, 0xD0, 0x2D, 0xD0, 0x2D, 0xD0, 0x2D, 0xD0,
    0x2D, 0xD0, 0x2D, 0xD0, 0x2D, 0xD0, 0x2D, 0xD0, 0x2D, 0xD0, 0x2D, 0xD0, 0x2D, 0xD0, 0x2D, 0xD0, 0x2D, 0xD0, 0x2D,
    0xD0, 0x2D, 0xD0, 0x2D, 0xD0, 0x2D, 0xD0, 0x2D, 0xF0, 0x2D, 0xAF, 0x2D, 0xC7, 0x12, 0x46, 0x0A, 0x25, 0x0A, 0x05,
    0x0A, 0xC4, 0x09, 0xA4, 0x09, 0x84, 0x09, 0x43, 0x09, 0x23, 0x09, 0x02, 0x01, 0xE2, 0x00, 0xC2, 0x00, 0xA1, 0x00,
    0xA1, 0x00, 0x81, 0x00, 0x61, 0x00, 0x40, 0x00, 0x40, 0x00, 0x20, 0x00, 0x20, 0x00, 0x20, 0x00, 0x20, 0x00, 0x00,
    0x00, 0x00, 0x00, 0x00, 0x00, 0x00, 0x00, 0x20, 0x00, 0x20, 0x00, 0x20, 0x00, 0x20, 0x00, 0x40, 0x00, 0x40, 0x00,
    0x61, 0x00, 0x81, 0x00, 0xA1, 0x00, 0xA1, 0x00, 0xC2, 0x00, 0xE2, 0x00, 0x02, 0x01, 0x23, 0x09, 0x43, 0x09, 0x84,
    0x09, 0xA4, 0x09, 0xC4, 0x09, 0x05, 0x0A, 0x25, 0x0A, 0x46, 0x0A, 0xC7, 0x12, 0x8F, 0x2D, 0xD0, 0x2D, 0xD0, 0x2D,
    0xD0, 0x2D, 0xD0, 0x2D, 0xD0, 0x2D, 0xD0, 0x2D, 0xD0, 0x2D, 0xD0, 0x2D, 0xD0, 0x2D, 0xD0, 0x2D, 0xD0, 0x2D, 0xD0,
    0x2D, 0xD0, 0x2D, 0xD0, 0x2D, 0xD0, 0x2D, 0xD0, 0x2D, 0xD0, 0x2D, 0xD0, 0x2D, 0xD0, 0x2D, 0xD0, 0x2D, 0xD0, 0x2D,
    0xD0, 0x2D, 0xD0, 0x2D, 0xD0, 0x2D, 0xD0, 0x2D, 0xD0, 0x2D, 0xD0, 0x2D, 0xD0, 0x2D, 0xD0, 0x2D, 0xD0, 0x2D, 0xD0,
    0x2D, 0xD0, 0x2D, 0xD0, 0x2D, 0xD0, 0x2D, 0xD0, 0x2D, 0xD0, 0x2D, 0xD0, 0x2D, 0xD0, 0x2D, 0xD0, 0x2D, 0xD0, 0x2D,
    0xD0, 0x2D, 0xD0, 0x2D, 0xD0, 0x2D, 0xD0, 0x2D, 0xD0, 0x2D, 0xD0, 0x2D, 0xD0, 0x2D, 0xAE, 0x1D, 0xF8, 0x96, 0xFF,
    0xFF, 0xFF, 0xFF, 0xFF, 0xFF, 0xFF, 0xFF, 0xFF, 0xFF, 0xFF, 0xFF, 0xFF, 0xFF, 0xFF, 0xFF, 0xFF, 0xFF, 0xFF, 0xFF,
    0x74, 0x66, 0xAF, 0x1D, 0xD0, 0x2D, 0xD0, 0x2D, 0xD0, 0x2D, 0xD0, 0x2D, 0xD0, 0x2D, 0xD0, 0x2D, 0xD0, 0x2D, 0xD0,
    0x2D, 0xD0, 0x2D, 0xD0, 0x2D, 0xD0, 0x2D, 0xD0, 0x2D, 0xD0, 0x2D, 0xD0, 0x2D, 0xD0, 0x2D, 0xD0, 0x2D, 0xD0, 0x2D,
    0xD0, 0x2D, 0xD0, 0x2D, 0xD0, 0x2D, 0xD0, 0x2D, 0xD0, 0x2D, 0xD0, 0x2D, 0xD0, 0x2D, 0xD0, 0x2D, 0xD0, 0x2D, 0xD0,
    0x2D, 0xD0, 0x2D, 0xD0, 0x2D, 0xAF, 0x1D, 0x74, 0x66, 0xFF, 0xFF, 0xFF, 0xFF, 0xFF, 0xFF, 0xFF, 0xFF, 0xFF, 0xFF,
    0xFF, 0xFF, 0xFF, 0xFF, 0xFF, 0xFF, 0xFF, 0xFF, 0xDE, 0xEF, 0xF1, 0x3D, 0xCF, 0x25, 0xD0, 0x2D, 0xD0, 0x2D, 0xD0,
    0x2D, 0xD0, 0x2D, 0xD0, 0x2D, 0xD0, 0x2D, 0xD0, 0x2D, 0xD0, 0x2D, 0xD0, 0x2D, 0xD0, 0x2D, 0xD0, 0x2D, 0xD0, 0x2D,
    0xD0, 0x2D, 0xD0, 0x2D, 0xD0, 0x2D, 0xD0, 0x2D, 0xD0, 0x2D, 0xD0, 0x2D, 0xD0, 0x2D, 0xD0, 0x2D, 0xD0, 0x2D, 0xD0,
    0x2D, 0xD0, 0x2D, 0xD0, 0x2D, 0xD0, 0x2D, 0xD0, 0x2D, 0xD0, 0x2D, 0xD0, 0x2D, 0xD0, 0x2D, 0xD0, 0x2D, 0xD0, 0x2D,
    0xD0, 0x2D, 0xD0, 0x2D, 0xD0, 0x2D, 0xD0, 0x2D, 0xD0, 0x2D, 0xD0, 0x2D, 0xD0, 0x2D, 0xD0, 0x2D, 0xD0, 0x2D, 0xD0,
    0x2D, 0xD0, 0x2D, 0xD0, 0x2D, 0xD0, 0x2D, 0xD0, 0x2D, 0xD0, 0x2D, 0x8F, 0x2D, 0xC7, 0x12, 0x46, 0x0A, 0x25, 0x0A,
    0x05, 0x0A, 0xC4, 0x09, 0xA4, 0x09, 0x84, 0x09, 0x43, 0x09, 0x23, 0x09, 0x02, 0x01, 0xE2, 0x00, 0xC2, 0x00, 0xA1,
    0x00, 0xA1, 0x00, 0x81, 0x00, 0x61, 0x00, 0x40, 0x00, 0x40, 0x00, 0x20, 0x00, 0x20, 0x00, 0x20, 0x00, 0x20, 0x00,
    0x00, 0x00, 0x00, 0x00, 0x00, 0x00, 0x00, 0x00, 0x20, 0x00, 0x20, 0x00, 0x20, 0x00, 0x20, 0x00, 0x40, 0x00, 0x40,
    0x00, 0x61, 0x00, 0x81, 0x00, 0xA1, 0x00, 0xA1, 0x00, 0xC2, 0x00, 0xE2, 0x00, 0x02, 0x01, 0x23, 0x09, 0x43, 0x09,
    0x84, 0x09, 0xA4, 0x09, 0xC4, 0x09, 0x05, 0x0A, 0x25, 0x0A, 0x46, 0x0A, 0xC7, 0x12, 0x8F, 0x2D, 0xD0, 0x2D, 0xD0,
    0x2D, 0xD0, 0x2D, 0xD0, 0x2D, 0xD0, 0x2D, 0xD0, 0x2D, 0xD0, 0x2D, 0xD0, 0x2D, 0xD0, 0x2D, 0xD0, 0x2D, 0xD0, 0x2D,
    0xD0, 0x2D, 0xD0, 0x2D, 0xD0, 0x2D, 0xD0, 0x2D, 0xD0, 0x2D, 0xD0, 0x2D, 0xD0, 0x2D, 0xD0, 0x2D, 0xD0, 0x2D, 0xD0,
    0x2D, 0xD0, 0x2D, 0xD0, 0x2D, 0xD0, 0x2D, 0xD0, 0x2D, 0xD0, 0x2D, 0xD0, 0x2D, 0xD0, 0x2D, 0xD0, 0x2D, 0xD0, 0x2D,
    0xD0, 0x2D, 0xD0, 0x2D, 0xD0, 0x2D, 0xD0, 0x2D, 0xD0, 0x2D, 0xD0, 0x2D, 0xD0, 0x2D, 0xD0, 0x2D, 0xD0, 0x2D, 0xD0,
    0x2D, 0xD0, 0x2D, 0xD0, 0x2D, 0xD0, 0x2D, 0xD0, 0x2D, 0xD0, 0x2D, 0xD0, 0x2D, 0xCF, 0x25, 0xF1, 0x3D, 0xDE, 0xEF,
    0xFF, 0xFF, 0xFF, 0xFF, 0xFF, 0xFF, 0xFF, 0xFF, 0xFF, 0xFF, 0xFF, 0xFF, 0xFF, 0xFF, 0xFF, 0xFF, 0xFF, 0xFF, 0x9C,
    0xD7, 0xCF, 0x25, 0xD0, 0x2D, 0xD0, 0x2D, 0xD0, 0x2D, 0xD0, 0x2D, 0xD0, 0x2D, 0xD0, 0x2D, 0xD0, 0x2D, 0xD0, 0x2D,
    0xD0, 0x2D, 0xD0, 0x2D, 0xD0, 0x2D, 0xD0, 0x2D, 0xD0, 0x2D, 0xD0, 0x2D, 0xD0, 0x2D, 0xD0, 0x2D, 0xD0, 0x2D, 0xD0,
    0x2D, 0xD0, 0x2D, 0xD0, 0x2D, 0xD0, 0x2D, 0xD0, 0x2D, 0xD0, 0x2D, 0xD0, 0x2D, 0xD0, 0x2D, 0xD0, 0x2D, 0xD0, 0x2D,
    0xD0, 0x2D, 0xD0, 0x2D, 0xD0, 0x2D, 0xD0, 0x2D, 0xCF, 0x2D, 0x9C, 0xD7, 0xFF, 0xFF, 0xFF, 0xFF, 0xFF, 0xFF, 0xFF,
    0xFF, 0xFF, 0xFF, 0xFF, 0xFF, 0xFF, 0xFF, 0xFF, 0xFF, 0xFF, 0xFF, 0xD6, 0x86, 0xAE, 0x1D, 0xD0, 0x2D, 0xD0, 0x2D,
    0xD0, 0x2D, 0xD0, 0x2D, 0xD0, 0x2D, 0xD0, 0x2D, 0xD0, 0x2D, 0xD0, 0x2D, 0xD0, 0x2D, 0xD0, 0x2D, 0xD0, 0x2D, 0xD0,
    0x2D, 0xD0, 0x2D, 0xD0, 0x2D, 0xD0, 0x2D, 0xD0, 0x2D, 0xD0, 0x2D, 0xD0, 0x2D, 0xD0, 0x2D, 0xD0, 0x2D, 0xD0, 0x2D,
    0xD0, 0x2D, 0xD0, 0x2D, 0xD0, 0x2D, 0xD0, 0x2D, 0xD0, 0x2D, 0xD0, 0x2D, 0xD0, 0x2D, 0xD0, 0x2D, 0xD0, 0x2D, 0xD0,
    0x2D, 0xD0, 0x2D, 0xD0, 0x2D, 0xD0, 0x2D, 0xD0, 0x2D, 0xD0, 0x2D, 0xD0, 0x2D, 0xD0, 0x2D, 0xD0, 0x2D, 0xD0, 0x2D,
    0xD0, 0x2D, 0xD0, 0x2D, 0xD0, 0x2D, 0xD0, 0x2D, 0xD0, 0x2D, 0xD0, 0x2D, 0x8F, 0x2D, 0xC7, 0x12, 0x46, 0x0A, 0x25,
    0x0A, 0x05, 0x0A, 0xC4, 0x09, 0xA4, 0x09, 0x84, 0x09, 0x43, 0x09, 0x23, 0x09, 0x02, 0x01, 0xE2, 0x00, 0xC2, 0x00,
    0xA1, 0x00, 0xA1, 0x00, 0x81, 0x00, 0x61, 0x00, 0x40, 0x00, 0x40, 0x00, 0x20, 0x00, 0x20, 0x00, 0x20, 0x00, 0x20,
    0x00, 0x00, 0x00, 0x00, 0x00, 0x00, 0x00, 0x00, 0x00, 0x20, 0x00, 0x20, 0x00, 0x20, 0x00, 0x20, 0x00, 0x40, 0x00,
    0x40, 0x00, 0x61, 0x00, 0x81, 0x00, 0xA1, 0x00, 0xA1, 0x00, 0xC2, 0x00, 0xE2, 0x00, 0x02, 0x01, 0x23, 0x09, 0x43,
    0x09, 0x84, 0x09, 0xA4, 0x09, 0xC4, 0x09, 0x05, 0x0A, 0x25, 0x0A, 0x46, 0x0A, 0xC7, 0x12, 0x8F, 0x25, 0xD0, 0x2D,
    0xCF, 0x2D, 0xCF, 0x2D, 0xCF, 0x2D, 0xCF, 0x2D, 0xCF, 0x2D, 0xCF, 0x2D, 0xCF, 0x2D, 0xCF, 0x2D, 0xCF, 0x2D, 0xCF,
    0x2D, 0xCF, 0x2D, 0xCF, 0x2D, 0xCF, 0x2D, 0xCF, 0x2D, 0xCF, 0x2D, 0xCF, 0x2D, 0xCF, 0x2D, 0xCF, 0x2D, 0xCF, 0x2D,
    0xCF, 0x2D, 0xCF, 0x2D, 0xCF, 0x2D, 0xCF, 0x2D, 0xCF, 0x2D, 0xCF, 0x2D, 0xCF, 0x2D, 0xCF, 0x2D, 0xCF, 0x2D, 0xCF,
    0x2D, 0xCF, 0x2D, 0xCF, 0x2D, 0xCF, 0x2D, 0xCF, 0x2D, 0xCF, 0x2D, 0xCF, 0x2D, 0xCF, 0x2D, 0xCF, 0x2D, 0xCF, 0x2D,
    0xCF, 0x2D, 0xCF, 0x2D, 0xCF, 0x2D, 0xCF, 0x2D, 0xCF, 0x2D, 0xCF, 0x2D, 0xD0, 0x2D, 0x8E, 0x1D, 0xD7, 0x96, 0xFF,
    0xFF, 0xFF, 0xFF, 0xFF, 0xFF, 0xFF, 0xFF, 0xFF, 0xFF, 0xFF, 0xFF, 0xFF, 0xFF, 0xFF, 0xFF, 0xFF, 0xFF, 0xFF, 0xFF,
    0x95, 0x76, 0xAE, 0x1D, 0xD0, 0x2D, 0xCF, 0x2D, 0xCF, 0x2D, 0xCF, 0x2D, 0xCF, 0x2D, 0xCF, 0x2D, 0xCF, 0x2D, 0xCF,
    0x2D, 0xCF, 0x2D, 0xCF, 0x2D, 0xCF, 0x2D, 0xCF, 0x2D, 0xCF, 0x2D, 0xCF, 0x2D, 0xCF, 0x2D, 0xCF, 0x2D, 0xCF, 0x2D,
    0xCF, 0x2D, 0xCF, 0x2D, 0xCF, 0x2D, 0xCF, 0x2D, 0xCF, 0x2D, 0xCF, 0x2D, 0xCF, 0x2D, 0xCF, 0x2D, 0xCF, 0x2D, 0xCF,
    0x2D, 0xCF, 0x2D, 0xCF, 0x2D, 0xCF, 0x2D, 0xD0, 0x2D, 0x8E, 0x1D, 0xB6, 0x7E, 0xFF, 0xFF, 0xFF, 0xFF, 0xFF, 0xFF,
    0xFF, 0xFF, 0xFF, 0xFF, 0xFF, 0xFF, 0xFF, 0xFF, 0xFF, 0xFF, 0xFF, 0xFF, 0xBD, 0xDF, 0xD0, 0x2D, 0xCF, 0x2D, 0xCF,
    0x2D, 0xCF, 0x2D, 0xCF, 0x2D, 0xCF, 0x2D, 0xCF, 0x2D, 0xCF, 0x2D, 0xCF, 0x2D, 0xCF, 0x2D, 0xCF, 0x2D, 0xCF, 0x2D,
    0xCF, 0x2D, 0xCF, 0x2D, 0xCF, 0x2D, 0xCF, 0x2D, 0xCF, 0x2D, 0xCF, 0x2D, 0xCF, 0x2D, 0xCF, 0x2D, 0xCF, 0x2D, 0xCF,
    0x2D, 0xCF, 0x2D, 0xCF, 0x2D, 0xCF, 0x2D, 0xCF, 0x2D, 0xCF, 0x2D, 0xCF, 0x2D, 0xCF, 0x2D, 0xCF, 0x2D, 0xCF, 0x2D,
    0xCF, 0x2D, 0xCF, 0x2D, 0xCF, 0x2D, 0xCF, 0x2D, 0xCF, 0x2D, 0xCF, 0x2D, 0xCF, 0x2D, 0xCF, 0x2D, 0xCF, 0x2D, 0xCF,
    0x2D, 0xCF, 0x2D, 0xCF, 0x2D, 0xCF, 0x2D, 0xCF, 0x2D, 0xCF, 0x2D, 0xD0, 0x2D, 0x8F, 0x25, 0xC7, 0x12, 0x46, 0x0A,
    0x25, 0x0A, 0x05, 0x0A, 0xC4, 0x09, 0xA4, 0x09, 0x84, 0x09, 0x43, 0x09, 0x23, 0x09, 0x02, 0x01, 0xE2, 0x00, 0xC2,
    0x00, 0xA1, 0x00, 0xA1, 0x00, 0x81, 0x00, 0x61, 0x00, 0x40, 0x00, 0x40, 0x00, 0x20, 0x00, 0x20, 0x00, 0x20, 0x00,
    0x20, 0x00, 0x00, 0x00, 0x00, 0x00, 0x00, 0x00, 0x00, 0x00, 0x20, 0x00, 0x20, 0x00, 0x20, 0x00, 0x20, 0x00, 0x40,
    0x00, 0x40, 0x00, 0x61, 0x00, 0x81, 0x00, 0xA1, 0x00, 0xA1, 0x00, 0xC2, 0x00, 0xE2, 0x00, 0x02, 0x01, 0x23, 0x09,
    0x43, 0x09, 0x84, 0x09, 0xA4, 0x09, 0xC4, 0x09, 0x05, 0x0A, 0x25, 0x0A, 0x46, 0x0A, 0xC7, 0x12, 0x8F, 0x25, 0xD0,
    0x2D, 0xCF, 0x2D, 0xCF, 0x2D, 0xCF, 0x2D, 0xCF, 0x2D, 0xCF, 0x2D, 0xCF, 0x2D, 0xCF, 0x2D, 0xCF, 0x2D, 0xCF, 0x2D,
    0xCF, 0x2D, 0xCF, 0x2D, 0xCF, 0x2D, 0xCF, 0x2D, 0xCF, 0x2D, 0xCF, 0x2D, 0xCF, 0x2D, 0xCF, 0x2D, 0xCF, 0x2D, 0xCF,
    0x2D, 0xCF, 0x2D, 0xCF, 0x2D, 0xCF, 0x2D, 0xCF, 0x2D, 0xCF, 0x2D, 0xCF, 0x2D, 0xCF, 0x2D, 0xCF, 0x2D, 0xCF, 0x2D,
    0xCF, 0x2D, 0xCF, 0x2D, 0xCF, 0x2D, 0xCF, 0x2D, 0xCF, 0x2D, 0xCF, 0x2D, 0xCF, 0x2D, 0xCF, 0x2D, 0xCF, 0x2D, 0xCF,
    0x2D, 0xCF, 0x2D, 0xCF, 0x2D, 0xCF, 0x2D, 0xCF, 0x2D, 0xCF, 0x2D, 0xD0, 0x2D, 0xAF, 0x25, 0xF0, 0x35, 0xDE, 0xEF,
    0xFF, 0xFF, 0xFF, 0xFF, 0xFF, 0xFF, 0xFF, 0xFF, 0xFF, 0xFF, 0xFF, 0xFF, 0xFF, 0xFF, 0xFF, 0xFF, 0xFF, 0xFF, 0x9D,
    0xDF, 0xCF, 0x2D, 0xCF, 0x2D, 0xCF, 0x2D, 0xCF, 0x2D, 0xCF, 0x2D, 0xCF, 0x2D, 0xCF, 0x2D, 0xCF, 0x2D, 0xCF, 0x2D,
    0xCF, 0x2D, 0xCF, 0x2D, 0xCF, 0x2D, 0xCF, 0x2D, 0xCF, 0x2D, 0xCF, 0x2D, 0xCF, 0x2D, 0xCF, 0x2D, 0xCF, 0x2D, 0xCF,
    0x2D, 0xCF, 0x2D, 0xCF, 0x2D, 0xCF, 0x2D, 0xCF, 0x2D, 0xCF, 0x2D, 0xCF, 0x2D, 0xCF, 0x2D, 0xCF, 0x2D, 0xCF, 0x2D,
    0xCF, 0x2D, 0xCF, 0x2D, 0xCF, 0x2D, 0xCF, 0x2D, 0xCF, 0x2D, 0xAF, 0x25, 0xF0, 0x35, 0xDE, 0xEF, 0xFF, 0xFF, 0xFF,
    0xFF, 0xFF, 0xFF, 0xFF, 0xFF, 0xFF, 0xFF, 0xFF, 0xFF, 0xFF, 0xFF, 0xFF, 0xFF, 0xFF, 0xFF, 0x75, 0x6E, 0xAE, 0x1D,
    0xD0, 0x2D, 0xCF, 0x2D, 0xCF, 0x2D, 0xCF, 0x2D, 0xCF, 0x2D, 0xCF, 0x2D, 0xCF, 0x2D, 0xCF, 0x2D, 0xCF, 0x2D, 0xCF,
    0x2D, 0xCF, 0x2D, 0xCF, 0x2D, 0xCF, 0x2D, 0xCF, 0x2D, 0xCF, 0x2D, 0xCF, 0x2D, 0xCF, 0x2D, 0xCF, 0x2D, 0xCF, 0x2D,
    0xCF, 0x2D, 0xCF, 0x2D, 0xCF, 0x2D, 0xCF, 0x2D, 0xCF, 0x2D, 0xCF, 0x2D, 0xCF, 0x2D, 0xCF, 0x2D, 0xCF, 0x2D, 0xCF,
    0x2D, 0xCF, 0x2D, 0xCF, 0x2D, 0xCF, 0x2D, 0xCF, 0x2D, 0xCF, 0x2D, 0xCF, 0x2D, 0xCF, 0x2D, 0xCF, 0x2D, 0xCF, 0x2D,
    0xCF, 0x2D, 0xCF, 0x2D, 0xCF, 0x2D, 0xCF, 0x2D, 0xCF, 0x2D, 0xCF, 0x2D, 0xD0, 0x2D, 0x8F, 0x25, 0xC7, 0x12, 0x46,
    0x0A, 0x25, 0x0A, 0x05, 0x0A, 0xC4, 0x09, 0xA4, 0x09, 0x84, 0x09, 0x43, 0x09, 0x23, 0x09, 0x02, 0x01, 0xE2, 0x00,
    0xC2, 0x00, 0xA1, 0x00, 0xA1, 0x00, 0x81, 0x00, 0x61, 0x00, 0x40, 0x00, 0x40, 0x00, 0x20, 0x00, 0x20, 0x00, 0x20,
    0x00, 0x20, 0x00, 0x00, 0x00, 0x00, 0x00, 0x00, 0x00, 0x00, 0x00, 0x20, 0x00, 0x20, 0x00, 0x20, 0x00, 0x20, 0x00,
    0x40, 0x00, 0x40, 0x00, 0x61, 0x00, 0x81, 0x00, 0xA1, 0x00, 0xA1, 0x00, 0xC2, 0x00, 0xE2, 0x00, 0x02, 0x01, 0x23,
    0x09, 0x43, 0x09, 0x84, 0x09, 0xA4, 0x09, 0xC4, 0x09, 0x05, 0x0A, 0x25, 0x0A, 0x46, 0x0A, 0xC7, 0x12, 0x8F, 0x25,
    0xD0, 0x2D, 0xAF, 0x2D, 0xAF, 0x2D, 0xAF, 0x2D, 0xAF, 0x2D, 0xAF, 0x2D, 0xAF, 0x2D, 0xAF, 0x2D, 0xAF, 0x2D, 0xAF,
    0x2D, 0xAF, 0x2D, 0xAF, 0x2D, 0xAF, 0x2D, 0xAF, 0x2D, 0xAF, 0x2D, 0xAF, 0x2D, 0xAF, 0x2D, 0xAF, 0x2D, 0xAF, 0x2D,
    0xAF, 0x2D, 0xAF, 0x2D, 0xAF, 0x2D, 0xAF, 0x2D, 0xAF, 0x2D, 0xAF, 0x2D, 0xAF, 0x2D, 0xAF, 0x2D, 0xAF, 0x2D, 0xAF,
    0x2D, 0xAF, 0x2D, 0xAF, 0x2D, 0xAF, 0x2D, 0xAF, 0x2D, 0xAF, 0x2D, 0xAF, 0x2D, 0xAF, 0x2D, 0xAF, 0x2D, 0xAF, 0x2D,
    0xAF, 0x2D, 0xAF, 0x2D, 0xAF, 0x2D, 0xAF, 0x2D, 0xAF, 0x2D, 0xAF, 0x2D, 0xD0, 0x2D, 0x8E, 0x1D, 0xD7, 0x8E, 0xFF,
    0xFF, 0xFF, 0xFF, 0xFF, 0xFF, 0xFF, 0xFF, 0xFF, 0xFF, 0xFF, 0xFF, 0xFF, 0xFF, 0xFF, 0xFF, 0xFF, 0xFF, 0xFF, 0xFF,
    0x96, 0x7E, 0x8E, 0x1D, 0xD0, 0x2D, 0xAF, 0x2D, 0xAF, 0x2D, 0xAF, 0x2D, 0xAF, 0x2D, 0xAF, 0x2D, 0xAF, 0x2D, 0xAF,
    0x2D, 0xAF, 0x2D, 0xAF, 0x2D, 0xAF, 0x2D, 0xAF, 0x2D, 0xAF, 0x2D, 0xAF, 0x2D, 0xAF, 0x2D, 0xAF, 0x2D, 0xAF, 0x2D,
    0xAF, 0x2D, 0xAF, 0x2D, 0xAF, 0x2D, 0xAF, 0x2D, 0xAF, 0x2D, 0xAF, 0x2D, 0xAF, 0x2D, 0xAF, 0x2D, 0xAF, 0x2D, 0xAF,
    0x2D, 0xAF, 0x2D, 0xAF, 0x2D, 0xAF, 0x2D, 0xAF, 0x2D, 0xAF, 0x2D, 0xD0, 0x2D, 0x8E, 0x1D, 0xF8, 0x9E, 0xFF, 0xFF,
    0xFF, 0xFF, 0xFF, 0xFF, 0xFF, 0xFF, 0xFF, 0xFF, 0xFF, 0xFF, 0xFF, 0xFF, 0xFF, 0xFF, 0xFF, 0xFF, 0x7B, 0xCF, 0xAF,
    0x25, 0xD0, 0x2D, 0xAF, 0x2D, 0xAF, 0x2D, 0xAF, 0x2D, 0xAF, 0x2D, 0xAF, 0x2D, 0xAF, 0x2D, 0xAF, 0x2D, 0xAF, 0x2D,
    0xAF, 0x2D, 0xAF, 0x2D, 0xAF, 0x2D, 0xAF, 0x2D, 0xAF, 0x2D, 0xAF, 0x2D, 0xAF, 0x2D, 0xAF, 0x2D, 0xAF, 0x2D, 0xAF,
    0x2D, 0xAF, 0x2D, 0xAF, 0x2D, 0xAF, 0x2D, 0xAF, 0x2D, 0xAF, 0x2D, 0xAF, 0x2D, 0xAF, 0x2D, 0xAF, 0x2D, 0xAF, 0x2D,
    0xAF, 0x2D, 0xAF, 0x2D, 0xAF, 0x2D, 0xAF, 0x2D, 0xAF, 0x2D, 0xAF, 0x2D, 0xAF, 0x2D, 0xAF, 0x2D, 0xAF, 0x2D, 0xAF,
    0x2D, 0xAF, 0x2D, 0xAF, 0x2D, 0xAF, 0x2D, 0xAF, 0x2D, 0xAF, 0x2D, 0xAF, 0x2D, 0xD0, 0x2D, 0x8F, 0x25, 0xC7, 0x12,
    0x46, 0x0A, 0x25, 0x0A, 0x05, 0x0A, 0xC4, 0x09, 0xA4, 0x09, 0x84, 0x09, 0x43, 0x09, 0x23, 0x09, 0x02, 0x01, 0xE2,
    0x00, 0xC2, 0x00, 0xA1, 0x00, 0xA1, 0x00, 0x81, 0x00, 0x61, 0x00, 0x40, 0x00, 0x40, 0x00, 0x20, 0x00, 0x20, 0x00,
    0x20, 0x00, 0x20, 0x00, 0x00, 0x00, 0x00, 0x00, 0x00, 0x00, 0x00, 0x00, 0x20, 0x00, 0x20, 0x00, 0x20, 0x00, 0x20,
    0x00, 0x40, 0x00, 0x40, 0x00, 0x61, 0x00, 0x81, 0x00, 0xA1, 0x00, 0xA1, 0x00, 0xC2, 0x00, 0xE2, 0x00, 0x02, 0x01,
    0x23, 0x09, 0x43, 0x09, 0x84, 0x09, 0xA4, 0x09, 0xC4, 0x09, 0x05, 0x0A, 0x25, 0x0A, 0x46, 0x0A, 0xC7, 0x12, 0x8F,
    0x25, 0xCF, 0x2D, 0xAF, 0x2D, 0xAF, 0x2D, 0xAF, 0x2D, 0xAF, 0x2D, 0xAF, 0x2D, 0xAF, 0x2D, 0xAF, 0x2D, 0xAF, 0x2D,
    0xAF, 0x2D, 0xAF, 0x2D, 0xAF, 0x2D, 0xAF, 0x2D, 0xAF, 0x2D, 0xAF, 0x2D, 0xAF, 0x2D, 0xAF, 0x2D, 0xAF, 0x2D, 0xAF,
    0x2D, 0xAF, 0x2D, 0xAF, 0x2D, 0xAF, 0x2D, 0xAF, 0x2D, 0xAF, 0x2D, 0xAF, 0x2D, 0xAF, 0x2D, 0xAF, 0x2D, 0xAF, 0x2D,
    0xAF, 0x2D, 0xAF, 0x2D, 0xAF, 0x2D, 0xAF, 0x2D, 0xAF, 0x2D, 0xAF, 0x2D, 0xAF, 0x2D, 0xAF, 0x2D, 0xAF, 0x2D, 0xAF,
    0x2D, 0xAF, 0x2D, 0xAF, 0x2D, 0xAF, 0x2D, 0xAF, 0x2D, 0xAF, 0x2D, 0xAF, 0x2D, 0xAF, 0x25, 0xD0, 0x35, 0xDE, 0xEF,
    0xFF, 0xFF, 0xFF, 0xFF, 0xFF, 0xFF, 0xFF, 0xFF, 0xFF, 0xFF, 0xFF, 0xFF, 0xFF, 0xFF, 0xFF, 0xFF, 0xFF, 0xFF, 0xBD,
    0xE7, 0xD0, 0x2D, 0xAF, 0x25, 0xAF, 0x2D, 0xAF, 0x2D, 0xAF, 0x2D, 0xAF, 0x2D, 0xAF, 0x2D, 0xAF, 0x2D, 0xAF, 0x2D,
    0xAF, 0x2D, 0xAF, 0x2D, 0xAF, 0x2D, 0xAF, 0x2D, 0xAF, 0x2D, 0xAF, 0x2D, 0xAF, 0x2D, 0xAF, 0x2D, 0xAF, 0x2D, 0xAF,
    0x2D, 0xAF, 0x2D, 0xAF, 0x2D, 0xAF, 0x2D, 0xAF, 0x2D, 0xAF, 0x2D, 0xAF, 0x2D, 0xAF, 0x2D, 0xAF, 0x2D, 0xAF, 0x2D,
    0xAF, 0x2D, 0xAF, 0x2D, 0xAF, 0x2D, 0xAF, 0x2D, 0xAF, 0x2D, 0xAF, 0x2D, 0xAF, 0x2D, 0xAF, 0x25, 0x12, 0x4E, 0xFF,
    0xFF, 0xFF, 0xFF, 0xFF, 0xFF, 0xFF, 0xFF, 0xFF, 0xFF, 0xFF, 0xFF, 0xFF, 0xFF, 0xFF, 0xFF, 0xFF, 0xFF, 0xFF, 0xFF,
    0x33, 0x56, 0x8F, 0x1D, 0xCF, 0x2D, 0xAF, 0x2D, 0xAF, 0x2D, 0xAF, 0x2D, 0xAF, 0x2D, 0xAF, 0x2D, 0xAF, 0x2D, 0xAF,
    0x2D, 0xAF, 0x2D, 0xAF, 0x2D, 0xAF, 0x2D, 0xAF, 0x2D, 0xAF, 0x2D, 0xAF, 0x2D, 0xAF, 0x2D, 0xAF, 0x2D, 0xAF, 0x2D,
    0xAF, 0x2D, 0xAF, 0x2D, 0xAF, 0x2D, 0xAF, 0x2D, 0xAF, 0x2D, 0xAF, 0x2D, 0xAF, 0x2D, 0xAF, 0x2D, 0xAF, 0x2D, 0xAF,
    0x2D, 0xAF, 0x2D, 0xAF, 0x2D, 0xAF, 0x2D, 0xAF, 0x2D, 0xAF, 0x2D, 0xAF, 0x2D, 0xAF, 0x2D, 0xAF, 0x2D, 0xAF, 0x2D,
    0xAF, 0x2D, 0xAF, 0x2D, 0xAF, 0x2D, 0xAF, 0x2D, 0xAF, 0x2D, 0xAF, 0x2D, 0xAF, 0x2D, 0xCF, 0x2D, 0x8F, 0x25, 0xC7,
    0x12, 0x46, 0x0A, 0x25, 0x0A, 0x05, 0x0A, 0xC4, 0x09, 0xA4, 0x09, 0x84, 0x09, 0x43, 0x09, 0x23, 0x09, 0x02, 0x01,
    0xE2, 0x00, 0xC2, 0x00, 0xA1, 0x00, 0xA1, 0x00, 0x81, 0x00, 0x61, 0x00, 0x40, 0x00, 0x40, 0x00, 0x20, 0x00, 0x20,
    0x00, 0x20, 0x00, 0x20, 0x00, 0x00, 0x00, 0x00, 0x00, 0x00, 0x00, 0x00, 0x00, 0x20, 0x00, 0x20, 0x00, 0x20, 0x00,
    0x20, 0x00, 0x40, 0x00, 0x40, 0x00, 0x61, 0x00, 0x81, 0x00, 0xA1, 0x00, 0xA1, 0x00, 0xC2, 0x00, 0xE2, 0x00, 0x02,
    0x01, 0x23, 0x09, 0x43, 0x09, 0x84, 0x09, 0xA4, 0x09, 0xC4, 0x09, 0x05, 0x0A, 0x25, 0x0A, 0x46, 0x0A, 0xC7, 0x12,
    0x8F, 0x25, 0xCF, 0x2D, 0xAF, 0x2D, 0xAF, 0x2D, 0xAF, 0x2D, 0xAF, 0x2D, 0xAF, 0x2D, 0xAF, 0x2D, 0xAF, 0x2D, 0xAF,
    0x2D, 0xAF, 0x2D, 0xAF, 0x2D, 0xAF, 0x2D, 0xAF, 0x2D, 0xAF, 0x2D, 0xAF, 0x2D, 0xAF, 0x2D, 0xAF, 0x2D, 0xAF, 0x2D,
    0xAF, 0x2D, 0xAF, 0x2D, 0xAF, 0x2D, 0xAF, 0x2D, 0xAF, 0x2D, 0xAF, 0x2D, 0xAF, 0x2D, 0xAF, 0x2D, 0xAF, 0x2D, 0xAF,
    0x2D, 0xAF, 0x2D, 0xAF, 0x2D, 0xAF, 0x2D, 0xAF, 0x2D, 0xAF, 0x2D, 0xAF, 0x2D, 0xAF, 0x2D, 0xAF, 0x2D, 0xAF, 0x2D,
    0xAF, 0x2D, 0xAF, 0x2D, 0xAF, 0x2D, 0xAF, 0x2D, 0xAF, 0x2D, 0xAF, 0x2D, 0xB0, 0x2D, 0x8E, 0x1D, 0xD7, 0x8E, 0xFF,
    0xFF, 0xFF, 0xFF, 0xFF, 0xFF, 0xFF, 0xFF, 0xFF, 0xFF, 0xFF, 0xFF, 0xFF, 0xFF, 0xFF, 0xFF, 0xFF, 0xFF, 0xFF, 0xFF,
    0xB6, 0x86, 0x8E, 0x1D, 0xB0, 0x2D, 0xAF, 0x2D, 0xAF, 0x2D, 0xAF, 0x2D, 0xAF, 0x2D, 0xAF, 0x2D, 0xAF, 0x2D, 0xAF,
    0x2D, 0xAF, 0x2D, 0xAF, 0x2D, 0xAF, 0x2D, 0xAF, 0x2D, 0xAF, 0x2D, 0xAF, 0x2D, 0xAF, 0x2D, 0xAF, 0x2D, 0xAF, 0x2D,
    0xAF, 0x2D, 0xAF, 0x2D, 0xAF, 0x2D, 0xAF, 0x2D, 0xAF, 0x2D, 0xAF, 0x2D, 0xAF, 0x2D, 0xAF, 0x2D, 0xAF, 0x2D, 0xAF,
    0x2D, 0xAF, 0x2D, 0xAF, 0x2D, 0xAF, 0x2D, 0xAF, 0x2D, 0xAF, 0x2D, 0xAF, 0x2D, 0xAF, 0x2D, 0xB0, 0x2D, 0x8F, 0x1D,
    0x5A, 0xBF, 0xFF, 0xFF, 0xFF, 0xFF, 0xFF, 0xFF, 0xFF, 0xFF, 0xFF, 0xFF, 0xFF, 0xFF, 0xFF, 0xFF, 0xFF, 0xFF, 0xFF,
    0xFF, 0x3A, 0xB7, 0x8E, 0x1D, 0xB0, 0x2D, 0xAF, 0x2D, 0xAF, 0x2D, 0xAF, 0x2D, 0xAF, 0x2D, 0xAF, 0x2D, 0xAF, 0x2D,
    0xAF, 0x2D, 0xAF, 0x2D, 0xAF, 0x2D, 0xAF, 0x2D, 0xAF, 0x2D, 0xAF, 0x2D, 0xAF, 0x2D, 0xAF, 0x2D, 0xAF, 0x2D, 0xAF,
    0x2D, 0xAF, 0x2D, 0xAF, 0x2D, 0xAF, 0x2D, 0xAF, 0x2D, 0xAF, 0x2D, 0xAF, 0x2D, 0xAF, 0x2D, 0xAF, 0x2D, 0xAF, 0x2D,
    0xAF, 0x2D, 0xAF, 0x2D, 0xAF, 0x2D, 0xAF, 0x2D, 0xAF, 0x2D, 0xAF, 0x2D, 0xAF, 0x2D, 0xAF, 0x2D, 0xAF, 0x2D, 0xAF,
    0x2D, 0xAF, 0x2D, 0xAF, 0x2D, 0xAF, 0x2D, 0xAF, 0x2D, 0xAF, 0x2D, 0xAF, 0x2D, 0xAF, 0x2D, 0xCF, 0x2D, 0x8F, 0x25,
    0xC7, 0x12, 0x46, 0x0A, 0x25, 0x0A, 0x05, 0x0A, 0xC4, 0x09, 0xA4, 0x09, 0x84, 0x09, 0x43, 0x09, 0x23, 0x09, 0x02,
    0x01, 0xE2, 0x00, 0xC2, 0x00, 0xA1, 0x00, 0xA1, 0x00, 0x81, 0x00, 0x61, 0x00, 0x40, 0x00, 0x40, 0x00, 0x20, 0x00,
    0x20, 0x00, 0x20, 0x00, 0x20, 0x00, 0x00, 0x00, 0x00, 0x00, 0x00, 0x00, 0x00, 0x00, 0x20, 0x00, 0x20, 0x00, 0x20,
    0x00, 0x20, 0x00, 0x40, 0x00, 0x40, 0x00, 0x61, 0x00, 0x81, 0x00, 0xA1, 0x00, 0xA1, 0x00, 0xC2, 0x00, 0xE2, 0x00,
    0x02, 0x01, 0x23, 0x09, 0x43, 0x09, 0x84, 0x09, 0xA4, 0x09, 0xC4, 0x09, 0x05, 0x0A, 0x25, 0x0A, 0x46, 0x0A, 0xC7,
    0x12, 0x8F, 0x25, 0xCF, 0x2D, 0xAF, 0x2D, 0xAF, 0x2D, 0xAF, 0x2D, 0xAF, 0x2D, 0xAF, 0x2D, 0xAF, 0x2D, 0xAF, 0x2D,
    0xAF, 0x2D, 0xAF, 0x2D, 0xAF, 0x2D, 0xAF, 0x2D, 0xAF, 0x2D, 0xAF, 0x2D, 0xAF, 0x2D, 0xAF, 0x2D, 0xAF, 0x2D, 0xAF,
    0x2D, 0xAF, 0x2D, 0xAF, 0x2D, 0xAF, 0x2D, 0xAF, 0x2D, 0xAF, 0x2D, 0xAF, 0x2D, 0xAF, 0x2D, 0xAF, 0x2D, 0xAF, 0x2D,
    0xAF, 0x2D, 0xAF, 0x2D, 0xAF, 0x2D, 0xAF, 0x2D, 0xAF, 0x2D, 0xAF, 0x2D, 0xAF, 0x2D, 0xAF, 0x2D, 0xAF, 0x2D, 0xAF,
    0x2D, 0xAF, 0x2D, 0xAF, 0x2D, 0xAF, 0x2D, 0xAF, 0x2D, 0xAF, 0x2D, 0xAF, 0x2D, 0xAF, 0x25, 0xD0, 0x35, 0xDE, 0xEF,
    0xFF, 0xFF, 0xFF, 0xFF, 0xFF, 0xFF, 0xFF, 0xFF, 0xFF, 0xFF, 0xFF, 0xFF, 0xFF, 0xFF, 0xFF, 0xFF, 0xFF, 0xFF, 0xDE,
    0xEF, 0xD0, 0x35, 0xAF, 0x25, 0xAF, 0x2D, 0xAF, 0x2D, 0xAF, 0x2D, 0xAF, 0x2D, 0xAF, 0x2D, 0xAF, 0x2D, 0xAF, 0x2D,
    0xAF, 0x2D, 0xAF, 0x2D, 0xAF, 0x2D, 0xAF, 0x2D, 0xAF, 0x2D, 0xAF, 0x2D, 0xAF, 0x2D, 0xAF, 0x2D, 0xAF, 0x2D, 0xAF,
    0x2D, 0xAF, 0x2D, 0xAF, 0x2D, 0xAF, 0x2D, 0xAF, 0x2D, 0xAF, 0x2D, 0xAF, 0x2D, 0xAF, 0x2D, 0xAF, 0x2D, 0xAF, 0x2D,
    0xAF, 0x2D, 0xAF, 0x2D, 0xAF, 0x2D, 0xAF, 0x2D, 0xAF, 0x2D, 0xAF, 0x2D, 0xAF, 0x2D, 0xAF, 0x2D, 0xAF, 0x2D, 0x8E,
    0x1D, 0x54, 0x66, 0xFF, 0xFF, 0xFF, 0xFF, 0xFF, 0xFF, 0xFF, 0xFF, 0xFF, 0xFF, 0xFF, 0xFF, 0xFF, 0xFF, 0xFF, 0xFF,
    0xFF, 0xFF, 0xFF, 0xF7, 0xF1, 0x45, 0x8F, 0x25, 0xAF, 0x2D, 0xAF, 0x2D, 0xAF, 0x2D, 0xAF, 0x2D, 0xAF, 0x2D, 0xAF,
    0x2D, 0xAF, 0x2D, 0xAF, 0x2D, 0xAF, 0x2D, 0xAF, 0x2D, 0xAF, 0x2D, 0xAF, 0x2D, 0xAF, 0x2D, 0xAF, 0x2D, 0xAF, 0x2D,
    0xAF, 0x2D, 0xAF, 0x2D, 0xAF, 0x2D, 0xAF, 0x2D, 0xAF, 0x2D, 0xAF, 0x2D, 0xAF, 0x2D, 0xAF, 0x2D, 0xAF, 0x2D, 0xAF,
    0x2D, 0xAF, 0x2D, 0xAF, 0x2D, 0xAF, 0x2D, 0xAF, 0x2D, 0xAF, 0x2D, 0xAF, 0x2D, 0xAF, 0x2D, 0xAF, 0x2D, 0xAF, 0x2D,
    0xAF, 0x2D, 0xAF, 0x2D, 0xAF, 0x2D, 0xAF, 0x2D, 0xAF, 0x2D, 0xAF, 0x2D, 0xAF, 0x2D, 0xAF, 0x2D, 0xCF, 0x2D, 0x8F,
    0x25, 0xC7, 0x12, 0x46, 0x0A, 0x25, 0x0A, 0x05, 0x0A, 0xC4, 0x09, 0xA4, 0x09, 0x84, 0x09, 0x43, 0x09, 0x23, 0x09,
    0x02, 0x01, 0xE2, 0x00, 0xC2, 0x00, 0xA1, 0x00, 0xA1, 0x00, 0x81, 0x00, 0x61, 0x00, 0x40, 0x00, 0x40, 0x00, 0x20,
    0x00, 0x20, 0x00, 0x20, 0x00, 0x20, 0x00, 0x00, 0x00, 0x00, 0x00, 0x00, 0x00, 0x00, 0x00, 0x20, 0x00, 0x20, 0x00,
    0x20, 0x00, 0x20, 0x00, 0x40, 0x00, 0x40, 0x00, 0x61, 0x00, 0x81, 0x00, 0xA1, 0x00, 0xA1, 0x00, 0xC2, 0x00, 0xE2,
    0x00, 0x02, 0x01, 0x23, 0x09, 0x43, 0x09, 0x84, 0x09, 0xA4, 0x09, 0xC4, 0x09, 0x05, 0x0A, 0x25, 0x0A, 0x46, 0x0A,
    0xC7, 0x12, 0x6F, 0x25, 0xAF, 0x2D, 0xAF, 0x2D, 0xAF, 0x2D, 0xAF, 0x2D, 0xAF, 0x2D, 0xAF, 0x2D, 0xAF, 0x2D, 0xAF,
    0x2D, 0xAF, 0x2D, 0xAF, 0x2D, 0xAF, 0x2D, 0xAF, 0x2D, 0xAF, 0x2D, 0xAF, 0x2D, 0xAF, 0x2D, 0xAF, 0x2D, 0xAF, 0x2D,
    0xAF, 0x2D, 0xAF, 0x2D, 0xAF, 0x2D, 0xAF, 0x2D, 0xAF, 0x2D, 0xAF, 0x2D, 0xAF, 0x2D, 0xAF, 0x2D, 0xAF, 0x2D, 0xAF,
    0x2D, 0xAF, 0x2D, 0xAF, 0x2D, 0xAF, 0x2D, 0xAF, 0x2D, 0xAF, 0x2D, 0xAF, 0x2D, 0xAF, 0x2D, 0xAF, 0x2D, 0xAF, 0x2D,
    0xAF, 0x2D, 0xAF, 0x2D, 0xAF, 0x2D, 0xAF, 0x2D, 0xAF, 0x2D, 0xAF, 0x2D, 0xAF, 0x2D, 0x8E, 0x1D, 0xB7, 0x8E, 0xFF,
    0xFF, 0xFF, 0xFF, 0xFF, 0xFF, 0xFF, 0xFF, 0xFF, 0xFF, 0xFF, 0xFF, 0xFF, 0xFF, 0xFF, 0xFF, 0xFF, 0xFF, 0xFF, 0xFF,
    0xD7, 0x96, 0x8E, 0x1D, 0xAF, 0x2D, 0xAF, 0x2D, 0xAF, 0x2D, 0xAF, 0x2D, 0xAF, 0x2D, 0xAF, 0x2D, 0xAF, 0x2D, 0xAF,
    0x2D, 0xAF, 0x2D, 0xAF, 0x2D, 0xAF, 0x2D, 0xAF, 0x2D, 0xAF, 0x2D, 0xAF, 0x2D, 0xAF, 0x2D, 0xAF, 0x2D, 0xAF, 0x2D,
    0xAF, 0x2D, 0xAF, 0x2D, 0xAF, 0x2D, 0xAF, 0x2D, 0xAF, 0x2D, 0xAF, 0x2D, 0xAF, 0x2D, 0xAF, 0x2D, 0xAF, 0x2D, 0xAF,
    0x2D, 0xAF, 0x2D, 0xAF, 0x2D, 0xAF, 0x2D, 0xAF, 0x2D, 0xAF, 0x2D, 0xAF, 0x2D, 0xAF, 0x2D, 0xAF, 0x2D, 0xAF, 0x2D,
    0xAF, 0x2D, 0xAF, 0x2D, 0x9D, 0xDF, 0xFF, 0xFF, 0xFF, 0xFF, 0xFF, 0xFF, 0xFF, 0xFF, 0xFF, 0xFF, 0xFF, 0xFF, 0xFF,
    0xFF, 0xFF, 0xFF, 0xFF, 0xFF, 0xF8, 0x9E, 0x8E, 0x1D, 0xAF, 0x2D, 0xAF, 0x2D, 0xAF, 0x2D, 0xAF, 0x2D, 0xAF, 0x2D,
    0xAF, 0x2D, 0xAF, 0x2D, 0xAF, 0x2D, 0xAF, 0x2D, 0xAF, 0x2D, 0xAF, 0x2D, 0xAF, 0x2D, 0xAF, 0x2D, 0xAF, 0x2D, 0xAF,
    0x2D, 0xAF, 0x2D, 0xAF, 0x2D, 0xAF, 0x2D, 0xAF, 0x2D, 0xAF, 0x2D, 0xAF, 0x2D, 0xAF, 0x2D, 0xAF, 0x2D, 0xAF, 0x2D,
    0xAF, 0x2D, 0xAF, 0x2D, 0xAF, 0x2D, 0xAF, 0x2D, 0xAF, 0x2D, 0xAF, 0x2D, 0xAF, 0x2D, 0xAF, 0x2D, 0xAF, 0x2D, 0xAF,
    0x2D, 0xAF, 0x2D, 0xAF, 0x2D, 0xAF, 0x2D, 0xAF, 0x2D, 0xAF, 0x2D, 0xAF, 0x2D, 0xAF, 0x2D, 0xAF, 0x2D, 0xAF, 0x2D,
    0x6F, 0x25, 0xC7, 0x12, 0x46, 0x0A, 0x25, 0x0A, 0x05, 0x0A, 0xC4, 0x09, 0xA4, 0x09, 0x84, 0x09, 0x43, 0x09, 0x23,
    0x09, 0x02, 0x01, 0xE2, 0x00, 0xC2, 0x00, 0xA1, 0x00, 0xA1, 0x00, 0x81, 0x00, 0x61, 0x00, 0x40, 0x00, 0x40, 0x00,
    0x20, 0x00, 0x20, 0x00, 0x20, 0x00, 0x20, 0x00, 0x00, 0x00, 0x00, 0x00, 0x00, 0x00, 0x00, 0x00, 0x20, 0x00, 0x20,
    0x00, 0x20, 0x00, 0x20, 0x00, 0x40, 0x00, 0x40, 0x00, 0x61, 0x00, 0x81, 0x00, 0xA1, 0x00, 0xA1, 0x00, 0xC2, 0x00,
    0xE2, 0x00, 0x02, 0x01, 0x23, 0x09, 0x43, 0x09, 0x84, 0x09, 0xA4, 0x09, 0xC4, 0x09, 0x05, 0x0A, 0x25, 0x0A, 0x46,
    0x0A, 0xC7, 0x12, 0x6F, 0x25, 0xAF, 0x25, 0xAF, 0x25, 0xAF, 0x25, 0xAF, 0x25, 0xAF, 0x25, 0xAF, 0x25, 0xAF, 0x25,
    0xAF, 0x25, 0xAF, 0x25, 0xAF, 0x25, 0xAF, 0x25, 0xAF, 0x25, 0xAF, 0x25, 0xAF, 0x25, 0xAF, 0x25, 0xAF, 0x25, 0xAF,
    0x25, 0xAF, 0x25, 0xAF, 0x25, 0xAF, 0x25, 0xAF, 0x25, 0xAF, 0x25, 0xAF, 0x25, 0xAF, 0x25, 0xAF, 0x25, 0xAF, 0x25,
    0xAF, 0x25, 0xAF, 0x25, 0xAF, 0x25, 0xAF, 0x25, 0xAF, 0x25, 0xAF, 0x25, 0xAF, 0x25, 0xAF, 0x2D, 0xAF, 0x25, 0xAF,
    0x25, 0xAF, 0x25, 0xAF, 0x25, 0xAF, 0x25, 0xAF, 0x25, 0xAF, 0x25, 0xAF, 0x2D, 0xAF, 0x25, 0xD0, 0x35, 0xDE, 0xEF,
    0xFF, 0xFF, 0xFF, 0xFF, 0xFF, 0xFF, 0xFF, 0xFF, 0xFF, 0xFF, 0xFF, 0xFF, 0xFF, 0xFF, 0xFF, 0xFF, 0xFF, 0xFF, 0xDE,
    0xF7, 0xD1, 0x3D, 0xAF, 0x25, 0xAF, 0x2D, 0xAF, 0x2D, 0xAF, 0x2D, 0xAF, 0x2D, 0xAF, 0x2D, 0xAF, 0x2D, 0xAF, 0x2D,
    0xAF, 0x2D, 0xAF, 0x2D, 0xAF, 0x2D, 0xAF, 0x2D, 0xAF, 0x2D, 0xAF, 0x2D, 0xAF, 0x2D, 0xAF, 0x2D, 0xAF, 0x2D, 0xAF,
    0x2D, 0xAF, 0x2D, 0xAF, 0x2D, 0xAF, 0x2D, 0xAF, 0x25, 0xAF, 0x25, 0xAF, 0x25, 0xAF, 0x25, 0x8F, 0x25, 0x8F, 0x25,
    0x8F, 0x25, 0x8F, 0x1D, 0x8F, 0x1D, 0x8E, 0x1D, 0x8E, 0x1D, 0x8E, 0x1D, 0x8E, 0x1D, 0x8E, 0x1D, 0x8E, 0x1D, 0x6E,
    0x1D, 0x8E, 0x1D, 0x4D, 0x0D, 0x75, 0x76, 0xFF, 0xFF, 0xFF, 0xFF, 0xFF, 0xFF, 0xFF, 0xFF, 0xFF, 0xFF, 0xFF, 0xFF,
    0xFF, 0xFF, 0xFF, 0xFF, 0xFF, 0xFF, 0xDE, 0xEF, 0xD0, 0x35, 0x8F, 0x25, 0xAF, 0x2D, 0xAF, 0x25, 0xAF, 0x25, 0xAF,
    0x25, 0xAF, 0x25, 0xAF, 0x25, 0xAF, 0x25, 0xAF, 0x25, 0xAF, 0x25, 0xAF, 0x25, 0xAF, 0x25, 0xAF, 0x25, 0xAF, 0x25,
    0xAF, 0x25, 0xAF, 0x25, 0xAF, 0x25, 0xAF, 0x25, 0xAF, 0x25, 0xAF, 0x25, 0xAF, 0x25, 0xAF, 0x25, 0xAF, 0x25, 0xAF,
    0x25, 0xAF, 0x25, 0xAF, 0x25, 0xAF, 0x25, 0xAF, 0x25, 0xAF, 0x25, 0xAF, 0x25, 0xAF, 0x25, 0xAF, 0x25, 0xAF, 0x25,
    0xAF, 0x25, 0xAF, 0x25, 0xAF, 0x25, 0xAF, 0x25, 0xAF, 0x25, 0xAF, 0x25, 0xAF, 0x25, 0xAF, 0x25, 0xAF, 0x25, 0xAF,
    0x25, 0x6F, 0x25, 0xC7, 0x12, 0x46, 0x0A, 0x25, 0x0A, 0x05, 0x0A, 0xC4, 0x09, 0xA4, 0x09, 0x84, 0x09, 0x43, 0x09,
    0x23, 0x09, 0x02, 0x01, 0xE2, 0x00, 0xC2, 0x00, 0xA1, 0x00, 0xA1, 0x00, 0x81, 0x00, 0x61, 0x00, 0x40, 0x00, 0x40,
    0x00, 0x20, 0x00, 0x20, 0x00, 0x20, 0x00, 0x20, 0x00, 0x00, 0x00, 0x00, 0x00, 0x00, 0x00, 0x00, 0x00, 0x20, 0x00,
    0x20, 0x00, 0x20, 0x00, 0x20, 0x00, 0x40, 0x00, 0x40, 0x00, 0x61, 0x00, 0x81, 0x00, 0xA1, 0x00, 0xA1, 0x00, 0xC2,
    0x00, 0xE2, 0x00, 0x02, 0x01, 0x23, 0x09, 0x43, 0x09, 0x84, 0x09, 0xA4, 0x09, 0xC4, 0x09, 0x05, 0x0A, 0x25, 0x0A,
    0x46, 0x0A, 0xC7, 0x12, 0x6F, 0x25, 0xAF, 0x25, 0xAF, 0x25, 0xAF, 0x25, 0xAF, 0x25, 0xAF, 0x25, 0xAF, 0x25, 0xAF,
    0x25, 0xAF, 0x25, 0xAF, 0x25, 0xAF, 0x25, 0xAF, 0x25, 0xAF, 0x25, 0xAF, 0x25, 0xAF, 0x25, 0xAF, 0x25, 0xAF, 0x25,
    0xAF, 0x25, 0xAF, 0x25, 0xAF, 0x25, 0xAF, 0x25, 0xAF, 0x25, 0xAF, 0x25, 0xAF, 0x25, 0xAF, 0x25, 0xAF, 0x25, 0xAF,
    0x25, 0xAF, 0x25, 0xAF, 0x25, 0xAF, 0x25, 0xAF, 0x25, 0xAF, 0x25, 0xAF, 0x2D, 0xAF, 0x2D, 0xAF, 0x25, 0xAF, 0x25,
    0xAF, 0x2D, 0xAF, 0x2D, 0xAF, 0x2D, 0xAF, 0x2D, 0xAF, 0x2D, 0xAF, 0x2D, 0xB0, 0x2D, 0x6E, 0x1D, 0xB7, 0x8E, 0xFF,
    0xFF, 0xFF, 0xFF, 0xFF, 0xFF, 0xFF, 0xFF, 0xFF, 0xFF, 0xFF, 0xFF, 0xFF, 0xFF, 0xFF, 0xFF, 0xFF, 0xFF, 0xFF, 0xFF,
    0xD8, 0x9E, 0x6E, 0x15, 0xAF, 0x25, 0x8F, 0x25, 0x8F, 0x25, 0x8F, 0x25, 0x8E, 0x1D, 0x8E, 0x1D, 0x8E, 0x1D, 0x8E,
    0x1D, 0x6E, 0x1D, 0x6E, 0x1D, 0x6E, 0x1D, 0x6E, 0x1D, 0x6E, 0x1D, 0x6E, 0x1D, 0x6E, 0x1D, 0x8E, 0x1D, 0x8E, 0x1D,
    0x8E, 0x1D, 0x8E, 0x1D, 0x8F, 0x25, 0x8F, 0x25, 0xAF, 0x2D, 0xAF, 0x2D, 0xB0, 0x35, 0xD0, 0x35, 0xD1, 0x3D, 0xF1,
    0x45, 0xF2, 0x45, 0x12, 0x4E, 0x12, 0x56, 0x33, 0x5E, 0x54, 0x66, 0x54, 0x6E, 0x75, 0x76, 0x95, 0x7E, 0xB6, 0x86,
    0xB7, 0x8E, 0xD7, 0x96, 0xF8, 0x9E, 0x3A, 0xB7, 0xFF, 0xFF, 0xFF, 0xFF, 0xFF, 0xFF, 0xFF, 0xFF, 0xFF, 0xFF, 0xFF,
    0xFF, 0xFF, 0xFF, 0xFF, 0xFF, 0xFF, 0xFF, 0xFF, 0xFF, 0x96, 0x86, 0x6E, 0x1D, 0xAF, 0x2D, 0xAF, 0x25, 0xAF, 0x25,
    0xAF, 0x25, 0xAF, 0x25, 0xAF, 0x25, 0xAF, 0x25, 0xAF, 0x25, 0xAF, 0x25, 0xAF, 0x25, 0xAF, 0x25, 0xAF, 0x25, 0xAF,
    0x25, 0xAF, 0x25, 0xAF, 0x25, 0xAF, 0x25, 0xAF, 0x25, 0xAF, 0x25, 0xAF, 0x25, 0xAF, 0x25, 0xAF, 0x25, 0xAF, 0x25,
    0xAF, 0x25, 0xAF, 0x25, 0xAF, 0x25, 0xAF, 0x25, 0xAF, 0x25, 0xAF, 0x25, 0xAF, 0x25, 0xAF, 0x25, 0xAF, 0x25, 0xAF,
    0x25, 0xAF, 0x25, 0xAF, 0x25, 0xAF, 0x25, 0xAF, 0x25, 0xAF, 0x25, 0xAF, 0x25, 0xAF, 0x25, 0xAF, 0x25, 0xAF, 0x25,
    0xAF, 0x25, 0x6F, 0x25, 0xC7, 0x12, 0x46, 0x0A, 0x25, 0x0A, 0x05, 0x0A, 0xC4, 0x09, 0xA4, 0x09, 0x84, 0x09, 0x43,
    0x09, 0x23, 0x09, 0x02, 0x01, 0xE2, 0x00, 0xC2, 0x00, 0xA1, 0x00, 0xA1, 0x00, 0x81, 0x00, 0x61, 0x00, 0x40, 0x00,
    0x40, 0x00, 0x20, 0x00, 0x20, 0x00, 0x20, 0x00, 0x20, 0x00, 0x00, 0x00, 0x00, 0x00, 0x00, 0x00, 0x00, 0x00, 0x20,
    0x00, 0x20, 0x00, 0x20, 0x00, 0x20, 0x00, 0x40, 0x00, 0x40, 0x00, 0x61, 0x00, 0x81, 0x00, 0xA1, 0x00, 0xA1, 0x00,
    0xC2, 0x00, 0xE2, 0x00, 0x02, 0x01, 0x23, 0x09, 0x43, 0x09, 0x84, 0x09, 0xA4, 0x09, 0xC4, 0x09, 0x05, 0x0A, 0x25,
    0x0A, 0x46, 0x0A, 0xC7, 0x12, 0x6F, 0x25, 0xAF, 0x25, 0xAF, 0x25, 0xAF, 0x25, 0xAF, 0x25, 0xAF, 0x25, 0xAF, 0x25,
    0xAF, 0x25, 0xAF, 0x25, 0xAF, 0x25, 0xAF, 0x25, 0xAF, 0x25, 0xAF, 0x25, 0xAF, 0x25, 0xAF, 0x25, 0xAF, 0x25, 0xAF,
    0x25, 0xAF, 0x25, 0xAF, 0x25, 0xAF, 0x25, 0xAF, 0x25, 0xAF, 0x25, 0xAF, 0x25, 0xAF, 0x25, 0xAF, 0x25, 0xAF, 0x25,
    0xAF, 0x25, 0xAF, 0x25, 0xAF, 0x25, 0xAF, 0x25, 0xAF, 0x25, 0xAF, 0x2D, 0x8F, 0x25, 0x8F, 0x25, 0xAF, 0x2D, 0x8F,
    0x25, 0x8E, 0x1D, 0x8E, 0x1D, 0x6E, 0x1D, 0x6E, 0x1D, 0x6E, 0x1D, 0x6E, 0x1D, 0x6E, 0x15, 0xAF, 0x2D, 0xBE, 0xEF,
    0xFF, 0xFF, 0xFF, 0xFF, 0xFF, 0xFF, 0xFF, 0xFF, 0xFF, 0xFF, 0xFF, 0xFF, 0xFF, 0xFF, 0xFF, 0xFF, 0xFF, 0xFF, 0xDE,
    0xF7, 0xF1, 0x45, 0xB0, 0x2D, 0xD0, 0x3D, 0xF1, 0x3D, 0xF1, 0x45, 0x12, 0x4E, 0x12, 0x4E, 0x33, 0x56, 0x33, 0x5E,
    0x54, 0x6E, 0x75, 0x76, 0x95, 0x7E, 0x96, 0x86, 0xB6, 0x86, 0xD7, 0x96, 0xF8, 0x9E, 0xF8, 0xA6, 0x19, 0xAF, 0x3A,
    0xB7, 0x3A, 0xBF, 0x5B, 0xC7, 0x7C, 0xCF, 0x9C, 0xD7, 0x9D, 0xDF, 0xBD, 0xE7, 0xBE, 0xE7, 0xDE, 0xEF, 0xDE, 0xF7,
    0xFF, 0xF7, 0xFF, 0xFF, 0xFF, 0xFF, 0xFF, 0xFF, 0xFF, 0xFF, 0xFF, 0xFF, 0xFF, 0xFF, 0xFF, 0xFF, 0xFF, 0xFF, 0xFF,
    0xFF, 0xFF, 0xFF, 0xFF, 0xFF, 0xFF, 0xFF, 0xFF, 0xFF, 0xFF, 0xFF, 0xFF, 0xFF, 0xFF, 0xFF, 0xFF, 0xFF, 0xFF, 0xFF,
    0xFF, 0xFF, 0xFF, 0xFF, 0xFF, 0xFF, 0xFF, 0xFF, 0xFF, 0xFF, 0x9D, 0xDF, 0xAF, 0x2D, 0x8F, 0x25, 0xAF, 0x25, 0xAF,
    0x25, 0xAF, 0x25, 0xAF, 0x25, 0xAF, 0x25, 0xAF, 0x25, 0xAF, 0x25, 0xAF, 0x25, 0xAF, 0x25, 0xAF, 0x25, 0xAF, 0x25,
    0xAF, 0x25, 0xAF, 0x25, 0xAF, 0x25, 0xAF, 0x25, 0xAF, 0x25, 0xAF, 0x25, 0xAF, 0x25, 0xAF, 0x25, 0xAF, 0x25, 0xAF,
    0x25, 0xAF, 0x25, 0xAF, 0x25, 0xAF, 0x25, 0xAF, 0x25, 0xAF, 0x25, 0xAF, 0x25, 0xAF, 0x25, 0xAF, 0x25, 0xAF, 0x25,
    0xAF, 0x25, 0xAF, 0x25, 0xAF, 0x25, 0xAF, 0x25, 0xAF, 0x25, 0xAF, 0x25, 0xAF, 0x25, 0xAF, 0x25, 0xAF, 0x25, 0xAF,
    0x25, 0xAF, 0x25, 0x6F, 0x25, 0xC7, 0x12, 0x46, 0x0A, 0x25, 0x0A, 0x05, 0x0A, 0xC4, 0x09, 0xA4, 0x09, 0x84, 0x09,
    0x43, 0x09, 0x23, 0x09, 0x02, 0x01, 0xE2, 0x00, 0xC2, 0x00, 0xA1, 0x00, 0xA1, 0x00, 0x81, 0x00, 0x61, 0x00, 0x40,
    0x00, 0x40, 0x00, 0x20, 0x00, 0x20, 0x00, 0x20, 0x00, 0x20, 0x00, 0x00, 0x00, 0x00, 0x00, 0x00, 0x00, 0x00, 0x00,
    0x20, 0x00, 0x20, 0x00, 0x20, 0x00, 0x20, 0x00, 0x40, 0x00, 0x40, 0x00, 0x61, 0x00, 0x81, 0x00, 0xA1, 0x00, 0xA1,
    0x00, 0xC2, 0x00, 0xE2, 0x00, 0x02, 0x01, 0x23, 0x09, 0x43, 0x09, 0x84, 0x09, 0xA4, 0x09, 0xC4, 0x09, 0x05, 0x0A,
    0x25, 0x0A, 0x46, 0x12, 0xC7, 0x12, 0x6F, 0x25, 0xAF, 0x25, 0x8F, 0x25, 0x8F, 0x25, 0x8F, 0x25, 0x8F, 0x25, 0x8F,
    0x25, 0x8F, 0x25, 0x8F, 0x25, 0x8F, 0x25, 0x8F, 0x25, 0x8F, 0x25, 0x8F, 0x25, 0x8F, 0x25, 0x8F, 0x25, 0x8F, 0x25,
    0x8F, 0x25, 0x8F, 0x25, 0x8F, 0x25, 0x8F, 0x25, 0x8F, 0x25, 0x8F, 0x25, 0x8F, 0x25, 0x8F, 0x25, 0x8F, 0x25, 0x8F,
    0x25, 0x8F, 0x25, 0x8F, 0x25, 0x8F, 0x25, 0x8F, 0x25, 0x8F, 0x25, 0x8F, 0x25, 0xB0, 0x2D, 0x3A, 0xB7, 0xBD, 0xE7,
    0x7C, 0xD7, 0x5B, 0xC7, 0x3A, 0xB7, 0x19, 0xAF, 0x19, 0xA7, 0xF9, 0xA6, 0xF9, 0xA6, 0xF8, 0x9E, 0x5B, 0xC7, 0xFF,
    0xFF, 0xFF, 0xFF, 0xFF, 0xFF, 0xFF, 0xFF, 0xFF, 0xFF, 0xFF, 0xFF, 0xFF, 0xFF, 0xFF, 0xFF, 0xFF, 0xFF, 0xFF, 0xFF,
    0xFF, 0xF7, 0xBD, 0xE7, 0xBE, 0xEF, 0xDE, 0xEF, 0xFF, 0xF7, 0xFF, 0xFF, 0xFF, 0xFF, 0xFF, 0xFF, 0xFF, 0xFF, 0xFF,
    0xFF, 0xFF, 0xFF, 0xFF, 0xFF, 0xFF, 0xFF, 0xFF, 0xFF, 0xFF, 0xFF, 0xFF, 0xFF, 0xFF, 0xFF, 0xFF, 0xFF, 0xFF, 0xFF,
    0xFF, 0xFF, 0xFF, 0xFF, 0xFF, 0xFF, 0xFF, 0xFF, 0xFF, 0xFF, 0xFF, 0xFF, 0xFF, 0xFF, 0xFF, 0xFF, 0xFF, 0xFF, 0xFF,
    0xFF, 0xFF, 0xFF, 0xFF, 0xFF, 0xFF, 0xFF, 0xFF, 0xFF, 0xFF, 0xFF, 0xFF, 0xFF, 0xFF, 0xFF, 0xFF, 0xFF, 0xFF, 0xFF,
    0xFF, 0xFF, 0xFF, 0xFF, 0xFF, 0xFF, 0xFF, 0xFF, 0xFF, 0xFF, 0xFF, 0xFF, 0xFF, 0xFF, 0xFF, 0xFF, 0xFF, 0xFF, 0xFF,
    0xFF, 0xFF, 0xFF, 0xFF, 0xFF, 0xFF, 0xFF, 0xFF, 0xFF, 0xFF, 0xFF, 0xFF, 0xFF, 0x54, 0x6E, 0x6E, 0x1D, 0xAF, 0x2D,
    0x8F, 0x25, 0x8F, 0x25, 0x8F, 0x25, 0x8F, 0x25, 0x8F, 0x25, 0x8F, 0x25, 0x8F, 0x25, 0x8F, 0x25, 0x8F, 0x25, 0x8F,
    0x25, 0x8F, 0x25, 0x8F, 0x25, 0x8F, 0x25, 0x8F, 0x25, 0x8F, 0x25, 0x8F, 0x25, 0x8F, 0x25, 0x8F, 0x25, 0x8F, 0x25,
    0x8F, 0x25, 0x8F, 0x25, 0x8F, 0x25, 0x8F, 0x25, 0x8F, 0x25, 0x8F, 0x25, 0x8F, 0x25, 0x8F, 0x25, 0x8F, 0x25, 0x8F,
    0x25, 0x8F, 0x25, 0x8F, 0x25, 0x8F, 0x25, 0x8F, 0x25, 0x8F, 0x25, 0x8F, 0x25, 0x8F, 0x25, 0x8F, 0x25, 0x8F, 0x25,
    0x8F, 0x25, 0xAF, 0x25, 0x6F, 0x25, 0xC7, 0x12, 0x46, 0x12, 0x25, 0x0A, 0x05, 0x0A, 0xC4, 0x09, 0xA4, 0x09, 0x84,
    0x09, 0x43, 0x09, 0x23, 0x09, 0x02, 0x01, 0xE2, 0x00, 0xC2, 0x00, 0xA1, 0x00, 0xA1, 0x00, 0x81, 0x00, 0x61, 0x00,
    0x40, 0x00, 0x40, 0x00, 0x20, 0x00, 0x20, 0x00, 0x20, 0x00, 0x20, 0x00, 0x00, 0x00, 0x00, 0x00, 0x00, 0x00, 0x00,
    0x00, 0x20, 0x00, 0x20, 0x00, 0x20, 0x00, 0x20, 0x00, 0x40, 0x00, 0x40, 0x00, 0x61, 0x00, 0x81, 0x00, 0xA1, 0x00,
    0xA1, 0x00, 0xC2, 0x00, 0xE2, 0x00, 0x02, 0x01, 0x23, 0x09, 0x43, 0x09, 0x84, 0x09, 0xA4, 0x09, 0xC4, 0x09, 0x05,
    0x0A, 0x25, 0x0A, 0x46, 0x12, 0xC7, 0x12, 0x6E, 0x25, 0xAF, 0x25, 0x8F, 0x25, 0x8F, 0x25, 0x8F, 0x25, 0x8F, 0x25,
    0x8F, 0x25, 0x8F, 0x25, 0x8F, 0x25, 0x8F, 0x25, 0x8F, 0x25, 0x8F, 0x25, 0x8F, 0x25, 0x8F, 0x25, 0x8F, 0x25, 0x8F,
    0x25, 0x8F, 0x25, 0x8F, 0x25, 0x8F, 0x25, 0x8F, 0x25, 0x8F, 0x25, 0x8F, 0x25, 0x8F, 0x25, 0x8F, 0x25, 0x8F, 0x25,
    0x8F, 0x25, 0x8F, 0x25, 0x8F, 0x25, 0x8F, 0x25, 0x8F, 0x25, 0xAF, 0x2D, 0x6E, 0x1D, 0x74, 0x6E, 0xFF, 0xFF, 0xFF,
    0xFF, 0xFF, 0xFF, 0xFF, 0xFF, 0xFF, 0xFF, 0xFF, 0xFF, 0xFF, 0xFF, 0xFF, 0xFF, 0xFF, 0xFF, 0xFF, 0xFF, 0xFF, 0xFF,
    0xFF, 0xFF, 0xFF, 0xFF, 0xFF, 0xFF, 0xFF, 0xFF, 0xFF, 0xFF, 0xFF, 0xFF, 0xFF, 0xFF, 0xFF, 0xFF, 0xFF, 0xFF, 0xFF,
    0xFF, 0xFF, 0xFF, 0xFF, 0xFF, 0xFF, 0xFF, 0xFF, 0xFF, 0xFF, 0xFF, 0xFF, 0xFF, 0xFF, 0xFF, 0xFF, 0xFF, 0xFF, 0xFF,
    0xFF, 0xFF, 0xFF, 0xFF, 0xFF, 0xFF, 0xFF, 0xFF, 0xFF, 0xFF, 0xFF, 0xFF, 0xFF, 0xFF, 0xFF, 0xFF, 0xFF, 0xFF, 0xFF,
    0xFF, 0xFF, 0xFF, 0xFF, 0xFF, 0xFF, 0xFF, 0xFF, 0xFF, 0xFF, 0xFF, 0xFF, 0xFF, 0xFF, 0xFF, 0xFF, 0xFF, 0xFF, 0xFF,
    0xFF, 0xFF, 0xFF, 0xFF, 0xFF, 0xFF, 0xFF, 0xFF, 0xFF, 0xFF, 0xFF, 0xFF, 0xFF, 0xFF, 0xFF, 0xFF, 0xFF, 0xFF, 0xFF,
    0xFF, 0xFF, 0xFF, 0xFF, 0xFF, 0xFF, 0xFF, 0xFF, 0xFF, 0xFF, 0xFF, 0xFF, 0xFF, 0xFF, 0xFF, 0xFF, 0xFF, 0xFF, 0xFF,
    0xFF, 0xFF, 0xFF, 0xFF, 0xFF, 0xFF, 0xFF, 0xFF, 0xFF, 0xFF, 0xFF, 0xFF, 0xFF, 0xFF, 0x7B, 0xCF, 0x8E, 0x1D, 0x8F,
    0x25, 0x8F, 0x25, 0x8F, 0x25, 0x8F, 0x25, 0x8F, 0x25, 0x8F, 0x25, 0x8F, 0x25, 0x8F, 0x25, 0x8F, 0x25, 0x8F, 0x25,
    0x8F, 0x25, 0x8F, 0x25, 0x8F, 0x25, 0x8F, 0x25, 0x8F, 0x25, 0x8F, 0x25, 0x8F, 0x25, 0x8F, 0x25, 0x8F, 0x25, 0x8F,
    0x25, 0x8F, 0x25, 0x8F, 0x25, 0x8F, 0x25, 0x8F, 0x25, 0x8F, 0x25, 0x8F, 0x25, 0x8F, 0x25, 0x8F, 0x25, 0x8F, 0x25,
    0x8F, 0x25, 0x8F, 0x25, 0x8F, 0x25, 0x8F, 0x25, 0x8F, 0x25, 0x8F, 0x25, 0x8F, 0x25, 0x8F, 0x25, 0x8F, 0x25, 0x8F,
    0x25, 0x8F, 0x25, 0xAF, 0x25, 0x6E, 0x25, 0xC7, 0x12, 0x46, 0x12, 0x25, 0x0A, 0x05, 0x0A, 0xC4, 0x09, 0xA4, 0x09,
    0x84, 0x09, 0x43, 0x09, 0x23, 0x09, 0x02, 0x01, 0xE2, 0x00, 0xC2, 0x00, 0xA1, 0x00, 0xA1, 0x00, 0x81, 0x00, 0x61,
    0x00, 0x40, 0x00, 0x40, 0x00, 0x20, 0x00, 0x20, 0x00, 0x20, 0x00, 0x20, 0x00, 0x00, 0x00, 0x00, 0x00, 0x00, 0x00,
    0x00, 0x00, 0x20, 0x00, 0x20, 0x00, 0x20, 0x00, 0x20, 0x00, 0x40, 0x00, 0x40, 0x00, 0x61, 0x00, 0x81, 0x00, 0xA1,
    0x00, 0xA1, 0x00, 0xC2, 0x00, 0xE2, 0x00, 0x02, 0x01, 0x23, 0x09, 0x43, 0x09, 0x84, 0x09, 0xA4, 0x09, 0xC4, 0x09,
    0x05, 0x0A, 0x25, 0x0A, 0x46, 0x12, 0xC7, 0x12, 0x6E, 0x25, 0xAF, 0x25, 0x8F, 0x25, 0x8F, 0x25, 0x8F, 0x25, 0x8F,
    0x25, 0x8F, 0x25, 0x8F, 0x25, 0x8F, 0x25, 0x8F, 0x25, 0x8F, 0x25, 0x8F, 0x25, 0x8F, 0x25, 0x8F, 0x25, 0x8F, 0x25,
    0x8F, 0x25, 0x8F, 0x25, 0x8F, 0x25, 0x8F, 0x25, 0x8F, 0x25, 0x8F, 0x25, 0x8F, 0x25, 0x8F, 0x25, 0x8F, 0x25, 0x8F,
    0x25, 0x8F, 0x25, 0x8F, 0x25, 0x8F, 0x25, 0x8F, 0x25, 0x8F, 0x25, 0x8F, 0x2D, 0x6E, 0x15, 0x96, 0x86, 0xFF, 0xFF,
    0xFF, 0xFF, 0xFF, 0xFF, 0xFF, 0xFF, 0xFF, 0xFF, 0xFF, 0xFF, 0xFF, 0xFF, 0xFF, 0xFF, 0xFF, 0xFF, 0xFF, 0xFF, 0xFF,
    0xFF, 0xFF, 0xFF, 0xFF, 0xFF, 0xFF, 0xFF, 0xFF, 0xFF, 0xFF, 0xFF, 0xFF, 0xFF, 0xFF, 0xFF, 0xFF, 0xFF, 0xFF, 0xFF,
    0xFF, 0xFF, 0xFF, 0xFF, 0xFF, 0xFF, 0xFF, 0xFF, 0xFF, 0xFF, 0xFF, 0xFF, 0xFF, 0xFF, 0xFF, 0xFF, 0xFF, 0xFF, 0xFF,
    0xFF, 0xFF, 0xFF, 0xFF, 0xFF, 0xFF, 0xFF, 0xFF, 0xFF, 0xFF, 0xFF, 0xFF, 0xFF, 0xFF, 0xFF, 0xFF, 0xFF, 0xFF, 0xFF,
    0xFF, 0xFF, 0xFF, 0xFF, 0xFF, 0xFF, 0xFF, 0xFF, 0xFF, 0xFF, 0xFF, 0xFF, 0xFF, 0xFF, 0xFF, 0xFF, 0xFF, 0xFF, 0xFF,
    0xFF, 0xFF, 0xFF, 0xFF, 0xFF, 0xFF, 0xFF, 0xFF, 0xFF, 0xFF, 0xFF, 0xFF, 0xFF, 0xFF, 0xFF, 0xFF, 0xFF, 0xFF, 0xFF,
    0xFF, 0xFF, 0xFF, 0xFF, 0xFF, 0xFF, 0xFF, 0xFF, 0xFF, 0xFF, 0xFF, 0xFF, 0xFF, 0xFF, 0xFF, 0xFF, 0xFF, 0xFF, 0xFF,
    0xFF, 0xFF, 0xFF, 0xFF, 0xFF, 0xFF, 0xFF, 0xFF, 0xFF, 0xFF, 0xFF, 0xFF, 0xFF, 0xFF, 0xFF, 0xFF, 0xFF, 0x33, 0x5E,
    0x6E, 0x1D, 0x8F, 0x2D, 0x8F, 0x25, 0x8F, 0x25, 0x8F, 0x25, 0x8F, 0x25, 0x8F, 0x25, 0x8F, 0x25, 0x8F, 0x25, 0x8F,
    0x25, 0x8F, 0x25, 0x8F, 0x25, 0x8F, 0x25, 0x8F, 0x25, 0x8F, 0x25, 0x8F, 0x25, 0x8F, 0x25, 0x8F, 0x25, 0x8F, 0x25,
    0x8F, 0x25, 0x8F, 0x25, 0x8F, 0x25, 0x8F, 0x25, 0x8F, 0x25, 0x8F, 0x25, 0x8F, 0x25, 0x8F, 0x25, 0x8F, 0x25, 0x8F,
    0x25, 0x8F, 0x25, 0x8F, 0x25, 0x8F, 0x25, 0x8F, 0x25, 0x8F, 0x25, 0x8F, 0x25, 0x8F, 0x25, 0x8F, 0x25, 0x8F, 0x25,
    0x8F, 0x25, 0x8F, 0x25, 0xAF, 0x25, 0x6E, 0x25, 0xC7, 0x12, 0x46, 0x12, 0x25, 0x0A, 0x05, 0x0A, 0xC4, 0x09, 0xA4,
    0x09, 0x84, 0x09, 0x43, 0x09, 0x23, 0x09, 0x02, 0x01, 0xE2, 0x00, 0xC2, 0x00, 0xA1, 0x00, 0xA1, 0x00, 0x81, 0x00,
    0x61, 0x00, 0x40, 0x00, 0x40, 0x00, 0x20, 0x00, 0x20, 0x00, 0x20, 0x00, 0x20, 0x00, 0x00, 0x00, 0x00, 0x00, 0x00,
    0x00, 0x00, 0x00, 0x20, 0x00, 0x20, 0x00, 0x20, 0x00, 0x20, 0x00, 0x40, 0x00, 0x40, 0x00, 0x61, 0x00, 0x81, 0x00,
    0xA1, 0x00, 0xA1, 0x00, 0xC2, 0x00, 0xE2, 0x00, 0x02, 0x01, 0x23, 0x09, 0x43, 0x09, 0x84, 0x09, 0xA4, 0x09, 0xC4,
    0x09, 0x05, 0x0A, 0x25, 0x0A, 0x46, 0x12, 0xC7, 0x12, 0x4E, 0x25, 0x8F, 0x25, 0x8F, 0x25, 0x8F, 0x25, 0x8F, 0x25,
    0x8F, 0x25, 0x8F, 0x25, 0x8F, 0x25, 0x8F, 0x25, 0x8F, 0x25, 0x8F, 0x25, 0x8F, 0x25, 0x8F, 0x25, 0x8F, 0x25, 0x8F,
    0x25, 0x8F, 0x25, 0x8F, 0x25, 0x8F, 0x25, 0x8F, 0x25, 0x8F, 0x25, 0x8F, 0x25, 0x8F, 0x25, 0x8F, 0x25, 0x8F, 0x25,
    0x8F, 0x25, 0x8F, 0x25, 0x8F, 0x25, 0x8F, 0x25, 0x8F, 0x25, 0x8F, 0x25, 0x8F, 0x2D, 0x6E, 0x1D, 0x75, 0x76, 0xFF,
    0xFF, 0xFF, 0xFF, 0xFF, 0xFF, 0xFF, 0xFF, 0xFF, 0xFF, 0xFF, 0xFF, 0xFF, 0xFF, 0xFF, 0xFF, 0xFF, 0xFF, 0xFF, 0xFF,
    0xFF, 0xFF, 0xFF, 0xFF, 0xFF, 0xFF, 0xFF, 0xFF, 0xFF, 0xFF, 0xFF, 0xFF, 0xFF, 0xFF, 0xFF, 0xFF, 0xFF, 0xFF, 0xFF,
    0xFF, 0xFF, 0xFF, 0xFF, 0xFF, 0xFF, 0xFF, 0xFF, 0xFF, 0xFF, 0xFF, 0xFF, 0xFF, 0xFF, 0xFF, 0xFF, 0xFF, 0xFF, 0xFF,
    0xFF, 0xFF, 0xFF, 0xFF, 0xFF, 0xFF, 0xFF, 0xFF, 0xFF, 0xFF, 0xFF, 0xFF, 0xFF, 0xFF, 0xFF, 0xFF, 0xFF, 0xFF, 0xFF,
    0xFF, 0xFF, 0xFF, 0xFF, 0xFF, 0xFF, 0xFF, 0xFF, 0xFF, 0xFF, 0xFF, 0xFF, 0xFF, 0xFF, 0xFF, 0xFF, 0xFF, 0xFF, 0xFF,
    0xFF, 0xFF, 0xFF, 0xFF, 0xFF, 0xFF, 0xFF, 0xFF, 0xFF, 0xFF, 0xFF, 0xFF, 0xFF, 0xFF, 0xFF, 0xFF, 0xFF, 0xFF, 0xFF,
    0xFF, 0xFF, 0xFF, 0xFF, 0xFF, 0xFF, 0xFF, 0xFF, 0xFF, 0xFF, 0xFF, 0xFF, 0xFF, 0xFF, 0xFF, 0xFF, 0xFF, 0xFF, 0xFF,
    0xFF, 0xFF, 0xFF, 0xFF, 0xFF, 0xFF, 0xFF, 0xFF, 0xFF, 0xFF, 0xFF, 0xFF, 0xFF, 0xFF, 0xFF, 0xFF, 0xFF, 0xFF, 0x3A,
    0xB7, 0x6E, 0x1D, 0x8F, 0x2D, 0x8F, 0x25, 0x8F, 0x25, 0x8F, 0x25, 0x8F, 0x25, 0x8F, 0x25, 0x8F, 0x25, 0x8F, 0x25,
    0x8F, 0x25, 0x8F, 0x25, 0x8F, 0x25, 0x8F, 0x25, 0x8F, 0x25, 0x8F, 0x25, 0x8F, 0x25, 0x8F, 0x25, 0x8F, 0x25, 0x8F,
    0x25, 0x8F, 0x25, 0x8F, 0x25, 0x8F, 0x25, 0x8F, 0x25, 0x8F, 0x25, 0x8F, 0x25, 0x8F, 0x25, 0x8F, 0x25, 0x8F, 0x25,
    0x8F, 0x25, 0x8F, 0x25, 0x8F, 0x25, 0x8F, 0x25, 0x8F, 0x25, 0x8F, 0x25, 0x8F, 0x25, 0x8F, 0x25, 0x8F, 0x25, 0x8F,
    0x25, 0x8F, 0x25, 0x8F, 0x25, 0x8F, 0x25, 0x4E, 0x25, 0xC7, 0x12, 0x46, 0x12, 0x25, 0x0A, 0x05, 0x0A, 0xC4, 0x09,
    0xA4, 0x09, 0x84, 0x09, 0x43, 0x09, 0x23, 0x09, 0x02, 0x01, 0xE2, 0x00, 0xC2, 0x00, 0xA1, 0x00, 0xA1, 0x00, 0x81,
    0x00, 0x61, 0x00, 0x40, 0x00, 0x40, 0x00, 0x20, 0x00, 0x20, 0x00, 0x20, 0x00, 0x20, 0x00, 0x00, 0x00, 0x00, 0x00,
    0x00, 0x00, 0x00, 0x00, 0x20, 0x00, 0x20, 0x00, 0x20, 0x00, 0x20, 0x00, 0x40, 0x00, 0x40, 0x00, 0x61, 0x00, 0x81,
    0x00, 0xA1, 0x00, 0xA1, 0x00, 0xC2, 0x00, 0xE2, 0x00, 0x02, 0x01, 0x23, 0x09, 0x43, 0x09, 0x84, 0x09, 0xA4, 0x09,
    0xC4, 0x09, 0x05, 0x0A, 0x25, 0x0A, 0x46, 0x12, 0xC7, 0x12, 0x4E, 0x25, 0x8F, 0x25, 0x8F, 0x25, 0x8F, 0x25, 0x8F,
    0x25, 0x8F, 0x25, 0x8F, 0x25, 0x8F, 0x25, 0x8F, 0x25, 0x8F, 0x25, 0x8F, 0x25, 0x8F, 0x25, 0x8F, 0x25, 0x8F, 0x25,
    0x8F, 0x25, 0x8F, 0x25, 0x8F, 0x25, 0x8F, 0x25, 0x8F, 0x25, 0x8F, 0x25, 0x8F, 0x25, 0x8F, 0x25, 0x8F, 0x25, 0x8F,
    0x25, 0x8F, 0x25, 0x8F, 0x25, 0x8F, 0x25, 0x8F, 0x25, 0x8F, 0x25, 0x8F, 0x25, 0x8F, 0x25, 0x6E, 0x1D, 0xF2, 0x4D,
    0xFF, 0xFF, 0xFF, 0xFF, 0xFF, 0xFF, 0xFF, 0xFF, 0xFF, 0xFF, 0xFF, 0xFF, 0xFF, 0xFF, 0xFF, 0xFF, 0xFF, 0xFF, 0xFF,
    0xFF, 0xFF, 0xFF, 0xFF, 0xFF, 0xFF, 0xFF, 0xFF, 0xFF, 0xFF, 0xFF, 0xFF, 0xFF, 0xFF, 0xFF, 0xFF, 0xFF, 0xFF, 0xFF,
    0xFF, 0xFF, 0xFF, 0xFF, 0xFF, 0xFF, 0xFF, 0xFF, 0xFF, 0xFF, 0xFF, 0xFF, 0xFF, 0xFF, 0xFF, 0xFF, 0xFF, 0xFF, 0xFF,
    0xFF, 0xFF, 0xFF, 0xFF, 0xFF, 0xFF, 0xFF, 0xFF, 0xFF, 0xFF, 0xFF, 0xFF, 0xFF, 0xFF, 0xFF, 0xFF, 0xFF, 0xFF, 0xFF,
    0xFF, 0xFF, 0xFF, 0xFF, 0xFF, 0xFF, 0xFF, 0xFF, 0xFF, 0xFF, 0xFF, 0xFF, 0xFF, 0xFF, 0xFF, 0xFF, 0xFF, 0xFF, 0xFF,
    0xFF, 0xFF, 0xFF, 0xFF, 0xFF, 0xFF, 0xFF, 0xFF, 0xFF, 0xFF, 0xFF, 0xFF, 0xFF, 0xFF, 0xFF, 0xFF, 0xFF, 0xFF, 0xFF,
    0xFF, 0xFF, 0xFF, 0xFF, 0xFF, 0xFF, 0xFF, 0xFF, 0xFF, 0xFF, 0xFF, 0xFF, 0xFF, 0xFF, 0xFF, 0xFF, 0xFF, 0xFF, 0xFF,
    0xFF, 0xFF, 0xFF, 0xFF, 0xFF, 0xFF, 0xFF, 0xFF, 0xFF, 0xFF, 0xFF, 0xFF, 0xFF, 0xFF, 0xFF, 0xFF, 0xFF, 0xFF, 0xFF,
    0xFF, 0xFF, 0xF1, 0x45, 0x6E, 0x1D, 0x8F, 0x25, 0x8F, 0x25, 0x8F, 0x25, 0x8F, 0x25, 0x8F, 0x25, 0x8F, 0x25, 0x8F,
    0x25, 0x8F, 0x25, 0x8F, 0x25, 0x8F, 0x25, 0x8F, 0x25, 0x8F, 0x25, 0x8F, 0x25, 0x8F, 0x25, 0x8F, 0x25, 0x8F, 0x25,
    0x8F, 0x25, 0x8F, 0x25, 0x8F, 0x25, 0x8F, 0x25, 0x8F, 0x25, 0x8F, 0x25, 0x8F, 0x25, 0x8F, 0x25, 0x8F, 0x25, 0x8F,
    0x25, 0x8F, 0x25, 0x8F, 0x25, 0x8F, 0x25, 0x8F, 0x25, 0x8F, 0x25, 0x8F, 0x25, 0x8F, 0x25, 0x8F, 0x25, 0x8F, 0x25,
    0x8F, 0x25, 0x8F, 0x25, 0x8F, 0x25, 0x8F, 0x25, 0x4E, 0x25, 0xC7, 0x12, 0x46, 0x12, 0x25, 0x0A, 0x05, 0x0A, 0xC4,
    0x09, 0xA4, 0x09, 0x84, 0x09, 0x43, 0x09, 0x23, 0x09, 0x02, 0x01, 0xE2, 0x00, 0xC2, 0x00, 0xA1, 0x00, 0xA1, 0x00,
    0x81, 0x00, 0x61, 0x00, 0x40, 0x00, 0x40, 0x00, 0x20, 0x00, 0x20, 0x00, 0x20, 0x00, 0x20, 0x00, 0x00, 0x00, 0x00,
    0x00, 0x00, 0x00, 0x00, 0x00, 0x20, 0x00, 0x20, 0x00, 0x20, 0x00, 0x20, 0x00, 0x40, 0x00, 0x40, 0x00, 0x61, 0x00,
    0x81, 0x00, 0xA1, 0x00, 0xA1, 0x00, 0xC2, 0x00, 0xE2, 0x00, 0x02, 0x01, 0x23, 0x09, 0x43, 0x09, 0x84, 0x09, 0xA4,
    0x09, 0xC4, 0x09, 0x05, 0x0A, 0x25, 0x0A, 0x46, 0x12, 0xC7, 0x12, 0x4E, 0x25, 0x8F, 0x25, 0x8F, 0x25, 0x8F, 0x25,
    0x8F, 0x25, 0x8F, 0x25, 0x8F, 0x25, 0x8F, 0x25, 0x8F, 0x25, 0x8F, 0x25, 0x8F, 0x25, 0x8F, 0x25, 0x8F, 0x25, 0x8F,
    0x25, 0x8F, 0x25, 0x8F, 0x25, 0x8F, 0x25, 0x8F, 0x25, 0x8F, 0x25, 0x8F, 0x25, 0x8F, 0x25, 0x8F, 0x25, 0x8F, 0x25,
    0x8F, 0x25, 0x8F, 0x25, 0x8F, 0x25, 0x8F, 0x25, 0x8F, 0x25, 0x8F, 0x25, 0x8F, 0x25, 0x8F, 0x25, 0x8F, 0x25, 0x8F,
    0x25, 0x9C, 0xDF, 0xFF, 0xFF, 0xFF, 0xFF, 0xFF, 0xFF, 0xFF, 0xFF, 0xFF, 0xFF, 0xFF, 0xFF, 0xFF, 0xFF, 0xFF, 0xFF,
    0xFF, 0xFF, 0xFF, 0xFF, 0xFF, 0xFF, 0xFF, 0xFF, 0xFF, 0xFF, 0xFF, 0xFF, 0xFF, 0xFF, 0xFF, 0xFF, 0xFF, 0xFF, 0xFF,
    0xFF, 0xFF, 0xFF, 0xFF, 0xFF, 0xFF, 0xFF, 0xFF, 0xFF, 0xFF, 0xFF, 0xFF, 0xFF, 0xFF, 0xFF, 0xFF, 0xFF, 0xFF, 0xFF,
    0xFF, 0xFF, 0xFF, 0xFF, 0xFF, 0xFF, 0xFF, 0xFF, 0xFF, 0xFF, 0xFF, 0xFF, 0xFF, 0xFF, 0xFF, 0xFF, 0xFF, 0xFF, 0xFF,
    0xFF, 0xFF, 0xFF, 0xFF, 0xFF, 0xFF, 0xFF, 0xFF, 0xFF, 0xFF, 0xFF, 0xFF, 0xFF, 0xFF, 0xFF, 0xFF, 0xFF, 0xFF, 0xFF,
    0xFF, 0xFF, 0xFF, 0xFF, 0xFF, 0xFF, 0xFF, 0xFF, 0xFF, 0xFF, 0xFF, 0xFF, 0xFF, 0xFF, 0xFF, 0xFF, 0xFF, 0xFF, 0xFF,
    0xFF, 0xFF, 0xFF, 0xFF, 0xFF, 0xFF, 0xFF, 0xFF, 0xFF, 0xFF, 0xFF, 0xFF, 0xFF, 0xFF, 0xFF, 0xFF, 0xFF, 0xFF, 0xFF,
    0xFF, 0xFF, 0xFF, 0xFF, 0xFF, 0xFF, 0xFF, 0xFF, 0xFF, 0xFF, 0xFF, 0xFF, 0xFF, 0xFF, 0xFF, 0xFF, 0xFF, 0xFF, 0xFF,
    0xFF, 0xFF, 0xFF, 0xF8, 0xA6, 0x6E, 0x15, 0x8F, 0x2D, 0x8F, 0x25, 0x8F, 0x25, 0x8F, 0x25, 0x8F, 0x25, 0x8F, 0x25,
    0x8F, 0x25, 0x8F, 0x25, 0x8F, 0x25, 0x8F, 0x25, 0x8F, 0x25, 0x8F, 0x25, 0x8F, 0x25, 0x8F, 0x25, 0x8F, 0x25, 0x8F,
    0x25, 0x8F, 0x25, 0x8F, 0x25, 0x8F, 0x25, 0x8F, 0x25, 0x8F, 0x25, 0x8F, 0x25, 0x8F, 0x25, 0x8F, 0x25, 0x8F, 0x25,
    0x8F, 0x25, 0x8F, 0x25, 0x8F, 0x25, 0x8F, 0x25, 0x8F, 0x25, 0x8F, 0x25, 0x8F, 0x25, 0x8F, 0x25, 0x8F, 0x25, 0x8F,
    0x25, 0x8F, 0x25, 0x8F, 0x25, 0x8F, 0x25, 0x8F, 0x25, 0x4E, 0x25, 0xC7, 0x12, 0x46, 0x12, 0x25, 0x0A, 0x05, 0x0A,
    0xC4, 0x09, 0xA4, 0x09, 0x84, 0x09, 0x43, 0x09, 0x23, 0x09, 0x02, 0x01, 0xE2, 0x00, 0xC2, 0x00, 0xA1, 0x00, 0xA1,
    0x00, 0x81, 0x00, 0x61, 0x00, 0x40, 0x00, 0x40, 0x00, 0x20, 0x00, 0x20, 0x00, 0x20, 0x00, 0x20, 0x00, 0x00, 0x00,
    0x00, 0x00, 0x00, 0x00, 0x00, 0x00, 0x20, 0x00, 0x20, 0x00, 0x20, 0x00, 0x20, 0x00, 0x40, 0x00, 0x40, 0x00, 0x61,
    0x00, 0x81, 0x00, 0xA1, 0x00, 0xA1, 0x00, 0xC2, 0x00, 0xE2, 0x00, 0x02, 0x01, 0x23, 0x09, 0x43, 0x09, 0x84, 0x09,
    0xA4, 0x09, 0xC4, 0x09, 0x05, 0x0A, 0x25, 0x0A, 0x46, 0x12, 0xC7, 0x12, 0x4E, 0x25, 0x8F, 0x25, 0x8F, 0x25, 0x8F,
    0x25, 0x8F, 0x25, 0x8F, 0x25, 0x8F, 0x25, 0x8F, 0x25, 0x8F, 0x25, 0x8F, 0x25, 0x8F, 0x25, 0x8F, 0x25, 0x8F, 0x25,
    0x8F, 0x25, 0x8F, 0x25, 0x8F, 0x25, 0x8F, 0x25, 0x8F, 0x25, 0x8F, 0x25, 0x8F, 0x25, 0x8F, 0x25, 0x8F, 0x25, 0x8F,
    0x25, 0x8F, 0x25, 0x8F, 0x25, 0x8F, 0x25, 0x8F, 0x25, 0x8F, 0x25, 0x8F, 0x25, 0x8F, 0x25, 0x8F, 0x25, 0x8F, 0x2D,
    0x4E, 0x15, 0x96, 0x86, 0xFF, 0xFF, 0xFF, 0xFF, 0xFF, 0xFF, 0xFF, 0xFF, 0xFF, 0xFF, 0xFF, 0xFF, 0xFF, 0xFF, 0xFF,
    0xFF, 0xFF, 0xFF, 0xFF, 0xFF, 0xFF, 0xFF, 0xFF, 0xFF, 0xFF, 0xFF, 0xFF, 0xFF, 0xFF, 0xFF, 0xFF, 0xFF, 0xFF, 0xFF,
    0xFF, 0xFF, 0xFF, 0xFF, 0xFF, 0xFF, 0xFF, 0xFF, 0xFF, 0xFF, 0xFF, 0xFF, 0xFF, 0xFF, 0xFF, 0xFF, 0xFF, 0xFF, 0xFF,
    0xFF, 0xFF, 0xFF, 0xFF, 0xFF, 0xFF, 0xFF, 0xFF, 0xFF, 0xFF, 0xFF, 0xFF, 0xFF, 0xFF, 0xFF, 0xFF, 0xFF, 0xFF, 0xFF,
    0xFF, 0xFF, 0xFF, 0xFF, 0xFF, 0xFF, 0xFF, 0xFF, 0xFF, 0xFF, 0xFF, 0xFF, 0xFF, 0xFF, 0xFF, 0xFF, 0xFF, 0xFF, 0xFF,
    0xFF, 0xFF, 0xFF, 0xFF, 0xFF, 0xFF, 0xFF, 0xFF, 0xFF, 0xFF, 0xFF, 0xFF, 0xFF, 0xFF, 0xFF, 0xFF, 0xFF, 0xFF, 0xFF,
    0xFF, 0xFF, 0xFF, 0xFF, 0xFF, 0xFF, 0xFF, 0xFF, 0xFF, 0xFF, 0xFF, 0xFF, 0xFF, 0xFF, 0xFF, 0xFF, 0xFF, 0xFF, 0xFF,
    0xFF, 0xFF, 0xFF, 0xFF, 0xFF, 0xFF, 0xFF, 0xFF, 0xFF, 0xFF, 0xFF, 0xFF, 0xFF, 0xFF, 0xFF, 0xFF, 0xFF, 0xFF, 0xFF,
    0xFF, 0xFF, 0xFF, 0xFF, 0xDE, 0xF7, 0xD0, 0x3D, 0x6E, 0x25, 0x8F, 0x25, 0x8F, 0x25, 0x8F, 0x25, 0x8F, 0x25, 0x8F,
    0x25, 0x8F, 0x25, 0x8F, 0x25, 0x8F, 0x25, 0x8F, 0x25, 0x8F, 0x25, 0x8F, 0x25, 0x8F, 0x25, 0x8F, 0x25, 0x8F, 0x25,
    0x8F, 0x25, 0x8F, 0x25, 0x8F, 0x25, 0x8F, 0x25, 0x8F, 0x25, 0x8F, 0x25, 0x8F, 0x25, 0x8F, 0x25, 0x8F, 0x25, 0x8F,
    0x25, 0x8F, 0x25, 0x8F, 0x25, 0x8F, 0x25, 0x8F, 0x25, 0x8F, 0x25, 0x8F, 0x25, 0x8F, 0x25, 0x8F, 0x25, 0x8F, 0x25,
    0x8F, 0x25, 0x8F, 0x25, 0x8F, 0x25, 0x8F, 0x25, 0x8F, 0x25, 0x4E, 0x25, 0xC7, 0x12, 0x46, 0x12, 0x25, 0x0A, 0x05,
    0x0A, 0xC4, 0x09, 0xA4, 0x09, 0x84, 0x09, 0x43, 0x09, 0x23, 0x09, 0x02, 0x01, 0xE2, 0x00, 0xC2, 0x00, 0xA1, 0x00,
    0xA1, 0x00, 0x81, 0x00, 0x61, 0x00, 0x40, 0x00, 0x40, 0x00, 0x20, 0x00, 0x20, 0x00, 0x20, 0x00, 0x20, 0x00, 0x00,
    0x00, 0x00, 0x00, 0x00, 0x00, 0x00, 0x00, 0x20, 0x00, 0x20, 0x00, 0x20, 0x00, 0x20, 0x00, 0x40, 0x00, 0x40, 0x00,
    0x61, 0x00, 0x81, 0x00, 0xA1, 0x00, 0xA1, 0x00, 0xC2, 0x00, 0xE2, 0x00, 0x02, 0x01, 0x23, 0x09, 0x43, 0x09, 0x84,
    0x09, 0xA4, 0x09, 0xC4, 0x09, 0x05, 0x0A, 0x25, 0x0A, 0x46, 0x12, 0xC7, 0x12, 0x4E, 0x25, 0x8F, 0x25, 0x8F, 0x25,
    0x8F, 0x25, 0x8F, 0x25, 0x8F, 0x25, 0x8F, 0x25, 0x8F, 0x25, 0x8F, 0x25, 0x8F, 0x25, 0x8F, 0x25, 0x8F, 0x25, 0x8F,
    0x25, 0x8F, 0x25, 0x8F, 0x25, 0x8F, 0x25, 0x8F, 0x25, 0x8F, 0x25, 0x8F, 0x25, 0x8F, 0x25, 0x8F, 0x25, 0x8F, 0x25,
    0x8F, 0x25, 0x8F, 0x25, 0x8F, 0x25, 0x8F, 0x25, 0x8F, 0x25, 0x8F, 0x25, 0x8F, 0x25, 0x8F, 0x25, 0x8F, 0x25, 0x8F,
    0x25, 0x6E, 0x25, 0x90, 0x35, 0xBE, 0xEF, 0xFF, 0xFF, 0xFF, 0xFF, 0xFF, 0xFF, 0xFF, 0xFF, 0xFF, 0xFF, 0xFF, 0xFF,
    0xFF, 0xFF, 0xFF, 0xFF, 0xFF, 0xFF, 0xFF, 0xFF, 0xFF, 0xFF, 0xFF, 0xFF, 0xFF, 0xFF, 0xFF, 0xFF, 0xFF, 0xFF, 0xFF,
    0xFF, 0xFF, 0xFF, 0xFF, 0xFF, 0xFF, 0xFF, 0xFF, 0xFF, 0xFF, 0xFF, 0xFF, 0xFF, 0xFF, 0xFF, 0xFF, 0xFF, 0xFF, 0xFF,
    0xFF, 0xFF, 0xFF, 0xFF, 0xFF, 0xFF, 0xFF, 0xFF, 0xFF, 0xFF, 0xFF, 0xFF, 0xFF, 0xFF, 0xFF, 0xFF, 0xFF, 0xFF, 0xFF,
    0xFF, 0xFF, 0xFF, 0xFF, 0xFF, 0xFF, 0xFF, 0xFF, 0xFF, 0xFF, 0xFF, 0xFF, 0xFF, 0xFF, 0xFF, 0xFF, 0xFF, 0xFF, 0xFF,
    0xFF, 0xFF, 0xFF, 0xFF, 0xFF, 0xFF, 0xFF, 0xF7, 0xDE, 0xF7, 0xBE, 0xEF, 0xBD, 0xE7, 0x9D, 0xDF, 0x9C, 0xDF, 0x7C,
    0xD7, 0x5B, 0xC7, 0x3A, 0xBF, 0x3A, 0xB7, 0x19, 0xAF, 0xF8, 0xA6, 0xD8, 0x9E, 0xB7, 0x96, 0x96, 0x86, 0x75, 0x7E,
    0x75, 0x76, 0x54, 0x6E, 0x54, 0x6E, 0xDE, 0xF7, 0xFF, 0xFF, 0xFF, 0xFF, 0xFF, 0xFF, 0xFF, 0xFF, 0xFF, 0xFF, 0xFF,
    0xFF, 0xFF, 0xFF, 0xFF, 0xFF, 0xFF, 0xFF, 0xB7, 0x96, 0x4E, 0x15, 0x8F, 0x2D, 0x6F, 0x25, 0x8F, 0x25, 0x8F, 0x25,
    0x8F, 0x25, 0x8F, 0x25, 0x8F, 0x25, 0x8F, 0x25, 0x8F, 0x25, 0x8F, 0x25, 0x8F, 0x25, 0x8F, 0x25, 0x8F, 0x25, 0x8F,
    0x25, 0x8F, 0x25, 0x8F, 0x25, 0x8F, 0x25, 0x8F, 0x25, 0x8F, 0x25, 0x8F, 0x25, 0x8F, 0x25, 0x8F, 0x25, 0x8F, 0x25,
    0x8F, 0x25, 0x8F, 0x25, 0x8F, 0x25, 0x8F, 0x25, 0x8F, 0x25, 0x8F, 0x25, 0x8F, 0x25, 0x8F, 0x25, 0x8F, 0x25, 0x8F,
    0x25, 0x8F, 0x25, 0x8F, 0x25, 0x8F, 0x25, 0x8F, 0x25, 0x8F, 0x25, 0x4E, 0x25, 0xC7, 0x12, 0x46, 0x12, 0x25, 0x0A,
    0x05, 0x0A, 0xC4, 0x09, 0xA4, 0x09, 0x84, 0x09, 0x43, 0x09, 0x23, 0x09, 0x02, 0x01, 0xE2, 0x00, 0xC2, 0x00, 0xA1,
    0x00, 0xA1, 0x00, 0x81, 0x00, 0x61, 0x00, 0x40, 0x00, 0x40, 0x00, 0x20, 0x00, 0x20, 0x00, 0x20, 0x00, 0x20, 0x00,
    0x00, 0x00, 0x00, 0x00, 0x00, 0x00, 0x00, 0x00, 0x20, 0x00, 0x20, 0x00, 0x20, 0x00, 0x20, 0x00, 0x40, 0x00, 0x40,
    0x00, 0x61, 0x00, 0x81, 0x00, 0xA1, 0x00, 0xA1, 0x00, 0xC2, 0x00, 0xE2, 0x00, 0x02, 0x01, 0x23, 0x09, 0x43, 0x09,
    0x84, 0x09, 0xA4, 0x09, 0xC4, 0x09, 0x05, 0x0A, 0x25, 0x0A, 0x46, 0x12, 0xC7, 0x12, 0x4E, 0x25, 0x8F, 0x25, 0x6F,
    0x25, 0x6F, 0x25, 0x6F, 0x25, 0x6F, 0x25, 0x6F, 0x25, 0x6F, 0x25, 0x6F, 0x25, 0x6F, 0x25, 0x6F, 0x25, 0x6F, 0x25,
    0x6F, 0x25, 0x6F, 0x25, 0x6F, 0x25, 0x6F, 0x25, 0x6F, 0x25, 0x6F, 0x25, 0x6F, 0x25, 0x6F, 0x25, 0x6F, 0x25, 0x6F,
    0x25, 0x6F, 0x25, 0x6F, 0x25, 0x6F, 0x25, 0x6F, 0x25, 0x6F, 0x25, 0x6F, 0x25, 0x6F, 0x25, 0x6F, 0x25, 0x6F, 0x25,
    0x6F, 0x25, 0x8F, 0x25, 0x4E, 0x15, 0x75, 0x76, 0xFF, 0xFF, 0xFF, 0xFF, 0xFF, 0xFF, 0xFF, 0xFF, 0xFF, 0xFF, 0xFF,
    0xFF, 0xFF, 0xFF, 0xFF, 0xFF, 0xFF, 0xFF, 0xFF, 0xFF, 0xFF, 0xFF, 0xFF, 0xFF, 0xFF, 0xFF, 0xFF, 0xFF, 0xFF, 0xFF,
    0xFF, 0xFF, 0xFF, 0xFF, 0xFF, 0xFF, 0xFF, 0xFF, 0xFF, 0xFF, 0xFF, 0xFF, 0xFF, 0xFF, 0xFF, 0xFF, 0xFF, 0xFF, 0xFF,
    0xF7, 0xDE, 0xF7, 0xBE, 0xEF, 0xBD, 0xE7, 0x9D, 0xDF, 0x9C, 0xD7, 0x7C, 0xD7, 0x5B, 0xCF, 0x3A, 0xBF, 0x3A, 0xB7,
    0x19, 0xAF, 0xF8, 0xA6, 0xD8, 0x9E, 0xB7, 0x96, 0x96, 0x86, 0x96, 0x7E, 0x75, 0x76, 0x54, 0x6E, 0x34, 0x66, 0x13,
    0x5E, 0x12, 0x56, 0xF2, 0x4D, 0xD1, 0x45, 0xD1, 0x3D, 0xB0, 0x3D, 0xB0, 0x35, 0x8F, 0x2D, 0x8F, 0x2D, 0x6F, 0x25,
    0x6E, 0x25, 0x6E, 0x1D, 0x4E, 0x1D, 0x4E, 0x1D, 0x4E, 0x15, 0x4E, 0x15, 0x4E, 0x15, 0x4E, 0x15, 0x4E, 0x15, 0x4E,
    0x15, 0x4E, 0x15, 0x4E, 0x1D, 0x2D, 0x0D, 0xF8, 0xA6, 0xFF, 0xFF, 0xFF, 0xFF, 0xFF, 0xFF, 0xFF, 0xFF, 0xFF, 0xFF,
    0xFF, 0xFF, 0xFF, 0xFF, 0xFF, 0xFF, 0xFF, 0xFF, 0xBE, 0xEF, 0x90, 0x2D, 0x6E, 0x25, 0x6F, 0x25, 0x6F, 0x25, 0x6F,
    0x25, 0x6F, 0x25, 0x6F, 0x25, 0x6F, 0x25, 0x6F, 0x25, 0x6F, 0x25, 0x6F, 0x25, 0x6F, 0x25, 0x6F, 0x25, 0x6F, 0x25,
    0x6F, 0x25, 0x6F, 0x25, 0x6F, 0x25, 0x6F, 0x25, 0x6F, 0x25, 0x6F, 0x25, 0x6F, 0x25, 0x6F, 0x25, 0x6F, 0x25, 0x6F,
    0x25, 0x6F, 0x25, 0x6F, 0x25, 0x6F, 0x25, 0x6F, 0x25, 0x6F, 0x25, 0x6F, 0x25, 0x6F, 0x25, 0x6F, 0x25, 0x6F, 0x25,
    0x6F, 0x25, 0x6F, 0x25, 0x6F, 0x25, 0x6F, 0x25, 0x6F, 0x25, 0x8F, 0x25, 0x4E, 0x25, 0xC7, 0x12, 0x46, 0x12, 0x25,
    0x0A, 0x05, 0x0A, 0xC4, 0x09, 0xA4, 0x09, 0x84, 0x09, 0x43, 0x09, 0x23, 0x09, 0x02, 0x01, 0xE2, 0x00, 0xC2, 0x00,
    0xA1, 0x00, 0xA1, 0x00, 0x81, 0x00, 0x61, 0x00, 0x40, 0x00, 0x40, 0x00, 0x20, 0x00, 0x20, 0x00, 0x20, 0x00, 0x20,
    0x00, 0x00, 0x00, 0x00, 0x00, 0x00, 0x00, 0x00, 0x00, 0x20, 0x00, 0x20, 0x00, 0x20, 0x00, 0x20, 0x00, 0x40, 0x00,
    0x40, 0x00, 0x61, 0x00, 0x81, 0x00, 0xA1, 0x00, 0xA1, 0x00, 0xC2, 0x00, 0xE2, 0x00, 0x02, 0x01, 0x23, 0x09, 0x43,
    0x09, 0x84, 0x09, 0xA4, 0x09, 0xC4, 0x09, 0x05, 0x0A, 0x25, 0x0A, 0x46, 0x12, 0xA7, 0x12, 0x4E, 0x25, 0x8F, 0x25,
    0x6F, 0x25, 0x6F, 0x25, 0x6F, 0x25, 0x6F, 0x25, 0x6F, 0x25, 0x6F, 0x25, 0x6F, 0x25, 0x6F, 0x25, 0x6F, 0x25, 0x6F,
    0x25, 0x6F, 0x25, 0x6F, 0x25, 0x6F, 0x25, 0x6F, 0x25, 0x6F, 0x25, 0x6F, 0x25, 0x6F, 0x25, 0x6F, 0x25, 0x6F, 0x25,
    0x6F, 0x25, 0x6F, 0x25, 0x6F, 0x25, 0x6F, 0x25, 0x6F, 0x25, 0x6F, 0x25, 0x6F, 0x25, 0x6F, 0x25, 0x6F, 0x25, 0x6F,
    0x25, 0x6F, 0x25, 0x6F, 0x25, 0x6F, 0x25, 0x4E, 0x1D, 0xD8, 0x9E, 0xFF, 0xFF, 0xFF, 0xFF, 0xFF, 0xFF, 0xFF, 0xFF,
    0xFF, 0xFF, 0xFF, 0xFF, 0xFF, 0xFF, 0xFF, 0xFF, 0xFF, 0xFF, 0xFF, 0xFF, 0xFF, 0xFF, 0xFF, 0xFF, 0xFF, 0xFF, 0xFF,
    0xF7, 0xB7, 0x8E, 0x75, 0x7E, 0x75, 0x76, 0x54, 0x6E, 0x33, 0x66, 0x13, 0x5E, 0xF2, 0x55, 0xF1, 0x4D, 0xD1, 0x45,
    0xD1, 0x3D, 0xB0, 0x3D, 0x90, 0x35, 0x8F, 0x2D, 0x8F, 0x2D, 0x6F, 0x25, 0x6E, 0x25, 0x4E, 0x1D, 0x4E, 0x1D, 0x4E,
    0x1D, 0x4E, 0x15, 0x4E, 0x15, 0x4D, 0x15, 0x4D, 0x15, 0x4D, 0x15, 0x4D, 0x15, 0x4E, 0x15, 0x4E, 0x15, 0x4E, 0x1D,
    0x4E, 0x1D, 0x4E, 0x1D, 0x4E, 0x1D, 0x6E, 0x1D, 0x6E, 0x1D, 0x6E, 0x1D, 0x6E, 0x25, 0x6E, 0x25, 0x6E, 0x25, 0x6F,
    0x25, 0x6F, 0x25, 0x6F, 0x25, 0x6F, 0x25, 0x6F, 0x25, 0x6F, 0x25, 0x8F, 0x25, 0x8F, 0x25, 0x8F, 0x25, 0x8F, 0x25,
    0x8F, 0x25, 0x8F, 0x25, 0x8F, 0x2D, 0x6E, 0x1D, 0xD1, 0x45, 0xFF, 0xFF, 0xFF, 0xFF, 0xFF, 0xFF, 0xFF, 0xFF, 0xFF,
    0xFF, 0xFF, 0xFF, 0xFF, 0xFF, 0xFF, 0xFF, 0xFF, 0xFF, 0xFF, 0xFF, 0x96, 0x7E, 0x4D, 0x15, 0x8F, 0x25, 0x6F, 0x25,
    0x6F, 0x25, 0x6F, 0x25, 0x6F, 0x25, 0x6F, 0x25, 0x6F, 0x25, 0x6F, 0x25, 0x6F, 0x25, 0x6F, 0x25, 0x6F, 0x25, 0x6F,
    0x25, 0x6F, 0x25, 0x6F, 0x25, 0x6F, 0x25, 0x6F, 0x25, 0x6F, 0x25, 0x6F, 0x25, 0x6F, 0x25, 0x6F, 0x25, 0x6F, 0x25,
    0x6F, 0x25, 0x6F, 0x25, 0x6F, 0x25, 0x6F, 0x25, 0x6F, 0x25, 0x6F, 0x25, 0x6F, 0x25, 0x6F, 0x25, 0x6F, 0x25, 0x6F,
    0x25, 0x6F, 0x25, 0x6F, 0x25, 0x6F, 0x25, 0x6F, 0x25, 0x6F, 0x25, 0x8F, 0x25, 0x4E, 0x25, 0xA7, 0x12, 0x46, 0x12,
    0x25, 0x0A, 0x05, 0x0A, 0xC4, 0x09, 0xA4, 0x09, 0x84, 0x09, 0x43, 0x09, 0x23, 0x09, 0x02, 0x01, 0xE2, 0x00, 0xC2,
    0x00, 0xA1, 0x00, 0xA1, 0x00, 0x81, 0x00, 0x61, 0x00, 0x40, 0x00, 0x40, 0x00, 0x20, 0x00, 0x20, 0x00, 0x20, 0x00,
    0x20, 0x00, 0x00, 0x00, 0x00, 0x00, 0x00, 0x00, 0x00, 0x00, 0x20, 0x00, 0x20, 0x00, 0x20, 0x00, 0x20, 0x00, 0x40,
    0x00, 0x40, 0x00, 0x61, 0x00, 0x81, 0x00, 0xA1, 0x00, 0xA1, 0x00, 0xC2, 0x00, 0xE2, 0x00, 0x02, 0x01, 0x23, 0x09,
    0x43, 0x09, 0x84, 0x09, 0xA4, 0x09, 0xC4, 0x09, 0x05, 0x0A, 0x25, 0x0A, 0x46, 0x12, 0xA7, 0x12, 0x4E, 0x25, 0x6F,
    0x25, 0x6F, 0x25, 0x6F, 0x25, 0x6F, 0x25, 0x6F, 0x25, 0x6F, 0x25, 0x6F, 0x25, 0x6F, 0x25, 0x6F, 0x25, 0x6F, 0x25,
    0x6F, 0x25, 0x6F, 0x25, 0x6F, 0x25, 0x6F, 0x25, 0x6F, 0x25, 0x6F, 0x25, 0x6F, 0x25, 0x6F, 0x25, 0x6F, 0x25, 0x6F,
    0x25, 0x6F, 0x25, 0x6F, 0x25, 0x6F, 0x25, 0x6F, 0x25, 0x6F, 0x25, 0x6F, 0x25, 0x6F, 0x25, 0x6F, 0x25, 0x6F, 0x25,
    0x6F, 0x25, 0x6F, 0x25, 0x6F, 0x25, 0x6F, 0x25, 0x6F, 0x25, 0x4E, 0x1D, 0x34, 0x66, 0xB7, 0x8E, 0x5B, 0xCF, 0xFF,
    0xFF, 0xFF, 0xFF, 0xFF, 0xFF, 0xFF, 0xFF, 0xFF, 0xFF, 0xFF, 0xFF, 0xFF, 0xFF, 0xFF, 0xFF, 0xFF, 0xFF, 0xFF, 0xFF,
    0xF9, 0xAE, 0x2D, 0x0D, 0x4E, 0x15, 0x4E, 0x15, 0x4E, 0x15, 0x4E, 0x1D, 0x4E, 0x1D, 0x4E, 0x1D, 0x4E, 0x1D, 0x4E,
    0x1D, 0x6E, 0x1D, 0x6E, 0x1D, 0x6E, 0x25, 0x6E, 0x25, 0x6E, 0x25, 0x6F, 0x25, 0x6F, 0x25, 0x6F, 0x25, 0x6F, 0x25,
    0x6F, 0x25, 0x6F, 0x25, 0x6F, 0x25, 0x6F, 0x25, 0x6F, 0x25, 0x6F, 0x25, 0x6F, 0x25, 0x6F, 0x25, 0x6F, 0x25, 0x6F,
    0x25, 0x6F, 0x25, 0x6F, 0x25, 0x6F, 0x25, 0x6F, 0x25, 0x6F, 0x25, 0x6F, 0x25, 0x6F, 0x25, 0x6F, 0x25, 0x6F, 0x25,
    0x6F, 0x25, 0x6F, 0x25, 0x6F, 0x25, 0x6F, 0x25, 0x6F, 0x25, 0x6F, 0x25, 0x6F, 0x25, 0x6F, 0x25, 0x6F, 0x25, 0x6F,
    0x25, 0x6F, 0x25, 0x6F, 0x25, 0x6F, 0x25, 0x6F, 0x25, 0x4E, 0x1D, 0x3A, 0xB7, 0xFF, 0xFF, 0xFF, 0xFF, 0xFF, 0xFF,
    0xFF, 0xFF, 0xFF, 0xFF, 0xFF, 0xFF, 0xFF, 0xFF, 0xFF, 0xFF, 0xFF, 0xFF, 0x9D, 0xDF, 0x6F, 0x25, 0x6F, 0x25, 0x6F,
    0x25, 0x6F, 0x25, 0x6F, 0x25, 0x6F, 0x25, 0x6F, 0x25, 0x6F, 0x25, 0x6F, 0x25, 0x6F, 0x25, 0x6F, 0x25, 0x6F, 0x25,
    0x6F, 0x25, 0x6F, 0x25, 0x6F, 0x25, 0x6F, 0x25, 0x6F, 0x25, 0x6F, 0x25, 0x6F, 0x25, 0x6F, 0x25, 0x6F, 0x25, 0x6F,
    0x25, 0x6F, 0x25, 0x6F, 0x25, 0x6F, 0x25, 0x6F, 0x25, 0x6F, 0x25, 0x6F, 0x25, 0x6F, 0x25, 0x6F, 0x25, 0x6F, 0x25,
    0x6F, 0x25, 0x6F, 0x25, 0x6F, 0x25, 0x6F, 0x25, 0x6F, 0x25, 0x6F, 0x25, 0x6F, 0x25, 0x4E, 0x25, 0xA7, 0x12, 0x46,
    0x12, 0x25, 0x0A, 0x05, 0x0A, 0xC4, 0x09, 0xA4, 0x09, 0x84, 0x09, 0x43, 0x09, 0x23, 0x09, 0x02, 0x01, 0xE2, 0x00,
    0xC2, 0x00, 0xA1, 0x00, 0xA1, 0x00, 0x81, 0x00, 0x61, 0x00, 0x40, 0x00, 0x40, 0x00, 0x20, 0x00, 0x20, 0x00, 0x20,
    0x00, 0x20, 0x00, 0x00, 0x00, 0x00, 0x00, 0x00, 0x00, 0x00, 0x00, 0x20, 0x00, 0x20, 0x00, 0x20, 0x00, 0x20, 0x00,
    0x40, 0x00, 0x40, 0x00, 0x61, 0x00, 0x81, 0x00, 0xA1, 0x00, 0xA1, 0x00, 0xC2, 0x00, 0xE2, 0x00, 0x02, 0x01, 0x23,
    0x09, 0x43, 0x09, 0x84, 0x09, 0xA4, 0x09, 0xC4, 0x09, 0x05, 0x0A, 0x25, 0x0A, 0x46, 0x12, 0xA7, 0x12, 0x4E, 0x25,
    0x6F, 0x25, 0x6F, 0x25, 0x6F, 0x25, 0x6F, 0x25, 0x6F, 0x25, 0x6F, 0x25, 0x6F, 0x25, 0x6F, 0x25, 0x6F, 0x25, 0x6F,
    0x25, 0x6F, 0x25, 0x6F, 0x25, 0x6F, 0x25, 0x6F, 0x25, 0x6F, 0x25, 0x6F, 0x25, 0x6F, 0x25, 0x6F, 0x25, 0x6F, 0x25,
    0x6F, 0x25, 0x6F, 0x25, 0x6F, 0x25, 0x6F, 0x25, 0x6F, 0x25, 0x6F, 0x25, 0x6F, 0x25, 0x6F, 0x25, 0x6F, 0x25, 0x6F,
    0x25, 0x6F, 0x25, 0x6F, 0x25, 0x6F, 0x25, 0x6F, 0x25, 0x6F, 0x25, 0x6F, 0x25, 0x4E, 0x15, 0x4D, 0x15, 0x7C, 0xCF,
    0xFF, 0xFF, 0xFF, 0xFF, 0xFF, 0xFF, 0xFF, 0xFF, 0xFF, 0xFF, 0xFF, 0xFF, 0xFF, 0xFF, 0xFF, 0xFF, 0xFF, 0xFF, 0xFF,
    0xFF, 0xD1, 0x4D, 0x4E, 0x1D, 0x8F, 0x2D, 0x6F, 0x25, 0x6F, 0x25, 0x6F, 0x25, 0x6F, 0x25, 0x6F, 0x25, 0x6F, 0x25,
    0x6F, 0x25, 0x6F, 0x25, 0x6F, 0x25, 0x6F, 0x25, 0x6F, 0x25, 0x6F, 0x25, 0x6F, 0x25, 0x6F, 0x25, 0x6F, 0x25, 0x6F,
    0x25, 0x6F, 0x25, 0x6F, 0x25, 0x6F, 0x25, 0x6F, 0x25, 0x6F, 0x25, 0x6F, 0x25, 0x6F, 0x25, 0x6F, 0x25, 0x6F, 0x25,
    0x6F, 0x25, 0x6F, 0x25, 0x6F, 0x25, 0x6F, 0x25, 0x6F, 0x25, 0x6F, 0x25, 0x6F, 0x25, 0x6F, 0x25, 0x6F, 0x25, 0x6F,
    0x25, 0x6F, 0x25, 0x6F, 0x25, 0x6F, 0x25, 0x6F, 0x25, 0x6F, 0x25, 0x6F, 0x25, 0x6F, 0x25, 0x6F, 0x25, 0x6F, 0x25,
    0x6F, 0x25, 0x6F, 0x25, 0x6F, 0x25, 0x6F, 0x25, 0x6F, 0x25, 0x4E, 0x1D, 0x13, 0x56, 0xFF, 0xFF, 0xFF, 0xFF, 0xFF,
    0xFF, 0xFF, 0xFF, 0xFF, 0xFF, 0xFF, 0xFF, 0xFF, 0xFF, 0xFF, 0xFF, 0xFF, 0xFF, 0xFF, 0xFF, 0x54, 0x76, 0x4D, 0x15,
    0x6F, 0x25, 0x6F, 0x25, 0x6F, 0x25, 0x6F, 0x25, 0x6F, 0x25, 0x6F, 0x25, 0x6F, 0x25, 0x6F, 0x25, 0x6F, 0x25, 0x6F,
    0x25, 0x6F, 0x25, 0x6F, 0x25, 0x6F, 0x25, 0x6F, 0x25, 0x6F, 0x25, 0x6F, 0x25, 0x6F, 0x25, 0x6F, 0x25, 0x6F, 0x25,
    0x6F, 0x25, 0x6F, 0x25, 0x6F, 0x25, 0x6F, 0x25, 0x6F, 0x25, 0x6F, 0x25, 0x6F, 0x25, 0x6F, 0x25, 0x6F, 0x25, 0x6F,
    0x25, 0x6F, 0x25, 0x6F, 0x25, 0x6F, 0x25, 0x6F, 0x25, 0x6F, 0x25, 0x6F, 0x25, 0x6F, 0x25, 0x4E, 0x25, 0xA7, 0x12,
    0x46, 0x12, 0x25, 0x0A, 0x05, 0x0A, 0xC4, 0x09, 0xA4, 0x09, 0x84, 0x09, 0x43, 0x09, 0x23, 0x09, 0x02, 0x01, 0xE2,
    0x00, 0xC2, 0x00, 0xA1, 0x00, 0xA1, 0x00, 0x81, 0x00, 0x61, 0x00, 0x40, 0x00, 0x40, 0x00, 0x20, 0x00, 0x20, 0x00,
    0x20, 0x00, 0x20, 0x00, 0x00, 0x00, 0x00, 0x00, 0x00, 0x00, 0x00, 0x00, 0x20, 0x00, 0x20, 0x00, 0x20, 0x00, 0x20,
    0x00, 0x40, 0x00, 0x40, 0x00, 0x61, 0x00, 0x81, 0x00, 0x81, 0x00, 0xA1, 0x00, 0xC2, 0x00, 0xE2, 0x00, 0x02, 0x01,
    0x23, 0x09, 0x43, 0x09, 0x83, 0x09, 0xA4, 0x09, 0xC4, 0x09, 0x05, 0x0A, 0x25, 0x0A, 0x46, 0x12, 0xA7, 0x12, 0x2E,
    0x25, 0x6F, 0x25, 0x6E, 0x25, 0x6E, 0x25, 0x6E, 0x25, 0x6E, 0x25, 0x6E, 0x25, 0x6E, 0x25, 0x6E, 0x25, 0x6E, 0x25,
    0x6E, 0x25, 0x6E, 0x25, 0x6E, 0x25, 0x6E, 0x25, 0x6E, 0x25, 0x6E, 0x25, 0x6E, 0x25, 0x6E, 0x25, 0x6E, 0x25, 0x6E,
    0x25, 0x6E, 0x25, 0x6E, 0x25, 0x6E, 0x25, 0x6E, 0x25, 0x6E, 0x25, 0x6E, 0x25, 0x6E, 0x25, 0x6E, 0x25, 0x6E, 0x25,
    0x6E, 0x25, 0x6E, 0x25, 0x6E, 0x25, 0x6E, 0x25, 0x6E, 0x25, 0x6E, 0x25, 0x6F, 0x25, 0x4E, 0x15, 0x75, 0x7E, 0xFF,
    0xFF, 0xFF, 0xFF, 0xFF, 0xFF, 0xFF, 0xFF, 0xFF, 0xFF, 0xFF, 0xFF, 0xFF, 0xFF, 0xFF, 0xFF, 0xFF, 0xFF, 0xFF, 0xFF,
    0x1A, 0xB7, 0x4E, 0x15, 0x6F, 0x25, 0x6E, 0x25, 0x6E, 0x25, 0x6E, 0x25, 0x6E, 0x25, 0x6E, 0x25, 0x6E, 0x25, 0x6E,
    0x25, 0x6E, 0x25, 0x6E, 0x25, 0x6E, 0x25, 0x6E, 0x25, 0x6E, 0x25, 0x6E, 0x25, 0x6E, 0x25, 0x6E, 0x25, 0x6E, 0x25,
    0x6E, 0x25, 0x6E, 0x25, 0x6E, 0x25, 0x6E, 0x25, 0x6E, 0x25, 0x6E, 0x25, 0x6E, 0x25, 0x6E, 0x25, 0x6E, 0x25, 0x6E,
    0x25, 0x6E, 0x25, 0x6E, 0x25, 0x6E, 0x25, 0x6E, 0x25, 0x6E, 0x25, 0x6E, 0x25, 0x6E, 0x25, 0x6E, 0x25, 0x6E, 0x25,
    0x6E, 0x25, 0x6E, 0x25, 0x6E, 0x25, 0x6E, 0x25, 0x6E, 0x25, 0x6E, 0x25, 0x6E, 0x25, 0x6E, 0x25, 0x6E, 0x25, 0x6E,
    0x25, 0x6E, 0x25, 0x6E, 0x25, 0x6E, 0x25, 0x6E, 0x25, 0x6E, 0x25, 0x6F, 0x25, 0x4E, 0x1D, 0x5B, 0xCF, 0xFF, 0xFF,
    0xFF, 0xFF, 0xFF, 0xFF, 0xFF, 0xFF, 0xFF, 0xFF, 0xFF, 0xFF, 0xFF, 0xFF, 0xFF, 0xFF, 0xFF, 0xFF, 0x7C, 0xD7, 0x6E,
    0x1D, 0x6E, 0x25, 0x6E, 0x25, 0x6E, 0x25, 0x6E, 0x25, 0x6E, 0x25, 0x6E, 0x25, 0x6E, 0x25, 0x6E, 0x25, 0x6E, 0x25,
    0x6E, 0x25, 0x6E, 0x25, 0x6E, 0x25, 0x6E, 0x25, 0x6E, 0x25, 0x6E, 0x25, 0x6E, 0x25, 0x6E, 0x25, 0x6E, 0x25, 0x6E,
    0x25, 0x6E, 0x25, 0x6E, 0x25, 0x6E, 0x25, 0x6E, 0x25, 0x6E, 0x25, 0x6E, 0x25, 0x6E, 0x25, 0x6E, 0x25, 0x6E, 0x25,
    0x6E, 0x25, 0x6E, 0x25, 0x6E, 0x25, 0x6E, 0x25, 0x6E, 0x25, 0x6E, 0x25, 0x6E, 0x25, 0x6F, 0x25, 0x2E, 0x25, 0xA7,
    0x12, 0x46, 0x12, 0x25, 0x0A, 0x05, 0x0A, 0xC4, 0x09, 0xA4, 0x09, 0x83, 0x09, 0x43, 0x09, 0x23, 0x09, 0x02, 0x01,
    0xE2, 0x00, 0xC2, 0x00, 0xA1, 0x00, 0x81, 0x00, 0x81, 0x00, 0x61, 0x00, 0x40, 0x00, 0x40, 0x00, 0x20, 0x00, 0x20,
    0x00, 0x20, 0x00, 0x20, 0x00, 0x00, 0x00, 0x00, 0x00, 0x00, 0x00, 0x00, 0x00, 0x20, 0x00, 0x20, 0x00, 0x20, 0x00,
    0x20, 0x00, 0x40, 0x00, 0x40, 0x00, 0x61, 0x00, 0x81, 0x00, 0x81, 0x00, 0xA1, 0x00, 0xC2, 0x00, 0xE2, 0x00, 0x02,
    0x01, 0x23, 0x09, 0x43, 0x09, 0x83, 0x09, 0xA4, 0x09, 0xC4, 0x09, 0x05, 0x0A, 0x25, 0x0A, 0x46, 0x12, 0xA7, 0x12,
    0x2E, 0x25, 0x6F, 0x25, 0x6E, 0x25, 0x6E, 0x25, 0x6E, 0x25, 0x6E, 0x25, 0x6E, 0x25, 0x6E, 0x25, 0x6E, 0x25, 0x6E,
    0x25, 0x6E, 0x25, 0x6E, 0x25, 0x6E, 0x25, 0x6E, 0x25, 0x6E, 0x25, 0x6E, 0x25, 0x6E, 0x25, 0x6E, 0x25, 0x6E, 0x25,
    0x6E, 0x25, 0x6E, 0x25, 0x6E, 0x25, 0x6E, 0x25, 0x6E, 0x25, 0x6E, 0x25, 0x6E, 0x25, 0x6E, 0x25, 0x6E, 0x25, 0x6E,
    0x25, 0x6E, 0x25, 0x6E, 0x25, 0x6E, 0x25, 0x6E, 0x25, 0x6E, 0x25, 0x6E, 0x25, 0x6E, 0x25, 0x6F, 0x25, 0x9D, 0xDF,
    0xFF, 0xFF, 0xFF, 0xFF, 0xFF, 0xFF, 0xFF, 0xFF, 0xFF, 0xFF, 0xFF, 0xFF, 0xFF, 0xFF, 0xFF, 0xFF, 0xFF, 0xFF, 0xFF,
    0xFF, 0xF2, 0x55, 0x4E, 0x1D, 0x6F, 0x25, 0x6E, 0x25, 0x6E, 0x25, 0x6E, 0x25, 0x6E, 0x25, 0x6E, 0x25, 0x6E, 0x25,
    0x6E, 0x25, 0x6E, 0x25, 0x6E, 0x25, 0x6E, 0x25, 0x6E, 0x25, 0x6E, 0x25, 0x6E, 0x25, 0x6E, 0x25, 0x6E, 0x25, 0x6E,
    0x25, 0x6E, 0x25, 0x6E, 0x25, 0x6E, 0x25, 0x6E, 0x25, 0x6E, 0x25, 0x6E, 0x25, 0x6E, 0x25, 0x6E, 0x25, 0x6E, 0x25,
    0x6E, 0x25, 0x6E, 0x25, 0x6E, 0x25, 0x6E, 0x25, 0x6E, 0x25, 0x6E, 0x25, 0x6E, 0x25, 0x6E, 0x25, 0x6E, 0x25, 0x6E,
    0x25, 0x6E, 0x25, 0x6E, 0x25, 0x6E, 0x25, 0x6E, 0x25, 0x6E, 0x25, 0x6E, 0x25, 0x6E, 0x25, 0x6E, 0x25, 0x6E, 0x25,
    0x6E, 0x25, 0x6E, 0x25, 0x6E, 0x25, 0x6E, 0x25, 0x6E, 0x25, 0x6E, 0x25, 0x6F, 0x25, 0x2D, 0x15, 0x34, 0x6E, 0xFF,
    0xFF, 0xFF, 0xFF, 0xFF, 0xFF, 0xFF, 0xFF, 0xFF, 0xFF, 0xFF, 0xFF, 0xFF, 0xFF, 0xFF, 0xFF, 0xFF, 0xFF, 0xFF, 0xFF,
    0x33, 0x66, 0x4E, 0x15, 0x6F, 0x25, 0x6E, 0x25, 0x6E, 0x25, 0x6E, 0x25, 0x6E, 0x25, 0x6E, 0x25, 0x6E, 0x25, 0x6E,
    0x25, 0x6E, 0x25, 0x6E, 0x25, 0x6E, 0x25, 0x6E, 0x25, 0x6E, 0x25, 0x6E, 0x25, 0x6E, 0x25, 0x6E, 0x25, 0x6E, 0x25,
    0x6E, 0x25, 0x6E, 0x25, 0x6E, 0x25, 0x6E, 0x25, 0x6E, 0x25, 0x6E, 0x25, 0x6E, 0x25, 0x6E, 0x25, 0x6E, 0x25, 0x6E,
    0x25, 0x6E, 0x25, 0x6E, 0x25, 0x6E, 0x25, 0x6E, 0x25, 0x6E, 0x25, 0x6E, 0x25, 0x6E, 0x25, 0x6F, 0x25, 0x2E, 0x25,
    0xA7, 0x12, 0x46, 0x12, 0x25, 0x0A, 0x05, 0x0A, 0xC4, 0x09, 0xA4, 0x09, 0x83, 0x09, 0x43, 0x09, 0x23, 0x09, 0x02,
    0x01, 0xE2, 0x00, 0xC2, 0x00, 0xA1, 0x00, 0x81, 0x00, 0x81, 0x00, 0x61, 0x00, 0x40, 0x00, 0x40, 0x00, 0x20, 0x00,
    0x20, 0x00, 0x20, 0x00, 0x20, 0x00, 0x00, 0x00, 0x00, 0x00, 0x00, 0x00, 0x00, 0x00, 0x20, 0x00, 0x20, 0x00, 0x20,
    0x00, 0x20, 0x00, 0x40, 0x00, 0x40, 0x00, 0x61, 0x00, 0x81, 0x00, 0x81, 0x00, 0xA1, 0x00, 0xC2, 0x00, 0xE2, 0x00,
    0x02, 0x01, 0x23, 0x09, 0x43, 0x09, 0x83, 0x09, 0xA4, 0x09, 0xC4, 0x09, 0xE5, 0x09, 0x25, 0x0A, 0x46, 0x12, 0xA7,
    0x12, 0x2E, 0x25, 0x6E, 0x25, 0x6E, 0x25, 0x6E, 0x25, 0x6E, 0x25, 0x6E, 0x25, 0x6E, 0x25, 0x6E, 0x25, 0x6E, 0x25,
    0x6E, 0x25, 0x6E, 0x25, 0x6E, 0x25, 0x6E, 0x25, 0x6E, 0x25, 0x6E, 0x25, 0x6E, 0x25, 0x6E, 0x25, 0x6E, 0x25, 0x6E,
    0x25, 0x6E, 0x25, 0x6E, 0x25, 0x6E, 0x25, 0x6E, 0x25, 0x6E, 0x25, 0x6E, 0x25, 0x6E, 0x25, 0x6E, 0x25, 0x6E, 0x25,
    0x6E, 0x25, 0x6E, 0x25, 0x6E, 0x25, 0x6E, 0x25, 0x6E, 0x25, 0x6E, 0x25, 0x6F, 0x25, 0x2D, 0x15, 0x75, 0x7E, 0xFF,
    0xFF, 0xFF, 0xFF, 0xFF, 0xFF, 0xFF, 0xFF, 0xFF, 0xFF, 0xFF, 0xFF, 0xFF, 0xFF, 0xFF, 0xFF, 0xFF, 0xFF, 0xFF, 0xFF,
    0x3A, 0xBF, 0x4E, 0x1D, 0x6F, 0x25, 0x6E, 0x25, 0x6E, 0x25, 0x6E, 0x25, 0x6E, 0x25, 0x6E, 0x25, 0x6E, 0x25, 0x6E,
    0x25, 0x6E, 0x25, 0x6E, 0x25, 0x6E, 0x25, 0x6E, 0x25, 0x6E, 0x25, 0x6E, 0x25, 0x6E, 0x25, 0x6E, 0x25, 0x6E, 0x25,
    0x6E, 0x25, 0x6E, 0x25, 0x6E, 0x25, 0x6E, 0x25, 0x6E, 0x25, 0x6E, 0x25, 0x6E, 0x25, 0x6E, 0x25, 0x6E, 0x25, 0x6E,
    0x25, 0x6E, 0x25, 0x6E, 0x25, 0x6E, 0x25, 0x6E, 0x25, 0x6E, 0x25, 0x6E, 0x25, 0x6E, 0x25, 0x6E, 0x25, 0x6E, 0x25,
    0x6E, 0x25, 0x6E, 0x25, 0x6E, 0x25, 0x6E, 0x25, 0x6E, 0x25, 0x6E, 0x25, 0x6E, 0x25, 0x6E, 0x25, 0x6E, 0x25, 0x6E,
    0x25, 0x6E, 0x25, 0x6E, 0x25, 0x6E, 0x25, 0x6E, 0x25, 0x6E, 0x25, 0x6E, 0x25, 0x6E, 0x25, 0x6E, 0x25, 0x6E, 0x25,
    0x9D, 0xDF, 0xFF, 0xFF, 0xFF, 0xFF, 0xFF, 0xFF, 0xFF, 0xFF, 0xFF, 0xFF, 0xFF, 0xFF, 0xFF, 0xFF, 0xFF, 0xFF, 0xFF,
    0xFF, 0x5B, 0xC7, 0x4E, 0x1D, 0x6E, 0x25, 0x6E, 0x25, 0x6E, 0x25, 0x6E, 0x25, 0x6E, 0x25, 0x6E, 0x25, 0x6E, 0x25,
    0x6E, 0x25, 0x6E, 0x25, 0x6E, 0x25, 0x6E, 0x25, 0x6E, 0x25, 0x6E, 0x25, 0x6E, 0x25, 0x6E, 0x25, 0x6E, 0x25, 0x6E,
    0x25, 0x6E, 0x25, 0x6E, 0x25, 0x6E, 0x25, 0x6E, 0x25, 0x6E, 0x25, 0x6E, 0x25, 0x6E, 0x25, 0x6E, 0x25, 0x6E, 0x25,
    0x6E, 0x25, 0x6E, 0x25, 0x6E, 0x25, 0x6E, 0x25, 0x6E, 0x25, 0x6E, 0x25, 0x6E, 0x25, 0x6E, 0x25, 0x6E, 0x25, 0x2E,
    0x25, 0xA7, 0x12, 0x46, 0x12, 0x25, 0x0A, 0xE5, 0x09, 0xC4, 0x09, 0xA4, 0x09, 0x83, 0x09, 0x43, 0x09, 0x23, 0x09,
    0x02, 0x01, 0xE2, 0x00, 0xC2, 0x00, 0xA1, 0x00, 0x81, 0x00, 0x81, 0x00, 0x61, 0x00, 0x40, 0x00, 0x40, 0x00, 0x20,
    0x00, 0x20, 0x00, 0x20, 0x00, 0x20, 0x00, 0x00, 0x00, 0x00, 0x00, 0x00, 0x00, 0x00, 0x00, 0x20, 0x00, 0x20, 0x00,
    0x20, 0x00, 0x20, 0x00, 0x40, 0x00, 0x40, 0x00, 0x61, 0x00, 0x81, 0x00, 0x81, 0x00, 0xA1, 0x00, 0xC2, 0x00, 0xE2,
    0x00, 0x02, 0x01, 0x23, 0x09, 0x43, 0x09, 0x63, 0x09, 0xA4, 0x09, 0xC4, 0x09, 0xE5, 0x09, 0x25, 0x0A, 0x46, 0x12,
    0xA7, 0x12, 0x2E, 0x25, 0x6E, 0x25, 0x4E, 0x25, 0x4E, 0x25, 0x4E, 0x25, 0x4E, 0x25, 0x4E, 0x25, 0x4E, 0x25, 0x4E,
    0x25, 0x4E, 0x25, 0x4E, 0x25, 0x4E, 0x25, 0x4E, 0x25, 0x4E, 0x25, 0x4E, 0x25, 0x4E, 0x25, 0x4E, 0x25, 0x4E, 0x25,
    0x4E, 0x25, 0x4E, 0x25, 0x4E, 0x25, 0x4E, 0x25, 0x4E, 0x25, 0x4E, 0x25, 0x4E, 0x25, 0x4E, 0x25, 0x4E, 0x25, 0x4E,
    0x25, 0x4E, 0x25, 0x4E, 0x25, 0x4E, 0x25, 0x4E, 0x25, 0x4E, 0x25, 0x4E, 0x25, 0x4E, 0x25, 0x6F, 0x25, 0x9D, 0xE7,
    0xFF, 0xFF, 0xFF, 0xFF, 0xFF, 0xFF, 0xFF, 0xFF, 0xFF, 0xFF, 0xFF, 0xFF, 0xFF, 0xFF, 0xFF, 0xFF, 0xFF, 0xFF, 0xFF,
    0xFF, 0xF2, 0x55, 0x2E, 0x15, 0x6E, 0x25, 0x4E, 0x25, 0x4E, 0x25, 0x4E, 0x25, 0x4E, 0x25, 0x4E, 0x25, 0x4E, 0x25,
    0x4E, 0x25, 0x4E, 0x25, 0x4E, 0x25, 0x4E, 0x25, 0x4E, 0x25, 0x4E, 0x25, 0x4E, 0x25, 0x4E, 0x25, 0x4E, 0x25, 0x4E,
    0x25, 0x4E, 0x25, 0x4E, 0x25, 0x4E, 0x25, 0x4E, 0x25, 0x4E, 0x25, 0x4E, 0x25, 0x4E, 0x25, 0x4E, 0x25, 0x4E, 0x25,
    0x4E, 0x25, 0x4E, 0x25, 0x4E, 0x25, 0x4E, 0x25, 0x4E, 0x25, 0x4E, 0x25, 0x4E, 0x25, 0x4E, 0x25, 0x4E, 0x25, 0x4E,
    0x25, 0x4E, 0x25, 0x4E, 0x25, 0x4E, 0x25, 0x4E, 0x25, 0x4E, 0x25, 0x4E, 0x25, 0x4E, 0x25, 0x4E, 0x25, 0x4E, 0x25,
    0x4E, 0x25, 0x4E, 0x25, 0x4E, 0x25, 0x4E, 0x25, 0x4E, 0x25, 0x4E, 0x25, 0x4E, 0x25, 0x4E, 0x25, 0x6F, 0x25, 0x2D,
    0x15, 0x75, 0x7E, 0xFF, 0xFF, 0xFF, 0xFF, 0xFF, 0xFF, 0xFF, 0xFF, 0xFF, 0xFF, 0xFF, 0xFF, 0xFF, 0xFF, 0xFF, 0xFF,
    0xFF, 0xFF, 0xFF, 0xFF, 0xF2, 0x5D, 0x2D, 0x15, 0x6F, 0x25, 0x4E, 0x25, 0x4E, 0x25, 0x4E, 0x25, 0x4E, 0x25, 0x4E,
    0x25, 0x4E, 0x25, 0x4E, 0x25, 0x4E, 0x25, 0x4E, 0x25, 0x4E, 0x25, 0x4E, 0x25, 0x4E, 0x25, 0x4E, 0x25, 0x4E, 0x25,
    0x4E, 0x25, 0x4E, 0x25, 0x4E, 0x25, 0x4E, 0x25, 0x4E, 0x25, 0x4E, 0x25, 0x4E, 0x25, 0x4E, 0x25, 0x4E, 0x25, 0x4E,
    0x25, 0x4E, 0x25, 0x4E, 0x25, 0x4E, 0x25, 0x4E, 0x25, 0x4E, 0x25, 0x4E, 0x25, 0x4E, 0x25, 0x4E, 0x25, 0x6E, 0x25,
    0x2E, 0x25, 0xA7, 0x12, 0x46, 0x12, 0x25, 0x0A, 0xE5, 0x09, 0xC4, 0x09, 0xA4, 0x09, 0x63, 0x09, 0x43, 0x09, 0x23,
    0x09, 0x02, 0x01, 0xE2, 0x00, 0xC2, 0x00, 0xA1, 0x00, 0x81, 0x00, 0x81, 0x00, 0x61, 0x00, 0x40, 0x00, 0x40, 0x00,
    0x20, 0x00, 0x20, 0x00, 0x20, 0x00, 0x20, 0x00, 0x00, 0x00, 0x00, 0x00, 0x00, 0x00, 0x00, 0x00, 0x20, 0x00, 0x20,
    0x00, 0x20, 0x00, 0x20, 0x00, 0x40, 0x00, 0x40, 0x00, 0x61, 0x00, 0x81, 0x00, 0x81, 0x00, 0xA1, 0x00, 0xC2, 0x00,
    0xE2, 0x00, 0x02, 0x01, 0x23, 0x09, 0x43, 0x09, 0x63, 0x09, 0xA4, 0x09, 0xC4, 0x09, 0xE5, 0x09, 0x25, 0x0A, 0x46,
    0x0A, 0xA7, 0x12, 0x2E, 0x25, 0x6E, 0x25, 0x4E, 0x25, 0x4E, 0x25, 0x4E, 0x25, 0x4E, 0x25, 0x4E, 0x25, 0x4E, 0x25,
    0x4E, 0x25, 0x4E, 0x25, 0x4E, 0x25, 0x4E, 0x25, 0x4E, 0x25, 0x4E, 0x25, 0x4E, 0x25, 0x4E, 0x25, 0x4E, 0x25, 0x4E,
    0x25, 0x4E, 0x25, 0x4E, 0x25, 0x4E, 0x25, 0x4E, 0x25, 0x4E, 0x25, 0x4E, 0x25, 0x4E, 0x25, 0x4E, 0x25, 0x4E, 0x25,
    0x4E, 0x25, 0x4E, 0x25, 0x4E, 0x25, 0x4E, 0x25, 0x4E, 0x25, 0x4E, 0x25, 0x6F, 0x25, 0x2D, 0x15, 0x75, 0x7E, 0xFF,
    0xFF, 0xFF, 0xFF, 0xFF, 0xFF, 0xFF, 0xFF, 0xFF, 0xFF, 0xFF, 0xFF, 0xFF, 0xFF, 0xFF, 0xFF, 0xFF, 0xFF, 0xFF, 0xFF,
    0x3B, 0xC7, 0x2E, 0x1D, 0x4E, 0x25, 0x4E, 0x25, 0x4E, 0x25, 0x4E, 0x25, 0x4E, 0x25, 0x4E, 0x25, 0x4E, 0x25, 0x4E,
    0x25, 0x4E, 0x25, 0x4E, 0x25, 0x4E, 0x25, 0x4E, 0x25, 0x4E, 0x25, 0x4E, 0x25, 0x4E, 0x25, 0x4E, 0x25, 0x4E, 0x25,
    0x4E, 0x25, 0x4E, 0x25, 0x4E, 0x25, 0x4E, 0x25, 0x4E, 0x25, 0x4E, 0x25, 0x4E, 0x25, 0x4E, 0x25, 0x4E, 0x25, 0x4E,
    0x25, 0x4E, 0x25, 0x4E, 0x25, 0x4E, 0x25, 0x4E, 0x25, 0x4E, 0x25, 0x4E, 0x25, 0x4E, 0x25, 0x4E, 0x25, 0x4E, 0x25,
    0x4E, 0x25, 0x4E, 0x25, 0x4E, 0x25, 0x4E, 0x25, 0x4E, 0x25, 0x4E, 0x25, 0x4E, 0x25, 0x4E, 0x25, 0x4E, 0x25, 0x4E,
    0x25, 0x4E, 0x25, 0x4E, 0x25, 0x4E, 0x25, 0x4E, 0x25, 0x4E, 0x25, 0x4E, 0x25, 0x4E, 0x25, 0x4E, 0x25, 0x4E, 0x25,
    0x4E, 0x25, 0x6F, 0x2D, 0xBE, 0xEF, 0xFF, 0xFF, 0xFF, 0xFF, 0xFF, 0xFF, 0xFF, 0xFF, 0xFF, 0xFF, 0xFF, 0xFF, 0xFF,
    0xFF, 0xFF, 0xFF, 0xFF, 0xFF, 0x3A, 0xBF, 0x2E, 0x1D, 0x6E, 0x25, 0x4E, 0x25, 0x4E, 0x25, 0x4E, 0x25, 0x4E, 0x25,
    0x4E, 0x25, 0x4E, 0x25, 0x4E, 0x25, 0x4E, 0x25, 0x4E, 0x25, 0x4E, 0x25, 0x4E, 0x25, 0x4E, 0x25, 0x4E, 0x25, 0x4E,
    0x25, 0x4E, 0x25, 0x4E, 0x25, 0x4E, 0x25, 0x4E, 0x25, 0x4E, 0x25, 0x4E, 0x25, 0x4E, 0x25, 0x4E, 0x25, 0x4E, 0x25,
    0x4E, 0x25, 0x4E, 0x25, 0x4E, 0x25, 0x4E, 0x25, 0x4E, 0x25, 0x4E, 0x25, 0x4E, 0x25, 0x4E, 0x25, 0x4E, 0x25, 0x6E,
    0x25, 0x2E, 0x25, 0xA7, 0x12, 0x46, 0x0A, 0x25, 0x0A, 0xE5, 0x09, 0xC4, 0x09, 0xA4, 0x09, 0x63, 0x09, 0x43, 0x09,
    0x23, 0x09, 0x02, 0x01, 0xE2, 0x00, 0xC2, 0x00, 0xA1, 0x00, 0x81, 0x00, 0x81, 0x00, 0x61, 0x00, 0x40, 0x00, 0x40,
    0x00, 0x20, 0x00, 0x20, 0x00, 0x20, 0x00, 0x20, 0x00, 0x00, 0x00, 0x00, 0x00, 0x00, 0x00, 0x00, 0x00, 0x20, 0x00,
    0x20, 0x00, 0x20, 0x00, 0x20, 0x00, 0x40, 0x00, 0x40, 0x00, 0x61, 0x00, 0x81, 0x00, 0x81, 0x00, 0xA1, 0x00, 0xC2,
    0x00, 0xE2, 0x00, 0x02, 0x01, 0x23, 0x01, 0x43, 0x09, 0x63, 0x09, 0x84, 0x09, 0xC4, 0x09, 0xE5, 0x09, 0x25, 0x0A,
    0x46, 0x0A, 0xA7, 0x12, 0x2E, 0x25, 0x4E, 0x25, 0x4E, 0x25, 0x4E, 0x25, 0x4E, 0x25, 0x4E, 0x25, 0x4E, 0x25, 0x4E,
    0x25, 0x4E, 0x25, 0x4E, 0x25, 0x4E, 0x25, 0x4E, 0x25, 0x4E, 0x25, 0x4E, 0x25, 0x4E, 0x25, 0x4E, 0x25, 0x4E, 0x25,
    0x4E, 0x25, 0x4E, 0x25, 0x4E, 0x25, 0x4E, 0x25, 0x4E, 0x25, 0x4E, 0x25, 0x4E, 0x25, 0x4E, 0x25, 0x4E, 0x25, 0x4E,
    0x25, 0x4E, 0x25, 0x4E, 0x25, 0x4E, 0x25, 0x4E, 0x25, 0x4E, 0x25, 0x4E, 0x25, 0x4E, 0x1D, 0x6F, 0x2D, 0xBD, 0xE7,
    0xFF, 0xFF, 0xFF, 0xFF, 0xFF, 0xFF, 0xFF, 0xFF, 0xFF, 0xFF, 0xFF, 0xFF, 0xFF, 0xFF, 0xFF, 0xFF, 0xFF, 0xFF, 0xFF,
    0xFF, 0xF2, 0x5D, 0x2D, 0x15, 0x4E, 0x25, 0x4E, 0x25, 0x4E, 0x25, 0x4E, 0x25, 0x4E, 0x25, 0x4E, 0x25, 0x4E, 0x25,
    0x4E, 0x25, 0x4E, 0x25, 0x4E, 0x25, 0x4E, 0x25, 0x4E, 0x25, 0x4E, 0x25, 0x4E, 0x25, 0x4E, 0x25, 0x4E, 0x25, 0x4E,
    0x25, 0x4E, 0x25, 0x4E, 0x25, 0x4E, 0x25, 0x4E, 0x25, 0x4E, 0x25, 0x4E, 0x25, 0x4E, 0x25, 0x4E, 0x25, 0x4E, 0x25,
    0x4E, 0x25, 0x4E, 0x25, 0x4E, 0x25, 0x4E, 0x25, 0x4E, 0x25, 0x4E, 0x25, 0x4E, 0x25, 0x4E, 0x25, 0x4E, 0x25, 0x4E,
    0x25, 0x4E, 0x25, 0x4E, 0x25, 0x4E, 0x25, 0x4E, 0x25, 0x4E, 0x25, 0x4E, 0x25, 0x4E, 0x25, 0x4E, 0x25, 0x4E, 0x25,
    0x4E, 0x25, 0x4E, 0x25, 0x4E, 0x25, 0x4E, 0x25, 0x4E, 0x25, 0x4E, 0x25, 0x4E, 0x25, 0x4E, 0x25, 0x4E, 0x25, 0x4E,
    0x25, 0x4E, 0x25, 0x2D, 0x15, 0xB7, 0x96, 0xFF, 0xFF, 0xFF, 0xFF, 0xFF, 0xFF, 0xFF, 0xFF, 0xFF, 0xFF, 0xFF, 0xFF,
    0xFF, 0xFF, 0xFF, 0xFF, 0xFF, 0xFF, 0xFF, 0xFF, 0xF2, 0x4D, 0x2D, 0x1D, 0x4E, 0x25, 0x4E, 0x25, 0x4E, 0x25, 0x4E,
    0x25, 0x4E, 0x25, 0x4E, 0x25, 0x4E, 0x25, 0x4E, 0x25, 0x4E, 0x25, 0x4E, 0x25, 0x4E, 0x25, 0x4E, 0x25, 0x4E, 0x25,
    0x4E, 0x25, 0x4E, 0x25, 0x4E, 0x25, 0x4E, 0x25, 0x4E, 0x25, 0x4E, 0x25, 0x4E, 0x25, 0x4E, 0x25, 0x4E, 0x25, 0x4E,
    0x25, 0x4E, 0x25, 0x4E, 0x25, 0x4E, 0x25, 0x4E, 0x25, 0x4E, 0x25, 0x4E, 0x25, 0x4E, 0x25, 0x4E, 0x25, 0x4E, 0x25,
    0x4E, 0x25, 0x2E, 0x25, 0xA7, 0x12, 0x46, 0x0A, 0x25, 0x0A, 0xE5, 0x09, 0xC4, 0x09, 0x84, 0x09, 0x63, 0x09, 0x43,
    0x09, 0x23, 0x01, 0x02, 0x01, 0xE2, 0x00, 0xC2, 0x00, 0xA1, 0x00, 0x81, 0x00, 0x81, 0x00, 0x61, 0x00, 0x40, 0x00,
    0x40, 0x00, 0x20, 0x00, 0x20, 0x00, 0x20, 0x00, 0x20, 0x00, 0x00, 0x00, 0x00, 0x00, 0x00, 0x00, 0x00, 0x00, 0x20,
    0x00, 0x20, 0x00, 0x20, 0x00, 0x20, 0x00, 0x40, 0x00, 0x40, 0x00, 0x61, 0x00, 0x81, 0x00, 0x81, 0x00, 0xA1, 0x00,
    0xC2, 0x00, 0xE2, 0x00, 0x02, 0x01, 0x23, 0x01, 0x43, 0x09, 0x63, 0x09, 0x84, 0x09, 0xC4, 0x09, 0xE5, 0x09, 0x25,
    0x0A, 0x46, 0x0A, 0xA7, 0x12, 0x2E, 0x25, 0x4E, 0x25, 0x4E, 0x25, 0x4E, 0x25, 0x4E, 0x25, 0x4E, 0x25, 0x4E, 0x25,
    0x4E, 0x25, 0x4E, 0x25, 0x4E, 0x25, 0x4E, 0x25, 0x4E, 0x25, 0x4E, 0x25, 0x4E, 0x25, 0x4E, 0x25, 0x4E, 0x25, 0x4E,
    0x25, 0x4E, 0x25, 0x4E, 0x25, 0x4E, 0x25, 0x4E, 0x25, 0x4E, 0x25, 0x4E, 0x25, 0x4E, 0x25, 0x4E, 0x25, 0x4E, 0x25,
    0x4E, 0x25, 0x4E, 0x25, 0x4E, 0x25, 0x4E, 0x25, 0x4E, 0x25, 0x4E, 0x25, 0x4E, 0x25, 0x2D, 0x15, 0x96, 0x86, 0xFF,
    0xFF, 0xFF, 0xFF, 0xFF, 0xFF, 0xFF, 0xFF, 0xFF, 0xFF, 0xFF, 0xFF, 0xFF, 0xFF, 0xFF, 0xFF, 0xFF, 0xFF, 0xFF, 0xFF,
    0x5B, 0xC7, 0x2E, 0x1D, 0x4E, 0x25, 0x4E, 0x25, 0x4E, 0x25, 0x4E, 0x25, 0x4E, 0x25, 0x4E, 0x25, 0x4E, 0x25, 0x4E,
    0x25, 0x4E, 0x25, 0x4E, 0x25, 0x4E, 0x25, 0x4E, 0x25, 0x4E, 0x25, 0x4E, 0x25, 0x4E, 0x25, 0x4E, 0x25, 0x4E, 0x25,
    0x4E, 0x25, 0x4E, 0x25, 0x4E, 0x25, 0x4E, 0x25, 0x4E, 0x25, 0x4E, 0x25, 0x4E, 0x25, 0x4E, 0x25, 0x4E, 0x25, 0x4E,
    0x25, 0x4E, 0x25, 0x4E, 0x25, 0x4E, 0x25, 0x4E, 0x25, 0x4E, 0x25, 0x4E, 0x25, 0x4E, 0x25, 0x4E, 0x25, 0x4E, 0x25,
    0x4E, 0x25, 0x4E, 0x25, 0x4E, 0x25, 0x4E, 0x25, 0x4E, 0x25, 0x4E, 0x25, 0x4E, 0x25, 0x4E, 0x25, 0x4E, 0x25, 0x4E,
    0x25, 0x4E, 0x25, 0x4E, 0x25, 0x4E, 0x25, 0x4E, 0x25, 0x4E, 0x25, 0x4E, 0x25, 0x4E, 0x25, 0x4E, 0x25, 0x4E, 0x25,
    0x4E, 0x25, 0x4E, 0x25, 0x4E, 0x1D, 0x90, 0x3D, 0xDF, 0xF7, 0xFF, 0xFF, 0xFF, 0xFF, 0xFF, 0xFF, 0xFF, 0xFF, 0xFF,
    0xFF, 0xFF, 0xFF, 0xFF, 0xFF, 0xFF, 0xFF, 0xFF, 0xFF, 0x1A, 0xB7, 0x2D, 0x15, 0x4E, 0x25, 0x4E, 0x25, 0x4E, 0x25,
    0x4E, 0x25, 0x4E, 0x25, 0x4E, 0x25, 0x4E, 0x25, 0x4E, 0x25, 0x4E, 0x25, 0x4E, 0x25, 0x4E, 0x25, 0x4E, 0x25, 0x4E,
    0x25, 0x4E, 0x25, 0x4E, 0x25, 0x4E, 0x25, 0x4E, 0x25, 0x4E, 0x25, 0x4E, 0x25, 0x4E, 0x25, 0x4E, 0x25, 0x4E, 0x25,
    0x4E, 0x25, 0x4E, 0x25, 0x4E, 0x25, 0x4E, 0x25, 0x4E, 0x25, 0x4E, 0x25, 0x4E, 0x25, 0x4E, 0x25, 0x4E, 0x25, 0x4E,
    0x25, 0x4E, 0x25, 0x2E, 0x25, 0xA7, 0x12, 0x46, 0x0A, 0x25, 0x0A, 0xE5, 0x09, 0xC4, 0x09, 0x84, 0x09, 0x63, 0x09,
    0x43, 0x09, 0x23, 0x01, 0x02, 0x01, 0xE2, 0x00, 0xC2, 0x00, 0xA1, 0x00, 0x81, 0x00, 0x81, 0x00, 0x61, 0x00, 0x40,
    0x00, 0x40, 0x00, 0x20, 0x00, 0x20, 0x00, 0x20, 0x00, 0x20, 0x00, 0x00, 0x00, 0x00, 0x00, 0x00, 0x00, 0x00, 0x00,
    0x20, 0x00, 0x20, 0x00, 0x20, 0x00, 0x20, 0x00, 0x40, 0x00, 0x40, 0x00, 0x61, 0x00, 0x61, 0x00, 0x81, 0x00, 0xA1,
    0x00, 0xC2, 0x00, 0xE2, 0x00, 0x02, 0x01, 0x23, 0x01, 0x43, 0x09, 0x63, 0x09, 0x84, 0x09, 0xC4, 0x09, 0xE5, 0x09,
    0x05, 0x0A, 0x25, 0x0A, 0xA7, 0x12, 0x0E, 0x25, 0x4E, 0x25, 0x4E, 0x25, 0x4E, 0x25, 0x4E, 0x25, 0x4E, 0x25, 0x4E,
    0x25, 0x4E, 0x25, 0x4E, 0x25, 0x4E, 0x25, 0x4E, 0x25, 0x4E, 0x25, 0x4E, 0x25, 0x4E, 0x25, 0x4E, 0x25, 0x4E, 0x25,
    0x4E, 0x25, 0x4E, 0x25, 0x4E, 0x25, 0x4E, 0x25, 0x4E, 0x25, 0x4E, 0x25, 0x4E, 0x25, 0x4E, 0x25, 0x4E, 0x25, 0x4E,
    0x25, 0x4E, 0x25, 0x4E, 0x25, 0x4E, 0x25, 0x4E, 0x25, 0x4E, 0x25, 0x4E, 0x25, 0x4E, 0x1D, 0x6F, 0x2D, 0xBE, 0xEF,
    0xFF, 0xFF, 0xFF, 0xFF, 0xFF, 0xFF, 0xFF, 0xFF, 0xFF, 0xFF, 0xFF, 0xFF, 0xFF, 0xFF, 0xFF, 0xFF, 0xFF, 0xFF, 0xFF,
    0xFF, 0xF3, 0x5D, 0x2D, 0x15, 0x4E, 0x25, 0x4E, 0x25, 0x4E, 0x25, 0x4E, 0x25, 0x4E, 0x25, 0x4E, 0x25, 0x4E, 0x25,
    0x4E, 0x25, 0x4E, 0x25, 0x4E, 0x25, 0x4E, 0x25, 0x4E, 0x25, 0x4E, 0x25, 0x4E, 0x25, 0x4E, 0x25, 0x4E, 0x25, 0x4E,
    0x25, 0x4E, 0x25, 0x4E, 0x25, 0x4E, 0x25, 0x4E, 0x25, 0x4E, 0x25, 0x4E, 0x25, 0x4E, 0x25, 0x4E, 0x25, 0x4E, 0x25,
    0x4E, 0x25, 0x4E, 0x25, 0x4E, 0x25, 0x4E, 0x25, 0x4E, 0x25, 0x4E, 0x25, 0x4E, 0x25, 0x4E, 0x25, 0x4E, 0x25, 0x4E,
    0x25, 0x4E, 0x25, 0x4E, 0x25, 0x4E, 0x25, 0x4E, 0x25, 0x4E, 0x25, 0x4E, 0x25, 0x4E, 0x25, 0x4E, 0x25, 0x4E, 0x25,
    0x4E, 0x25, 0x4E, 0x25, 0x4E, 0x25, 0x4E, 0x25, 0x4E, 0x25, 0x4E, 0x25, 0x4E, 0x25, 0x4E, 0x25, 0x4E, 0x25, 0x4E,
    0x25, 0x4E, 0x25, 0x4E, 0x25, 0x4E, 0x25, 0x2D, 0x15, 0xF9, 0xA6, 0xFF, 0xFF, 0xFF, 0xFF, 0xFF, 0xFF, 0xFF, 0xFF,
    0xFF, 0xFF, 0xFF, 0xFF, 0xFF, 0xFF, 0xFF, 0xFF, 0xFF, 0xFF, 0xFF, 0xFF, 0xD1, 0x4D, 0x2E, 0x1D, 0x4E, 0x25, 0x4E,
    0x25, 0x4E, 0x25, 0x4E, 0x25, 0x4E, 0x25, 0x4E, 0x25, 0x4E, 0x25, 0x4E, 0x25, 0x4E, 0x25, 0x4E, 0x25, 0x4E, 0x25,
    0x4E, 0x25, 0x4E, 0x25, 0x4E, 0x25, 0x4E, 0x25, 0x4E, 0x25, 0x4E, 0x25, 0x4E, 0x25, 0x4E, 0x25, 0x4E, 0x25, 0x4E,
    0x25, 0x4E, 0x25, 0x4E, 0x25, 0x4E, 0x25, 0x4E, 0x25, 0x4E, 0x25, 0x4E, 0x25, 0x4E, 0x25, 0x4E, 0x25, 0x4E, 0x25,
    0x4E, 0x25, 0x4E, 0x25, 0x0E, 0x25, 0xA7, 0x12, 0x25, 0x0A, 0x05, 0x0A, 0xE5, 0x09, 0xC4, 0x09, 0x84, 0x09, 0x63,
    0x09, 0x43, 0x09, 0x23, 0x01, 0x02, 0x01, 0xE2, 0x00, 0xC2, 0x00, 0xA1, 0x00, 0x81, 0x00, 0x61, 0x00, 0x61, 0x00,
    0x40, 0x00, 0x40, 0x00, 0x20, 0x00, 0x20, 0x00, 0x20, 0x00, 0x20, 0x00, 0x00, 0x00, 0x00, 0x00, 0x00, 0x00, 0x00,
    0x00, 0x00, 0x00, 0x20, 0x00, 0x20, 0x00, 0x20, 0x00, 0x40, 0x00, 0x40, 0x00, 0x61, 0x00, 0x61, 0x00, 0x81, 0x00,
    0xA1, 0x00, 0xC2, 0x00, 0xC2, 0x00, 0x02, 0x01, 0x23, 0x01, 0x43, 0x09, 0x63, 0x09, 0x84, 0x09, 0xA4, 0x09, 0xE5,
    0x09, 0x05, 0x0A, 0x25, 0x0A, 0xA7, 0x12, 0x0E, 0x25, 0x4E, 0x25, 0x4E, 0x25, 0x4E, 0x25, 0x4E, 0x25, 0x4E, 0x25,
    0x4E, 0x25, 0x4E, 0x25, 0x4E, 0x25, 0x4E, 0x25, 0x4E, 0x25, 0x4E, 0x25, 0x4E, 0x25, 0x4E, 0x25, 0x4E, 0x25, 0x4E,
    0x25, 0x4E, 0x25, 0x4E, 0x25, 0x4E, 0x25, 0x4E, 0x25, 0x4E, 0x25, 0x4E, 0x25, 0x4E, 0x25, 0x4E, 0x25, 0x4E, 0x25,
    0x4E, 0x25, 0x4E, 0x25, 0x4E, 0x25, 0x4E, 0x25, 0x4E, 0x25, 0x4E, 0x25, 0x4E, 0x25, 0x0D, 0x15, 0x96, 0x8E, 0xFF,
    0xFF, 0xFF, 0xFF, 0xFF, 0xFF, 0xFF, 0xFF, 0xFF, 0xFF, 0xFF, 0xFF, 0xFF, 0xFF, 0xFF, 0xFF, 0xFF, 0xFF, 0xFF, 0xFF,
    0x5B, 0xC7, 0x2D, 0x1D, 0x4E, 0x25, 0x4E, 0x25, 0x4E, 0x25, 0x4E, 0x25, 0x4E, 0x25, 0x4E, 0x25, 0x4E, 0x25, 0x4E,
    0x25, 0x4E, 0x25, 0x4E, 0x25, 0x4E, 0x25, 0x4E, 0x25, 0x4E, 0x25, 0x4E, 0x25, 0x4E, 0x25, 0x4E, 0x25, 0x4E, 0x25,
    0x4E, 0x25, 0x4E, 0x25, 0x4E, 0x25, 0x4E, 0x25, 0x4E, 0x25, 0x4E, 0x25, 0x4E, 0x25, 0x4E, 0x25, 0x4E, 0x25, 0x4E,
    0x25, 0x4E, 0x25, 0x4E, 0x25, 0x4E, 0x25, 0x4E, 0x25, 0x4E, 0x25, 0x4E, 0x25, 0x4E, 0x25, 0x4E, 0x25, 0x4E, 0x25,
    0x4E, 0x25, 0x4E, 0x25, 0x4E, 0x25, 0x4E, 0x25, 0x4E, 0x25, 0x4E, 0x25, 0x4E, 0x25, 0x4E, 0x25, 0x4E, 0x25, 0x4E,
    0x25, 0x4E, 0x25, 0x4E, 0x25, 0x4E, 0x25, 0x4E, 0x25, 0x4E, 0x25, 0x4E, 0x25, 0x4E, 0x25, 0x4E, 0x25, 0x4E, 0x25,
    0x4E, 0x25, 0x4E, 0x25, 0x4E, 0x25, 0x4E, 0x25, 0x2D, 0x1D, 0xD1, 0x4D, 0xFF, 0xFF, 0xFF, 0xFF, 0xFF, 0xFF, 0xFF,
    0xFF, 0xFF, 0xFF, 0xFF, 0xFF, 0xFF, 0xFF, 0xFF, 0xFF, 0xFF, 0xFF, 0xFF, 0xFF, 0x19, 0xAF, 0x2D, 0x15, 0x4E, 0x25,
    0x4E, 0x25, 0x4E, 0x25, 0x4E, 0x25, 0x4E, 0x25, 0x4E, 0x25, 0x4E, 0x25, 0x4E, 0x25, 0x4E, 0x25, 0x4E, 0x25, 0x4E,
    0x25, 0x4E, 0x25, 0x4E, 0x25, 0x4E, 0x25, 0x4E, 0x25, 0x4E, 0x25, 0x4E, 0x25, 0x4E, 0x25, 0x4E, 0x25, 0x4E, 0x25,
    0x4E, 0x25, 0x4E, 0x25, 0x4E, 0x25, 0x4E, 0x25, 0x4E, 0x25, 0x4E, 0x25, 0x4E, 0x25, 0x4E, 0x25, 0x4E, 0x25, 0x4E,
    0x25, 0x4E, 0x25, 0x4E, 0x25, 0x0E, 0x25, 0xA7, 0x12, 0x25, 0x0A, 0x05, 0x0A, 0xE5, 0x09, 0xA4, 0x09, 0x84, 0x09,
    0x63, 0x09, 0x43, 0x09, 0x23, 0x01, 0x02, 0x01, 0xC2, 0x00, 0xC2, 0x00, 0xA1, 0x00, 0x81, 0x00, 0x61, 0x00, 0x61,
    0x00, 0x40, 0x00, 0x40, 0x00, 0x20, 0x00, 0x20, 0x00, 0x20, 0x00, 0x00, 0x00, 0x00, 0x00, 0x00, 0x00, 0x00, 0x00,
    0x00, 0x00, 0x00, 0x00, 0x20, 0x00, 0x20, 0x00, 0x20, 0x00, 0x40, 0x00, 0x40, 0x00, 0x61, 0x00, 0x61, 0x00, 0x81,
    0x00, 0xA1, 0x00, 0xC2, 0x00, 0xC2, 0x00, 0xE2, 0x00, 0x02, 0x01, 0x43, 0x09, 0x63, 0x09, 0x84, 0x09, 0xA4, 0x09,
    0xE5, 0x09, 0x05, 0x0A, 0x25, 0x0A, 0x86, 0x12, 0x0E, 0x1D, 0x4E, 0x25, 0x4E, 0x25, 0x4E, 0x25, 0x4E, 0x25, 0x4E,
    0x25, 0x4E, 0x25, 0x4E, 0x25, 0x4E, 0x25, 0x4E, 0x25, 0x4E, 0x25, 0x4E, 0x25, 0x4E, 0x25, 0x4E, 0x25, 0x4E, 0x25,
    0x4E, 0x25, 0x4E, 0x25, 0x4E, 0x25, 0x4E, 0x25, 0x4E, 0x25, 0x4E, 0x25, 0x4E, 0x25, 0x4E, 0x25, 0x4E, 0x25, 0x4E,
    0x25, 0x4E, 0x25, 0x4E, 0x25, 0x4E, 0x25, 0x4E, 0x25, 0x4E, 0x25, 0x4E, 0x25, 0x2E, 0x1D, 0x6F, 0x35, 0xDE, 0xEF,
    0xFF, 0xFF, 0xFF, 0xFF, 0xFF, 0xFF, 0xFF, 0xFF, 0xFF, 0xFF, 0xFF, 0xFF, 0xFF, 0xFF, 0xFF, 0xFF, 0xFF, 0xFF, 0xFF,
    0xFF, 0xF3, 0x5D, 0x2D, 0x15, 0x4E, 0x25, 0x4E, 0x25, 0x4E, 0x25, 0x4E, 0x25, 0x4E, 0x25, 0x4E, 0x25, 0x4E, 0x25,
    0x4E, 0x25, 0x4E, 0x25, 0x4E, 0x25, 0x4E, 0x25, 0x4E, 0x25, 0x4E, 0x25, 0x4E, 0x25, 0x4E, 0x25, 0x4E, 0x25, 0x4E,
    0x25, 0x4E, 0x25, 0x4E, 0x25, 0x4E, 0x25, 0x4E, 0x25, 0x4E, 0x25, 0x4E, 0x25, 0x4E, 0x25, 0x4E, 0x25, 0x4E, 0x25,
    0x4E, 0x25, 0x4E, 0x25, 0x4E, 0x25, 0x4E, 0x25, 0x4E, 0x25, 0x4E, 0x25, 0x4E, 0x25, 0x4E, 0x25, 0x4E, 0x25, 0x4E,
    0x25, 0x4E, 0x25, 0x4E, 0x25, 0x4E, 0x25, 0x4E, 0x25, 0x4E, 0x25, 0x4E, 0x25, 0x4E, 0x25, 0x4E, 0x25, 0x4E, 0x25,
    0x4E, 0x25, 0x4E, 0x25, 0x4E, 0x25, 0x4E, 0x25, 0x4E, 0x25, 0x4E, 0x25, 0x4E, 0x25, 0x4E, 0x25, 0x4E, 0x25, 0x4E,
    0x25, 0x4E, 0x25, 0x4E, 0x25, 0x4E, 0x25, 0x4E, 0x25, 0x4E, 0x25, 0x2D, 0x15, 0x3A, 0xBF, 0xFF, 0xFF, 0xFF, 0xFF,
    0xFF, 0xFF, 0xFF, 0xFF, 0xFF, 0xFF, 0xFF, 0xFF, 0xFF, 0xFF, 0xFF, 0xFF, 0xFF, 0xFF, 0xFF, 0xFF, 0xB1, 0x45, 0x2D,
    0x1D, 0x4E, 0x25, 0x4E, 0x25, 0x4E, 0x25, 0x4E, 0x25, 0x4E, 0x25, 0x4E, 0x25, 0x4E, 0x25, 0x4E, 0x25, 0x4E, 0x25,
    0x4E, 0x25, 0x4E, 0x25, 0x4E, 0x25, 0x4E, 0x25, 0x4E, 0x25, 0x4E, 0x25, 0x4E, 0x25, 0x4E, 0x25, 0x4E, 0x25, 0x4E,
    0x25, 0x4E, 0x25, 0x4E, 0x25, 0x4E, 0x25, 0x4E, 0x25, 0x4E, 0x25, 0x4E, 0x25, 0x4E, 0x25, 0x4E, 0x25, 0x4E, 0x25,
    0x4E, 0x25, 0x4E, 0x25, 0x4E, 0x25, 0x0E, 0x1D, 0x86, 0x12, 0x25, 0x0A, 0x05, 0x0A, 0xE5, 0x09, 0xA4, 0x09, 0x84,
    0x09, 0x63, 0x09, 0x43, 0x09, 0x02, 0x01, 0xE2, 0x00, 0xC2, 0x00, 0xC2, 0x00, 0xA1, 0x00, 0x81, 0x00, 0x61, 0x00,
    0x61, 0x00, 0x40, 0x00, 0x40, 0x00, 0x20, 0x00, 0x20, 0x00, 0x20, 0x00, 0x00, 0x00, 0x00, 0x00, 0x00, 0x00, 0x00,
    0x00, 0x00, 0x00, 0x00, 0x00, 0x20, 0x00, 0x20, 0x00, 0x20, 0x00, 0x40, 0x00, 0x40, 0x00, 0x61, 0x00, 0x61, 0x00,
    0x81, 0x00, 0xA1, 0x00, 0xA2, 0x00, 0xC2, 0x00, 0xE2, 0x00, 0x02, 0x01, 0x23, 0x09, 0x63, 0x09, 0x84, 0x09, 0xA4,
    0x09, 0xC5, 0x09, 0x05, 0x0A, 0x25, 0x0A, 0x86, 0x12, 0x0E, 0x1D, 0x4E, 0x25, 0x4E, 0x25, 0x4E, 0x25, 0x4E, 0x25,
    0x4E, 0x25, 0x4E, 0x25, 0x4E, 0x25, 0x4E, 0x25, 0x4E, 0x25, 0x4E, 0x25, 0x4E, 0x25, 0x4E, 0x25, 0x4E, 0x25, 0x4E,
    0x25, 0x4E, 0x25, 0x4E, 0x25, 0x4E, 0x25, 0x4E, 0x25, 0x4E, 0x25, 0x4E, 0x25, 0x4E, 0x25, 0x4E, 0x25, 0x4E, 0x25,
    0x4E, 0x25, 0x4E, 0x25, 0x4E, 0x25, 0x4E, 0x25, 0x4E, 0x25, 0x4E, 0x25, 0x4E, 0x25, 0x0D, 0x15, 0xB7, 0x96, 0xFF,
    0xFF, 0xFF, 0xFF, 0xFF, 0xFF, 0xFF, 0xFF, 0xFF, 0xFF, 0xFF, 0xFF, 0xFF, 0xFF, 0xFF, 0xFF, 0xFF, 0xFF, 0xFF, 0xFF,
    0x5B, 0xC7, 0x2D, 0x1D, 0x4E, 0x25, 0x4E, 0x25, 0x4E, 0x25, 0x4E, 0x25, 0x4E, 0x25, 0x4E, 0x25, 0x4E, 0x25, 0x4E,
    0x25, 0x4E, 0x25, 0x4E, 0x25, 0x4E, 0x25, 0x4E, 0x25, 0x4E, 0x25, 0x4E, 0x25, 0x4E, 0x25, 0x4E, 0x25, 0x4E, 0x25,
    0x4E, 0x25, 0x4E, 0x25, 0x4E, 0x25, 0x4E, 0x25, 0x4E, 0x25, 0x4E, 0x25, 0x4E, 0x25, 0x4E, 0x25, 0x4E, 0x25, 0x4E,
    0x25, 0x4E, 0x25, 0x4E, 0x25, 0x4E, 0x25, 0x4E, 0x25, 0x4E, 0x25, 0x4E, 0x25, 0x4E, 0x25, 0x4E, 0x25, 0x4E, 0x25,
    0x4E, 0x25, 0x4E, 0x25, 0x4E, 0x25, 0x4E, 0x25, 0x4E, 0x25, 0x4E, 0x25, 0x4E, 0x25, 0x4E, 0x25, 0x4E, 0x25, 0x4E,
    0x25, 0x4E, 0x25, 0x4E, 0x25, 0x4E, 0x25, 0x4E, 0x25, 0x4E, 0x25, 0x4E, 0x25, 0x4E, 0x25, 0x4E, 0x25, 0x4E, 0x25,
    0x4E, 0x25, 0x4E, 0x25, 0x4E, 0x25, 0x4E, 0x25, 0x4E, 0x25, 0x4E, 0x25, 0x0D, 0x15, 0xF2, 0x5D, 0xFF, 0xFF, 0xFF,
    0xFF, 0xFF, 0xFF, 0xFF, 0xFF, 0xFF, 0xFF, 0xFF, 0xFF, 0xFF, 0xFF, 0xFF, 0xFF, 0xFF, 0xFF, 0xFF, 0xFF, 0xF9, 0xAE,
    0x0D, 0x15, 0x4E, 0x25, 0x4E, 0x25, 0x4E, 0x25, 0x4E, 0x25, 0x4E, 0x25, 0x4E, 0x25, 0x4E, 0x25, 0x4E, 0x25, 0x4E,
    0x25, 0x4E, 0x25, 0x4E, 0x25, 0x4E, 0x25, 0x4E, 0x25, 0x4E, 0x25, 0x4E, 0x25, 0x4E, 0x25, 0x4E, 0x25, 0x4E, 0x25,
    0x4E, 0x25, 0x4E, 0x25, 0x4E, 0x25, 0x4E, 0x25, 0x4E, 0x25, 0x4E, 0x25, 0x4E, 0x25, 0x4E, 0x25, 0x4E, 0x25, 0x4E,
    0x25, 0x4E, 0x25, 0x4E, 0x25, 0x4E, 0x25, 0x0E, 0x1D, 0x86, 0x12, 0x25, 0x0A, 0x05, 0x0A, 0xC5, 0x09, 0xA4, 0x09,
    0x84, 0x09, 0x63, 0x09, 0x23, 0x09, 0x02, 0x01, 0xE2, 0x00, 0xC2, 0x00, 0xA2, 0x00, 0xA1, 0x00, 0x81, 0x00, 0x61,
    0x00, 0x61, 0x00, 0x40, 0x00, 0x40, 0x00, 0x20, 0x00, 0x20, 0x00, 0x20, 0x00, 0x00, 0x00, 0x00, 0x00, 0x00, 0x00,
    0x00, 0x00, 0x00, 0x00, 0x00, 0x00, 0x20, 0x00, 0x20, 0x00, 0x20, 0x00, 0x40, 0x00, 0x40, 0x00, 0x61, 0x00, 0x61,
    0x00, 0x81, 0x00, 0xA1, 0x00, 0xA1, 0x00, 0xC2, 0x00, 0xE2, 0x00, 0x02, 0x01, 0x23, 0x09, 0x43, 0x09, 0x84, 0x09,
    0xA4, 0x09, 0xC5, 0x09, 0x05, 0x0A, 0x25, 0x0A, 0x66, 0x12, 0xED, 0x1C, 0x4E, 0x25, 0x2E, 0x25, 0x2E, 0x25, 0x2E,
    0x25, 0x2E, 0x25, 0x2E, 0x25, 0x2E, 0x25, 0x2E, 0x25, 0x2E, 0x25, 0x2E, 0x25, 0x2E, 0x25, 0x2E, 0x25, 0x2E, 0x25,
    0x2E, 0x25, 0x2E, 0x25, 0x2E, 0x25, 0x2E, 0x25, 0x2E, 0x25, 0x2E, 0x25, 0x2E, 0x25, 0x2E, 0x25, 0x2E, 0x25, 0x2E,
    0x25, 0x2E, 0x25, 0x2E, 0x25, 0x2E, 0x25, 0x2E, 0x25, 0x2E, 0x25, 0x4E, 0x25, 0x2D, 0x1D, 0x90, 0x35, 0xDE, 0xF7,
    0xFF, 0xFF, 0xFF, 0xFF, 0xFF, 0xFF, 0xFF, 0xFF, 0xFF, 0xFF, 0xFF, 0xFF, 0xFF, 0xFF, 0xFF, 0xFF, 0xFF, 0xFF, 0xFF,
    0xFF, 0xF3, 0x5D, 0x0D, 0x15, 0x4E, 0x25, 0x2E, 0x25, 0x2E, 0x25, 0x2E, 0x25, 0x2E, 0x25, 0x2E, 0x25, 0x2E, 0x25,
    0x2E, 0x25, 0x2E, 0x25, 0x2E, 0x25, 0x2E, 0x25, 0x2E, 0x25, 0x2E, 0x25, 0x2E, 0x25, 0x2E, 0x25, 0x2E, 0x25, 0x2E,
    0x25, 0x2E, 0x25, 0x2E, 0x25, 0x2E, 0x25, 0x2E, 0x25, 0x2E, 0x25, 0x2E, 0x25, 0x2E, 0x25, 0x2E, 0x25, 0x2E, 0x25,
    0x2E, 0x25, 0x2E, 0x25, 0x2E, 0x25, 0x2E, 0x25, 0x2E, 0x25, 0x2E, 0x25, 0x2E, 0x25, 0x2E, 0x25, 0x2E, 0x25, 0x2E,
    0x25, 0x2E, 0x25, 0x2E, 0x25, 0x2E, 0x25, 0x2E, 0x25, 0x2E, 0x25, 0x2E, 0x25, 0x2E, 0x25, 0x2E, 0x25, 0x2E, 0x25,
    0x2E, 0x25, 0x2E, 0x25, 0x2E, 0x25, 0x2E, 0x25, 0x2E, 0x25, 0x2E, 0x25, 0x2E, 0x25, 0x2E, 0x25, 0x2E, 0x25, 0x2E,
    0x25, 0x2E, 0x25, 0x2E, 0x25, 0x2E, 0x25, 0x2E, 0x25, 0x2E, 0x25, 0x2E, 0x25, 0x4E, 0x25, 0x2E, 0x1D, 0x5C, 0xCF,
    0xFF, 0xFF, 0xFF, 0xFF, 0xFF, 0xFF, 0xFF, 0xFF, 0xFF, 0xFF, 0xFF, 0xFF, 0xFF, 0xFF, 0xFF, 0xFF, 0xFF, 0xFF, 0xFF,
    0xFF, 0xB1, 0x45, 0x2D, 0x1D, 0x4E, 0x25, 0x2E, 0x25, 0x2E, 0x25, 0x2E, 0x25, 0x2E, 0x25, 0x2E, 0x25, 0x2E, 0x25,
    0x2E, 0x25, 0x2E, 0x25, 0x2E, 0x25, 0x2E, 0x25, 0x2E, 0x25, 0x2E, 0x25, 0x2E, 0x25, 0x2E, 0x25, 0x2E, 0x25, 0x2E,
    0x25, 0x2E, 0x25, 0x2E, 0x25, 0x2E, 0x25, 0x2E, 0x25, 0x2E, 0x25, 0x2E, 0x25, 0x2E, 0x25, 0x2E, 0x25, 0x2E, 0x25,
    0x2E, 0x25, 0x2E, 0x25, 0x2E, 0x25, 0x4E, 0x25, 0xED, 0x1C, 0x66, 0x12, 0x25, 0x0A, 0x05, 0x0A, 0xC5, 0x09, 0xA4,
    0x09, 0x84, 0x09, 0x43, 0x09, 0x23, 0x09, 0x02, 0x01, 0xE2, 0x00, 0xC2, 0x00, 0xA1, 0x00, 0xA1, 0x00, 0x81, 0x00,
    0x61, 0x00, 0x61, 0x00, 0x40, 0x00, 0x40, 0x00, 0x20, 0x00, 0x20, 0x00, 0x20, 0x00, 0x00, 0x00, 0x00, 0x00, 0x00,
    0x00, 0x00, 0x00, 0x00, 0x00, 0x00, 0x00, 0x20, 0x00, 0x20, 0x00, 0x20, 0x00, 0x20, 0x00, 0x40, 0x00, 0x40, 0x00,
    0x61, 0x00, 0x81, 0x00, 0x81, 0x00, 0xA1, 0x00, 0xC2, 0x00, 0xE2, 0x00, 0x02, 0x01, 0x23, 0x09, 0x43, 0x09, 0x84,
    0x09, 0xA4, 0x09, 0xC4, 0x09, 0xE5, 0x09, 0x25, 0x0A, 0x25, 0x0A, 0x8C, 0x1C, 0x6E, 0x25, 0x2E, 0x25, 0x2E, 0x25,
    0x2E, 0x25, 0x2E, 0x25, 0x2E, 0x25, 0x2E, 0x25, 0x2E, 0x25, 0x2E, 0x25, 0x2E, 0x25, 0x2E, 0x25, 0x2E, 0x25, 0x2E,
    0x25, 0x2E, 0x25, 0x2E, 0x25, 0x2E, 0x25, 0x2E, 0x25, 0x2E, 0x25, 0x2E, 0x25, 0x2E, 0x25, 0x2E, 0x25, 0x2E, 0x25,
    0x2E, 0x25, 0x2E, 0x25, 0x2E, 0x25, 0x2E, 0x25, 0x2E, 0x25, 0x2E, 0x1D, 0x4E, 0x25, 0x0D, 0x15, 0xD8, 0x9E, 0xFF,
    0xFF, 0xFF, 0xFF, 0xFF, 0xFF, 0xFF, 0xFF, 0xFF, 0xFF, 0xFF, 0xFF, 0xFF, 0xFF, 0xFF, 0xFF, 0xFF, 0xFF, 0xFF, 0xFF,
    0x5B, 0xC7, 0x2D, 0x1D, 0x2E, 0x25, 0x2E, 0x25, 0x2E, 0x25, 0x2E, 0x25, 0x2E, 0x25, 0x2E, 0x25, 0x2E, 0x25, 0x2E,
    0x25, 0x2E, 0x25, 0x2E, 0x25, 0x2E, 0x25, 0x2E, 0x25, 0x2E, 0x25, 0x2E, 0x25, 0x2E, 0x25, 0x2E, 0x25, 0x2E, 0x25,
    0x2E, 0x25, 0x2E, 0x25, 0x2E, 0x25, 0x2E, 0x25, 0x2E, 0x25, 0x2E, 0x25, 0x2E, 0x25, 0x2E, 0x25, 0x2E, 0x25, 0x2E,
    0x25, 0x2E, 0x25, 0x2E, 0x25, 0x2E, 0x25, 0x2E, 0x25, 0x2E, 0x25, 0x2E, 0x25, 0x2E, 0x25, 0x2E, 0x25, 0x2E, 0x25,
    0x2E, 0x25, 0x2E, 0x25, 0x2E, 0x25, 0x2E, 0x25, 0x2E, 0x25, 0x2E, 0x25, 0x2E, 0x25, 0x2E, 0x25, 0x2E, 0x25, 0x2E,
    0x25, 0x2E, 0x25, 0x2E, 0x25, 0x2E, 0x25, 0x2E, 0x25, 0x2E, 0x25, 0x2E, 0x25, 0x2E, 0x25, 0x2E, 0x25, 0x2E, 0x25,
    0x2E, 0x25, 0x2E, 0x25, 0x2E, 0x25, 0x2E, 0x25, 0x2E, 0x25, 0x2E, 0x25, 0x2E, 0x1D, 0x4E, 0x25, 0x0D, 0x15, 0x34,
    0x6E, 0xFF, 0xFF, 0xFF, 0xFF, 0xFF, 0xFF, 0xFF, 0xFF, 0xFF, 0xFF, 0xFF, 0xFF, 0xFF, 0xFF, 0xFF, 0xFF, 0xFF, 0xFF,
    0xFF, 0xFF, 0xF9, 0xAE, 0x0D, 0x15, 0x4E, 0x25, 0x2E, 0x1D, 0x2E, 0x25, 0x2E, 0x25, 0x2E, 0x25, 0x2E, 0x25, 0x2E,
    0x25, 0x2E, 0x25, 0x2E, 0x25, 0x2E, 0x25, 0x2E, 0x25, 0x2E, 0x25, 0x2E, 0x25, 0x2E, 0x25, 0x2E, 0x25, 0x2E, 0x25,
    0x2E, 0x25, 0x2E, 0x25, 0x2E, 0x25, 0x2E, 0x25, 0x2E, 0x25, 0x2E, 0x25, 0x2E, 0x25, 0x2E, 0x25, 0x2E, 0x25, 0x2E,
    0x25, 0x2E, 0x25, 0x2E, 0x25, 0x2E, 0x25, 0x6E, 0x25, 0x8C, 0x1C, 0x25, 0x0A, 0x25, 0x0A, 0xE5, 0x09, 0xC4, 0x09,
    0xA4, 0x09, 0x84, 0x09, 0x43, 0x09, 0x23, 0x09, 0x02, 0x01, 0xE2, 0x00, 0xC2, 0x00, 0xA1, 0x00, 0x81, 0x00, 0x81,
    0x00, 0x61, 0x00, 0x40, 0x00, 0x40, 0x00, 0x20, 0x00, 0x20, 0x00, 0x20, 0x00, 0x20, 0x00, 0x00, 0x00, 0x00, 0x00,
    0x00, 0x00, 0x00, 0x00, 0x00, 0x00, 0x00, 0x00, 0x20, 0x00, 0x20, 0x00, 0x20, 0x00, 0x20, 0x00, 0x40, 0x00, 0x40,
    0x00, 0x61, 0x00, 0x81, 0x00, 0x81, 0x00, 0xA1, 0x00, 0xC2, 0x00, 0xE2, 0x00, 0x02, 0x01, 0x23, 0x09, 0x43, 0x09,
    0x63, 0x09, 0xA4, 0x09, 0xC4, 0x09, 0xE5, 0x09, 0x25, 0x0A, 0x25, 0x0A, 0x8C, 0x1C, 0x4E, 0x25, 0x2E, 0x1D, 0x2E,
    0x1D, 0x2E, 0x1D, 0x2E, 0x1D, 0x2E, 0x1D, 0x2E, 0x1D, 0x2E, 0x1D, 0x2E, 0x1D, 0x2E, 0x1D, 0x2E, 0x1D, 0x2E, 0x1D,
    0x2E, 0x1D, 0x2E, 0x1D, 0x2E, 0x1D, 0x2E, 0x1D, 0x2E, 0x1D, 0x2E, 0x1D, 0x2E, 0x1D, 0x2E, 0x1D, 0x2E, 0x1D, 0x2E,
    0x1D, 0x2E, 0x1D, 0x2E, 0x1D, 0x2E, 0x1D, 0x2E, 0x1D, 0x2E, 0x1D, 0x2E, 0x25, 0x0D, 0x1D, 0x90, 0x3D, 0xFF, 0xF7,
    0xFF, 0xFF, 0xFF, 0xFF, 0xFF, 0xFF, 0xFF, 0xFF, 0xFF, 0xFF, 0xFF, 0xFF, 0xFF, 0xFF, 0xFF, 0xFF, 0xFF, 0xFF, 0xFF,
    0xFF, 0xF2, 0x5D, 0x0D, 0x15, 0x2E, 0x25, 0x2E, 0x1D, 0x2E, 0x1D, 0x2E, 0x1D, 0x2E, 0x1D, 0x2E, 0x1D, 0x2E, 0x1D,
    0x2E, 0x1D, 0x2E, 0x1D, 0x2E, 0x1D, 0x2E, 0x1D, 0x2E, 0x1D, 0x2E, 0x1D, 0x2E, 0x1D, 0x2E, 0x1D, 0x2E, 0x1D, 0x2E,
    0x1D, 0x2E, 0x1D, 0x2E, 0x1D, 0x2E, 0x1D, 0x2E, 0x1D, 0x2E, 0x1D, 0x2E, 0x1D, 0x2E, 0x1D, 0x2E, 0x1D, 0x2E, 0x1D,
    0x2E, 0x1D, 0x2E, 0x1D, 0x2E, 0x1D, 0x2E, 0x1D, 0x2E, 0x1D, 0x2E, 0x1D, 0x2E, 0x1D, 0x2E, 0x1D, 0x2E, 0x1D, 0x2E,
    0x1D, 0x2E, 0x1D, 0x2E, 0x1D, 0x2E, 0x1D, 0x2E, 0x1D, 0x2E, 0x1D, 0x2E, 0x1D, 0x2E, 0x1D, 0x2E, 0x1D, 0x2E, 0x1D,
    0x2E, 0x1D, 0x2E, 0x1D, 0x2E, 0x1D, 0x2E, 0x1D, 0x2E, 0x1D, 0x2E, 0x1D, 0x2E, 0x1D, 0x2E, 0x1D, 0x2E, 0x1D, 0x2E,
    0x1D, 0x2E, 0x1D, 0x2E, 0x1D, 0x2E, 0x1D, 0x2E, 0x1D, 0x2E, 0x1D, 0x2E, 0x1D, 0x2E, 0x1D, 0x2E, 0x1D, 0x2E, 0x1D,
    0x4E, 0x25, 0x9D, 0xDF, 0xFF, 0xFF, 0xFF, 0xFF, 0xFF, 0xFF, 0xFF, 0xFF, 0xFF, 0xFF, 0xFF, 0xFF, 0xFF, 0xFF, 0xFF,
    0xFF, 0xFF, 0xFF, 0xFF, 0xFF, 0xB1, 0x45, 0x0D, 0x15, 0x2E, 0x25, 0x2E, 0x1D, 0x2E, 0x1D, 0x2E, 0x1D, 0x2E, 0x1D,
    0x2E, 0x1D, 0x2E, 0x1D, 0x2E, 0x1D, 0x2E, 0x1D, 0x2E, 0x1D, 0x2E, 0x1D, 0x2E, 0x1D, 0x2E, 0x1D, 0x2E, 0x1D, 0x2E,
    0x1D, 0x2E, 0x1D, 0x2E, 0x1D, 0x2E, 0x1D, 0x2E, 0x1D, 0x2E, 0x1D, 0x2E, 0x1D, 0x2E, 0x1D, 0x2E, 0x1D, 0x2E, 0x1D,
    0x2E, 0x1D, 0x2E, 0x1D, 0x2E, 0x1D, 0x2E, 0x1D, 0x4E, 0x25, 0x8C, 0x1C, 0x25, 0x0A, 0x25, 0x0A, 0xE5, 0x09, 0xC4,
    0x09, 0xA4, 0x09, 0x63, 0x09, 0x43, 0x09, 0x23, 0x09, 0x02, 0x01, 0xE2, 0x00, 0xC2, 0x00, 0xA1, 0x00, 0x81, 0x00,
    0x81, 0x00, 0x61, 0x00, 0x40, 0x00, 0x40, 0x00, 0x20, 0x00, 0x20, 0x00, 0x20, 0x00, 0x20, 0x00, 0x00, 0x00, 0x00,
    0x00, 0x00, 0x00, 0x00, 0x00, 0x00, 0x00, 0x00, 0x00, 0x20, 0x00, 0x20, 0x00, 0x20, 0x00, 0x20, 0x00, 0x40, 0x00,
    0x40, 0x00, 0x61, 0x00, 0x81, 0x00, 0x81, 0x00, 0xA1, 0x00, 0xC2, 0x00, 0xE2, 0x00, 0x02, 0x01, 0x23, 0x01, 0x43,
    0x09, 0x63, 0x09, 0x84, 0x09, 0xC4, 0x09, 0xE5, 0x09, 0x25, 0x0A, 0x05, 0x0A, 0x0A, 0x1C, 0x6E, 0x25, 0x2E, 0x1D,
    0x2E, 0x1D, 0x2E, 0x1D, 0x2E, 0x1D, 0x2E, 0x1D, 0x2E, 0x1D, 0x2E, 0x1D, 0x2E, 0x1D, 0x2E, 0x1D, 0x2E, 0x1D, 0x2E,
    0x1D, 0x2E, 0x1D, 0x2E, 0x1D, 0x2E, 0x1D, 0x2E, 0x1D, 0x2E, 0x1D, 0x2E, 0x1D, 0x2E, 0x1D, 0x2E, 0x1D, 0x2E, 0x1D,
    0x2E, 0x1D, 0x2E, 0x1D, 0x2E, 0x1D, 0x2E, 0x1D, 0x2E, 0x1D, 0x2E, 0x1D, 0x2E, 0x25, 0x0D, 0x15, 0xF9, 0xAE, 0xFF,
    0xFF, 0xFF, 0xFF, 0xFF, 0xFF, 0xFF, 0xFF, 0xFF, 0xFF, 0xFF, 0xFF, 0xFF, 0xFF, 0xFF, 0xFF, 0xFF, 0xFF, 0xFF, 0xFF,
    0x5B, 0xC7, 0x0D, 0x15, 0x2E, 0x25, 0x2E, 0x1D, 0x2E, 0x1D, 0x2E, 0x1D, 0x2E, 0x1D, 0x2E, 0x1D, 0x2E, 0x1D, 0x2E,
    0x1D, 0x2E, 0x1D, 0x2E, 0x1D, 0x2E, 0x1D, 0x2E, 0x1D, 0x2E, 0x1D, 0x2E, 0x1D, 0x2E, 0x1D, 0x2E, 0x1D, 0x2E, 0x1D,
    0x2E, 0x1D, 0x2E, 0x1D, 0x2E, 0x1D, 0x2E, 0x1D, 0x2E, 0x1D, 0x2E, 0x1D, 0x2E, 0x1D, 0x2E, 0x1D, 0x2E, 0x1D, 0x2E,
    0x1D, 0x2E, 0x1D, 0x2E, 0x1D, 0x2E, 0x1D, 0x2E, 0x1D, 0x2E, 0x1D, 0x2E, 0x1D, 0x2E, 0x1D, 0x2E, 0x1D, 0x2E, 0x1D,
    0x2E, 0x1D, 0x2E, 0x1D, 0x2E, 0x1D, 0x2E, 0x1D, 0x2E, 0x1D, 0x2E, 0x1D, 0x2E, 0x1D, 0x2E, 0x1D, 0x2E, 0x1D, 0x2E,
    0x1D, 0x2E, 0x1D, 0x2E, 0x1D, 0x2E, 0x1D, 0x2E, 0x1D, 0x2E, 0x1D, 0x2E, 0x1D, 0x2E, 0x1D, 0x2E, 0x1D, 0x2E, 0x1D,
    0x2E, 0x1D, 0x2E, 0x1D, 0x2E, 0x1D, 0x2E, 0x1D, 0x2E, 0x1D, 0x2E, 0x1D, 0x2E, 0x1D, 0x2E, 0x1D, 0x2E, 0x1D, 0x2E,
    0x25, 0x0D, 0x15, 0x75, 0x86, 0xFF, 0xFF, 0xFF, 0xFF, 0xFF, 0xFF, 0xFF, 0xFF, 0xFF, 0xFF, 0xFF, 0xFF, 0xFF, 0xFF,
    0xFF, 0xFF, 0xFF, 0xFF, 0xFF, 0xFF, 0xF9, 0xAE, 0x0D, 0x15, 0x2E, 0x25, 0x2E, 0x1D, 0x2E, 0x1D, 0x2E, 0x1D, 0x2E,
    0x1D, 0x2E, 0x1D, 0x2E, 0x1D, 0x2E, 0x1D, 0x2E, 0x1D, 0x2E, 0x1D, 0x2E, 0x1D, 0x2E, 0x1D, 0x2E, 0x1D, 0x2E, 0x1D,
    0x2E, 0x1D, 0x2E, 0x1D, 0x2E, 0x1D, 0x2E, 0x1D, 0x2E, 0x1D, 0x2E, 0x1D, 0x2E, 0x1D, 0x2E, 0x1D, 0x2E, 0x1D, 0x2E,
    0x1D, 0x2E, 0x1D, 0x2E, 0x1D, 0x2E, 0x1D, 0x2E, 0x1D, 0x6E, 0x25, 0x0A, 0x1C, 0x05, 0x0A, 0x25, 0x0A, 0xE5, 0x09,
    0xC4, 0x09, 0x84, 0x09, 0x63, 0x09, 0x43, 0x09, 0x23, 0x01, 0x02, 0x01, 0xE2, 0x00, 0xC2, 0x00, 0xA1, 0x00, 0x81,
    0x00, 0x81, 0x00, 0x61, 0x00, 0x40, 0x00, 0x40, 0x00, 0x20, 0x00, 0x20, 0x00, 0x20, 0x00, 0x20, 0x00, 0x00, 0x00,
    0x00, 0x00, 0x00, 0x00, 0x00, 0x00, 0x00, 0x00, 0x00, 0x00, 0x00, 0x00, 0x20, 0x00, 0x20, 0x00, 0x20, 0x00, 0x40,
    0x00, 0x40, 0x00, 0x61, 0x00, 0x61, 0x00, 0x81, 0x00, 0xA1, 0x00, 0xC2, 0x00, 0xE2, 0x00, 0x02, 0x01, 0x23, 0x01,
    0x43, 0x09, 0x63, 0x09, 0x84, 0x09, 0xA4, 0x09, 0xE5, 0x09, 0x25, 0x0A, 0x05, 0x0A, 0xAA, 0x13, 0x6E, 0x25, 0x0E,
    0x1D, 0x2E, 0x1D, 0x2E, 0x1D, 0x2E, 0x1D, 0x2E, 0x1D, 0x2E, 0x1D, 0x2E, 0x1D, 0x2E, 0x1D, 0x2E, 0x1D, 0x2E, 0x1D,
    0x2E, 0x1D, 0x2E, 0x1D, 0x2E, 0x1D, 0x2E, 0x1D, 0x2E, 0x1D, 0x2E, 0x1D, 0x2E, 0x1D, 0x2E, 0x1D, 0x2E, 0x1D, 0x2E,
    0x1D, 0x2E, 0x1D, 0x2E, 0x1D, 0x2E, 0x1D, 0x2E, 0x1D, 0x2E, 0x1D, 0x2E, 0x25, 0x0D, 0x15, 0xB1, 0x4D, 0xFF, 0xFF,
    0xFF, 0xFF, 0xFF, 0xFF, 0xFF, 0xFF, 0xFF, 0xFF, 0xFF, 0xFF, 0xFF, 0xFF, 0xFF, 0xFF, 0xFF, 0xFF, 0xFF, 0xFF, 0xFF,
    0xFF, 0xF2, 0x5D, 0x0D, 0x15, 0x2E, 0x25, 0x2E, 0x1D, 0x2E, 0x1D, 0x2E, 0x1D, 0x2E, 0x1D, 0x2E, 0x1D, 0x2E, 0x1D,
    0x2E, 0x1D, 0x2E, 0x1D, 0x2E, 0x1D, 0x2E, 0x1D, 0x2E, 0x1D, 0x2E, 0x1D, 0x2E, 0x1D, 0x2E, 0x1D, 0x2E, 0x1D, 0x2E,
    0x1D, 0x2E, 0x1D, 0x2E, 0x1D, 0x2E, 0x1D, 0x2E, 0x1D, 0x2E, 0x1D, 0x2E, 0x1D, 0x2E, 0x1D, 0x2E, 0x1D, 0x2E, 0x1D,
    0x2E, 0x1D, 0x2E, 0x1D, 0x2E, 0x1D, 0x2E, 0x1D, 0x2E, 0x1D, 0x2E, 0x1D, 0x2E, 0x1D, 0x2E, 0x1D, 0x2E, 0x1D, 0x2E,
    0x1D, 0x2E, 0x1D, 0x2E, 0x1D, 0x2E, 0x1D, 0x2E, 0x1D, 0x2E, 0x1D, 0x2E, 0x1D, 0x2E, 0x1D, 0x2E, 0x1D, 0x2E, 0x1D,
    0x2E, 0x1D, 0x2E, 0x1D, 0x2E, 0x1D, 0x2E, 0x1D, 0x2E, 0x1D, 0x2E, 0x1D, 0x2E, 0x1D, 0x2E, 0x1D, 0x2E, 0x1D, 0x2E,
    0x1D, 0x2E, 0x1D, 0x2E, 0x1D, 0x2E, 0x1D, 0x2E, 0x1D, 0x2E, 0x1D, 0x2E, 0x1D, 0x2E, 0x1D, 0x2E, 0x1D, 0x2E, 0x1D,
    0x2E, 0x25, 0x2E, 0x1D, 0x4F, 0x2D, 0xBE, 0xEF, 0xFF, 0xFF, 0xFF, 0xFF, 0xFF, 0xFF, 0xFF, 0xFF, 0xFF, 0xFF, 0xFF,
    0xFF, 0xFF, 0xFF, 0xFF, 0xFF, 0xFF, 0xFF, 0xFF, 0xFF, 0xB1, 0x4D, 0x0D, 0x15, 0x2E, 0x25, 0x2E, 0x1D, 0x2E, 0x1D,
    0x2E, 0x1D, 0x2E, 0x1D, 0x2E, 0x1D, 0x2E, 0x1D, 0x2E, 0x1D, 0x2E, 0x1D, 0x2E, 0x1D, 0x2E, 0x1D, 0x2E, 0x1D, 0x2E,
    0x1D, 0x2E, 0x1D, 0x2E, 0x1D, 0x2E, 0x1D, 0x2E, 0x1D, 0x2E, 0x1D, 0x2E, 0x1D, 0x2E, 0x1D, 0x2E, 0x1D, 0x2E, 0x1D,
    0x2E, 0x1D, 0x2E, 0x1D, 0x2E, 0x1D, 0x2E, 0x1D, 0x0E, 0x1D, 0x6E, 0x25, 0xAA, 0x13, 0x05, 0x0A, 0x25, 0x0A, 0xE5,
    0x09, 0xA4, 0x09, 0x84, 0x09, 0x63, 0x09, 0x43, 0x09, 0x23, 0x01, 0x02, 0x01, 0xE2, 0x00, 0xC2, 0x00, 0xA1, 0x00,
    0x81, 0x00, 0x61, 0x00, 0x61, 0x00, 0x40, 0x00, 0x40, 0x00, 0x20, 0x00, 0x20, 0x00, 0x20, 0x00, 0x00, 0x00, 0x00,
    0x00, 0x00, 0x00, 0x00, 0x00, 0x00, 0x00, 0x00, 0x00, 0x00, 0x00, 0x00, 0x00, 0x20, 0x00, 0x20, 0x00, 0x20, 0x00,
    0x40, 0x00, 0x40, 0x00, 0x61, 0x00, 0x61, 0x00, 0x81, 0x00, 0xA1, 0x00, 0xC2, 0x00, 0xC2, 0x00, 0xE2, 0x00, 0x02,
    0x01, 0x43, 0x09, 0x63, 0x09, 0x84, 0x09, 0xA4, 0x09, 0xE5, 0x09, 0x05, 0x0A, 0x05, 0x0A, 0x28, 0x13, 0x4E, 0x1D,
    0x2E, 0x1D, 0x2E, 0x1D, 0x2E, 0x1D, 0x2E, 0x1D, 0x2E, 0x1D, 0x2E, 0x1D, 0x2E, 0x1D, 0x2E, 0x1D, 0x2E, 0x1D, 0x2E,
    0x1D, 0x2E, 0x1D, 0x2E, 0x1D, 0x2E, 0x1D, 0x2E, 0x1D, 0x2E, 0x1D, 0x2E, 0x1D, 0x2E, 0x1D, 0x2E, 0x1D, 0x2E, 0x1D,
    0x2E, 0x1D, 0x2E, 0x1D, 0x2E, 0x1D, 0x2E, 0x1D, 0x2E, 0x1D, 0x2E, 0x1D, 0x2E, 0x25, 0x0D, 0x15, 0x1A, 0xBF, 0xFF,
    0xFF, 0xFF, 0xFF, 0xFF, 0xFF, 0xFF, 0xFF, 0xFF, 0xFF, 0xFF, 0xFF, 0xFF, 0xFF, 0xFF, 0xFF, 0xFF, 0xFF, 0xFF, 0xFF,
    0x5B, 0xC7, 0x0D, 0x15, 0x2E, 0x25, 0x2E, 0x1D, 0x2E, 0x1D, 0x2E, 0x1D, 0x2E, 0x1D, 0x2E, 0x1D, 0x2E, 0x1D, 0x2E,
    0x1D, 0x2E, 0x1D, 0x2E, 0x1D, 0x2E, 0x1D, 0x2E, 0x1D, 0x2E, 0x1D, 0x2E, 0x1D, 0x2E, 0x1D, 0x2E, 0x1D, 0x2E, 0x1D,
    0x2E, 0x1D, 0x2E, 0x1D, 0x2E, 0x1D, 0x2E, 0x1D, 0x2E, 0x1D, 0x2E, 0x1D, 0x2E, 0x1D, 0x2E, 0x1D, 0x2E, 0x1D, 0x2E,
    0x1D, 0x2E, 0x1D, 0x2E, 0x1D, 0x2E, 0x1D, 0x2E, 0x1D, 0x2E, 0x1D, 0x2E, 0x1D, 0x2E, 0x1D, 0x2E, 0x1D, 0x2E, 0x1D,
    0x2E, 0x1D, 0x2E, 0x1D, 0x2E, 0x1D, 0x2E, 0x1D, 0x2E, 0x1D, 0x2E, 0x1D, 0x2E, 0x1D, 0x2E, 0x1D, 0x2E, 0x1D, 0x2E,
    0x1D, 0x2E, 0x1D, 0x2E, 0x1D, 0x2E, 0x1D, 0x2E, 0x1D, 0x2E, 0x1D, 0x2E, 0x1D, 0x2E, 0x1D, 0x2E, 0x1D, 0x2E, 0x1D,
    0x2E, 0x1D, 0x2E, 0x1D, 0x2E, 0x1D, 0x2E, 0x1D, 0x2E, 0x1D, 0x2E, 0x1D, 0x2E, 0x1D, 0x2E, 0x1D, 0x2E, 0x1D, 0x2E,
    0x1D, 0x2E, 0x1D, 0x2E, 0x25, 0xED, 0x0C, 0xB7, 0x9E, 0xFF, 0xFF, 0xFF, 0xFF, 0xFF, 0xFF, 0xFF, 0xFF, 0xFF, 0xFF,
    0xFF, 0xFF, 0xFF, 0xFF, 0xFF, 0xFF, 0xFF, 0xFF, 0xFF, 0xFF, 0x1A, 0xB7, 0x0D, 0x15, 0x2E, 0x25, 0x2E, 0x1D, 0x2E,
    0x1D, 0x2E, 0x1D, 0x2E, 0x1D, 0x2E, 0x1D, 0x2E, 0x1D, 0x2E, 0x1D, 0x2E, 0x1D, 0x2E, 0x1D, 0x2E, 0x1D, 0x2E, 0x1D,
    0x2E, 0x1D, 0x2E, 0x1D, 0x2E, 0x1D, 0x2E, 0x1D, 0x2E, 0x1D, 0x2E, 0x1D, 0x2E, 0x1D, 0x2E, 0x1D, 0x2E, 0x1D, 0x2E,
    0x1D, 0x2E, 0x1D, 0x2E, 0x1D, 0x2E, 0x1D, 0x2E, 0x1D, 0x2E, 0x1D, 0x4E, 0x1D, 0x28, 0x13, 0x05, 0x0A, 0x05, 0x0A,
    0xE5, 0x09, 0xA4, 0x09, 0x84, 0x09, 0x63, 0x09, 0x43, 0x09, 0x02, 0x01, 0xE2, 0x00, 0xC2, 0x00, 0xC2, 0x00, 0xA1,
    0x00, 0x81, 0x00, 0x61, 0x00, 0x61, 0x00, 0x40, 0x00, 0x40, 0x00, 0x20, 0x00, 0x20, 0x00, 0x20, 0x00, 0x00, 0x00,
    0x00, 0x00, 0x00, 0x00, 0x00, 0x00, 0x00, 0x00, 0x00, 0x00, 0x00, 0x00, 0x00, 0x00, 0x20, 0x00, 0x20, 0x00, 0x20,
    0x00, 0x40, 0x00, 0x40, 0x00, 0x61, 0x00, 0x61, 0x00, 0x81, 0x00, 0xA1, 0x00, 0xA2, 0x00, 0xC2, 0x00, 0xE2, 0x00,
    0x02, 0x01, 0x23, 0x09, 0x43, 0x09, 0x84, 0x09, 0xA4, 0x09, 0xC4, 0x09, 0x05, 0x0A, 0x05, 0x0A, 0xA7, 0x12, 0x0D,
    0x1D, 0x2E, 0x1D, 0x2E, 0x1D, 0x2E, 0x1D, 0x2E, 0x1D, 0x2E, 0x1D, 0x2E, 0x1D, 0x2E, 0x1D, 0x2E, 0x1D, 0x2E, 0x1D,
    0x2E, 0x1D, 0x2E, 0x1D, 0x2E, 0x1D, 0x2E, 0x1D, 0x2E, 0x1D, 0x2E, 0x1D, 0x2E, 0x1D, 0x2E, 0x1D, 0x2E, 0x1D, 0x2E,
    0x1D, 0x2E, 0x1D, 0x2E, 0x1D, 0x2E, 0x1D, 0x2E, 0x1D, 0x2E, 0x1D, 0x2E, 0x25, 0x0D, 0x15, 0xD2, 0x55, 0xFF, 0xFF,
    0xFF, 0xFF, 0xFF, 0xFF, 0xFF, 0xFF, 0xFF, 0xFF, 0xFF, 0xFF, 0xFF, 0xFF, 0xFF, 0xFF, 0xFF, 0xFF, 0xFF, 0xFF, 0xFF,
    0xFF, 0xF3, 0x5D, 0xED, 0x14, 0x2E, 0x25, 0x2E, 0x1D, 0x2E, 0x1D, 0x2E, 0x1D, 0x2E, 0x1D, 0x2E, 0x1D, 0x2E, 0x1D,
    0x2E, 0x1D, 0x2E, 0x1D, 0x2E, 0x1D, 0x2E, 0x1D, 0x2E, 0x1D, 0x2E, 0x1D, 0x2E, 0x1D, 0x2E, 0x1D, 0x2E, 0x1D, 0x2E,
    0x1D, 0x2E, 0x1D, 0x2E, 0x1D, 0x2E, 0x1D, 0x2E, 0x1D, 0x2E, 0x1D, 0x2E, 0x1D, 0x2E, 0x1D, 0x2E, 0x1D, 0x2E, 0x1D,
    0x2E, 0x1D, 0x2E, 0x1D, 0x2E, 0x1D, 0x2E, 0x1D, 0x2E, 0x1D, 0x2E, 0x1D, 0x2E, 0x1D, 0x2E, 0x1D, 0x2E, 0x1D, 0x2E,
    0x1D, 0x2E, 0x1D, 0x2E, 0x1D, 0x2E, 0x1D, 0x2E, 0x1D, 0x2E, 0x1D, 0x2E, 0x1D, 0x2E, 0x1D, 0x2E, 0x1D, 0x2E, 0x1D,
    0x2E, 0x1D, 0x2E, 0x1D, 0x2E, 0x1D, 0x2E, 0x1D, 0x2E, 0x1D, 0x2E, 0x1D, 0x2E, 0x1D, 0x2E, 0x1D, 0x2E, 0x1D, 0x2E,
    0x1D, 0x2E, 0x1D, 0x2E, 0x1D, 0x2E, 0x1D, 0x2E, 0x1D, 0x2E, 0x1D, 0x2E, 0x1D, 0x2E, 0x1D, 0x2E, 0x1D, 0x2E, 0x1D,
    0x2E, 0x1D, 0x2E, 0x1D, 0x2E, 0x25, 0x0D, 0x15, 0x90, 0x45, 0xFF, 0xFF, 0xFF, 0xFF, 0xFF, 0xFF, 0xFF, 0xFF, 0xFF,
    0xFF, 0xFF, 0xFF, 0xFF, 0xFF, 0xFF, 0xFF, 0xFF, 0xFF, 0xFF, 0xFF, 0xFF, 0xFF, 0xD2, 0x55, 0x0D, 0x15, 0x2E, 0x25,
    0x2E, 0x1D, 0x2E, 0x1D, 0x2E, 0x1D, 0x2E, 0x1D, 0x2E, 0x1D, 0x2E, 0x1D, 0x2E, 0x1D, 0x2E, 0x1D, 0x2E, 0x1D, 0x2E,
    0x1D, 0x2E, 0x1D, 0x2E, 0x1D, 0x2E, 0x1D, 0x2E, 0x1D, 0x2E, 0x1D, 0x2E, 0x1D, 0x2E, 0x1D, 0x2E, 0x1D, 0x2E, 0x1D,
    0x2E, 0x1D, 0x2E, 0x1D, 0x2E, 0x1D, 0x2E, 0x1D, 0x2E, 0x1D, 0x2E, 0x1D, 0x0D, 0x1D, 0xA7, 0x12, 0x05, 0x0A, 0x05,
    0x0A, 0xC4, 0x09, 0xA4, 0x09, 0x84, 0x09, 0x43, 0x09, 0x23, 0x09, 0x02, 0x01, 0xE2, 0x00, 0xC2, 0x00, 0xA2, 0x00,
    0xA1, 0x00, 0x81, 0x00, 0x61, 0x00, 0x61, 0x00, 0x40, 0x00, 0x40, 0x00, 0x20, 0x00, 0x20, 0x00, 0x20, 0x00, 0x00,
    0x00, 0x00, 0x00, 0x00, 0x00, 0x00, 0x00, 0x00, 0x00, 0x00, 0x00, 0x00, 0x00, 0x00, 0x00, 0x20, 0x00, 0x20, 0x00,
    0x20, 0x00, 0x40, 0x00, 0x40, 0x00, 0x41, 0x00, 0x61, 0x00, 0x81, 0x00, 0x81, 0x00, 0xA1, 0x00, 0xC2, 0x00, 0xE2,
    0x00, 0x02, 0x01, 0x23, 0x09, 0x43, 0x09, 0x63, 0x09, 0xA4, 0x09, 0xC4, 0x09, 0xE5, 0x09, 0x25, 0x0A, 0x46, 0x0A,
    0xAC, 0x1C, 0x2E, 0x1D, 0x0E, 0x1D, 0x2E, 0x1D, 0x2E, 0x1D, 0x2E, 0x1D, 0x2E, 0x1D, 0x2E, 0x1D, 0x2E, 0x1D, 0x2E,
    0x1D, 0x2E, 0x1D, 0x2E, 0x1D, 0x2E, 0x1D, 0x2E, 0x1D, 0x2E, 0x1D, 0x2E, 0x1D, 0x2E, 0x1D, 0x2E, 0x1D, 0x2E, 0x1D,
    0x2E, 0x1D, 0x2E, 0x1D, 0x2E, 0x1D, 0x2E, 0x1D, 0x2E, 0x1D, 0x2E, 0x1D, 0x2E, 0x1D, 0x0D, 0x15, 0x5B, 0xC7, 0xFF,
    0xFF, 0xFF, 0xFF, 0xFF, 0xFF, 0xFF, 0xFF, 0xFF, 0xFF, 0xFF, 0xFF, 0xFF, 0xFF, 0xFF, 0xFF, 0xFF, 0xFF, 0xFF, 0xFF,
    0x5B, 0xCF, 0x0D, 0x1D, 0x2E, 0x1D, 0x2E, 0x1D, 0x2E, 0x1D, 0x2E, 0x1D, 0x2E, 0x1D, 0x2E, 0x1D, 0x2E, 0x1D, 0x2E,
    0x1D, 0x2E, 0x1D, 0x2E, 0x1D, 0x2E, 0x1D, 0x2E, 0x1D, 0x2E, 0x1D, 0x2E, 0x1D, 0x2E, 0x1D, 0x2E, 0x1D, 0x2E, 0x1D,
    0x2E, 0x1D, 0x2E, 0x1D, 0x2E, 0x1D, 0x2E, 0x1D, 0x2E, 0x1D, 0x2E, 0x1D, 0x2E, 0x1D, 0x2E, 0x1D, 0x2E, 0x1D, 0x2E,
    0x1D, 0x2E, 0x1D, 0x2E, 0x1D, 0x2E, 0x1D, 0x2E, 0x1D, 0x2E, 0x1D, 0x2E, 0x1D, 0x2E, 0x1D, 0x2E, 0x1D, 0x2E, 0x1D,
    0x2E, 0x1D, 0x2E, 0x1D, 0x2E, 0x1D, 0x2E, 0x1D, 0x2E, 0x1D, 0x2E, 0x1D, 0x2E, 0x1D, 0x2E, 0x1D, 0x2E, 0x1D, 0x2E,
    0x1D, 0x2E, 0x1D, 0x2E, 0x1D, 0x2E, 0x1D, 0x2E, 0x1D, 0x2E, 0x1D, 0x2E, 0x1D, 0x2E, 0x1D, 0x2E, 0x1D, 0x2E, 0x1D,
    0x2E, 0x1D, 0x2E, 0x1D, 0x2E, 0x1D, 0x2E, 0x1D, 0x2E, 0x1D, 0x2E, 0x1D, 0x2E, 0x1D, 0x2E, 0x1D, 0x2E, 0x1D, 0x2E,
    0x1D, 0x2E, 0x1D, 0x2E, 0x1D, 0x2E, 0x1D, 0x2E, 0x25, 0xED, 0x14, 0x1A, 0xBF, 0xFF, 0xFF, 0xFF, 0xFF, 0xFF, 0xFF,
    0xFF, 0xFF, 0xFF, 0xFF, 0xFF, 0xFF, 0xFF, 0xFF, 0xFF, 0xFF, 0xFF, 0xFF, 0xFF, 0xFF, 0x5B, 0xC7, 0x0D, 0x15, 0x2E,
    0x25, 0x2E, 0x1D, 0x2E, 0x1D, 0x2E, 0x1D, 0x2E, 0x1D, 0x2E, 0x1D, 0x2E, 0x1D, 0x2E, 0x1D, 0x2E, 0x1D, 0x2E, 0x1D,
    0x2E, 0x1D, 0x2E, 0x1D, 0x2E, 0x1D, 0x2E, 0x1D, 0x2E, 0x1D, 0x2E, 0x1D, 0x2E, 0x1D, 0x2E, 0x1D, 0x2E, 0x1D, 0x2E,
    0x1D, 0x2E, 0x1D, 0x2E, 0x1D, 0x2E, 0x1D, 0x2E, 0x1D, 0x0E, 0x1D, 0x2E, 0x1D, 0xAC, 0x1C, 0x46, 0x0A, 0x25, 0x0A,
    0xE5, 0x09, 0xC4, 0x09, 0xA4, 0x09, 0x63, 0x09, 0x43, 0x09, 0x23, 0x09, 0x02, 0x01, 0xE2, 0x00, 0xC2, 0x00, 0xA1,
    0x00, 0x81, 0x00, 0x81, 0x00, 0x61, 0x00, 0x41, 0x00, 0x40, 0x00, 0x40, 0x00, 0x20, 0x00, 0x20, 0x00, 0x20, 0x00,
    0x00, 0x00, 0x00, 0x00, 0x00, 0x00, 0x00, 0x00, 0x00, 0x00, 0x00, 0x00, 0x00, 0x00, 0x00, 0x00, 0x20, 0x00, 0x20,
    0x00, 0x20, 0x00, 0x20, 0x00, 0x40, 0x00, 0x40, 0x00, 0x61, 0x00, 0x81, 0x00, 0x81, 0x00, 0xA1, 0x00, 0xC2, 0x00,
    0xE2, 0x00, 0x02, 0x01, 0x23, 0x01, 0x43, 0x09, 0x63, 0x09, 0x84, 0x09, 0xC4, 0x09, 0xE5, 0x09, 0x25, 0x0A, 0x05,
    0x0A, 0x0B, 0x1C, 0x4E, 0x1D, 0x0D, 0x1D, 0x0E, 0x1D, 0x0E, 0x1D, 0x0E, 0x1D, 0x0E, 0x1D, 0x0E, 0x1D, 0x0E, 0x1D,
    0x0E, 0x1D, 0x0E, 0x1D, 0x0E, 0x1D, 0x0E, 0x1D, 0x0E, 0x1D, 0x0E, 0x1D, 0x0E, 0x1D, 0x0E, 0x1D, 0x0E, 0x1D, 0x0E,
    0x1D, 0x0E, 0x1D, 0x0E, 0x1D, 0x0E, 0x1D, 0x0E, 0x1D, 0x0E, 0x1D, 0x2E, 0x25, 0xED, 0x14, 0xF3, 0x5D, 0xFF, 0xFF,
    0xFF, 0xFF, 0xFF, 0xFF, 0xFF, 0xFF, 0xFF, 0xFF, 0xFF, 0xFF, 0xFF, 0xFF, 0xFF, 0xFF, 0xFF, 0xFF, 0xFF, 0xFF, 0xFF,
    0xFF, 0x13, 0x66, 0xED, 0x14, 0x2E, 0x25, 0x0E, 0x1D, 0x0E, 0x1D, 0x0E, 0x1D, 0x0E, 0x1D, 0x0E, 0x1D, 0x0E, 0x1D,
    0x0E, 0x1D, 0x0E, 0x1D, 0x0E, 0x1D, 0x0E, 0x1D, 0x0E, 0x1D, 0x0E, 0x1D, 0x0E, 0x1D, 0x0E, 0x1D, 0x0E, 0x1D, 0x0E,
    0x1D, 0x0E, 0x1D, 0x0E, 0x1D, 0x0E, 0x1D, 0x0E, 0x1D, 0x0E, 0x1D, 0x0E, 0x1D, 0x0E, 0x1D, 0x0E, 0x1D, 0x0E, 0x1D,
    0x0E, 0x1D, 0x0E, 0x1D, 0x0E, 0x1D, 0x0E, 0x1D, 0x0E, 0x1D, 0x0E, 0x1D, 0x0E, 0x1D, 0x0E, 0x1D, 0x0E, 0x1D, 0x0E,
    0x1D, 0x0E, 0x1D, 0x0E, 0x1D, 0x0E, 0x1D, 0x0E, 0x1D, 0x0E, 0x1D, 0x0E, 0x1D, 0x0E, 0x1D, 0x0E, 0x1D, 0x0E, 0x1D,
    0x0E, 0x1D, 0x0E, 0x1D, 0x0E, 0x1D, 0x0E, 0x1D, 0x0E, 0x1D, 0x0E, 0x1D, 0x0E, 0x1D, 0x0E, 0x1D, 0x0E, 0x1D, 0x0E,
    0x1D, 0x0E, 0x1D, 0x0E, 0x1D, 0x0E, 0x1D, 0x0E, 0x1D, 0x0E, 0x1D, 0x0E, 0x1D, 0x0E, 0x1D, 0x0E, 0x1D, 0x0E, 0x1D,
    0x0E, 0x1D, 0x0E, 0x1D, 0x0E, 0x1D, 0x0E, 0x1D, 0x2E, 0x25, 0xED, 0x14, 0xF3, 0x5D, 0xFF, 0xFF, 0xFF, 0xFF, 0xFF,
    0xFF, 0xFF, 0xFF, 0xFF, 0xFF, 0xFF, 0xFF, 0xFF, 0xFF, 0xFF, 0xFF, 0xFF, 0xFF, 0xFF, 0xFF, 0xFF, 0xFF, 0xF3, 0x65,
    0xED, 0x14, 0x2E, 0x25, 0x0E, 0x1D, 0x0E, 0x1D, 0x0E, 0x1D, 0x0E, 0x1D, 0x0E, 0x1D, 0x0E, 0x1D, 0x0E, 0x1D, 0x0E,
    0x1D, 0x0E, 0x1D, 0x0E, 0x1D, 0x0E, 0x1D, 0x0E, 0x1D, 0x0E, 0x1D, 0x0E, 0x1D, 0x0E, 0x1D, 0x0E, 0x1D, 0x0E, 0x1D,
    0x0E, 0x1D, 0x0E, 0x1D, 0x0E, 0x1D, 0x0E, 0x1D, 0x0E, 0x1D, 0x0D, 0x1D, 0x4E, 0x1D, 0x0B, 0x1C, 0x05, 0x0A, 0x25,
    0x0A, 0xE5, 0x09, 0xC4, 0x09, 0x84, 0x09, 0x63, 0x09, 0x43, 0x09, 0x23, 0x01, 0x02, 0x01, 0xE2, 0x00, 0xC2, 0x00,
    0xA1, 0x00, 0x81, 0x00, 0x81, 0x00, 0x61, 0x00, 0x40, 0x00, 0x40, 0x00, 0x20, 0x00, 0x20, 0x00, 0x20, 0x00, 0x20,
    0x00, 0x00, 0x00, 0x00, 0x00, 0x00, 0x00, 0x00, 0x00, 0x00, 0x00, 0x00, 0x00, 0x00, 0x00, 0x00, 0x00, 0x20, 0x00,
    0x20, 0x00, 0x20, 0x00, 0x20, 0x00, 0x40, 0x00, 0x40, 0x00, 0x61, 0x00, 0x81, 0x00, 0x81, 0x00, 0xA1, 0x00, 0xC2,
    0x00, 0xE2, 0x00, 0x02, 0x01, 0x23, 0x01, 0x43, 0x09, 0x63, 0x09, 0x84, 0x09, 0xA4, 0x09, 0xE5, 0x09, 0x05, 0x0A,
    0x05, 0x0A, 0x69, 0x13, 0x4E, 0x1D, 0x0D, 0x1D, 0x0E, 0x1D, 0x0E, 0x1D, 0x0E, 0x1D, 0x0E, 0x1D, 0x0E, 0x1D, 0x0E,
    0x1D, 0x0E, 0x1D, 0x0E, 0x1D, 0x0E, 0x1D, 0x0E, 0x1D, 0x0E, 0x1D, 0x0E, 0x1D, 0x0E, 0x1D, 0x0E, 0x1D, 0x0E, 0x1D,
    0x0E, 0x1D, 0x0E, 0x1D, 0x0E, 0x1D, 0x0E, 0x1D, 0x0E, 0x1D, 0x0E, 0x1D, 0x0E, 0x1D, 0x0D, 0x1D, 0x7C, 0xD7, 0xFF,
    0xFF, 0xFF, 0xFF, 0xFF, 0xFF, 0xFF, 0xFF, 0xFF, 0xFF, 0xFF, 0xFF, 0xFF, 0xFF, 0xFF, 0xFF, 0xFF, 0xFF, 0xFF, 0xFF,
    0x7C, 0xDF, 0x0E, 0x1D, 0x0E, 0x1D, 0x0E, 0x1D, 0x0E, 0x1D, 0x0E, 0x1D, 0x0E, 0x1D, 0x0E, 0x1D, 0x0E, 0x1D, 0x0E,
    0x1D, 0x0E, 0x1D, 0x0E, 0x1D, 0x0E, 0x1D, 0x0E, 0x1D, 0x0E, 0x1D, 0x0E, 0x1D, 0x0E, 0x1D, 0x0E, 0x1D, 0x0E, 0x1D,
    0x0E, 0x1D, 0x0E, 0x1D, 0x0E, 0x1D, 0x0E, 0x1D, 0x0E, 0x1D, 0x0E, 0x1D, 0x0E, 0x1D, 0x0E, 0x1D, 0x0E, 0x1D, 0x0E,
    0x1D, 0x0E, 0x1D, 0x0E, 0x1D, 0x0E, 0x1D, 0x0E, 0x1D, 0x0E, 0x1D, 0x0E, 0x1D, 0x0E, 0x1D, 0x0E, 0x1D, 0x0E, 0x1D,
    0x0E, 0x1D, 0x0E, 0x1D, 0x0E, 0x1D, 0x0E, 0x1D, 0x0E, 0x1D, 0x0E, 0x1D, 0x0E, 0x1D, 0x0E, 0x1D, 0x0E, 0x1D, 0x0E,
    0x1D, 0x0E, 0x1D, 0x0E, 0x1D, 0x0E, 0x1D, 0x0E, 0x1D, 0x0E, 0x1D, 0x0E, 0x1D, 0x0E, 0x1D, 0x0E, 0x1D, 0x0E, 0x1D,
    0x0E, 0x1D, 0x0E, 0x1D, 0x0E, 0x1D, 0x0E, 0x1D, 0x0E, 0x1D, 0x0E, 0x1D, 0x0E, 0x1D, 0x0E, 0x1D, 0x0E, 0x1D, 0x0E,
    0x1D, 0x0E, 0x1D, 0x0E, 0x1D, 0x0E, 0x1D, 0x0E, 0x1D, 0x0E, 0x1D, 0x0E, 0x1D, 0x2E, 0x1D, 0x9D, 0xDF, 0xFF, 0xFF,
    0xFF, 0xFF, 0xFF, 0xFF, 0xFF, 0xFF, 0xFF, 0xFF, 0xFF, 0xFF, 0xFF, 0xFF, 0xFF, 0xFF, 0xFF, 0xFF, 0xFF, 0xFF, 0x7C,
    0xD7, 0x0D, 0x1D, 0x0E, 0x1D, 0x0E, 0x1D, 0x0E, 0x1D, 0x0E, 0x1D, 0x0E, 0x1D, 0x0E, 0x1D, 0x0E, 0x1D, 0x0E, 0x1D,
    0x0E, 0x1D, 0x0E, 0x1D, 0x0E, 0x1D, 0x0E, 0x1D, 0x0E, 0x1D, 0x0E, 0x1D, 0x0E, 0x1D, 0x0E, 0x1D, 0x0E, 0x1D, 0x0E,
    0x1D, 0x0E, 0x1D, 0x0E, 0x1D, 0x0E, 0x1D, 0x0E, 0x1D, 0x0E, 0x1D, 0x0D, 0x1D, 0x4E, 0x1D, 0x69, 0x13, 0x05, 0x0A,
    0x05, 0x0A, 0xE5, 0x09, 0xA4, 0x09, 0x84, 0x09, 0x63, 0x09, 0x43, 0x09, 0x23, 0x01, 0x02, 0x01, 0xE2, 0x00, 0xC2,
    0x00, 0xA1, 0x00, 0x81, 0x00, 0x81, 0x00, 0x61, 0x00, 0x40, 0x00, 0x40, 0x00, 0x20, 0x00, 0x20, 0x00, 0x20, 0x00,
    0x20, 0x00, 0x00, 0x00, 0x00, 0x00, 0x00, 0x00, 0x00, 0x00, 0x00, 0x00, 0x00, 0x00, 0x00, 0x00, 0x00, 0x00, 0x00,
    0x00, 0x20, 0x00, 0x20, 0x00, 0x20, 0x00, 0x40, 0x00, 0x40, 0x00, 0x61, 0x00, 0x61, 0x00, 0x81, 0x00, 0xA1, 0x00,
    0xC2, 0x00, 0xC2, 0x00, 0xE2, 0x00, 0x02, 0x01, 0x23, 0x09, 0x63, 0x09, 0x84, 0x09, 0xA4, 0x09, 0xC4, 0x09, 0x05,
    0x0A, 0x05, 0x0A, 0x86, 0x12, 0xED, 0x1C, 0x0E, 0x1D, 0x0D, 0x1D, 0x0D, 0x1D, 0x0D, 0x1D, 0x0D, 0x1D, 0x0D, 0x1D,
    0x0D, 0x1D, 0x0D, 0x1D, 0x0D, 0x1D, 0x0D, 0x1D, 0x0D, 0x1D, 0x0D, 0x1D, 0x0D, 0x1D, 0x0D, 0x1D, 0x0D, 0x1D, 0x0D,
    0x1D, 0x0D, 0x1D, 0x0D, 0x1D, 0x0D, 0x1D, 0x0D, 0x1D, 0x0D, 0x1D, 0x0E, 0x25, 0xEC, 0x0C, 0x14, 0x6E, 0xFF, 0xFF,
    0xFF, 0xFF, 0xFF, 0xFF, 0xFF, 0xFF, 0xFF, 0xFF, 0xFF, 0xFF, 0xFF, 0xFF, 0xFF, 0xFF, 0xFF, 0xFF, 0xFF, 0xFF, 0xFF,
    0xFF, 0x55, 0x7E, 0xEC, 0x0C, 0x0E, 0x25, 0x0D, 0x1D, 0x0D, 0x1D, 0x0D, 0x1D, 0x0D, 0x1D, 0x0D, 0x1D, 0x0D, 0x1D,
    0x0D, 0x1D, 0x0D, 0x1D, 0x0D, 0x1D, 0x0D, 0x1D, 0x0D, 0x1D, 0x0D, 0x1D, 0x0D, 0x1D, 0x0D, 0x1D, 0x0D, 0x1D, 0x0D,
    0x1D, 0x0D, 0x1D, 0x0D, 0x1D, 0x0D, 0x1D, 0x0D, 0x1D, 0x0D, 0x1D, 0x0D, 0x1D, 0x0D, 0x1D, 0x0D, 0x1D, 0x0D, 0x1D,
    0x0D, 0x1D, 0x0D, 0x1D, 0x0D, 0x1D, 0x0D, 0x1D, 0x0D, 0x1D, 0x0D, 0x1D, 0x0D, 0x1D, 0x0D, 0x1D, 0x0D, 0x1D, 0x0D,
    0x1D, 0x0D, 0x1D, 0x0D, 0x1D, 0x0D, 0x1D, 0x0D, 0x1D, 0x0D, 0x1D, 0x0D, 0x1D, 0x0D, 0x1D, 0x0D, 0x1D, 0x0D, 0x1D,
    0x0D, 0x1D, 0x0D, 0x1D, 0x0D, 0x1D, 0x0D, 0x1D, 0x0D, 0x1D, 0x0D, 0x1D, 0x0D, 0x1D, 0x0D, 0x1D, 0x0D, 0x1D, 0x0D,
    0x1D, 0x0D, 0x1D, 0x0D, 0x1D, 0x0D, 0x1D, 0x0D, 0x1D, 0x0D, 0x1D, 0x0D, 0x1D, 0x0D, 0x1D, 0x0D, 0x1D, 0x0D, 0x1D,
    0x0D, 0x1D, 0x0D, 0x1D, 0x0D, 0x1D, 0x0D, 0x1D, 0x0D, 0x1D, 0x0D, 0x1D, 0x0E, 0x25, 0xEC, 0x0C, 0x76, 0x86, 0xFF,
    0xFF, 0xFF, 0xFF, 0xFF, 0xFF, 0xFF, 0xFF, 0xFF, 0xFF, 0xFF, 0xFF, 0xFF, 0xFF, 0xFF, 0xFF, 0xFF, 0xFF, 0xFF, 0xFF,
    0xFF, 0xFF, 0x55, 0x7E, 0xEC, 0x0C, 0x0E, 0x25, 0x0D, 0x1D, 0x0D, 0x1D, 0x0D, 0x1D, 0x0D, 0x1D, 0x0D, 0x1D, 0x0D,
    0x1D, 0x0D, 0x1D, 0x0D, 0x1D, 0x0D, 0x1D, 0x0D, 0x1D, 0x0D, 0x1D, 0x0D, 0x1D, 0x0D, 0x1D, 0x0D, 0x1D, 0x0D, 0x1D,
    0x0D, 0x1D, 0x0D, 0x1D, 0x0D, 0x1D, 0x0D, 0x1D, 0x0D, 0x1D, 0x0D, 0x1D, 0x0E, 0x1D, 0xED, 0x1C, 0x86, 0x12, 0x05,
    0x0A, 0x05, 0x0A, 0xC4, 0x09, 0xA4, 0x09, 0x84, 0x09, 0x63, 0x09, 0x23, 0x09, 0x02, 0x01, 0xE2, 0x00, 0xC2, 0x00,
    0xC2, 0x00, 0xA1, 0x00, 0x81, 0x00, 0x61, 0x00, 0x61, 0x00, 0x40, 0x00, 0x40, 0x00, 0x20, 0x00, 0x20, 0x00, 0x20,
    0x00, 0x00, 0x00, 0x00, 0x00, 0x00, 0x00, 0x00, 0x00, 0x00, 0x00, 0x00, 0x00, 0x00, 0x00, 0x00, 0x00, 0x00, 0x00,
    0x00, 0x00, 0x20, 0x00, 0x20, 0x00, 0x20, 0x00, 0x40, 0x00, 0x40, 0x00, 0x61, 0x00, 0x61, 0x00, 0x81, 0x00, 0x81,
    0x00, 0xA1, 0x00, 0xC2, 0x00, 0xE2, 0x00, 0x02, 0x01, 0x23, 0x09, 0x43, 0x09, 0x63, 0x09, 0xA4, 0x09, 0xC4, 0x09,
    0xE5, 0x09, 0x25, 0x0A, 0x25, 0x0A, 0x6C, 0x1C, 0x2E, 0x1D, 0x0D, 0x1D, 0x0D, 0x1D, 0x0D, 0x1D, 0x0D, 0x1D, 0x0D,
    0x1D, 0x0D, 0x1D, 0x0D, 0x1D, 0x0D, 0x1D, 0x0D, 0x1D, 0x0D, 0x1D, 0x0D, 0x1D, 0x0D, 0x1D, 0x0D, 0x1D, 0x0D, 0x1D,
    0x0D, 0x1D, 0x0D, 0x1D, 0x0D, 0x1D, 0x0D, 0x1D, 0x0D, 0x1D, 0x0D, 0x1D, 0x0D, 0x1D, 0x0E, 0x1D, 0x9D, 0xDF, 0xFF,
    0xFF, 0xFF, 0xFF, 0xFF, 0xFF, 0xFF, 0xFF, 0xFF, 0xFF, 0xFF, 0xFF, 0xFF, 0xFF, 0xFF, 0xFF, 0xFF, 0xFF, 0xFF, 0xFF,
    0xBE, 0xEF, 0x2F, 0x2D, 0x0D, 0x1D, 0x0D, 0x1D, 0x0D, 0x1D, 0x0D, 0x1D, 0x0D, 0x1D, 0x0D, 0x1D, 0x0D, 0x1D, 0x0D,
    0x1D, 0x0D, 0x1D, 0x0D, 0x1D, 0x0D, 0x1D, 0x0D, 0x1D, 0x0D, 0x1D, 0x0D, 0x1D, 0x0D, 0x1D, 0x0D, 0x1D, 0x0D, 0x1D,
    0x0D, 0x1D, 0x0D, 0x1D, 0x0D, 0x1D, 0x0D, 0x1D, 0x0D, 0x1D, 0x0D, 0x1D, 0x0D, 0x1D, 0x0D, 0x1D, 0x0D, 0x1D, 0x0D,
    0x1D, 0x0D, 0x1D, 0x0D, 0x1D, 0x0D, 0x1D, 0x0D, 0x1D, 0x0D, 0x1D, 0x0D, 0x1D, 0x0D, 0x1D, 0x0D, 0x1D, 0x0D, 0x1D,
    0x0D, 0x1D, 0x0D, 0x1D, 0x0D, 0x1D, 0x0D, 0x1D, 0x0D, 0x1D, 0x0D, 0x1D, 0x0D, 0x1D, 0x0D, 0x1D, 0x0D, 0x1D, 0x0D,
    0x1D, 0x0D, 0x1D, 0x0D, 0x1D, 0x0D, 0x1D, 0x0D, 0x1D, 0x0D, 0x1D, 0x0D, 0x1D, 0x0D, 0x1D, 0x0D, 0x1D, 0x0D, 0x1D,
    0x0D, 0x1D, 0x0D, 0x1D, 0x0D, 0x1D, 0x0D, 0x1D, 0x0D, 0x1D, 0x0D, 0x1D, 0x0D, 0x1D, 0x0D, 0x1D, 0x0D, 0x1D, 0x0D,
    0x1D, 0x0D, 0x1D, 0x0D, 0x1D, 0x0D, 0x1D, 0x0D, 0x1D, 0x0D, 0x1D, 0x0D, 0x1D, 0x0E, 0x1D, 0xED, 0x14, 0x70, 0x3D,
    0xDF, 0xF7, 0xFF, 0xFF, 0xFF, 0xFF, 0xFF, 0xFF, 0xFF, 0xFF, 0xFF, 0xFF, 0xFF, 0xFF, 0xFF, 0xFF, 0xFF, 0xFF, 0xFF,
    0xFF, 0xFF, 0xFF, 0xBE, 0xEF, 0x4F, 0x2D, 0x0D, 0x1D, 0x0E, 0x1D, 0x0D, 0x1D, 0x0D, 0x1D, 0x0D, 0x1D, 0x0D, 0x1D,
    0x0D, 0x1D, 0x0D, 0x1D, 0x0D, 0x1D, 0x0D, 0x1D, 0x0D, 0x1D, 0x0D, 0x1D, 0x0D, 0x1D, 0x0D, 0x1D, 0x0D, 0x1D, 0x0D,
    0x1D, 0x0D, 0x1D, 0x0D, 0x1D, 0x0D, 0x1D, 0x0D, 0x1D, 0x0D, 0x1D, 0x0D, 0x1D, 0x2E, 0x1D, 0x6C, 0x1C, 0x25, 0x0A,
    0x25, 0x0A, 0xE5, 0x09, 0xC4, 0x09, 0xA4, 0x09, 0x63, 0x09, 0x43, 0x09, 0x23, 0x09, 0x02, 0x01, 0xE2, 0x00, 0xC2,
    0x00, 0xA1, 0x00, 0x81, 0x00, 0x81, 0x00, 0x61, 0x00, 0x61, 0x00, 0x40, 0x00, 0x40, 0x00, 0x20, 0x00, 0x20, 0x00,
    0x20, 0x00, 0x00, 0x00, 0x00, 0x00, 0x00, 0x00, 0x00, 0x00, 0x00, 0x00, 0x00, 0x00, 0x00, 0x00, 0x00, 0x00, 0x00,
    0x00, 0x00, 0x00, 0x20, 0x00, 0x20, 0x00, 0x20, 0x00, 0x20, 0x00, 0x40, 0x00, 0x40, 0x00, 0x61, 0x00, 0x81, 0x00,
    0x81, 0x00, 0xA1, 0x00, 0xC2, 0x00, 0xE2, 0x00, 0x02, 0x01, 0x23, 0x01, 0x43, 0x09, 0x63, 0x09, 0x84, 0x09, 0xA4,
    0x09, 0xE5, 0x09, 0x05, 0x0A, 0x05, 0x0A, 0x69, 0x13, 0x2E, 0x1D, 0x0D, 0x1D, 0x0D, 0x1D, 0x0D, 0x1D, 0x0D, 0x1D,
    0x0D, 0x1D, 0x0D, 0x1D, 0x0D, 0x1D, 0x0D, 0x1D, 0x0D, 0x1D, 0x0D, 0x1D, 0x0D, 0x1D, 0x0D, 0x1D, 0x0D, 0x1D, 0x0D,
    0x1D, 0x0D, 0x1D, 0x0D, 0x1D, 0x0D, 0x1D, 0x0D, 0x1D, 0x0D, 0x1D, 0x0E, 0x1D, 0xCC, 0x0C, 0x35, 0x76, 0xFF, 0xFF,
    0xFF, 0xFF, 0xFF, 0xFF, 0xFF, 0xFF, 0xFF, 0xFF, 0xFF, 0xFF, 0xFF, 0xFF, 0xFF, 0xFF, 0xFF, 0xFF, 0xFF, 0xFF, 0xFF,
    0xFF, 0xB8, 0x9E, 0xCC, 0x0C, 0x0E, 0x1D, 0x0D, 0x1D, 0x0D, 0x1D, 0x0D, 0x1D, 0x0D, 0x1D, 0x0D, 0x1D, 0x0D, 0x1D,
    0x0D, 0x1D, 0x0D, 0x1D, 0x0D, 0x1D, 0x0D, 0x1D, 0x0D, 0x1D, 0x0D, 0x1D, 0x0D, 0x1D, 0x0D, 0x1D, 0x0D, 0x1D, 0x0D,
    0x1D, 0x0D, 0x1D, 0x0D, 0x1D, 0x0D, 0x1D, 0x0D, 0x1D, 0x0D, 0x1D, 0x0D, 0x1D, 0x0D, 0x1D, 0x0D, 0x1D, 0x0D, 0x1D,
    0x0D, 0x1D, 0x0D, 0x1D, 0x0D, 0x1D, 0x0D, 0x1D, 0x0D, 0x1D, 0x0D, 0x1D, 0x0D, 0x1D, 0x0D, 0x1D, 0x0D, 0x1D, 0x0D,
    0x1D, 0x0D, 0x1D, 0x0D, 0x1D, 0x0D, 0x1D, 0x0D, 0x1D, 0x0D, 0x1D, 0x0D, 0x1D, 0x0D, 0x1D, 0x0D, 0x1D, 0x0D, 0x1D,
    0x0D, 0x1D, 0x0D, 0x1D, 0x0D, 0x1D, 0x0D, 0x1D, 0x0D, 0x1D, 0x0D, 0x1D, 0x0D, 0x1D, 0x0D, 0x1D, 0x0D, 0x1D, 0x0D,
    0x1D, 0x0D, 0x1D, 0x0D, 0x1D, 0x0D, 0x1D, 0x0D, 0x1D, 0x0D, 0x1D, 0x0D, 0x1D, 0x0D, 0x1D, 0x0D, 0x1D, 0x0D, 0x1D,
    0x0D, 0x1D, 0x0D, 0x1D, 0x0D, 0x1D, 0x0D, 0x1D, 0x0D, 0x1D, 0x0D, 0x1D, 0x0D, 0x1D, 0x0D, 0x1D, 0x0E, 0x1D, 0xED,
    0x14, 0x1A, 0xB7, 0xFF, 0xFF, 0xFF, 0xFF, 0xFF, 0xFF, 0xFF, 0xFF, 0xFF, 0xFF, 0xFF, 0xFF, 0xFF, 0xFF, 0xFF, 0xFF,
    0xFF, 0xFF, 0xFF, 0xFF, 0xFF, 0xFF, 0xD8, 0xA6, 0xCC, 0x0C, 0x0E, 0x25, 0x0D, 0x1D, 0x0D, 0x1D, 0x0D, 0x1D, 0x0D,
    0x1D, 0x0D, 0x1D, 0x0D, 0x1D, 0x0D, 0x1D, 0x0D, 0x1D, 0x0D, 0x1D, 0x0D, 0x1D, 0x0D, 0x1D, 0x0D, 0x1D, 0x0D, 0x1D,
    0x0D, 0x1D, 0x0D, 0x1D, 0x0D, 0x1D, 0x0D, 0x1D, 0x0D, 0x1D, 0x0D, 0x1D, 0x0D, 0x1D, 0x2E, 0x1D, 0x69, 0x13, 0x05,
    0x0A, 0x05, 0x0A, 0xE5, 0x09, 0xA4, 0x09, 0x84, 0x09, 0x63, 0x09, 0x43, 0x09, 0x23, 0x01, 0x02, 0x01, 0xE2, 0x00,
    0xC2, 0x00, 0xA1, 0x00, 0x81, 0x00, 0x81, 0x00, 0x61, 0x00, 0x40, 0x00, 0x40, 0x00, 0x20, 0x00, 0x20, 0x00, 0x20,
    0x00, 0x20, 0x00, 0x00, 0x00, 0x00, 0x00, 0x00, 0x00, 0x00, 0x00, 0x00, 0x00, 0x00, 0x00, 0x00, 0x00, 0x00, 0x00,
    0x00, 0x00, 0x00, 0x00, 0x20, 0x00, 0x20, 0x00, 0x20, 0x00, 0x20, 0x00, 0x40, 0x00, 0x40, 0x00, 0x61, 0x00, 0x81,
    0x00, 0x81, 0x00, 0xA1, 0x00, 0xC2, 0x00, 0xC2, 0x00, 0xE2, 0x00, 0x02, 0x01, 0x23, 0x09, 0x63, 0x09, 0x84, 0x09,
    0xA4, 0x09, 0xC4, 0x09, 0x05, 0x0A, 0x05, 0x0A, 0x86, 0x12, 0xED, 0x1C, 0x0D, 0x1D, 0x0D, 0x1D, 0x0D, 0x1D, 0x0D,
    0x1D, 0x0D, 0x1D, 0x0D, 0x1D, 0x0D, 0x1D, 0x0D, 0x1D, 0x0D, 0x1D, 0x0D, 0x1D, 0x0D, 0x1D, 0x0D, 0x1D, 0x0D, 0x1D,
    0x0D, 0x1D, 0x0D, 0x1D, 0x0D, 0x1D, 0x0D, 0x1D, 0x0D, 0x1D, 0x0D, 0x1D, 0x0D, 0x1D, 0x2E, 0x25, 0x9D, 0xE7, 0xFF,
    0xFF, 0xFF, 0xFF, 0xFF, 0xFF, 0xFF, 0xFF, 0xFF, 0xFF, 0xFF, 0xFF, 0xFF, 0xFF, 0xFF, 0xFF, 0xFF, 0xFF, 0xFF, 0xFF,
    0xFF, 0xFF, 0x91, 0x45, 0xED, 0x14, 0x0D, 0x1D, 0x0D, 0x1D, 0x0D, 0x1D, 0x0D, 0x1D, 0x0D, 0x1D, 0x0D, 0x1D, 0x0D,
    0x1D, 0x0D, 0x1D, 0x0D, 0x1D, 0x0D, 0x1D, 0x0D, 0x1D, 0x0D, 0x1D, 0x0D, 0x1D, 0x0D, 0x1D, 0x0D, 0x1D, 0x0D, 0x1D,
    0x0D, 0x1D, 0x0D, 0x1D, 0x0D, 0x1D, 0x0D, 0x1D, 0x0D, 0x1D, 0x0D, 0x1D, 0x0D, 0x1D, 0x0D, 0x1D, 0x0D, 0x1D, 0x0D,
    0x1D, 0x0D, 0x1D, 0x0D, 0x1D, 0x0D, 0x1D, 0x0D, 0x1D, 0x0D, 0x1D, 0x0D, 0x1D, 0x0D, 0x1D, 0x0D, 0x1D, 0x0D, 0x1D,
    0x0D, 0x1D, 0x0D, 0x1D, 0x0D, 0x1D, 0x0D, 0x1D, 0x0D, 0x1D, 0x0D, 0x1D, 0x0D, 0x1D, 0x0D, 0x1D, 0x0D, 0x1D, 0x0D,
    0x1D, 0x0D, 0x1D, 0x0D, 0x1D, 0x0D, 0x1D, 0x0D, 0x1D, 0x0D, 0x1D, 0x0D, 0x1D, 0x0D, 0x1D, 0x0D, 0x1D, 0x0D, 0x1D,
    0x0D, 0x1D, 0x0D, 0x1D, 0x0D, 0x1D, 0x0D, 0x1D, 0x0D, 0x1D, 0x0D, 0x1D, 0x0D, 0x1D, 0x0D, 0x1D, 0x0D, 0x1D, 0x0D,
    0x1D, 0x0D, 0x1D, 0x0D, 0x1D, 0x0D, 0x1D, 0x0D, 0x1D, 0x0D, 0x1D, 0x0D, 0x1D, 0x0D, 0x1D, 0x0D, 0x1D, 0x0E, 0x1D,
    0xCC, 0x0C, 0xF3, 0x65, 0xFF, 0xFF, 0xFF, 0xFF, 0xFF, 0xFF, 0xFF, 0xFF, 0xFF, 0xFF, 0xFF, 0xFF, 0xFF, 0xFF, 0xFF,
    0xFF, 0xFF, 0xFF, 0xFF, 0xFF, 0xFF, 0xFF, 0xFF, 0xFF, 0xB1, 0x4D, 0xEC, 0x14, 0x0E, 0x1D, 0x0D, 0x1D, 0x0D, 0x1D,
    0x0D, 0x1D, 0x0D, 0x1D, 0x0D, 0x1D, 0x0D, 0x1D, 0x0D, 0x1D, 0x0D, 0x1D, 0x0D, 0x1D, 0x0D, 0x1D, 0x0D, 0x1D, 0x0D,
    0x1D, 0x0D, 0x1D, 0x0D, 0x1D, 0x0D, 0x1D, 0x0D, 0x1D, 0x0D, 0x1D, 0x0D, 0x1D, 0x0D, 0x1D, 0xED, 0x1C, 0x86, 0x12,
    0x05, 0x0A, 0x05, 0x0A, 0xC4, 0x09, 0xA4, 0x09, 0x84, 0x09, 0x63, 0x09, 0x23, 0x09, 0x02, 0x01, 0xE2, 0x00, 0xC2,
    0x00, 0xC2, 0x00, 0xA1, 0x00, 0x81, 0x00, 0x81, 0x00, 0x61, 0x00, 0x40, 0x00, 0x40, 0x00, 0x20, 0x00, 0x20, 0x00,
    0x20, 0x00, 0x20, 0x00, 0x00, 0x00, 0x00, 0x00, 0x00, 0x00, 0x00, 0x00, 0x00, 0x00, 0x00, 0x00, 0x00, 0x00, 0x00,
    0x00, 0x00, 0x00, 0x00, 0x00, 0x20, 0x00, 0x20, 0x00, 0x20, 0x00, 0x20, 0x00, 0x40, 0x00, 0x40, 0x00, 0x61, 0x00,
    0x61, 0x00, 0x81, 0x00, 0xA1, 0x00, 0xA2, 0x00, 0xC2, 0x00, 0xE2, 0x00, 0x02, 0x01, 0x23, 0x09, 0x43, 0x09, 0x63,
    0x09, 0xA4, 0x09, 0xC4, 0x09, 0xE5, 0x09, 0x05, 0x0A, 0x05, 0x0A, 0x0B, 0x1C, 0x2E, 0x1D, 0xED, 0x1C, 0x0D, 0x1D,
    0x0D, 0x1D, 0x0D, 0x1D, 0x0D, 0x1D, 0x0D, 0x1D, 0x0D, 0x1D, 0x0D, 0x1D, 0x0D, 0x1D, 0x0D, 0x1D, 0x0D, 0x1D, 0x0D,
    0x1D, 0x0D, 0x1D, 0x0D, 0x1D, 0x0D, 0x1D, 0x0D, 0x1D, 0x0D, 0x1D, 0x0E, 0x25, 0xCC, 0x0C, 0x56, 0x86, 0xFF, 0xFF,
    0xFF, 0xFF, 0xFF, 0xFF, 0xFF, 0xFF, 0xFF, 0xFF, 0xFF, 0xFF, 0xFF, 0xFF, 0xFF, 0xFF, 0xFF, 0xFF, 0xFF, 0xFF, 0xFF,
    0xFF, 0x3B, 0xC7, 0xED, 0x14, 0x0D, 0x1D, 0x0D, 0x1D, 0x0D, 0x1D, 0x0D, 0x1D, 0x0D, 0x1D, 0x0D, 0x1D, 0x0D, 0x1D,
    0x0D, 0x1D, 0x0D, 0x1D, 0x0D, 0x1D, 0x0D, 0x1D, 0x0D, 0x1D, 0x0D, 0x1D, 0x0D, 0x1D, 0x0D, 0x1D, 0x0D, 0x1D, 0x0D,
    0x1D, 0x0D, 0x1D, 0x0D, 0x1D, 0x0D, 0x1D, 0x0D, 0x1D, 0x0D, 0x1D, 0x0D, 0x1D, 0x0D, 0x1D, 0x0D, 0x1D, 0x0D, 0x1D,
    0x0D, 0x1D, 0x0D, 0x1D, 0x0D, 0x1D, 0x0D, 0x1D, 0x0D, 0x1D, 0x0D, 0x1D, 0x0D, 0x1D, 0x0D, 0x1D, 0x0D, 0x1D, 0x0D,
    0x1D, 0x0D, 0x1D, 0x0D, 0x1D, 0x0D, 0x1D, 0x0D, 0x1D, 0x0D, 0x1D, 0x0D, 0x1D, 0x0D, 0x1D, 0x0D, 0x1D, 0x0D, 0x1D,
    0x0D, 0x1D, 0x0D, 0x1D, 0x0D, 0x1D, 0x0D, 0x1D, 0x0D, 0x1D, 0x0D, 0x1D, 0x0D, 0x1D, 0x0D, 0x1D, 0x0D, 0x1D, 0x0D,
    0x1D, 0x0D, 0x1D, 0x0D, 0x1D, 0x0D, 0x1D, 0x0D, 0x1D, 0x0D, 0x1D, 0x0D, 0x1D, 0x0D, 0x1D, 0x0D, 0x1D, 0x0D, 0x1D,
    0x0D, 0x1D, 0x0D, 0x1D, 0x0D, 0x1D, 0x0D, 0x1D, 0x0D, 0x1D, 0x0D, 0x1D, 0x0D, 0x1D, 0x0D, 0x1D, 0x0D, 0x1D, 0x0D,
    0x1D, 0xED, 0x1C, 0x0E, 0x25, 0xBD, 0xE7, 0xFF, 0xFF, 0xFF, 0xFF, 0xFF, 0xFF, 0xFF, 0xFF, 0xFF, 0xFF, 0xFF, 0xFF,
    0xFF, 0xFF, 0xFF, 0xFF, 0xFF, 0xFF, 0xFF, 0xFF, 0xFF, 0xFF, 0x5C, 0xCF, 0xED, 0x1C, 0x0D, 0x1D, 0x0D, 0x1D, 0x0D,
    0x1D, 0x0D, 0x1D, 0x0D, 0x1D, 0x0D, 0x1D, 0x0D, 0x1D, 0x0D, 0x1D, 0x0D, 0x1D, 0x0D, 0x1D, 0x0D, 0x1D, 0x0D, 0x1D,
    0x0D, 0x1D, 0x0D, 0x1D, 0x0D, 0x1D, 0x0D, 0x1D, 0x0D, 0x1D, 0x0D, 0x1D, 0xED, 0x1C, 0x2E, 0x1D, 0x0B, 0x1C, 0x05,
    0x0A, 0x05, 0x0A, 0xE5, 0x09, 0xC4, 0x09, 0xA4, 0x09, 0x63, 0x09, 0x43, 0x09, 0x23, 0x09, 0x02, 0x01, 0xE2, 0x00,
    0xC2, 0x00, 0xA2, 0x00, 0xA1, 0x00, 0x81, 0x00, 0x61, 0x00, 0x61, 0x00, 0x40, 0x00, 0x40, 0x00, 0x20, 0x00, 0x20,
    0x00, 0x20, 0x00, 0x20, 0x00, 0x00, 0x00, 0x00, 0x00, 0x00, 0x00, 0x00, 0x00, 0x00, 0x00, 0x00, 0x00, 0x00, 0x00,
    0x00, 0x00, 0x00, 0x00, 0x00, 0x00, 0x00, 0x00, 0x20, 0x00, 0x20, 0x00, 0x20, 0x00, 0x40, 0x00, 0x40, 0x00, 0x60,
    0x00, 0x61, 0x00, 0x81, 0x00, 0x81, 0x00, 0xA1, 0x00, 0xC2, 0x00, 0xE2, 0x00, 0x02, 0x01, 0x23, 0x01, 0x43, 0x09,
    0x63, 0x09, 0x84, 0x09, 0xA4, 0x09, 0xC5, 0x09, 0x05, 0x0A, 0x05, 0x0A, 0x08, 0x13, 0x2E, 0x1D, 0xED, 0x1C, 0x0D,
    0x1D, 0x0D, 0x1D, 0x0D, 0x1D, 0x0D, 0x1D, 0x0D, 0x1D, 0x0D, 0x1D, 0x0D, 0x1D, 0x0D, 0x1D, 0x0D, 0x1D, 0x0D, 0x1D,
    0x0D, 0x1D, 0x0D, 0x1D, 0x0D, 0x1D, 0x0D, 0x1D, 0x0D, 0x1D, 0x0D, 0x1D, 0xED, 0x1C, 0x2E, 0x2D, 0xBE, 0xEF, 0xFF,
    0xFF, 0xFF, 0xFF, 0xFF, 0xFF, 0xFF, 0xFF, 0xFF, 0xFF, 0xFF, 0xFF, 0xFF, 0xFF, 0xFF, 0xFF, 0xFF, 0xFF, 0xFF, 0xFF,
    0xFF, 0xFF, 0x14, 0x6E, 0xCC, 0x0C, 0x0E, 0x1D, 0x0D, 0x1D, 0x0D, 0x1D, 0x0D, 0x1D, 0x0D, 0x1D, 0x0D, 0x1D, 0x0D,
    0x1D, 0x0D, 0x1D, 0x0D, 0x1D, 0x0D, 0x1D, 0x0D, 0x1D, 0x0D, 0x1D, 0x0D, 0x1D, 0x0D, 0x1D, 0x0D, 0x1D, 0x0D, 0x1D,
    0x0D, 0x1D, 0x0D, 0x1D, 0x0D, 0x1D, 0x0D, 0x1D, 0x0D, 0x1D, 0x0D, 0x1D, 0x0D, 0x1D, 0x0D, 0x1D, 0x0D, 0x1D, 0x0D,
    0x1D, 0x0D, 0x1D, 0x0D, 0x1D, 0x0D, 0x1D, 0x0D, 0x1D, 0x0D, 0x1D, 0x0D, 0x1D, 0x0D, 0x1D, 0x0D, 0x1D, 0x0D, 0x1D,
    0x0D, 0x1D, 0x0D, 0x1D, 0x0D, 0x1D, 0x0D, 0x1D, 0x0D, 0x1D, 0x0D, 0x1D, 0x0D, 0x1D, 0x0D, 0x1D, 0x0D, 0x1D, 0x0D,
    0x1D, 0x0D, 0x1D, 0x0D, 0x1D, 0x0D, 0x1D, 0x0D, 0x1D, 0x0D, 0x1D, 0x0D, 0x1D, 0x0D, 0x1D, 0x0D, 0x1D, 0x0D, 0x1D,
    0x0D, 0x1D, 0x0D, 0x1D, 0x0D, 0x1D, 0x0D, 0x1D, 0x0D, 0x1D, 0x0D, 0x1D, 0x0D, 0x1D, 0x0D, 0x1D, 0x0D, 0x1D, 0x0D,
    0x1D, 0x0D, 0x1D, 0x0D, 0x1D, 0x0D, 0x1D, 0x0D, 0x1D, 0x0D, 0x1D, 0x0D, 0x1D, 0x0D, 0x1D, 0x0D, 0x1D, 0x0D, 0x1D,
    0x0D, 0x1D, 0x0E, 0x1D, 0xCC, 0x0C, 0xB7, 0x9E, 0xFF, 0xFF, 0xFF, 0xFF, 0xFF, 0xFF, 0xFF, 0xFF, 0xFF, 0xFF, 0xFF,
    0xFF, 0xFF, 0xFF, 0xFF, 0xFF, 0xFF, 0xFF, 0xFF, 0xFF, 0xFF, 0xFF, 0xFF, 0xFF, 0x76, 0x8E, 0xCC, 0x0C, 0x0E, 0x1D,
    0x0D, 0x1D, 0x0D, 0x1D, 0x0D, 0x1D, 0x0D, 0x1D, 0x0D, 0x1D, 0x0D, 0x1D, 0x0D, 0x1D, 0x0D, 0x1D, 0x0D, 0x1D, 0x0D,
    0x1D, 0x0D, 0x1D, 0x0D, 0x1D, 0x0D, 0x1D, 0x0D, 0x1D, 0x0D, 0x1D, 0x0D, 0x1D, 0xED, 0x1C, 0x2E, 0x1D, 0x08, 0x13,
    0x05, 0x0A, 0x05, 0x0A, 0xC5, 0x09, 0xA4, 0x09, 0x84, 0x09, 0x63, 0x09, 0x43, 0x09, 0x23, 0x01, 0x02, 0x01, 0xE2,
    0x00, 0xC2, 0x00, 0xA1, 0x00, 0x81, 0x00, 0x81, 0x00, 0x61, 0x00, 0x60, 0x00, 0x40, 0x00, 0x40, 0x00, 0x20, 0x00,
    0x20, 0x00, 0x20, 0x00, 0x00, 0x00, 0x00, 0x00, 0x00, 0x00, 0x00, 0x00, 0x00, 0x00, 0x00, 0x00, 0x00, 0x00, 0x00,
    0x00, 0x00, 0x00, 0x00, 0x00, 0x00, 0x00, 0x00, 0x00, 0x20, 0x00, 0x20, 0x00, 0x20, 0x00, 0x20, 0x00, 0x40, 0x00,
    0x40, 0x00, 0x61, 0x00, 0x81, 0x00, 0x81, 0x00, 0xA1, 0x00, 0xC2, 0x00, 0xC2, 0x00, 0xE2, 0x00, 0x02, 0x01, 0x23,
    0x09, 0x43, 0x09, 0x63, 0x09, 0xA4, 0x09, 0xC4, 0x09, 0xE5, 0x09, 0x25, 0x0A, 0x25, 0x0A, 0x4B, 0x1C, 0x0E, 0x1D,
    0xED, 0x1C, 0xED, 0x1C, 0xED, 0x1C, 0xED, 0x1C, 0xED, 0x1C, 0xED, 0x1C, 0xED, 0x1C, 0xED, 0x1C, 0xED, 0x1C, 0xED,
    0x1C, 0xED, 0x1C, 0xED, 0x1C, 0xED, 0x1C, 0xED, 0x1C, 0xED, 0x1C, 0x0D, 0x1D, 0xCC, 0x0C, 0x97, 0x96, 0xFF, 0xFF,
    0xFF, 0xFF, 0xFF, 0xFF, 0xFF, 0xFF, 0xFF, 0xFF, 0xFF, 0xFF, 0xFF, 0xFF, 0xFF, 0xFF, 0xFF, 0xFF, 0xFF, 0xFF, 0xFF,
    0xFF, 0xBE, 0xEF, 0x2E, 0x2D, 0xED, 0x1C, 0xED, 0x1C, 0xED, 0x1C, 0xED, 0x1C, 0xED, 0x1C, 0xED, 0x1C, 0xED, 0x1C,
    0xED, 0x1C, 0xED, 0x1C, 0xED, 0x1C, 0xED, 0x1C, 0xED, 0x1C, 0xED, 0x1C, 0xED, 0x1C, 0xED, 0x1C, 0xED, 0x1C, 0xED,
    0x1C, 0xED, 0x1C, 0xED, 0x1C, 0xED, 0x1C, 0xED, 0x1C, 0xED, 0x1C, 0xED, 0x1C, 0xED, 0x1C, 0xED, 0x1C, 0xED, 0x1C,
    0xED, 0x1C, 0xED, 0x1C, 0xED, 0x1C, 0xED, 0x1C, 0xED, 0x1C, 0xED, 0x1C, 0xED, 0x1C, 0xED, 0x1C, 0xED, 0x1C, 0xED,
    0x1C, 0xED, 0x1C, 0xED, 0x1C, 0xED, 0x1C, 0xED, 0x1C, 0xED, 0x1C, 0xED, 0x1C, 0xED, 0x1C, 0xED, 0x1C, 0xED, 0x1C,
    0xED, 0x1C, 0xED, 0x1C, 0xED, 0x1C, 0xED, 0x1C, 0xED, 0x1C, 0xED, 0x1C, 0xED, 0x1C, 0xED, 0x1C, 0xED, 0x1C, 0xED,
    0x1C, 0xED, 0x1C, 0xED, 0x1C, 0xED, 0x1C, 0xED, 0x1C, 0xED, 0x1C, 0xED, 0x1C, 0xED, 0x1C, 0xED, 0x1C, 0xED, 0x1C,
    0xED, 0x1C, 0xED, 0x1C, 0xED, 0x1C, 0xED, 0x1C, 0xED, 0x1C, 0xED, 0x1C, 0xED, 0x1C, 0xED, 0x1C, 0xED, 0x1C, 0xED,
    0x1C, 0xED, 0x1C, 0x0D, 0x1D, 0xCC, 0x14, 0xB1, 0x4D, 0xFF, 0xFF, 0xFF, 0xFF, 0xFF, 0xFF, 0xFF, 0xFF, 0xFF, 0xFF,
    0xFF, 0xFF, 0xFF, 0xFF, 0xFF, 0xFF, 0xFF, 0xFF, 0xFF, 0xFF, 0xFF, 0xFF, 0xFF, 0xFF, 0xFF, 0xFF, 0x91, 0x45, 0xCC,
    0x14, 0x0D, 0x1D, 0xED, 0x1C, 0xED, 0x1C, 0xED, 0x1C, 0xED, 0x1C, 0xED, 0x1C, 0xED, 0x1C, 0xED, 0x1C, 0xED, 0x1C,
    0xED, 0x1C, 0xED, 0x1C, 0xED, 0x1C, 0xED, 0x1C, 0xED, 0x1C, 0xED, 0x1C, 0xED, 0x1C, 0x0E, 0x1D, 0x4B, 0x1C, 0x25,
    0x0A, 0x25, 0x0A, 0xE5, 0x09, 0xC4, 0x09, 0xA4, 0x09, 0x63, 0x09, 0x43, 0x09, 0x23, 0x09, 0x02, 0x01, 0xE2, 0x00,
    0xC2, 0x00, 0xC2, 0x00, 0xA1, 0x00, 0x81, 0x00, 0x81, 0x00, 0x61, 0x00, 0x40, 0x00, 0x40, 0x00, 0x20, 0x00, 0x20,
    0x00, 0x20, 0x00, 0x20, 0x00, 0x00, 0x00, 0x00, 0x00, 0x00, 0x00, 0x00, 0x00, 0x00, 0x00, 0x00, 0x00, 0x00, 0x00,
    0x00, 0x00, 0x00, 0x00, 0x00, 0x00, 0x00, 0x00, 0x00, 0x00, 0x20, 0x00, 0x20, 0x00, 0x20, 0x00, 0x20, 0x00, 0x40,
    0x00, 0x40, 0x00, 0x61, 0x00, 0x61, 0x00, 0x81, 0x00, 0xA1, 0x00, 0xA1, 0x00, 0xC2, 0x00, 0xE2, 0x00, 0x02, 0x01,
    0x23, 0x01, 0x43, 0x09, 0x63, 0x09, 0x84, 0x09, 0xA4, 0x09, 0xE5, 0x09, 0x05, 0x0A, 0x05, 0x0A, 0x08, 0x13, 0x0E,
    0x1D, 0xED, 0x1C, 0xED, 0x1C, 0xED, 0x1C, 0xED, 0x1C, 0xED, 0x1C, 0xED, 0x1C, 0xED, 0x1C, 0xED, 0x1C, 0xED, 0x1C,
    0xED, 0x1C, 0xED, 0x1C, 0xED, 0x1C, 0xED, 0x1C, 0xED, 0x1C, 0xED, 0x1C, 0xCC, 0x14, 0x91, 0x4D, 0xFF, 0xFF, 0xFF,
    0xFF, 0xFF, 0xFF, 0xFF, 0xFF, 0xFF, 0xFF, 0xFF, 0xFF, 0xFF, 0xFF, 0xFF, 0xFF, 0xFF, 0xFF, 0xFF, 0xFF, 0xFF, 0xFF,
    0xFF, 0xFF, 0xD8, 0xA6, 0xCC, 0x0C, 0x0D, 0x1D, 0xED, 0x1C, 0xED, 0x1C, 0xED, 0x1C, 0xED, 0x1C, 0xED, 0x1C, 0xED,
    0x1C, 0xED, 0x1C, 0xED, 0x1C, 0xED, 0x1C, 0xED, 0x1C, 0xED, 0x1C, 0xED, 0x1C, 0xED, 0x1C, 0xED, 0x1C, 0xED, 0x1C,
    0xED, 0x1C, 0xED, 0x1C, 0xED, 0x1C, 0xED, 0x1C, 0xED, 0x1C, 0xED, 0x1C, 0xED, 0x1C, 0xED, 0x1C, 0xED, 0x1C, 0xED,
    0x1C, 0xED, 0x1C, 0xED, 0x1C, 0xED, 0x1C, 0xED, 0x1C, 0xED, 0x1C, 0xED, 0x1C, 0xED, 0x1C, 0xED, 0x1C, 0xED, 0x1C,
    0xED, 0x1C, 0xED, 0x1C, 0xED, 0x1C, 0xED, 0x1C, 0xED, 0x1C, 0xED, 0x1C, 0xED, 0x1C, 0xED, 0x1C, 0xED, 0x1C, 0xED,
    0x1C, 0xED, 0x1C, 0xED, 0x1C, 0xED, 0x1C, 0xED, 0x1C, 0xED, 0x1C, 0xED, 0x1C, 0xED, 0x1C, 0xED, 0x1C, 0xED, 0x1C,
    0xED, 0x1C, 0xED, 0x1C, 0xED, 0x1C, 0xED, 0x1C, 0xED, 0x1C, 0xED, 0x1C, 0xED, 0x1C, 0xED, 0x1C, 0xED, 0x1C, 0xED,
    0x1C, 0xED, 0x1C, 0xED, 0x1C, 0xED, 0x1C, 0xED, 0x1C, 0xED, 0x1C, 0xED, 0x1C, 0xED, 0x1C, 0xED, 0x1C, 0xED, 0x1C,
    0xED, 0x1C, 0xED, 0x1C, 0xED, 0x1C, 0xED, 0x1C, 0xED, 0x1C, 0x7C, 0xD7, 0xFF, 0xFF, 0xFF, 0xFF, 0xFF, 0xFF, 0xFF,
    0xFF, 0xFF, 0xFF, 0xFF, 0xFF, 0xFF, 0xFF, 0xFF, 0xFF, 0xFF, 0xFF, 0xFF, 0xFF, 0xFF, 0xFF, 0xFF, 0xFF, 0x5B, 0xCF,
    0xED, 0x14, 0xED, 0x1C, 0xED, 0x1C, 0xED, 0x1C, 0xED, 0x1C, 0xED, 0x1C, 0xED, 0x1C, 0xED, 0x1C, 0xED, 0x1C, 0xED,
    0x1C, 0xED, 0x1C, 0xED, 0x1C, 0xED, 0x1C, 0xED, 0x1C, 0xED, 0x1C, 0xED, 0x1C, 0xED, 0x1C, 0x0E, 0x1D, 0x08, 0x13,
    0x05, 0x0A, 0x05, 0x0A, 0xE5, 0x09, 0xA4, 0x09, 0x84, 0x09, 0x63, 0x09, 0x43, 0x09, 0x23, 0x01, 0x02, 0x01, 0xE2,
    0x00, 0xC2, 0x00, 0xA1, 0x00, 0xA1, 0x00, 0x81, 0x00, 0x61, 0x00, 0x61, 0x00, 0x40, 0x00, 0x40, 0x00, 0x20, 0x00,
    0x20, 0x00, 0x20, 0x00, 0x20, 0x00, 0x00, 0x00, 0x00, 0x00, 0x00, 0x00, 0x00, 0x00, 0x00, 0x00, 0x00, 0x00, 0x00,
    0x00, 0x00, 0x00, 0x00, 0x00, 0x00, 0x00, 0x00, 0x00, 0x00, 0x00, 0x00, 0x00, 0x20, 0x00, 0x20, 0x00, 0x20, 0x00,
    0x40, 0x00, 0x40, 0x00, 0x41, 0x00, 0x61, 0x00, 0x81, 0x00, 0x81, 0x00, 0xA1, 0x00, 0xC2, 0x00, 0xE2, 0x00, 0xE2,
    0x00, 0x22, 0x01, 0x23, 0x09, 0x63, 0x09, 0x84, 0x09, 0xA4, 0x09, 0xC4, 0x09, 0xE5, 0x09, 0x25, 0x0A, 0x25, 0x0A,
    0x4B, 0x1C, 0x0D, 0x1D, 0xED, 0x1C, 0xED, 0x1C, 0xED, 0x1C, 0xED, 0x1C, 0xED, 0x1C, 0xED, 0x1C, 0xED, 0x1C, 0xED,
    0x1C, 0xED, 0x1C, 0xED, 0x1C, 0xED, 0x1C, 0xED, 0x1C, 0xED, 0x1C, 0xED, 0x1C, 0xCD, 0x14, 0x3B, 0xC7, 0xFF, 0xFF,
    0xFF, 0xFF, 0xFF, 0xFF, 0xFF, 0xFF, 0xFF, 0xFF, 0xFF, 0xFF, 0xFF, 0xFF, 0xFF, 0xFF, 0xFF, 0xFF, 0xFF, 0xFF, 0xFF,
    0xFF, 0xFF, 0xFF, 0xB2, 0x55, 0xCC, 0x0C, 0xED, 0x1C, 0xED, 0x1C, 0xED, 0x1C, 0xED, 0x1C, 0xED, 0x1C, 0xED, 0x1C,
    0xED, 0x1C, 0xED, 0x1C, 0xED, 0x1C, 0xED, 0x1C, 0xED, 0x1C, 0xED, 0x1C, 0xED, 0x1C, 0xED, 0x1C, 0xED, 0x1C, 0xED,
    0x1C, 0xED, 0x1C, 0xED, 0x1C, 0xED, 0x1C, 0xED, 0x1C, 0xED, 0x1C, 0xED, 0x1C, 0xED, 0x1C, 0xED, 0x1C, 0xED, 0x1C,
    0xED, 0x1C, 0xED, 0x1C, 0xED, 0x1C, 0xED, 0x1C, 0xED, 0x1C, 0xED, 0x1C, 0xED, 0x1C, 0xED, 0x1C, 0xED, 0x1C, 0xED,
    0x1C, 0xED, 0x1C, 0xED, 0x1C, 0xED, 0x1C, 0xED, 0x1C, 0xED, 0x1C, 0xED, 0x1C, 0xED, 0x1C, 0xED, 0x1C, 0xED, 0x1C,
    0xED, 0x1C, 0xED, 0x1C, 0xED, 0x1C, 0xED, 0x1C, 0xED, 0x1C, 0xED, 0x1C, 0xED, 0x1C, 0xED, 0x1C, 0xED, 0x1C, 0xED,
    0x1C, 0xED, 0x1C, 0xED, 0x1C, 0xED, 0x1C, 0xED, 0x1C, 0xED, 0x1C, 0xED, 0x1C, 0xED, 0x1C, 0xED, 0x1C, 0xED, 0x1C,
    0xED, 0x1C, 0xED, 0x1C, 0xED, 0x1C, 0xED, 0x1C, 0xED, 0x1C, 0xED, 0x1C, 0xED, 0x1C, 0xED, 0x1C, 0xED, 0x1C, 0xED,
    0x1C, 0xED, 0x1C, 0xED, 0x1C, 0xED, 0x1C, 0x0D, 0x1D, 0xAC, 0x0C, 0x76, 0x86, 0xFF, 0xFF, 0xFF, 0xFF, 0xFF, 0xFF,
    0xFF, 0xFF, 0xFF, 0xFF, 0xFF, 0xFF, 0xFF, 0xFF, 0xFF, 0xFF, 0xFF, 0xFF, 0xFF, 0xFF, 0xFF, 0xFF, 0xFF, 0xFF, 0xFF,
    0xFF, 0xD3, 0x65, 0xCC, 0x0C, 0xED, 0x1C, 0xED, 0x1C, 0xED, 0x1C, 0xED, 0x1C, 0xED, 0x1C, 0xED, 0x1C, 0xED, 0x1C,
    0xED, 0x1C, 0xED, 0x1C, 0xED, 0x1C, 0xED, 0x1C, 0xED, 0x1C, 0xED, 0x1C, 0xED, 0x1C, 0x0D, 0x1D, 0x4B, 0x1C, 0x25,
    0x0A, 0x25, 0x0A, 0xE5, 0x09, 0xC4, 0x09, 0xA4, 0x09, 0x84, 0x09, 0x63, 0x09, 0x23, 0x09, 0x22, 0x01, 0xE2, 0x00,
    0xE2, 0x00, 0xC2, 0x00, 0xA1, 0x00, 0x81, 0x00, 0x81, 0x00, 0x61, 0x00, 0x41, 0x00, 0x40, 0x00, 0x40, 0x00, 0x20,
    0x00, 0x20, 0x00, 0x20, 0x00, 0x00, 0x00, 0x00, 0x00, 0x00, 0x00, 0x00, 0x00, 0x00, 0x00, 0x00, 0x00, 0x00, 0x00,
    0x00, 0x00, 0x00, 0x00, 0x00, 0x00, 0x00, 0x00, 0x00, 0x00, 0x00, 0x00, 0x00, 0x00, 0x20, 0x00, 0x20, 0x00, 0x20,
    0x00, 0x20, 0x00, 0x40, 0x00, 0x40, 0x00, 0x61, 0x00, 0x61, 0x00, 0x81, 0x00, 0xA1, 0x00, 0xA2, 0x00, 0xC2, 0x00,
    0xE2, 0x00, 0x02, 0x01, 0x23, 0x09, 0x43, 0x09, 0x63, 0x09, 0x84, 0x09, 0xA4, 0x09, 0xE5, 0x09, 0x05, 0x0A, 0x05,
    0x0A, 0x08, 0x13, 0x0D, 0x1D, 0xED, 0x1C, 0xED, 0x1C, 0xED, 0x1C, 0xED, 0x1C, 0xED, 0x1C, 0xED, 0x1C, 0xED, 0x1C,
    0xED, 0x1C, 0xED, 0x1C, 0xED, 0x1C, 0xED, 0x1C, 0xED, 0x1C, 0xED, 0x1C, 0xED, 0x14, 0x0E, 0x25, 0xDE, 0xEF, 0xFF,
    0xFF, 0xFF, 0xFF, 0xFF, 0xFF, 0xFF, 0xFF, 0xFF, 0xFF, 0xFF, 0xFF, 0xFF, 0xFF, 0xFF, 0xFF, 0xFF, 0xFF, 0xFF, 0xFF,
    0xFF, 0xFF, 0x9D, 0xE7, 0xED, 0x1C, 0xED, 0x1C, 0xED, 0x1C, 0xED, 0x1C, 0xED, 0x1C, 0xED, 0x1C, 0xED, 0x1C, 0xED,
    0x1C, 0xED, 0x1C, 0xED, 0x1C, 0xED, 0x1C, 0xED, 0x1C, 0xED, 0x1C, 0xED, 0x1C, 0xED, 0x1C, 0xED, 0x1C, 0xED, 0x1C,
    0xED, 0x1C, 0xED, 0x1C, 0xED, 0x1C, 0xED, 0x1C, 0xED, 0x1C, 0xED, 0x1C, 0xED, 0x1C, 0xED, 0x1C, 0xED, 0x1C, 0xED,
    0x1C, 0xED, 0x1C, 0xED, 0x1C, 0xED, 0x1C, 0xED, 0x1C, 0xED, 0x1C, 0xED, 0x1C, 0xED, 0x1C, 0xED, 0x1C, 0xED, 0x1C,
    0xED, 0x1C, 0xED, 0x1C, 0xED, 0x1C, 0xED, 0x1C, 0xED, 0x1C, 0xED, 0x1C, 0xED, 0x1C, 0xED, 0x1C, 0xED, 0x1C, 0xED,
    0x1C, 0xED, 0x1C, 0xED, 0x1C, 0xED, 0x1C, 0xED, 0x1C, 0xED, 0x1C, 0xED, 0x1C, 0xED, 0x1C, 0xED, 0x1C, 0xED, 0x1C,
    0xED, 0x1C, 0xED, 0x1C, 0xED, 0x1C, 0xED, 0x1C, 0xED, 0x1C, 0xED, 0x1C, 0xED, 0x1C, 0xED, 0x1C, 0xED, 0x1C, 0xED,
    0x1C, 0xED, 0x1C, 0xED, 0x1C, 0xED, 0x1C, 0xED, 0x1C, 0xED, 0x1C, 0xED, 0x1C, 0xED, 0x1C, 0xED, 0x1C, 0xED, 0x1C,
    0xED, 0x1C, 0xED, 0x1C, 0xED, 0x1C, 0xED, 0x1C, 0xED, 0x1C, 0xCC, 0x14, 0x70, 0x3D, 0xFF, 0xFF, 0xFF, 0xFF, 0xFF,
    0xFF, 0xFF, 0xFF, 0xFF, 0xFF, 0xFF, 0xFF, 0xFF, 0xFF, 0xFF, 0xFF, 0xFF, 0xFF, 0xFF, 0xFF, 0xFF, 0xFF, 0xFF, 0xFF,
    0xFF, 0xFF, 0x13, 0x6E, 0xAC, 0x0C, 0xED, 0x1C, 0xED, 0x1C, 0xED, 0x1C, 0xED, 0x1C, 0xED, 0x1C, 0xED, 0x1C, 0xED,
    0x1C, 0xED, 0x1C, 0xED, 0x1C, 0xED, 0x1C, 0xED, 0x1C, 0xED, 0x1C, 0xED, 0x1C, 0xED, 0x1C, 0x0D, 0x1D, 0x08, 0x13,
    0x05, 0x0A, 0x05, 0x0A, 0xE5, 0x09, 0xA4, 0x09, 0x84, 0x09, 0x63, 0x09, 0x43, 0x09, 0x23, 0x09, 0x02, 0x01, 0xE2,
    0x00, 0xC2, 0x00, 0xA2, 0x00, 0xA1, 0x00, 0x81, 0x00, 0x61, 0x00, 0x61, 0x00, 0x40, 0x00, 0x40, 0x00, 0x20, 0x00,
    0x20, 0x00, 0x20, 0x00, 0x20, 0x00, 0x00, 0x00, 0x00, 0x00, 0x00, 0x00, 0x00, 0x00, 0x00, 0x00, 0x00, 0x00, 0x00,
    0x00, 0x00, 0x00, 0x00, 0x00, 0x00, 0x00, 0x00, 0x00, 0x00, 0x00, 0x00, 0x00, 0x00, 0x00, 0x20, 0x00, 0x20, 0x00,
    0x20, 0x00, 0x20, 0x00, 0x40, 0x00, 0x40, 0x00, 0x61, 0x00, 0x61, 0x00, 0x81, 0x00, 0x81, 0x00, 0xA1, 0x00, 0xC2,
    0x00, 0xE2, 0x00, 0xE2, 0x00, 0x22, 0x01, 0x43, 0x09, 0x43, 0x09, 0x84, 0x09, 0xA4, 0x09, 0xC4, 0x09, 0xE5, 0x09,
    0x25, 0x0A, 0x25, 0x0A, 0x0B, 0x14, 0x0E, 0x1D, 0xED, 0x1C, 0xED, 0x1C, 0xED, 0x1C, 0xED, 0x1C, 0xED, 0x1C, 0xED,
    0x1C, 0xED, 0x1C, 0xED, 0x1C, 0xED, 0x1C, 0xED, 0x1C, 0xED, 0x1C, 0xED, 0x1C, 0xED, 0x1C, 0xCD, 0x14, 0x5B, 0xCF,
    0xFF, 0xFF, 0xFF, 0xFF, 0xFF, 0xFF, 0xFF, 0xFF, 0xFF, 0xFF, 0xFF, 0xFF, 0xFF, 0xFF, 0xFF, 0xFF, 0xFF, 0xFF, 0xFF,
    0xFF, 0xFF, 0xFF, 0x34, 0x76, 0xAC, 0x0C, 0xED, 0x1C, 0xED, 0x1C, 0xED, 0x1C, 0xED, 0x1C, 0xED, 0x1C, 0xED, 0x1C,
    0xED, 0x1C, 0xED, 0x1C, 0xED, 0x1C, 0xED, 0x1C, 0xED, 0x1C, 0xED, 0x1C, 0xED, 0x1C, 0xED, 0x1C, 0xED, 0x1C, 0xED,
    0x1C, 0xED, 0x1C, 0xED, 0x1C, 0xED, 0x1C, 0xED, 0x1C, 0xED, 0x1C, 0xED, 0x1C, 0xED, 0x1C, 0xED, 0x1C, 0xED, 0x1C,
    0xED, 0x1C, 0xED, 0x1C, 0xED, 0x1C, 0xED, 0x1C, 0xED, 0x1C, 0xED, 0x1C, 0xED, 0x1C, 0xED, 0x1C, 0xED, 0x1C, 0xED,
    0x1C, 0xED, 0x1C, 0xED, 0x1C, 0xED, 0x1C, 0xED, 0x1C, 0xED, 0x1C, 0xED, 0x1C, 0xED, 0x1C, 0xED, 0x1C, 0xED, 0x1C,
    0xED, 0x1C, 0xED, 0x1C, 0xED, 0x1C, 0xED, 0x1C, 0xED, 0x1C, 0xED, 0x1C, 0xED, 0x1C, 0xED, 0x1C, 0xED, 0x1C, 0xED,
    0x1C, 0xED, 0x1C, 0xED, 0x1C, 0xED, 0x1C, 0xED, 0x1C, 0xED, 0x1C, 0xED, 0x1C, 0xED, 0x1C, 0xED, 0x1C, 0xED, 0x1C,
    0xED, 0x1C, 0xED, 0x1C, 0xED, 0x1C, 0xED, 0x1C, 0xED, 0x1C, 0xED, 0x1C, 0xED, 0x1C, 0xED, 0x1C, 0xED, 0x1C, 0xED,
    0x1C, 0xED, 0x1C, 0xED, 0x1C, 0xED, 0x1C, 0xED, 0x1C, 0xED, 0x1C, 0xED, 0x1C, 0xCD, 0x14, 0x5B, 0xCF, 0xFF, 0xFF,
    0xFF, 0xFF, 0xFF, 0xFF, 0xFF, 0xFF, 0xFF, 0xFF, 0xFF, 0xFF, 0xFF, 0xFF, 0xFF, 0xFF, 0xFF, 0xFF, 0xFF, 0xFF, 0xFF,
    0xFF, 0x1A, 0xBF, 0xED, 0x1C, 0xED, 0x1C, 0xED, 0x1C, 0xED, 0x1C, 0xED, 0x1C, 0xED, 0x1C, 0xED, 0x1C, 0xED, 0x1C,
    0xED, 0x1C, 0xED, 0x1C, 0xED, 0x1C, 0xED, 0x1C, 0xED, 0x1C, 0xED, 0x1C, 0xED, 0x1C, 0x0E, 0x1D, 0x0B, 0x14, 0x25,
    0x0A, 0x25, 0x0A, 0xE5, 0x09, 0xC4, 0x09, 0xA4, 0x09, 0x84, 0x09, 0x43, 0x09, 0x43, 0x09, 0x22, 0x01, 0xE2, 0x00,
    0xE2, 0x00, 0xC2, 0x00, 0xA1, 0x00, 0x81, 0x00, 0x81, 0x00, 0x61, 0x00, 0x61, 0x00, 0x40, 0x00, 0x40, 0x00, 0x20,
    0x00, 0x20, 0x00, 0x20, 0x00, 0x20, 0x00, 0x00, 0x00, 0x00, 0x00, 0x00, 0x00, 0x00, 0x00, 0x00, 0x00, 0x00, 0x00,
    0x00, 0x00, 0x00, 0x00, 0x00, 0x00, 0x00, 0x00, 0x00, 0x00, 0x00, 0x00, 0x00, 0x00, 0x00, 0x00, 0x00, 0x00, 0x20,
    0x00, 0x20, 0x00, 0x20, 0x00, 0x20, 0x00, 0x40, 0x00, 0x40, 0x00, 0x61, 0x00, 0x81, 0x00, 0x81, 0x00, 0xA1, 0x00,
    0xC2, 0x00, 0xC2, 0x00, 0xE2, 0x00, 0x02, 0x01, 0x23, 0x09, 0x43, 0x09, 0x63, 0x09, 0x84, 0x09, 0xA4, 0x09, 0xC5,
    0x09, 0x05, 0x0A, 0x05, 0x0A, 0xA7, 0x12, 0xCD, 0x1C, 0xED, 0x1C, 0xED, 0x1C, 0xED, 0x1C, 0xED, 0x1C, 0xED, 0x1C,
    0xED, 0x1C, 0xED, 0x1C, 0xED, 0x1C, 0xED, 0x1C, 0xED, 0x1C, 0xED, 0x1C, 0xED, 0x1C, 0xED, 0x1C, 0xCC, 0x14, 0x4F,
    0x35, 0x3B, 0xC7, 0xFF, 0xFF, 0xFF, 0xFF, 0xFF, 0xFF, 0xFF, 0xFF, 0xFF, 0xFF, 0xFF, 0xFF, 0xFF, 0xFF, 0xFF, 0xFF,
    0x7C, 0xDF, 0x14, 0x76, 0xCC, 0x14, 0xED, 0x1C, 0xED, 0x1C, 0xED, 0x1C, 0xED, 0x1C, 0xED, 0x1C, 0xED, 0x1C, 0xED,
    0x1C, 0xED, 0x1C, 0xED, 0x1C, 0xED, 0x1C, 0xED, 0x1C, 0xED, 0x1C, 0xED, 0x1C, 0xED, 0x1C, 0xED, 0x1C, 0xED, 0x1C,
    0xED, 0x1C, 0xED, 0x1C, 0xED, 0x1C, 0xED, 0x1C, 0xED, 0x1C, 0xED, 0x1C, 0xED, 0x1C, 0xED, 0x1C, 0xED, 0x1C, 0xED,
    0x1C, 0xED, 0x1C, 0xED, 0x1C, 0xED, 0x1C, 0xED, 0x1C, 0xED, 0x1C, 0xED, 0x1C, 0xED, 0x1C, 0xED, 0x1C, 0xED, 0x1C,
    0xED, 0x1C, 0xED, 0x1C, 0xED, 0x1C, 0xED, 0x1C, 0xED, 0x1C, 0xED, 0x1C, 0xED, 0x1C, 0xED, 0x1C, 0xED, 0x1C, 0xED,
    0x1C, 0xED, 0x1C, 0xED, 0x1C, 0xED, 0x1C, 0xED, 0x1C, 0xED, 0x1C, 0xED, 0x1C, 0xED, 0x1C, 0xED, 0x1C, 0xED, 0x1C,
    0xED, 0x1C, 0xED, 0x1C, 0xED, 0x1C, 0xED, 0x1C, 0xED, 0x1C, 0xED, 0x1C, 0xED, 0x1C, 0xED, 0x1C, 0xED, 0x1C, 0xED,
    0x1C, 0xED, 0x1C, 0xED, 0x1C, 0xED, 0x1C, 0xED, 0x1C, 0xED, 0x1C, 0xED, 0x1C, 0xED, 0x1C, 0xED, 0x1C, 0xED, 0x1C,
    0xED, 0x1C, 0xED, 0x1C, 0xED, 0x1C, 0xED, 0x1C, 0xED, 0x1C, 0xED, 0x1C, 0xED, 0x1C, 0xCC, 0x0C, 0xF3, 0x65, 0xFF,
    0xFF, 0xFF, 0xFF, 0xFF, 0xFF, 0xFF, 0xFF, 0xFF, 0xFF, 0xFF, 0xFF, 0xFF, 0xFF, 0xFF, 0xFF, 0xFF, 0xFF, 0x7C, 0xD7,
    0x35, 0x7E, 0xED, 0x1C, 0xCD, 0x14, 0xED, 0x1C, 0xED, 0x1C, 0xED, 0x1C, 0xED, 0x1C, 0xED, 0x1C, 0xED, 0x1C, 0xED,
    0x1C, 0xED, 0x1C, 0xED, 0x1C, 0xED, 0x1C, 0xED, 0x1C, 0xED, 0x1C, 0xED, 0x1C, 0xED, 0x1C, 0xCD, 0x1C, 0xA7, 0x12,
    0x05, 0x0A, 0x05, 0x0A, 0xC5, 0x09, 0xA4, 0x09, 0x84, 0x09, 0x63, 0x09, 0x43, 0x09, 0x23, 0x09, 0x02, 0x01, 0xE2,
    0x00, 0xC2, 0x00, 0xC2, 0x00, 0xA1, 0x00, 0x81, 0x00, 0x81, 0x00, 0x61, 0x00, 0x40, 0x00, 0x40, 0x00, 0x20, 0x00,
    0x20, 0x00, 0x20, 0x00, 0x20, 0x00, 0x00, 0x00, 0x00, 0x00, 0x00, 0x00, 0x00, 0x00, 0x00, 0x00, 0x00, 0x00, 0x00,
    0x00, 0x00, 0x00, 0x00, 0x00, 0x00, 0x00, 0x00, 0x00, 0x00, 0x00, 0x00, 0x00, 0x00, 0x00, 0x00, 0x00, 0x00, 0x00,
    0x20, 0x00, 0x20, 0x00, 0x20, 0x00, 0x20, 0x00, 0x40, 0x00, 0x40, 0x00, 0x61, 0x00, 0x61, 0x00, 0x81, 0x00, 0x81,
    0x00, 0xA1, 0x00, 0xC2, 0x00, 0xE2, 0x00, 0x02, 0x01, 0x22, 0x01, 0x23, 0x09, 0x43, 0x09, 0x84, 0x09, 0xA4, 0x09,
    0xC4, 0x09, 0xE5, 0x09, 0x25, 0x0A, 0x05, 0x0A, 0x69, 0x13, 0x0D, 0x1D, 0xCD, 0x1C, 0xED, 0x1C, 0xED, 0x1C, 0xED,
    0x1C, 0xED, 0x1C, 0xED, 0x1C, 0xED, 0x1C, 0xED, 0x1C, 0xED, 0x1C, 0xED, 0x1C, 0xED, 0x1C, 0xED, 0x1C, 0xED, 0x1C,
    0xCC, 0x14, 0xCD, 0x14, 0x70, 0x45, 0x14, 0x6E, 0x56, 0x86, 0x97, 0x96, 0x97, 0x96, 0x56, 0x86, 0x14, 0x6E, 0x91,
    0x4D, 0xED, 0x1C, 0xAC, 0x0C, 0xED, 0x1C, 0xED, 0x1C, 0xED, 0x1C, 0xED, 0x1C, 0xED, 0x1C, 0xED, 0x1C, 0xED, 0x1C,
    0xED, 0x1C, 0xED, 0x1C, 0xED, 0x1C, 0xED, 0x1C, 0xED, 0x1C, 0xED, 0x1C, 0xED, 0x1C, 0xED, 0x1C, 0xED, 0x1C, 0xED,
    0x1C, 0xED, 0x1C, 0xED, 0x1C, 0xED, 0x1C, 0xED, 0x1C, 0xED, 0x1C, 0xED, 0x1C, 0xED, 0x1C, 0xED, 0x1C, 0xED, 0x1C,
    0xED, 0x1C, 0xED, 0x1C, 0xED, 0x1C, 0xED, 0x1C, 0xED, 0x1C, 0xED, 0x1C, 0xED, 0x1C, 0xED, 0x1C, 0xED, 0x1C, 0xED,
    0x1C, 0xED, 0x1C, 0xED, 0x1C, 0xED, 0x1C, 0xED, 0x1C, 0xED, 0x1C, 0xED, 0x1C, 0xED, 0x1C, 0xED, 0x1C, 0xED, 0x1C,
    0xED, 0x1C, 0xED, 0x1C, 0xED, 0x1C, 0xED, 0x1C, 0xED, 0x1C, 0xED, 0x1C, 0xED, 0x1C, 0xED, 0x1C, 0xED, 0x1C, 0xED,
    0x1C, 0xED, 0x1C, 0xED, 0x1C, 0xED, 0x1C, 0xED, 0x1C, 0xED, 0x1C, 0xED, 0x1C, 0xED, 0x1C, 0xED, 0x1C, 0xED, 0x1C,
    0xED, 0x1C, 0xED, 0x1C, 0xED, 0x1C, 0xED, 0x1C, 0xED, 0x1C, 0xED, 0x1C, 0xED, 0x1C, 0xED, 0x1C, 0xED, 0x1C, 0xED,
    0x1C, 0xED, 0x1C, 0xED, 0x1C, 0xED, 0x1C, 0xED, 0x1C, 0xED, 0x1C, 0xED, 0x1C, 0xED, 0x1C, 0xED, 0x1C, 0xCC, 0x14,
    0xB2, 0x55, 0xD9, 0xAE, 0x5B, 0xCF, 0x7C, 0xD7, 0x5C, 0xD7, 0x3A, 0xBF, 0xD8, 0xA6, 0x35, 0x7E, 0x91, 0x4D, 0xED,
    0x1C, 0xAC, 0x0C, 0xED, 0x1C, 0xED, 0x1C, 0xED, 0x1C, 0xED, 0x1C, 0xED, 0x1C, 0xED, 0x1C, 0xED, 0x1C, 0xED, 0x1C,
    0xED, 0x1C, 0xED, 0x1C, 0xED, 0x1C, 0xED, 0x1C, 0xED, 0x1C, 0xED, 0x1C, 0xCD, 0x1C, 0x0D, 0x1D, 0x69, 0x13, 0x05,
    0x0A, 0x25, 0x0A, 0xE5, 0x09, 0xC4, 0x09, 0xA4, 0x09, 0x84, 0x09, 0x43, 0x09, 0x23, 0x09, 0x22, 0x01, 0x02, 0x01,
    0xE2, 0x00, 0xC2, 0x00, 0xA1, 0x00, 0x81, 0x00, 0x81, 0x00, 0x61, 0x00, 0x61, 0x00, 0x40, 0x00, 0x40, 0x00, 0x20,
    0x00, 0x20, 0x00, 0x20, 0x00, 0x20, 0x00, 0x00, 0x00, 0x00, 0x00, 0x00, 0x00, 0x00, 0x00, 0x00, 0x00, 0x00, 0x00,
    0x00, 0x00, 0x00, 0x00, 0x00, 0x00, 0x00, 0x00, 0x00, 0x00, 0x00, 0x00, 0x00, 0x00, 0x00, 0x00, 0x00, 0x00, 0x00,
    0x00, 0x20, 0x00, 0x20, 0x00, 0x20, 0x00, 0x20, 0x00, 0x40, 0x00, 0x40, 0x00, 0x40, 0x00, 0x61, 0x00, 0x81, 0x00,
    0x81, 0x00, 0xA1, 0x00, 0xA2, 0x00, 0xC2, 0x00, 0xE2, 0x00, 0x02, 0x01, 0x23, 0x01, 0x43, 0x09, 0x63, 0x09, 0x84,
    0x09, 0xA4, 0x09, 0xC4, 0x09, 0xE5, 0x09, 0x25, 0x0A, 0x25, 0x0A, 0x2B, 0x14, 0x0D, 0x1D, 0xCD, 0x1C, 0xED, 0x1C,
    0xED, 0x1C, 0xED, 0x1C, 0xED, 0x1C, 0xED, 0x1C, 0xED, 0x1C, 0xED, 0x1C, 0xED, 0x1C, 0xED, 0x1C, 0xED, 0x1C, 0xCD,
    0x1C, 0xED, 0x1C, 0xED, 0x1C, 0xCC, 0x14, 0xAC, 0x0C, 0xAC, 0x0C, 0xAC, 0x0C, 0xAC, 0x0C, 0xAC, 0x0C, 0xAC, 0x0C,
    0xAC, 0x0C, 0xCD, 0x1C, 0xED, 0x1C, 0xED, 0x1C, 0xCD, 0x1C, 0xED, 0x1C, 0xED, 0x1C, 0xED, 0x1C, 0xED, 0x1C, 0xED,
    0x1C, 0xED, 0x1C, 0xED, 0x1C, 0xED, 0x1C, 0xED, 0x1C, 0xED, 0x1C, 0xED, 0x1C, 0xED, 0x1C, 0xED, 0x1C, 0xED, 0x1C,
    0xED, 0x1C, 0xED, 0x1C, 0xED, 0x1C, 0xED, 0x1C, 0xED, 0x1C, 0xED, 0x1C, 0xED, 0x1C, 0xED, 0x1C, 0xED, 0x1C, 0xED,
    0x1C, 0xED, 0x1C, 0xED, 0x1C, 0xED, 0x1C, 0xED, 0x1C, 0xED, 0x1C, 0xED, 0x1C, 0xED, 0x1C, 0xED, 0x1C, 0xED, 0x1C,
    0xED, 0x1C, 0xED, 0x1C, 0xED, 0x1C, 0xED, 0x1C, 0xED, 0x1C, 0xED, 0x1C, 0xED, 0x1C, 0xED, 0x1C, 0xED, 0x1C, 0xED,
    0x1C, 0xED, 0x1C, 0xED, 0x1C, 0xED, 0x1C, 0xED, 0x1C, 0xED, 0x1C, 0xED, 0x1C, 0xED, 0x1C, 0xED, 0x1C, 0xED, 0x1C,
    0xED, 0x1C, 0xED, 0x1C, 0xED, 0x1C, 0xED, 0x1C, 0xED, 0x1C, 0xED, 0x1C, 0xED, 0x1C, 0xED, 0x1C, 0xED, 0x1C, 0xED,
    0x1C, 0xED, 0x1C, 0xED, 0x1C, 0xED, 0x1C, 0xED, 0x1C, 0xED, 0x1C, 0xED, 0x1C, 0xED, 0x1C, 0xED, 0x1C, 0xED, 0x1C,
    0xED, 0x1C, 0xED, 0x1C, 0xED, 0x1C, 0xED, 0x1C, 0xED, 0x1C, 0xED, 0x1C, 0xED, 0x1C, 0xCD, 0x1C, 0xCD, 0x1C, 0xED,
    0x1C, 0xAC, 0x0C, 0xAC, 0x0C, 0xCD, 0x14, 0xCD, 0x1C, 0xCD, 0x14, 0xCC, 0x14, 0xAC, 0x0C, 0xAC, 0x0C, 0xAC, 0x0C,
    0xCD, 0x1C, 0xED, 0x1C, 0xED, 0x1C, 0xCD, 0x1C, 0xED, 0x1C, 0xED, 0x1C, 0xED, 0x1C, 0xED, 0x1C, 0xED, 0x1C, 0xED,
    0x1C, 0xED, 0x1C, 0xED, 0x1C, 0xED, 0x1C, 0xED, 0x1C, 0xED, 0x1C, 0xCD, 0x1C, 0x0D, 0x1D, 0x2B, 0x14, 0x25, 0x0A,
    0x25, 0x0A, 0xE5, 0x09, 0xC4, 0x09, 0xA4, 0x09, 0x84, 0x09, 0x63, 0x09, 0x43, 0x09, 0x23, 0x01, 0x02, 0x01, 0xE2,
    0x00, 0xC2, 0x00, 0xA2, 0x00, 0xA1, 0x00, 0x81, 0x00, 0x81, 0x00, 0x61, 0x00, 0x40, 0x00, 0x40, 0x00, 0x40, 0x00,
    0x20, 0x00, 0x20, 0x00, 0x20, 0x00, 0x20, 0x00, 0x00, 0x00, 0x00, 0x00, 0x00, 0x00, 0x00, 0x00, 0x00, 0x00, 0x00,
    0x00, 0x00, 0x00, 0x00, 0x00, 0x00, 0x00, 0x00, 0x00, 0x00, 0x00, 0x00, 0x00, 0x00, 0x00, 0x00, 0x00, 0x00, 0x00,
    0x00, 0x00, 0x00, 0x00, 0x20, 0x00, 0x20, 0x00, 0x20, 0x00, 0x20, 0x00, 0x40, 0x00, 0x40, 0x00, 0x61, 0x00, 0x61,
    0x00, 0x81, 0x00, 0x81, 0x00, 0xA1, 0x00, 0xC2, 0x00, 0xE2, 0x00, 0xE2, 0x00, 0x02, 0x01, 0x23, 0x09, 0x43, 0x09,
    0x63, 0x09, 0x84, 0x09, 0xA4, 0x09, 0xE5, 0x09, 0x05, 0x0A, 0x05, 0x0A, 0x66, 0x12, 0xAC, 0x1C, 0xED, 0x1C, 0xCD,
    0x1C, 0xCD, 0x1C, 0xCD, 0x1C, 0xCD, 0x1C, 0xCD, 0x1C, 0xCD, 0x1C, 0xCD, 0x1C, 0xCD, 0x1C, 0xCD, 0x1C, 0xCD, 0x1C,
    0xCD, 0x1C, 0xCD, 0x1C, 0xCD, 0x1C, 0xED, 0x1C, 0xED, 0x1C, 0xED, 0x1C, 0xED, 0x1C, 0xED, 0x1C, 0xED, 0x1C, 0xED,
    0x1C, 0xED, 0x1C, 0xCD, 0x1C, 0xCD, 0x1C, 0xCD, 0x1C, 0xCD, 0x1C, 0xCD, 0x1C, 0xCD, 0x1C, 0xCD, 0x1C, 0xCD, 0x1C,
    0xCD, 0x1C, 0xCD, 0x1C, 0xCD, 0x1C, 0xCD, 0x1C, 0xCD, 0x1C, 0xCD, 0x1C, 0xCD, 0x1C, 0xCD, 0x1C, 0xCD, 0x1C, 0xCD,
    0x1C, 0xCD, 0x1C, 0xCD, 0x1C, 0xCD, 0x1C, 0xCD, 0x1C, 0xCD, 0x1C, 0xCD, 0x1C, 0xCD, 0x1C, 0xCD, 0x1C, 0xCD, 0x1C,
    0xCD, 0x1C, 0xCD, 0x1C, 0xCD, 0x1C, 0xCD, 0x1C, 0xCD, 0x1C, 0xCD, 0x1C, 0xCD, 0x1C, 0xCD, 0x1C, 0xCD, 0x1C, 0xCD,
    0x1C, 0xCD, 0x1C, 0xCD, 0x1C, 0xCD, 0x1C, 0xCD, 0x1C, 0xCD, 0x1C, 0xCD, 0x1C, 0xCD, 0x1C, 0xCD, 0x1C, 0xCD, 0x1C,
    0xCD, 0x1C, 0xCD, 0x1C, 0xCD, 0x1C, 0xCD, 0x1C, 0xCD, 0x1C, 0xCD, 0x1C, 0xCD, 0x1C, 0xCD, 0x1C, 0xCD, 0x1C, 0xCD,
    0x1C, 0xCD, 0x1C, 0xCD, 0x1C, 0xCD, 0x1C, 0xCD, 0x1C, 0xCD, 0x1C, 0xCD, 0x1C, 0xCD, 0x1C, 0xCD, 0x1C, 0xCD, 0x1C,
    0xCD, 0x1C, 0xCD, 0x1C, 0xCD, 0x1C, 0xCD, 0x1C, 0xCD, 0x1C, 0xCD, 0x1C, 0xCD, 0x1C, 0xCD, 0x1C, 0xCD, 0x1C, 0xCD,
    0x1C, 0xCD, 0x1C, 0xCD, 0x1C, 0xCD, 0x1C, 0xCD, 0x1C, 0xCD, 0x1C, 0xCD, 0x1C, 0xCD, 0x1C, 0xCD, 0x1C, 0xCD, 0x1C,
    0xCD, 0x1C, 0xED, 0x1C, 0xED, 0x1C, 0xCD, 0x1C, 0xCD, 0x1C, 0xCD, 0x1C, 0xED, 0x1C, 0xED, 0x1C, 0xED, 0x1C, 0xED,
    0x1C, 0xCD, 0x1C, 0xCD, 0x1C, 0xCD, 0x1C, 0xCD, 0x1C, 0xCD, 0x1C, 0xCD, 0x1C, 0xCD, 0x1C, 0xCD, 0x1C, 0xCD, 0x1C,
    0xCD, 0x1C, 0xCD, 0x1C, 0xCD, 0x1C, 0xCD, 0x1C, 0xCD, 0x1C, 0xCD, 0x1C, 0xED, 0x1C, 0xAC, 0x1C, 0x66, 0x12, 0x05,
    0x0A, 0x05, 0x0A, 0xE5, 0x09, 0xA4, 0x09, 0x84, 0x09, 0x63, 0x09, 0x43, 0x09, 0x23, 0x09, 0x02, 0x01, 0xE2, 0x00,
    0xE2, 0x00, 0xC2, 0x00, 0xA1, 0x00, 0x81, 0x00, 0x81, 0x00, 0x61, 0x00, 0x61, 0x00, 0x40, 0x00, 0x40, 0x00, 0x20,
    0x00, 0x20, 0x00, 0x20, 0x00, 0x20, 0x00, 0x00, 0x00, 0x00, 0x00, 0x00, 0x00, 0x00, 0x00, 0x00, 0x00, 0x00, 0x00,
    0x00, 0x00, 0x00, 0x00, 0x00, 0x00, 0x00, 0x00, 0x00, 0x00, 0x00, 0x00, 0x00, 0x00, 0x00, 0x00, 0x00, 0x00, 0x00,
    0x00, 0x00, 0x00, 0x00, 0x00, 0x20, 0x00, 0x20, 0x00, 0x20, 0x00, 0x20, 0x00, 0x40, 0x00, 0x40, 0x00, 0x40, 0x00,
    0x61, 0x00, 0x81, 0x00, 0x81, 0x00, 0xA1, 0x00, 0xA2, 0x00, 0xC2, 0x00, 0xE2, 0x00, 0x02, 0x01, 0x23, 0x01, 0x43,
    0x09, 0x63, 0x09, 0x84, 0x09, 0xA4, 0x09, 0xC4, 0x09, 0xE5, 0x09, 0x05, 0x0A, 0x05, 0x0A, 0xE8, 0x12, 0xED, 0x1C,
    0xCD, 0x1C, 0xCD, 0x1C, 0xCD, 0x1C, 0xCD, 0x1C, 0xCD, 0x1C, 0xCD, 0x1C, 0xCD, 0x1C, 0xCD, 0x1C, 0xCD, 0x1C, 0xCD,
    0x1C, 0xCD, 0x1C, 0xCD, 0x1C, 0xCD, 0x1C, 0xCD, 0x1C, 0xCD, 0x1C, 0xCD, 0x1C, 0xCD, 0x1C, 0xCD, 0x1C, 0xCD, 0x1C,
    0xCD, 0x1C, 0xCD, 0x1C, 0xCD, 0x1C, 0xCD, 0x1C, 0xCD, 0x1C, 0xCD, 0x1C, 0xCD, 0x1C, 0xCD, 0x1C, 0xCD, 0x1C, 0xCD,
    0x1C, 0xCD, 0x1C, 0xCD, 0x1C, 0xCD, 0x1C, 0xCD, 0x1C, 0xCD, 0x1C, 0xCD, 0x1C, 0xCD, 0x1C, 0xCD, 0x1C, 0xCD, 0x1C,
    0xCD, 0x1C, 0xCD, 0x1C, 0xCD, 0x1C, 0xCD, 0x1C, 0xCD, 0x1C, 0xCD, 0x1C, 0xCD, 0x1C, 0xCD, 0x1C, 0xCD, 0x1C, 0xCD,
    0x1C, 0xCD, 0x1C, 0xCD, 0x1C, 0xCD, 0x1C, 0xCD, 0x1C, 0xCD, 0x1C, 0xCD, 0x1C, 0xCD, 0x1C, 0xCD, 0x1C, 0xCD, 0x1C,
    0xCD, 0x1C, 0xCD, 0x1C, 0xCD, 0x1C, 0xCD, 0x1C, 0xCD, 0x1C, 0xCD, 0x1C, 0xCD, 0x1C, 0xCD, 0x1C, 0xCD, 0x1C, 0xCD,
    0x1C, 0xCD, 0x1C, 0xCD, 0x1C, 0xCD, 0x1C, 0xCD, 0x1C, 0xCD, 0x1C, 0xCD, 0x1C, 0xCD, 0x1C, 0xCD, 0x1C, 0xCD, 0x1C,
    0xCD, 0x1C, 0xCD, 0x1C, 0xCD, 0x1C, 0xCD, 0x1C, 0xCD, 0x1C, 0xCD, 0x1C, 0xCD, 0x1C, 0xCD, 0x1C, 0xCD, 0x1C, 0xCD,
    0x1C, 0xCD, 0x1C, 0xCD, 0x1C, 0xCD, 0x1C, 0xCD, 0x1C, 0xCD, 0x1C, 0xCD, 0x1C, 0xCD, 0x1C, 0xCD, 0x1C, 0xCD, 0x1C,
    0xCD, 0x1C, 0xCD, 0x1C, 0xCD, 0x1C, 0xCD, 0x1C, 0xCD, 0x1C, 0xCD, 0x1C, 0xCD, 0x1C, 0xCD, 0x1C, 0xCD, 0x1C, 0xCD,
    0x1C, 0xCD, 0x1C, 0xCD, 0x1C, 0xCD, 0x1C, 0xCD, 0x1C, 0xCD, 0x1C, 0xCD, 0x1C, 0xCD, 0x1C, 0xCD, 0x1C, 0xCD, 0x1C,
    0xCD, 0x1C, 0xCD, 0x1C, 0xCD, 0x1C, 0xCD, 0x1C, 0xCD, 0x1C, 0xCD, 0x1C, 0xCD, 0x1C, 0xCD, 0x1C, 0xCD, 0x1C, 0xCD,
    0x1C, 0xCD, 0x1C, 0xCD, 0x1C, 0xCD, 0x1C, 0xCD, 0x1C, 0xCD, 0x1C, 0xCD, 0x1C, 0xED, 0x1C, 0xE8, 0x12, 0x05, 0x0A,
    0x05, 0x0A, 0xE5, 0x09, 0xC4, 0x09, 0xA4, 0x09, 0x84, 0x09, 0x63, 0x09, 0x43, 0x09, 0x23, 0x01, 0x02, 0x01, 0xE2,
    0x00, 0xC2, 0x00, 0xA2, 0x00, 0xA1, 0x00, 0x81, 0x00, 0x81, 0x00, 0x61, 0x00, 0x40, 0x00, 0x40, 0x00, 0x40, 0x00,
    0x20, 0x00, 0x20, 0x00, 0x20, 0x00, 0x20, 0x00, 0x00, 0x00, 0x00, 0x00, 0x00, 0x00, 0x00, 0x00, 0x00, 0x00, 0x00,
    0x00, 0x00, 0x00, 0x00, 0x00, 0x00, 0x00, 0x00, 0x00, 0x00, 0x00, 0x00, 0x00, 0x00, 0x00, 0x00, 0x00, 0x00, 0x00,
    0x00, 0x00, 0x00, 0x00, 0x00, 0x00, 0x00, 0x00, 0x20, 0x00, 0x20, 0x00, 0x20, 0x00, 0x20, 0x00, 0x40, 0x00, 0x40,
    0x00, 0x61, 0x00, 0x61, 0x00, 0x81, 0x00, 0x81, 0x00, 0xA1, 0x00, 0xC2, 0x00, 0xC2, 0x00, 0xE2, 0x00, 0x02, 0x01,
    0x23, 0x09, 0x43, 0x09, 0x63, 0x09, 0x84, 0x09, 0xA4, 0x09, 0xC4, 0x09, 0xE5, 0x09, 0x25, 0x0A, 0x05, 0x0A, 0x69,
    0x13, 0x0D, 0x1D, 0xCD, 0x1C, 0xCD, 0x1C, 0xCD, 0x1C, 0xCD, 0x1C, 0xCD, 0x1C, 0xCD, 0x1C, 0xCD, 0x1C, 0xCD, 0x1C,
    0xCD, 0x1C, 0xCD, 0x1C, 0xCD, 0x1C, 0xCD, 0x1C, 0xCD, 0x1C, 0xCD, 0x1C, 0xCD, 0x1C, 0xCD, 0x1C, 0xCD, 0x1C, 0xCD,
    0x1C, 0xCD, 0x1C, 0xCD, 0x1C, 0xCD, 0x1C, 0xCD, 0x1C, 0xCD, 0x1C, 0xCD, 0x1C, 0xCD, 0x1C, 0xCD, 0x1C, 0xCD, 0x1C,
    0xCD, 0x1C, 0xCD, 0x1C, 0xCD, 0x1C, 0xCD, 0x1C, 0xCD, 0x1C, 0xCD, 0x1C, 0xCD, 0x1C, 0xCD, 0x1C, 0xCD, 0x1C, 0xCD,
    0x1C, 0xCD, 0x1C, 0xCD, 0x1C, 0xCD, 0x1C, 0xCD, 0x1C, 0xCD, 0x1C, 0xCD, 0x1C, 0xCD, 0x1C, 0xCD, 0x1C, 0xCD, 0x1C,
    0xCD, 0x1C, 0xCD, 0x1C, 0xCD, 0x1C, 0xCD, 0x1C, 0xCD, 0x1C, 0xCD, 0x1C, 0xCD, 0x1C, 0xCD, 0x1C, 0xCD, 0x1C, 0xCD,
    0x1C, 0xCD, 0x1C, 0xCD, 0x1C, 0xCD, 0x1C, 0xCD, 0x1C, 0xCD, 0x1C, 0xCD, 0x1C, 0xCD, 0x1C, 0xCD, 0x1C, 0xCD, 0x1C,
    0xCD, 0x1C, 0xCD, 0x1C, 0xCD, 0x1C, 0xCD, 0x1C, 0xCD, 0x1C, 0xCD, 0x1C, 0xCD, 0x1C, 0xCD, 0x1C, 0xCD, 0x1C, 0xCD,
    0x1C, 0xCD, 0x1C, 0xCD, 0x1C, 0xCD, 0x1C, 0xCD, 0x1C, 0xCD, 0x1C, 0xCD, 0x1C, 0xCD, 0x1C, 0xCD, 0x1C, 0xCD, 0x1C,
    0xCD, 0x1C, 0xCD, 0x1C, 0xCD, 0x1C, 0xCD, 0x1C, 0xCD, 0x1C, 0xCD, 0x1C, 0xCD, 0x1C, 0xCD, 0x1C, 0xCD, 0x1C, 0xCD,
    0x1C, 0xCD, 0x1C, 0xCD, 0x1C, 0xCD, 0x1C, 0xCD, 0x1C, 0xCD, 0x1C, 0xCD, 0x1C, 0xCD, 0x1C, 0xCD, 0x1C, 0xCD, 0x1C,
    0xCD, 0x1C, 0xCD, 0x1C, 0xCD, 0x1C, 0xCD, 0x1C, 0xCD, 0x1C, 0xCD, 0x1C, 0xCD, 0x1C, 0xCD, 0x1C, 0xCD, 0x1C, 0xCD,
    0x1C, 0xCD, 0x1C, 0xCD, 0x1C, 0xCD, 0x1C, 0xCD, 0x1C, 0xCD, 0x1C, 0xCD, 0x1C, 0xCD, 0x1C, 0xCD, 0x1C, 0xCD, 0x1C,
    0xCD, 0x1C, 0xCD, 0x1C, 0xCD, 0x1C, 0xCD, 0x1C, 0xCD, 0x1C, 0xCD, 0x1C, 0x0D, 0x1D, 0x69, 0x13, 0x05, 0x0A, 0x25,
    0x0A, 0xE5, 0x09, 0xC4, 0x09, 0xA4, 0x09, 0x84, 0x09, 0x63, 0x09, 0x43, 0x09, 0x23, 0x09, 0x02, 0x01, 0xE2, 0x00,
    0xC2, 0x00, 0xC2, 0x00, 0xA1, 0x00, 0x81, 0x00, 0x81, 0x00, 0x61, 0x00, 0x61, 0x00, 0x40, 0x00, 0x40, 0x00, 0x20,
    0x00, 0x20, 0x00, 0x20, 0x00, 0x20, 0x00, 0x00, 0x00, 0x00, 0x00, 0x00, 0x00, 0x00, 0x00, 0x00, 0x00, 0x00, 0x00,
    0x00, 0x00, 0x00, 0x00, 0x00, 0x00, 0x00, 0x00, 0x00, 0x00, 0x00, 0x00, 0x00, 0x00, 0x00, 0x00, 0x00, 0x00, 0x00,
    0x00, 0x00, 0x00, 0x00, 0x00, 0x00, 0x00, 0x00, 0x00, 0x00, 0x00, 0x20, 0x00, 0x20, 0x00, 0x20, 0x00, 0x40, 0x00,
    0x40, 0x00, 0x40, 0x00, 0x61, 0x00, 0x81, 0x00, 0x81, 0x00, 0xA1, 0x00, 0xA2, 0x00, 0xC2, 0x00, 0xE2, 0x00, 0x02,
    0x01, 0x02, 0x01, 0x23, 0x09, 0x43, 0x09, 0x63, 0x09, 0x84, 0x09, 0xA4, 0x09, 0xC4, 0x09, 0xE5, 0x09, 0x25, 0x0A,
    0x25, 0x0A, 0xCA, 0x13, 0x0D, 0x1D, 0xCD, 0x1C, 0xCD, 0x1C, 0xCD, 0x1C, 0xCD, 0x1C, 0xCD, 0x1C, 0xCD, 0x1C, 0xCD,
    0x1C, 0xCD, 0x1C, 0xCD, 0x1C, 0xCD, 0x1C, 0xCD, 0x1C, 0xCD, 0x1C, 0xCD, 0x1C, 0xCD, 0x1C, 0xCD, 0x1C, 0xCD, 0x1C,
    0xCD, 0x1C, 0xCD, 0x1C, 0xCD, 0x1C, 0xCD, 0x1C, 0xCD, 0x1C, 0xCD, 0x1C, 0xCD, 0x1C, 0xCD, 0x1C, 0xCD, 0x1C, 0xCD,
    0x1C, 0xCD, 0x1C, 0xCD, 0x1C, 0xCD, 0x1C, 0xCD, 0x1C, 0xCD, 0x1C, 0xCD, 0x1C, 0xCD, 0x1C, 0xCD, 0x1C, 0xCD, 0x1C,
    0xCD, 0x1C, 0xCD, 0x1C, 0xCD, 0x1C, 0xCD, 0x1C, 0xCD, 0x1C, 0xCD, 0x1C, 0xCD, 0x1C, 0xCD, 0x1C, 0xCD, 0x1C, 0xCD,
    0x1C, 0xCD, 0x1C, 0xCD, 0x1C, 0xCD, 0x1C, 0xCD, 0x1C, 0xCD, 0x1C, 0xCD, 0x1C, 0xCD, 0x1C, 0xCD, 0x1C, 0xCD, 0x1C,
    0xCD, 0x1C, 0xCD, 0x1C, 0xCD, 0x1C, 0xCD, 0x1C, 0xCD, 0x1C, 0xCD, 0x1C, 0xCD, 0x1C, 0xCD, 0x1C, 0xCD, 0x1C, 0xCD,
    0x1C, 0xCD, 0x1C, 0xCD, 0x1C, 0xCD, 0x1C, 0xCD, 0x1C, 0xCD, 0x1C, 0xCD, 0x1C, 0xCD, 0x1C, 0xCD, 0x1C, 0xCD, 0x1C,
    0xCD, 0x1C, 0xCD, 0x1C, 0xCD, 0x1C, 0xCD, 0x1C, 0xCD, 0x1C, 0xCD, 0x1C, 0xCD, 0x1C, 0xCD, 0x1C, 0xCD, 0x1C, 0xCD,
    0x1C, 0xCD, 0x1C, 0xCD, 0x1C, 0xCD, 0x1C, 0xCD, 0x1C, 0xCD, 0x1C, 0xCD, 0x1C, 0xCD, 0x1C, 0xCD, 0x1C, 0xCD, 0x1C,
    0xCD, 0x1C, 0xCD, 0x1C, 0xCD, 0x1C, 0xCD, 0x1C, 0xCD, 0x1C, 0xCD, 0x1C, 0xCD, 0x1C, 0xCD, 0x1C, 0xCD, 0x1C, 0xCD,
    0x1C, 0xCD, 0x1C, 0xCD, 0x1C, 0xCD, 0x1C, 0xCD, 0x1C, 0xCD, 0x1C, 0xCD, 0x1C, 0xCD, 0x1C, 0xCD, 0x1C, 0xCD, 0x1C,
    0xCD, 0x1C, 0xCD, 0x1C, 0xCD, 0x1C, 0xCD, 0x1C, 0xCD, 0x1C, 0xCD, 0x1C, 0xCD, 0x1C, 0xCD, 0x1C, 0xCD, 0x1C, 0xCD,
    0x1C, 0xCD, 0x1C, 0xCD, 0x1C, 0xCD, 0x1C, 0xCD, 0x1C, 0xCD, 0x1C, 0x0D, 0x1D, 0xCA, 0x13, 0x25, 0x0A, 0x25, 0x0A,
    0xE5, 0x09, 0xC4, 0x09, 0xA4, 0x09, 0x84, 0x09, 0x63, 0x09, 0x43, 0x09, 0x23, 0x09, 0x02, 0x01, 0x02, 0x01, 0xE2,
    0x00, 0xC2, 0x00, 0xA2, 0x00, 0xA1, 0x00, 0x81, 0x00, 0x81, 0x00, 0x61, 0x00, 0x40, 0x00, 0x40, 0x00, 0x40, 0x00,
    0x20, 0x00, 0x20, 0x00, 0x20, 0x00, 0x00, 0x00, 0x00, 0x00, 0x00, 0x00, 0x00, 0x00, 0x00, 0x00, 0x00, 0x00, 0x00,
    0x00, 0x00, 0x00, 0x00, 0x00, 0x00, 0x00, 0x00, 0x00, 0x00, 0x00, 0x00, 0x00, 0x00, 0x00, 0x00, 0x00, 0x00, 0x00,
    0x00, 0x00, 0x00, 0x00, 0x00, 0x00, 0x00, 0x00, 0x00, 0x00, 0x00, 0x00, 0x20, 0x00, 0x20, 0x00, 0x20, 0x00, 0x20,
    0x00, 0x40, 0x00, 0x40, 0x00, 0x61, 0x00, 0x61, 0x00, 0x81, 0x00, 0x81, 0x00, 0xA1, 0x00, 0xA2, 0x00, 0xC2, 0x00,
    0xE2, 0x00, 0x02, 0x01, 0x23, 0x01, 0x43, 0x09, 0x43, 0x09, 0x84, 0x09, 0x84, 0x09, 0xC4, 0x09, 0xC4, 0x09, 0x05,
    0x0A, 0x25, 0x0A, 0x25, 0x0A, 0xCA, 0x13, 0xED, 0x1C, 0xCD, 0x1C, 0xCD, 0x1C, 0xCD, 0x1C, 0xCD, 0x1C, 0xCD, 0x1C,
    0xCD, 0x1C, 0xCD, 0x1C, 0xCD, 0x1C, 0xCD, 0x1C, 0xCD, 0x1C, 0xCD, 0x1C, 0xCD, 0x1C, 0xCD, 0x1C, 0xCD, 0x1C, 0xCD,
    0x1C, 0xCD, 0x1C, 0xCD, 0x1C, 0xCD, 0x1C, 0xCD, 0x1C, 0xCD, 0x1C, 0xCD, 0x1C, 0xCD, 0x1C, 0xCD, 0x1C, 0xCD, 0x1C,
    0xCD, 0x1C, 0xCD, 0x1C, 0xCD, 0x1C, 0xCD, 0x1C, 0xCD, 0x1C, 0xCD, 0x1C, 0xCD, 0x1C, 0xCD, 0x1C, 0xCD, 0x1C, 0xCD,
    0x1C, 0xCD, 0x1C, 0xCD, 0x1C, 0xCD, 0x1C, 0xCD, 0x1C, 0xCD, 0x1C, 0xCD, 0x1C, 0xCD, 0x1C, 0xCD, 0x1C, 0xCD, 0x1C,
    0xCD, 0x1C, 0xCD, 0x1C, 0xCD, 0x1C, 0xCD, 0x1C, 0xCD, 0x1C, 0xCD, 0x1C, 0xCD, 0x1C, 0xCD, 0x1C, 0xCD, 0x1C, 0xCD,
    0x1C, 0xCD, 0x1C, 0xCD, 0x1C, 0xCD, 0x1C, 0xCD, 0x1C, 0xCD, 0x1C, 0xCD, 0x1C, 0xCD, 0x1C, 0xCD, 0x1C, 0xCD, 0x1C,
    0xCD, 0x1C, 0xCD, 0x1C, 0xCD, 0x1C, 0xCD, 0x1C, 0xCD, 0x1C, 0xCD, 0x1C, 0xCD, 0x1C, 0xCD, 0x1C, 0xCD, 0x1C, 0xCD,
    0x1C, 0xCD, 0x1C, 0xCD, 0x1C, 0xCD, 0x1C, 0xCD, 0x1C, 0xCD, 0x1C, 0xCD, 0x1C, 0xCD, 0x1C, 0xCD, 0x1C, 0xCD, 0x1C,
    0xCD, 0x1C, 0xCD, 0x1C, 0xCD, 0x1C, 0xCD, 0x1C, 0xCD, 0x1C, 0xCD, 0x1C, 0xCD, 0x1C, 0xCD, 0x1C, 0xCD, 0x1C, 0xCD,
    0x1C, 0xCD, 0x1C, 0xCD, 0x1C, 0xCD, 0x1C, 0xCD, 0x1C, 0xCD, 0x1C, 0xCD, 0x1C, 0xCD, 0x1C, 0xCD, 0x1C, 0xCD, 0x1C,
    0xCD, 0x1C, 0xCD, 0x1C, 0xCD, 0x1C, 0xCD, 0x1C, 0xCD, 0x1C, 0xCD, 0x1C, 0xCD, 0x1C, 0xCD, 0x1C, 0xCD, 0x1C, 0xCD,
    0x1C, 0xCD, 0x1C, 0xCD, 0x1C, 0xCD, 0x1C, 0xCD, 0x1C, 0xCD, 0x1C, 0xCD, 0x1C, 0xCD, 0x1C, 0xCD, 0x1C, 0xCD, 0x1C,
    0xCD, 0x1C, 0xCD, 0x1C, 0xCD, 0x1C, 0xCD, 0x1C, 0xCD, 0x1C, 0xED, 0x1C, 0xCA, 0x13, 0x25, 0x0A, 0x25, 0x0A, 0x05,
    0x0A, 0xC4, 0x09, 0xC4, 0x09, 0x84, 0x09, 0x84, 0x09, 0x43, 0x09, 0x43, 0x09, 0x23, 0x01, 0x02, 0x01, 0xE2, 0x00,
    0xC2, 0x00, 0xA2, 0x00, 0xA1, 0x00, 0x81, 0x00, 0x81, 0x00, 0x61, 0x00, 0x61, 0x00, 0x40, 0x00, 0x40, 0x00, 0x20,
    0x00, 0x20, 0x00, 0x20, 0x00, 0x20, 0x00, 0x00, 0x00, 0x00, 0x00, 0x00, 0x00, 0x00, 0x00, 0x00, 0x00, 0x00, 0x00,
    0x00, 0x00, 0x00, 0x00, 0x00, 0x00, 0x00, 0x00, 0x00, 0x00, 0x00, 0x00, 0x00, 0x00, 0x00, 0x00, 0x00, 0x00, 0x00,
    0x00, 0x00, 0x00, 0x00, 0x00, 0x00, 0x00, 0x00, 0x00, 0x00, 0x00, 0x00, 0x00, 0x00, 0x00, 0x20, 0x00, 0x20, 0x00,
    0x20, 0x00, 0x40, 0x00, 0x40, 0x00, 0x40, 0x00, 0x61, 0x00, 0x61, 0x00, 0x81, 0x00, 0x81, 0x00, 0xA1, 0x00, 0xC2,
    0x00, 0xC2, 0x00, 0xE2, 0x00, 0x02, 0x01, 0x23, 0x01, 0x43, 0x09, 0x63, 0x09, 0x84, 0x09, 0xA4, 0x09, 0xC4, 0x09,
    0xE5, 0x09, 0x05, 0x0A, 0x25, 0x0A, 0x25, 0x0A, 0xCA, 0x13, 0xED, 0x1C, 0xAC, 0x14, 0xCD, 0x14, 0xCD, 0x14, 0xCD,
    0x14, 0xCD, 0x14, 0xCD, 0x14, 0xCD, 0x14, 0xCD, 0x14, 0xCD, 0x14, 0xCD, 0x14, 0xCD, 0x14, 0xCD, 0x14, 0xCD, 0x14,
    0xCD, 0x14, 0xCD, 0x14, 0xCD, 0x14, 0xCD, 0x14, 0xCD, 0x14, 0xCD, 0x14, 0xCD, 0x14, 0xCD, 0x14, 0xCD, 0x14, 0xCD,
    0x14, 0xCD, 0x14, 0xCD, 0x14, 0xCD, 0x14, 0xCD, 0x14, 0xCD, 0x14, 0xCD, 0x14, 0xCD, 0x14, 0xCD, 0x14, 0xCD, 0x14,
    0xCD, 0x14, 0xCD, 0x14, 0xCD, 0x14, 0xCD, 0x14, 0xCD, 0x14, 0xCD, 0x14, 0xCD, 0x14, 0xCD, 0x14, 0xCD, 0x14, 0xCD,
    0x14, 0xCD, 0x14, 0xCD, 0x14, 0xCD, 0x14, 0xCD, 0x14, 0xCD, 0x14, 0xCD, 0x14, 0xCD, 0x14, 0xCD, 0x14, 0xCD, 0x14,
    0xCD, 0x14, 0xCD, 0x14, 0xCD, 0x14, 0xCD, 0x14, 0xCD, 0x14, 0xCD, 0x14, 0xCD, 0x14, 0xCD, 0x14, 0xCD, 0x14, 0xCD,
    0x14, 0xCD, 0x14, 0xCD, 0x14, 0xCD, 0x14, 0xCD, 0x14, 0xCD, 0x14, 0xCD, 0x14, 0xCD, 0x14, 0xCD, 0x14, 0xCD, 0x14,
    0xCD, 0x14, 0xCD, 0x14, 0xCD, 0x14, 0xCD, 0x14, 0xCD, 0x14, 0xCD, 0x14, 0xCD, 0x14, 0xCD, 0x14, 0xCD, 0x14, 0xCD,
    0x14, 0xCD, 0x14, 0xCD, 0x14, 0xCD, 0x14, 0xCD, 0x14, 0xCD, 0x14, 0xCD, 0x14, 0xCD, 0x14, 0xCD, 0x14, 0xCD, 0x14,
    0xCD, 0x14, 0xCD, 0x14, 0xCD, 0x14, 0xCD, 0x14, 0xCD, 0x14, 0xCD, 0x14, 0xCD, 0x14, 0xCD, 0x14, 0xCD, 0x14, 0xCD,
    0x14, 0xCD, 0x14, 0xCD, 0x14, 0xCD, 0x14, 0xCD, 0x14, 0xCD, 0x14, 0xCD, 0x14, 0xCD, 0x14, 0xCD, 0x14, 0xCD, 0x14,
    0xCD, 0x14, 0xCD, 0x14, 0xCD, 0x14, 0xCD, 0x14, 0xCD, 0x14, 0xCD, 0x14, 0xCD, 0x14, 0xCD, 0x14, 0xCD, 0x14, 0xCD,
    0x14, 0xCD, 0x14, 0xCD, 0x14, 0xCD, 0x14, 0xAC, 0x14, 0xED, 0x1C, 0xCA, 0x13, 0x25, 0x0A, 0x25, 0x0A, 0x05, 0x0A,
    0xE5, 0x09, 0xC4, 0x09, 0xA4, 0x09, 0x84, 0x09, 0x63, 0x09, 0x43, 0x09, 0x23, 0x01, 0x02, 0x01, 0xE2, 0x00, 0xC2,
    0x00, 0xC2, 0x00, 0xA1, 0x00, 0x81, 0x00, 0x81, 0x00, 0x61, 0x00, 0x61, 0x00, 0x40, 0x00, 0x40, 0x00, 0x40, 0x00,
    0x20, 0x00, 0x20, 0x00, 0x20, 0x00, 0x00, 0x00, 0x00, 0x00, 0x00, 0x00, 0x00, 0x00, 0x00, 0x00, 0x00, 0x00, 0x00,
    0x00, 0x00, 0x00, 0x00, 0x00, 0x00, 0x00, 0x00, 0x00, 0x00, 0x00, 0x00, 0x00, 0x00, 0x00, 0x00, 0x00, 0x00, 0x00,
    0x00, 0x00, 0x00, 0x00, 0x00, 0x00, 0x00, 0x00, 0x00, 0x00, 0x00, 0x00, 0x00, 0x00, 0x00, 0x00, 0x20, 0x00, 0x20,
    0x00, 0x20, 0x00, 0x20, 0x00, 0x40, 0x00, 0x40, 0x00, 0x60, 0x00, 0x61, 0x00, 0x81, 0x00, 0x81, 0x00, 0xA1, 0x00,
    0xA1, 0x00, 0xC2, 0x00, 0xE2, 0x00, 0xE2, 0x00, 0x02, 0x01, 0x23, 0x01, 0x43, 0x09, 0x63, 0x09, 0x84, 0x09, 0xA4,
    0x09, 0xC4, 0x09, 0xE5, 0x09, 0x05, 0x0A, 0x25, 0x0A, 0x25, 0x0A, 0xCA, 0x13, 0xED, 0x1C, 0xAC, 0x14, 0xCD, 0x14,
    0xCD, 0x14, 0xCD, 0x14, 0xCD, 0x14, 0xCD, 0x14, 0xCD, 0x14, 0xCD, 0x14, 0xCD, 0x14, 0xCD, 0x14, 0xCD, 0x14, 0xCD,
    0x14, 0xCD, 0x14, 0xCD, 0x14, 0xCD, 0x14, 0xCD, 0x14, 0xCD, 0x14, 0xCD, 0x14, 0xCD, 0x14, 0xCD, 0x14, 0xCD, 0x14,
    0xCD, 0x14, 0xCD, 0x14, 0xCD, 0x14, 0xCD, 0x14, 0xCD, 0x14, 0xCD, 0x14, 0xCD, 0x14, 0xCD, 0x14, 0xCD, 0x14, 0xCD,
    0x14, 0xCD, 0x14, 0xCD, 0x14, 0xCD, 0x14, 0xCD, 0x14, 0xCD, 0x14, 0xCD, 0x14, 0xCD, 0x14, 0xCD, 0x14, 0xCD, 0x14,
    0xCD, 0x14, 0xCD, 0x14, 0xCD, 0x14, 0xCD, 0x14, 0xCD, 0x14, 0xCD, 0x14, 0xCD, 0x14, 0xCD, 0x14, 0xCD, 0x14, 0xCD,
    0x14, 0xCD, 0x14, 0xCD, 0x14, 0xCD, 0x14, 0xCD, 0x14, 0xCD, 0x14, 0xCD, 0x14, 0xCD, 0x14, 0xCD, 0x14, 0xCD, 0x14,
    0xCD, 0x14, 0xCD, 0x14, 0xCD, 0x14, 0xCD, 0x14, 0xCD, 0x14, 0xCD, 0x14, 0xCD, 0x14, 0xCD, 0x14, 0xCD, 0x14, 0xCD,
    0x14, 0xCD, 0x14, 0xCD, 0x14, 0xCD, 0x14, 0xCD, 0x14, 0xCD, 0x14, 0xCD, 0x14, 0xCD, 0x14, 0xCD, 0x14, 0xCD, 0x14,
    0xCD, 0x14, 0xCD, 0x14, 0xCD, 0x14, 0xCD, 0x14, 0xCD, 0x14, 0xCD, 0x14, 0xCD, 0x14, 0xCD, 0x14, 0xCD, 0x14, 0xCD,
    0x14, 0xCD, 0x14, 0xCD, 0x14, 0xCD, 0x14, 0xCD, 0x14, 0xCD, 0x14, 0xCD, 0x14, 0xCD, 0x14, 0xCD, 0x14, 0xCD, 0x14,
    0xCD, 0x14, 0xCD, 0x14, 0xCD, 0x14, 0xCD, 0x14, 0xCD, 0x14, 0xCD, 0x14, 0xCD, 0x14, 0xCD, 0x14, 0xCD, 0x14, 0xCD,
    0x14, 0xCD, 0x14, 0xCD, 0x14, 0xCD, 0x14, 0xCD, 0x14, 0xCD, 0x14, 0xCD, 0x14, 0xCD, 0x14, 0xCD, 0x14, 0xCD, 0x14,
    0xCD, 0x14, 0xCD, 0x14, 0xCD, 0x14, 0xAC, 0x14, 0xED, 0x1C, 0xCA, 0x13, 0x25, 0x0A, 0x25, 0x0A, 0x05, 0x0A, 0xE5,
    0x09, 0xC4, 0x09, 0xA4, 0x09, 0x84, 0x09, 0x63, 0x09, 0x43, 0x09, 0x23, 0x01, 0x02, 0x01, 0xE2, 0x00, 0xE2, 0x00,
    0xC2, 0x00, 0xA1, 0x00, 0xA1, 0x00, 0x81, 0x00, 0x81, 0x00, 0x61, 0x00, 0x60, 0x00, 0x40, 0x00, 0x40, 0x00, 0x20,
    0x00, 0x20, 0x00, 0x20, 0x00, 0x20, 0x00, 0x00, 0x00, 0x00, 0x00, 0x00, 0x00, 0x00, 0x00, 0x00, 0x00, 0x00, 0x00,
    0x00, 0x00, 0x00, 0x00, 0x00, 0x00, 0x00, 0x00, 0x00, 0x00, 0x00, 0x00, 0x00, 0x00, 0x00, 0x00, 0x00, 0x00, 0x00,
    0x00, 0x00, 0x00, 0x00, 0x00, 0x00, 0x00, 0x00, 0x00, 0x00, 0x00, 0x00, 0x00, 0x00, 0x00, 0x00, 0x00, 0x00, 0x00,
    0x20, 0x00, 0x20, 0x00, 0x20, 0x00, 0x20, 0x00, 0x40, 0x00, 0x40, 0x00, 0x61, 0x00, 0x61, 0x00, 0x81, 0x00, 0x81,
    0x00, 0xA1, 0x00, 0xA2, 0x00, 0xC2, 0x00, 0xE2, 0x00, 0x02, 0x01, 0x02, 0x01, 0x23, 0x09, 0x43, 0x09, 0x63, 0x09,
    0x84, 0x09, 0xA4, 0x09, 0xC4, 0x09, 0xE5, 0x09, 0x05, 0x0A, 0x25, 0x0A, 0x25, 0x0A, 0xCA, 0x13, 0xED, 0x1C, 0xAC,
    0x14, 0xAD, 0x14, 0xAD, 0x14, 0xAD, 0x14, 0xAD, 0x14, 0xAD, 0x14, 0xAD, 0x14, 0xAD, 0x14, 0xAD, 0x14, 0xAD, 0x14,
    0xAD, 0x14, 0xAD, 0x14, 0xAD, 0x14, 0xAD, 0x14, 0xAD, 0x14, 0xAD, 0x14, 0xAD, 0x14, 0xAD, 0x14, 0xAD, 0x14, 0xAD,
    0x14, 0xAD, 0x14, 0xAD, 0x14, 0xAD, 0x14, 0xAD, 0x14, 0xAD, 0x14, 0xAD, 0x14, 0xAD, 0x14, 0xAD, 0x14, 0xAD, 0x14,
    0xAD, 0x14, 0xAD, 0x14, 0xAD, 0x14, 0xAD, 0x14, 0xAD, 0x14, 0xAD, 0x14, 0xAD, 0x14, 0xAD, 0x14, 0xAD, 0x14, 0xAD,
    0x14, 0xAD, 0x14, 0xAD, 0x14, 0xAD, 0x14, 0xAD, 0x14, 0xAD, 0x14, 0xAD, 0x14, 0xAD, 0x14, 0xAD, 0x14, 0xAD, 0x14,
    0xAD, 0x14, 0xAD, 0x14, 0xAD, 0x14, 0xAD, 0x14, 0xAD, 0x14, 0xAD, 0x14, 0xAD, 0x14, 0xAD, 0x14, 0xAD, 0x14, 0xAD,
    0x14, 0xAD, 0x14, 0xAD, 0x14, 0xAD, 0x14, 0xAD, 0x14, 0xAD, 0x14, 0xAD, 0x14, 0xAD, 0x14, 0xAD, 0x14, 0xAD, 0x14,
    0xAD, 0x14, 0xAD, 0x14, 0xAD, 0x14, 0xAD, 0x14, 0xAD, 0x14, 0xAD, 0x14, 0xAD, 0x14, 0xAD, 0x14, 0xAD, 0x14, 0xAD,
    0x14, 0xAD, 0x14, 0xAD, 0x14, 0xAD, 0x14, 0xAD, 0x14, 0xAD, 0x14, 0xAD, 0x14, 0xAD, 0x14, 0xAD, 0x14, 0xAD, 0x14,
    0xAD, 0x14, 0xAD, 0x14, 0xAD, 0x14, 0xAD, 0x14, 0xAD, 0x14, 0xAD, 0x14, 0xAD, 0x14, 0xAD, 0x14, 0xAD, 0x14, 0xAD,
    0x14, 0xAD, 0x14, 0xAD, 0x14, 0xAD, 0x14, 0xAD, 0x14, 0xAD, 0x14, 0xAD, 0x14, 0xAD, 0x14, 0xAD, 0x14, 0xAD, 0x14,
    0xAD, 0x14, 0xAD, 0x14, 0xAD, 0x14, 0xAD, 0x14, 0xAD, 0x14, 0xAD, 0x14, 0xAD, 0x14, 0xAD, 0x14, 0xAD, 0x14, 0xAD,
    0x14, 0xAD, 0x14, 0xAD, 0x14, 0xAC, 0x14, 0xED, 0x1C, 0xCA, 0x13, 0x25, 0x0A, 0x25, 0x0A, 0x05, 0x0A, 0xE5, 0x09,
    0xC4, 0x09, 0xA4, 0x09, 0x84, 0x09, 0x63, 0x09, 0x43, 0x09, 0x23, 0x09, 0x02, 0x01, 0x02, 0x01, 0xE2, 0x00, 0xC2,
    0x00, 0xA2, 0x00, 0xA1, 0x00, 0x81, 0x00, 0x81, 0x00, 0x61, 0x00, 0x61, 0x00, 0x40, 0x00, 0x40, 0x00, 0x20, 0x00,
    0x20, 0x00, 0x20, 0x00, 0x20, 0x00, 0x00, 0x00, 0x00, 0x00, 0x00, 0x00, 0x00, 0x00, 0x00, 0x00, 0x00, 0x00, 0x00,
    0x00, 0x00, 0x00, 0x00, 0x00, 0x00, 0x00, 0x00, 0x00, 0x00, 0x00, 0x00, 0x00, 0x00, 0x00, 0x00, 0x00, 0x00, 0x00,
    0x00, 0x00, 0x00, 0x00, 0x00, 0x00, 0x00, 0x00, 0x00, 0x00, 0x00, 0x00, 0x00, 0x00, 0x00, 0x00, 0x00, 0x00, 0x00,
    0x00, 0x20, 0x00, 0x20, 0x00, 0x20, 0x00, 0x20, 0x00, 0x40, 0x00, 0x40, 0x00, 0x40, 0x00, 0x61, 0x00, 0x61, 0x00,
    0x81, 0x00, 0x81, 0x00, 0xA1, 0x00, 0xA2, 0x00, 0xC2, 0x00, 0xE2, 0x00, 0x02, 0x01, 0x22, 0x01, 0x23, 0x09, 0x43,
    0x09, 0x63, 0x09, 0x84, 0x09, 0xA4, 0x09, 0xC4, 0x09, 0xE5, 0x09, 0x05, 0x0A, 0x25, 0x0A, 0x25, 0x0A, 0x69, 0x13,
    0xCD, 0x14, 0xCD, 0x14, 0xAC, 0x14, 0xAC, 0x14, 0xAC, 0x14, 0xAC, 0x14, 0xAC, 0x14, 0xAC, 0x14, 0xAC, 0x14, 0xAC,
    0x14, 0xAC, 0x14, 0xAC, 0x14, 0xAC, 0x14, 0xAC, 0x14, 0xAC, 0x14, 0xAC, 0x14, 0xAC, 0x14, 0xAC, 0x14, 0xAC, 0x14,
    0xAC, 0x14, 0xAC, 0x14, 0xAC, 0x14, 0xAC, 0x14, 0xAC, 0x14, 0xAC, 0x14, 0xAC, 0x14, 0xAC, 0x14, 0xAC, 0x14, 0xAC,
    0x14, 0xAC, 0x14, 0xAC, 0x14, 0xAC, 0x14, 0xAC, 0x14, 0xAC, 0x14, 0xAC, 0x14, 0xAC, 0x14, 0xAC, 0x14, 0xAC, 0x14,
    0xAC, 0x14, 0xAC, 0x14, 0xAC, 0x14, 0xAC, 0x14, 0xAC, 0x14, 0xAC, 0x14, 0xAC, 0x14, 0xAC, 0x14, 0xAC, 0x14, 0xAC,
    0x14, 0xAC, 0x14, 0xAC, 0x14, 0xAC, 0x14, 0xAC, 0x14, 0xAC, 0x14, 0xAC, 0x14, 0xAC, 0x14, 0xAC, 0x14, 0xAC, 0x14,
    0xAC, 0x14, 0xAC, 0x14, 0xAC, 0x14, 0xAC, 0x14, 0xAC, 0x14, 0xAC, 0x14, 0xAC, 0x14, 0xAC, 0x14, 0xAC, 0x14, 0xAC,
    0x14, 0xAC, 0x14, 0xAC, 0x14, 0xAC, 0x14, 0xAC, 0x14, 0xAC, 0x14, 0xAC, 0x14, 0xAC, 0x14, 0xAC, 0x14, 0xAC, 0x14,
    0xAC, 0x14, 0xAC, 0x14, 0xAC, 0x14, 0xAC, 0x14, 0xAC, 0x14, 0xAC, 0x14, 0xAC, 0x14, 0xAC, 0x14, 0xAC, 0x14, 0xAC,
    0x14, 0xAC, 0x14, 0xAC, 0x14, 0xAC, 0x14, 0xAC, 0x14, 0xAC, 0x14, 0xAC, 0x14, 0xAC, 0x14, 0xAC, 0x14, 0xAC, 0x14,
    0xAC, 0x14, 0xAC, 0x14, 0xAC, 0x14, 0xAC, 0x14, 0xAC, 0x14, 0xAC, 0x14, 0xAC, 0x14, 0xAC, 0x14, 0xAC, 0x14, 0xAC,
    0x14, 0xAC, 0x14, 0xAC, 0x14, 0xAC, 0x14, 0xAC, 0x14, 0xAC, 0x14, 0xAC, 0x14, 0xAC, 0x14, 0xAC, 0x14, 0xAC, 0x14,
    0xAC, 0x14, 0xAC, 0x14, 0xCD, 0x14, 0xCD, 0x14, 0x69, 0x13, 0x25, 0x0A, 0x25, 0x0A, 0x05, 0x0A, 0xE5, 0x09, 0xC4,
    0x09, 0xA4, 0x09, 0x84, 0x09, 0x63, 0x09, 0x43, 0x09, 0x23, 0x09, 0x22, 0x01, 0x02, 0x01, 0xE2, 0x00, 0xC2, 0x00,
    0xA2, 0x00, 0xA1, 0x00, 0x81, 0x00, 0x81, 0x00, 0x61, 0x00, 0x61, 0x00, 0x40, 0x00, 0x40, 0x00, 0x40, 0x00, 0x20,
    0x00, 0x20, 0x00, 0x20, 0x00, 0x20, 0x00, 0x00, 0x00, 0x00, 0x00, 0x00, 0x00, 0x00, 0x00, 0x00, 0x00, 0x00, 0x00,
    0x00, 0x00, 0x00, 0x00, 0x00, 0x00, 0x00, 0x00, 0x00, 0x00, 0x00, 0x00, 0x00, 0x00, 0x00, 0x00, 0x00, 0x00, 0x00,
    0x00, 0x00, 0x00, 0x00, 0x00, 0x00, 0x00, 0x00, 0x00, 0x00, 0x00, 0x00, 0x00, 0x00, 0x00, 0x00, 0x00, 0x00, 0x00,
    0x00, 0x00, 0x00, 0x00, 0x20, 0x00, 0x20, 0x00, 0x20, 0x00, 0x20, 0x00, 0x40, 0x00, 0x40, 0x00, 0x40, 0x00, 0x61,
    0x00, 0x61, 0x00, 0x81, 0x00, 0x81, 0x00, 0xA1, 0x00, 0xC2, 0x00, 0xC2, 0x00, 0xE2, 0x00, 0x02, 0x01, 0x23, 0x01,
    0x23, 0x09, 0x43, 0x09, 0x63, 0x09, 0x84, 0x09, 0xA4, 0x09, 0xC4, 0x09, 0xE5, 0x09, 0x05, 0x0A, 0x25, 0x0A, 0x05,
    0x0A, 0xE8, 0x12, 0x8C, 0x14, 0xCD, 0x14, 0xAC, 0x14, 0xAC, 0x14, 0xAC, 0x14, 0xAC, 0x14, 0xAC, 0x14, 0xAC, 0x14,
    0xAC, 0x14, 0xAC, 0x14, 0xAC, 0x14, 0xAC, 0x14, 0xAC, 0x14, 0xAC, 0x14, 0xAC, 0x14, 0xAC, 0x14, 0xAC, 0x14, 0xAC,
    0x14, 0xAC, 0x14, 0xAC, 0x14, 0xAC, 0x14, 0xAC, 0x14, 0xAC, 0x14, 0xAC, 0x14, 0xAC, 0x14, 0xAC, 0x14, 0xAC, 0x14,
    0xAC, 0x14, 0xAC, 0x14, 0xAC, 0x14, 0xAC, 0x14, 0xAC, 0x14, 0xAC, 0x14, 0xAC, 0x14, 0xAC, 0x14, 0xAC, 0x14, 0xAC,
    0x14, 0xAC, 0x14, 0xAC, 0x14, 0xAC, 0x14, 0xAC, 0x14, 0xAC, 0x14, 0xAC, 0x14, 0xAC, 0x14, 0xAC, 0x14, 0xAC, 0x14,
    0xAC, 0x14, 0xAC, 0x14, 0xAC, 0x14, 0xAC, 0x14, 0xAC, 0x14, 0xAC, 0x14, 0xAC, 0x14, 0xAC, 0x14, 0xAC, 0x14, 0xAC,
    0x14, 0xAC, 0x14, 0xAC, 0x14, 0xAC, 0x14, 0xAC, 0x14, 0xAC, 0x14, 0xAC, 0x14, 0xAC, 0x14, 0xAC, 0x14, 0xAC, 0x14,
    0xAC, 0x14, 0xAC, 0x14, 0xAC, 0x14, 0xAC, 0x14, 0xAC, 0x14, 0xAC, 0x14, 0xAC, 0x14, 0xAC, 0x14, 0xAC, 0x14, 0xAC,
    0x14, 0xAC, 0x14, 0xAC, 0x14, 0xAC, 0x14, 0xAC, 0x14, 0xAC, 0x14, 0xAC, 0x14, 0xAC, 0x14, 0xAC, 0x14, 0xAC, 0x14,
    0xAC, 0x14, 0xAC, 0x14, 0xAC, 0x14, 0xAC, 0x14, 0xAC, 0x14, 0xAC, 0x14, 0xAC, 0x14, 0xAC, 0x14, 0xAC, 0x14, 0xAC,
    0x14, 0xAC, 0x14, 0xAC, 0x14, 0xAC, 0x14, 0xAC, 0x14, 0xAC, 0x14, 0xAC, 0x14, 0xAC, 0x14, 0xAC, 0x14, 0xAC, 0x14,
    0xAC, 0x14, 0xAC, 0x14, 0xAC, 0x14, 0xAC, 0x14, 0xAC, 0x14, 0xAC, 0x14, 0xAC, 0x14, 0xAC, 0x14, 0xAC, 0x14, 0xAC,
    0x14, 0xAC, 0x14, 0xCD, 0x14, 0x8C, 0x14, 0xE8, 0x12, 0x05, 0x0A, 0x25, 0x0A, 0x05, 0x0A, 0xE5, 0x09, 0xC4, 0x09,
    0xA4, 0x09, 0x84, 0x09, 0x63, 0x09, 0x43, 0x09, 0x23, 0x09, 0x23, 0x01, 0x02, 0x01, 0xE2, 0x00, 0xC2, 0x00, 0xC2,
    0x00, 0xA1, 0x00, 0x81, 0x00, 0x81, 0x00, 0x61, 0x00, 0x61, 0x00, 0x40, 0x00, 0x40, 0x00, 0x40, 0x00, 0x20, 0x00,
    0x20, 0x00, 0x20, 0x00, 0x20, 0x00, 0x00, 0x00, 0x00, 0x00, 0x00, 0x00, 0x00, 0x00, 0x00, 0x00, 0x00, 0x00, 0x00,
    0x00, 0x00, 0x00, 0x00, 0x00, 0x00, 0x00, 0x00, 0x00, 0x00, 0x00, 0x00, 0x00, 0x00, 0x00, 0x00, 0x00, 0x00, 0x00,
    0x00, 0x00, 0x00, 0x00, 0x00, 0x00, 0x00, 0x00, 0x00, 0x00, 0x00, 0x00, 0x00, 0x00, 0x00, 0x00, 0x00, 0x00, 0x00,
    0x00, 0x00, 0x00, 0x00, 0x00, 0x20, 0x00, 0x20, 0x00, 0x20, 0x00, 0x20, 0x00, 0x20, 0x00, 0x40, 0x00, 0x40, 0x00,
    0x41, 0x00, 0x61, 0x00, 0x81, 0x00, 0x81, 0x00, 0xA1, 0x00, 0xA1, 0x00, 0xC2, 0x00, 0xE2, 0x00, 0xE2, 0x00, 0x02,
    0x01, 0x23, 0x01, 0x23, 0x09, 0x43, 0x09, 0x63, 0x09, 0x84, 0x09, 0xA4, 0x09, 0xC4, 0x09, 0xC4, 0x09, 0xE5, 0x09,
    0x25, 0x0A, 0x05, 0x0A, 0x66, 0x12, 0x0B, 0x14, 0xCD, 0x14, 0xAC, 0x14, 0xAC, 0x14, 0xAC, 0x14, 0xAC, 0x14, 0xAC,
    0x14, 0xAC, 0x14, 0xAC, 0x14, 0xAC, 0x14, 0xAC, 0x14, 0xAC, 0x14, 0xAC, 0x14, 0xAC, 0x14, 0xAC, 0x14, 0xAC, 0x14,
    0xAC, 0x14, 0xAC, 0x14, 0xAC, 0x14, 0xAC, 0x14, 0xAC, 0x14, 0xAC, 0x14, 0xAC, 0x14, 0xAC, 0x14, 0xAC, 0x14, 0xAC,
    0x14, 0xAC, 0x14, 0xAC, 0x14, 0xAC, 0x14, 0xAC, 0x14, 0xAC, 0x14, 0xAC, 0x14, 0xAC, 0x14, 0xAC, 0x14, 0xAC, 0x14,
    0xAC, 0x14, 0xAC, 0x14, 0xAC, 0x14, 0xAC, 0x14, 0xAC, 0x14, 0xAC, 0x14, 0xAC, 0x14, 0xAC, 0x14, 0xAC, 0x14, 0xAC,
    0x14, 0xAC, 0x14, 0xAC, 0x14, 0xAC, 0x14, 0xAC, 0x14, 0xAC, 0x14, 0xAC, 0x14, 0xAC, 0x14, 0xAC, 0x14, 0xAC, 0x14,
    0xAC, 0x14, 0xAC, 0x14, 0xAC, 0x14, 0xAC, 0x14, 0xAC, 0x14, 0xAC, 0x14, 0xAC, 0x14, 0xAC, 0x14, 0xAC, 0x14, 0xAC,
    0x14, 0xAC, 0x14, 0xAC, 0x14, 0xAC, 0x14, 0xAC, 0x14, 0xAC, 0x14, 0xAC, 0x14, 0xAC, 0x14, 0xAC, 0x14, 0xAC, 0x14,
    0xAC, 0x14, 0xAC, 0x14, 0xAC, 0x14, 0xAC, 0x14, 0xAC, 0x14, 0xAC, 0x14, 0xAC, 0x14, 0xAC, 0x14, 0xAC, 0x14, 0xAC,
    0x14, 0xAC, 0x14, 0xAC, 0x14, 0xAC, 0x14, 0xAC, 0x14, 0xAC, 0x14, 0xAC, 0x14, 0xAC, 0x14, 0xAC, 0x14, 0xAC, 0x14,
    0xAC, 0x14, 0xAC, 0x14, 0xAC, 0x14, 0xAC, 0x14, 0xAC, 0x14, 0xAC, 0x14, 0xAC, 0x14, 0xAC, 0x14, 0xAC, 0x14, 0xAC,
    0x14, 0xAC, 0x14, 0xAC, 0x14, 0xAC, 0x14, 0xAC, 0x14, 0xAC, 0x14, 0xAC, 0x14, 0xAC, 0x14, 0xAC, 0x14, 0xAC, 0x14,
    0xAC, 0x14, 0xCD, 0x14, 0x0B, 0x14, 0x66, 0x12, 0x05, 0x0A, 0x25, 0x0A, 0xE5, 0x09, 0xC4, 0x09, 0xC4, 0x09, 0xA4,
    0x09, 0x84, 0x09, 0x63, 0x09, 0x43, 0x09, 0x23, 0x09, 0x23, 0x01, 0x02, 0x01, 0xE2, 0x00, 0xE2, 0x00, 0xC2, 0x00,
    0xA1, 0x00, 0xA1, 0x00, 0x81, 0x00, 0x81, 0x00, 0x61, 0x00, 0x41, 0x00, 0x40, 0x00, 0x40, 0x00, 0x20, 0x00, 0x20,
    0x00, 0x20, 0x00, 0x20, 0x00, 0x20, 0x00, 0x00, 0x00, 0x00, 0x00, 0x00, 0x00, 0x00, 0x00, 0x00, 0x00, 0x00, 0x00,
    0x00, 0x00, 0x00, 0x00, 0x00, 0x00, 0x00, 0x00, 0x00, 0x00, 0x00, 0x00, 0x00, 0x00, 0x00, 0x00, 0x00, 0x00, 0x00,
    0x00, 0x00, 0x00, 0x00, 0x00, 0x00, 0x00, 0x00, 0x00, 0x00, 0x00, 0x00, 0x00, 0x00, 0x00, 0x00, 0x00, 0x00, 0x00,
    0x00, 0x00, 0x00, 0x00, 0x00, 0x00, 0x00, 0x00, 0x20, 0x00, 0x20, 0x00, 0x20, 0x00, 0x20, 0x00, 0x40, 0x00, 0x40,
    0x00, 0x40, 0x00, 0x61, 0x00, 0x61, 0x00, 0x81, 0x00, 0x81, 0x00, 0xA1, 0x00, 0xA1, 0x00, 0xC2, 0x00, 0xE2, 0x00,
    0xE2, 0x00, 0x02, 0x01, 0x23, 0x01, 0x23, 0x09, 0x43, 0x09, 0x63, 0x09, 0x84, 0x09, 0xA4, 0x09, 0xA4, 0x09, 0xC4,
    0x09, 0xE5, 0x09, 0x05, 0x0A, 0x05, 0x0A, 0x25, 0x0A, 0x49, 0x13, 0x8C, 0x14, 0xCD, 0x14, 0xAC, 0x14, 0xAC, 0x14,
    0xAC, 0x14, 0xAC, 0x14, 0xAC, 0x14, 0xAC, 0x14, 0xAC, 0x14, 0xAC, 0x14, 0xAC, 0x14, 0xAC, 0x14, 0xAC, 0x14, 0xAC,
    0x14, 0xAC, 0x14, 0xAC, 0x14, 0xAC, 0x14, 0xAC, 0x14, 0xAC, 0x14, 0xAC, 0x14, 0xAC, 0x14, 0xAC, 0x14, 0xAC, 0x14,
    0xAC, 0x14, 0xAC, 0x14, 0xAC, 0x14, 0xAC, 0x14, 0xAC, 0x14, 0xAC, 0x14, 0xAC, 0x14, 0xAC, 0x14, 0xAC, 0x14, 0xAC,
    0x14, 0xAC, 0x14, 0xAC, 0x14, 0xAC, 0x14, 0xAC, 0x14, 0xAC, 0x14, 0xAC, 0x14, 0xAC, 0x14, 0xAC, 0x14, 0xAC, 0x14,
    0xAC, 0x14, 0xAC, 0x14, 0xAC, 0x14, 0xAC, 0x14, 0xAC, 0x14, 0xAC, 0x14, 0xAC, 0x14, 0xAC, 0x14, 0xAC, 0x14, 0xAC,
    0x14, 0xAC, 0x14, 0xAC, 0x14, 0xAC, 0x14, 0xAC, 0x14, 0xAC, 0x14, 0xAC, 0x14, 0xAC, 0x14, 0xAC, 0x14, 0xAC, 0x14,
    0xAC, 0x14, 0xAC, 0x14, 0xAC, 0x14, 0xAC, 0x14, 0xAC, 0x14, 0xAC, 0x14, 0xAC, 0x14, 0xAC, 0x14, 0xAC, 0x14, 0xAC,
    0x14, 0xAC, 0x14, 0xAC, 0x14, 0xAC, 0x14, 0xAC, 0x14, 0xAC, 0x14, 0xAC, 0x14, 0xAC, 0x14, 0xAC, 0x14, 0xAC, 0x14,
    0xAC, 0x14, 0xAC, 0x14, 0xAC, 0x14, 0xAC, 0x14, 0xAC, 0x14, 0xAC, 0x14, 0xAC, 0x14, 0xAC, 0x14, 0xAC, 0x14, 0xAC,
    0x14, 0xAC, 0x14, 0xAC, 0x14, 0xAC, 0x14, 0xAC, 0x14, 0xAC, 0x14, 0xAC, 0x14, 0xAC, 0x14, 0xAC, 0x14, 0xAC, 0x14,
    0xAC, 0x14, 0xAC, 0x14, 0xAC, 0x14, 0xAC, 0x14, 0xAC, 0x14, 0xAC, 0x14, 0xAC, 0x14, 0xAC, 0x14, 0xAC, 0x14, 0xCD,
    0x14, 0x8C, 0x14, 0x49, 0x13, 0x25, 0x0A, 0x05, 0x0A, 0x05, 0x0A, 0xE5, 0x09, 0xC4, 0x09, 0xA4, 0x09, 0xA4, 0x09,
    0x84, 0x09, 0x63, 0x09, 0x43, 0x09, 0x23, 0x09, 0x23, 0x01, 0x02, 0x01, 0xE2, 0x00, 0xE2, 0x00, 0xC2, 0x00, 0xA1,
    0x00, 0xA1, 0x00, 0x81, 0x00, 0x81, 0x00, 0x61, 0x00, 0x61, 0x00, 0x40, 0x00, 0x40, 0x00, 0x40, 0x00, 0x20, 0x00,
    0x20, 0x00, 0x20, 0x00, 0x20, 0x00, 0x00, 0x00, 0x00, 0x00, 0x00, 0x00, 0x00, 0x00, 0x00, 0x00, 0x00, 0x00, 0x00,
    0x00, 0x00, 0x00, 0x00, 0x00, 0x00, 0x00, 0x00, 0x00, 0x00, 0x00, 0x00, 0x00, 0x00, 0x00, 0x00, 0x00, 0x00, 0x00,
    0x00, 0x00, 0x00, 0x00, 0x00, 0x00, 0x00, 0x00, 0x00, 0x00, 0x00, 0x00, 0x00, 0x00, 0x00, 0x00, 0x00, 0x00, 0x00,
    0x00, 0x00, 0x00, 0x00, 0x00, 0x00, 0x00, 0x00, 0x00, 0x00, 0x00, 0x20, 0x00, 0x20, 0x00, 0x20, 0x00, 0x20, 0x00,
    0x40, 0x00, 0x40, 0x00, 0x40, 0x00, 0x61, 0x00, 0x61, 0x00, 0x81, 0x00, 0x81, 0x00, 0xA1, 0x00, 0xA1, 0x00, 0xC2,
    0x00, 0xE2, 0x00, 0xE2, 0x00, 0x02, 0x01, 0x22, 0x01, 0x23, 0x09, 0x43, 0x09, 0x63, 0x09, 0x84, 0x09, 0x84, 0x09,
    0xA4, 0x09, 0xC4, 0x09, 0xE5, 0x09, 0x05, 0x0A, 0x25, 0x0A, 0x05, 0x0A, 0x86, 0x12, 0xEA, 0x13, 0xCD, 0x14, 0xCD,
    0x14, 0xAC, 0x14, 0xAC, 0x14, 0xAC, 0x14, 0xAC, 0x14, 0xAC, 0x14, 0xAC, 0x14, 0xAC, 0x14, 0xAC, 0x14, 0xAC, 0x14,
    0xAC, 0x14, 0xAC, 0x14, 0xAC, 0x14, 0xAC, 0x14, 0xAC, 0x14, 0xAC, 0x14, 0xAC, 0x14, 0xAC, 0x14, 0xAC, 0x14, 0xAC,
    0x14, 0xAC, 0x14, 0xAC, 0x14, 0xAC, 0x14, 0xAC, 0x14, 0xAC, 0x14, 0xAC, 0x14, 0xAC, 0x14, 0xAC, 0x14, 0xAC, 0x14,
    0xAC, 0x14, 0xAC, 0x14, 0xAC, 0x14, 0xAC, 0x14, 0xAC, 0x14, 0xAC, 0x14, 0xAC, 0x14, 0xAC, 0x14, 0xAC, 0x14, 0xAC,
    0x14, 0xAC, 0x14, 0xAC, 0x14, 0xAC, 0x14, 0xAC, 0x14, 0xAC, 0x14, 0xAC, 0x14, 0xAC, 0x14, 0xAC, 0x14, 0xAC, 0x14,
    0xAC, 0x14, 0xAC, 0x14, 0xAC, 0x14, 0xAC, 0x14, 0xAC, 0x14, 0xAC, 0x14, 0xAC, 0x14, 0xAC, 0x14, 0xAC, 0x14, 0xAC,
    0x14, 0xAC, 0x14, 0xAC, 0x14, 0xAC, 0x14, 0xAC, 0x14, 0xAC, 0x14, 0xAC, 0x14, 0xAC, 0x14, 0xAC, 0x14, 0xAC, 0x14,
    0xAC, 0x14, 0xAC, 0x14, 0xAC, 0x14, 0xAC, 0x14, 0xAC, 0x14, 0xAC, 0x14, 0xAC, 0x14, 0xAC, 0x14, 0xAC, 0x14, 0xAC,
    0x14, 0xAC, 0x14, 0xAC, 0x14, 0xAC, 0x14, 0xAC, 0x14, 0xAC, 0x14, 0xAC, 0x14, 0xAC, 0x14, 0xAC, 0x14, 0xAC, 0x14,
    0xAC, 0x14, 0xAC, 0x14, 0xAC, 0x14, 0xAC, 0x14, 0xAC, 0x14, 0xAC, 0x14, 0xAC, 0x14, 0xAC, 0x14, 0xAC, 0x14, 0xAC,
    0x14, 0xAC, 0x14, 0xAC, 0x14, 0xAC, 0x14, 0xAC, 0x14, 0xAC, 0x14, 0xAC, 0x14, 0xAC, 0x14, 0xCD, 0x14, 0xCD, 0x14,
    0xEA, 0x13, 0x86, 0x12, 0x05, 0x0A, 0x25, 0x0A, 0x05, 0x0A, 0xE5, 0x09, 0xC4, 0x09, 0xA4, 0x09, 0x84, 0x09, 0x84,
    0x09, 0x63, 0x09, 0x43, 0x09, 0x23, 0x09, 0x22, 0x01, 0x02, 0x01, 0xE2, 0x00, 0xE2, 0x00, 0xC2, 0x00, 0xA1, 0x00,
    0xA1, 0x00, 0x81, 0x00, 0x81, 0x00, 0x61, 0x00, 0x61, 0x00, 0x40, 0x00, 0x40, 0x00, 0x40, 0x00, 0x20, 0x00, 0x20,
    0x00, 0x20, 0x00, 0x20, 0x00, 0x00, 0x00, 0x00, 0x00, 0x00, 0x00, 0x00, 0x00, 0x00, 0x00, 0x00, 0x00, 0x00, 0x00,
    0x00, 0x00, 0x00, 0x00, 0x00, 0x00, 0x00, 0x00, 0x00, 0x00, 0x00, 0x00, 0x00, 0x00, 0x00, 0x00, 0x00, 0x00, 0x00,
    0x00, 0x00, 0x00, 0x00, 0x00, 0x00, 0x00, 0x00, 0x00, 0x00, 0x00, 0x00, 0x00, 0x00, 0x00, 0x00, 0x00, 0x00, 0x00,
    0x00, 0x00, 0x00, 0x00, 0x00, 0x00, 0x00, 0x00, 0x00, 0x00, 0x00, 0x00, 0x20, 0x00, 0x20, 0x00, 0x20, 0x00, 0x20,
    0x00, 0x20, 0x00, 0x40, 0x00, 0x40, 0x00, 0x40, 0x00, 0x61, 0x00, 0x61, 0x00, 0x81, 0x00, 0x81, 0x00, 0xA1, 0x00,
    0xA1, 0x00, 0xC2, 0x00, 0xE2, 0x00, 0xE2, 0x00, 0x02, 0x01, 0x22, 0x01, 0x23, 0x09, 0x43, 0x09, 0x63, 0x09, 0x83,
    0x09, 0x84, 0x09, 0xA4, 0x09, 0xC4, 0x09, 0xE5, 0x09, 0xE5, 0x09, 0x05, 0x0A, 0x05, 0x0A, 0x25, 0x0A, 0xE7, 0x12,
    0x0B, 0x14, 0xAD, 0x14, 0xCD, 0x14, 0x8C, 0x14, 0x8C, 0x14, 0xAC, 0x14, 0xAC, 0x14, 0xAC, 0x14, 0xAC, 0x14, 0xAC,
    0x14, 0xAC, 0x14, 0xAC, 0x14, 0xAC, 0x14, 0xAC, 0x14, 0xAC, 0x14, 0xAC, 0x14, 0xAC, 0x14, 0xAC, 0x14, 0xAC, 0x14,
    0xAC, 0x14, 0xAC, 0x14, 0xAC, 0x14, 0xAC, 0x14, 0xAC, 0x14, 0xAC, 0x14, 0xAC, 0x14, 0xAC, 0x14, 0xAC, 0x14, 0xAC,
    0x14, 0xAC, 0x14, 0xAC, 0x14, 0xAC, 0x14, 0xAC, 0x14, 0xAC, 0x14, 0xAC, 0x14, 0xAC, 0x14, 0xAC, 0x14, 0xAC, 0x14,
    0xAC, 0x14, 0xAC, 0x14, 0xAC, 0x14, 0xAC, 0x14, 0xAC, 0x14, 0xAC, 0x14, 0xAC, 0x14, 0xAC, 0x14, 0xAC, 0x14, 0xAC,
    0x14, 0xAC, 0x14, 0xAC, 0x14, 0xAC, 0x14, 0xAC, 0x14, 0xAC, 0x14, 0xAC, 0x14, 0xAC, 0x14, 0xAC, 0x14, 0xAC, 0x14,
    0xAC, 0x14, 0xAC, 0x14, 0xAC, 0x14, 0xAC, 0x14, 0xAC, 0x14, 0xAC, 0x14, 0xAC, 0x14, 0xAC, 0x14, 0xAC, 0x14, 0xAC,
    0x14, 0xAC, 0x14, 0xAC, 0x14, 0xAC, 0x14, 0xAC, 0x14, 0xAC, 0x14, 0xAC, 0x14, 0xAC, 0x14, 0xAC, 0x14, 0xAC, 0x14,
    0xAC, 0x14, 0xAC, 0x14, 0xAC, 0x14, 0xAC, 0x14, 0xAC, 0x14, 0xAC, 0x14, 0xAC, 0x14, 0xAC, 0x14, 0xAC, 0x14, 0xAC,
    0x14, 0xAC, 0x14, 0xAC, 0x14, 0xAC, 0x14, 0xAC, 0x14, 0xAC, 0x14, 0xAC, 0x14, 0xAC, 0x14, 0xAC, 0x14, 0xAC, 0x14,
    0xAC, 0x14, 0xAC, 0x14, 0xAC, 0x14, 0xAC, 0x14, 0x8C, 0x14, 0x8C, 0x14, 0xCD, 0x14, 0xAD, 0x14, 0x0B, 0x14, 0xE7,
    0x12, 0x25, 0x0A, 0x05, 0x0A, 0x05, 0x0A, 0xE5, 0x09, 0xE5, 0x09, 0xC4, 0x09, 0xA4, 0x09, 0x84, 0x09, 0x83, 0x09,
    0x63, 0x09, 0x43, 0x09, 0x23, 0x09, 0x22, 0x01, 0x02, 0x01, 0xE2, 0x00, 0xE2, 0x00, 0xC2, 0x00, 0xA1, 0x00, 0xA1,
    0x00, 0x81, 0x00, 0x81, 0x00, 0x61, 0x00, 0x61, 0x00, 0x40, 0x00, 0x40, 0x00, 0x40, 0x00, 0x20, 0x00, 0x20, 0x00,
    0x20, 0x00, 0x20, 0x00, 0x20, 0x00, 0x00, 0x00, 0x00, 0x00, 0x00, 0x00, 0x00, 0x00, 0x00, 0x00, 0x00, 0x00, 0x00,
    0x00, 0x00, 0x00, 0x00, 0x00, 0x00, 0x00, 0x00, 0x00, 0x00, 0x00, 0x00, 0x00, 0x00, 0x00, 0x00, 0x00, 0x00, 0x00,
    0x00, 0x00, 0x00, 0x00, 0x00, 0x00, 0x00, 0x00, 0x00, 0x00, 0x00, 0x00, 0x00, 0x00, 0x00, 0x00, 0x00, 0x00, 0x00,
    0x00, 0x00, 0x00, 0x00, 0x00, 0x00, 0x00, 0x00, 0x00, 0x00, 0x00, 0x00, 0x00, 0x00, 0x00, 0x20, 0x00, 0x20, 0x00,
    0x20, 0x00, 0x20, 0x00, 0x20, 0x00, 0x40, 0x00, 0x40, 0x00, 0x40, 0x00, 0x61, 0x00, 0x61, 0x00, 0x81, 0x00, 0x81,
    0x00, 0xA1, 0x00, 0xA1, 0x00, 0xC2, 0x00, 0xE2, 0x00, 0xE2, 0x00, 0x02, 0x01, 0x02, 0x01, 0x23, 0x01, 0x43, 0x09,
    0x43, 0x09, 0x63, 0x09, 0x84, 0x09, 0xA4, 0x09, 0xA4, 0x09, 0xC4, 0x09, 0xE5, 0x09, 0x05, 0x0A, 0x25, 0x0A, 0x05,
    0x0A, 0x25, 0x0A, 0xE7, 0x12, 0x0B, 0x14, 0xAC, 0x14, 0xCD, 0x14, 0xAC, 0x14, 0x8C, 0x14, 0x8C, 0x14, 0xAC, 0x14,
    0xAC, 0x14, 0xAC, 0x14, 0xAC, 0x14, 0xAC, 0x14, 0xAC, 0x14, 0xAC, 0x14, 0xAC, 0x14, 0xAC, 0x14, 0xAC, 0x14, 0xAC,
    0x14, 0xAC, 0x14, 0xAC, 0x14, 0xAC, 0x14, 0xAC, 0x14, 0xAC, 0x14, 0xAC, 0x14, 0xAC, 0x14, 0xAC, 0x14, 0xAC, 0x14,
    0xAC, 0x14, 0xAC, 0x14, 0xAC, 0x14, 0xAC, 0x14, 0xAC, 0x14, 0xAC, 0x14, 0xAC, 0x14, 0xAC, 0x14, 0xAC, 0x14, 0xAC,
    0x14, 0xAC, 0x14, 0xAC, 0x14, 0xAC, 0x14, 0xAC, 0x14, 0xAC, 0x14, 0xAC, 0x14, 0xAC, 0x14, 0xAC, 0x14, 0xAC, 0x14,
    0xAC, 0x14, 0xAC, 0x14, 0xAC, 0x14, 0xAC, 0x14, 0xAC, 0x14, 0xAC, 0x14, 0xAC, 0x14, 0xAC, 0x14, 0xAC, 0x14, 0xAC,
    0x14, 0xAC, 0x14, 0xAC, 0x14, 0xAC, 0x14, 0xAC, 0x14, 0xAC, 0x14, 0xAC, 0x14, 0xAC, 0x14, 0xAC, 0x14, 0xAC, 0x14,
    0xAC, 0x14, 0xAC, 0x14, 0xAC, 0x14, 0xAC, 0x14, 0xAC, 0x14, 0xAC, 0x14, 0xAC, 0x14, 0xAC, 0x14, 0xAC, 0x14, 0xAC,
    0x14, 0xAC, 0x14, 0xAC, 0x14, 0xAC, 0x14, 0xAC, 0x14, 0xAC, 0x14, 0xAC, 0x14, 0xAC, 0x14, 0xAC, 0x14, 0xAC, 0x14,
    0xAC, 0x14, 0xAC, 0x14, 0xAC, 0x14, 0xAC, 0x14, 0xAC, 0x14, 0xAC, 0x14, 0xAC, 0x14, 0xAC, 0x14, 0xAC, 0x14, 0xAC,
    0x14, 0xAC, 0x14, 0x8C, 0x14, 0x8C, 0x14, 0xAC, 0x14, 0xCD, 0x14, 0xAC, 0x14, 0x0B, 0x14, 0xE7, 0x12, 0x25, 0x0A,
    0x05, 0x0A, 0x25, 0x0A, 0x05, 0x0A, 0xE5, 0x09, 0xC4, 0x09, 0xA4, 0x09, 0xA4, 0x09, 0x84, 0x09, 0x63, 0x09, 0x43,
    0x09, 0x43, 0x09, 0x23, 0x01, 0x02, 0x01, 0x02, 0x01, 0xE2, 0x00, 0xE2, 0x00, 0xC2, 0x00, 0xA1, 0x00, 0xA1, 0x00,
    0x81, 0x00, 0x81, 0x00, 0x61, 0x00, 0x61, 0x00, 0x40, 0x00, 0x40, 0x00, 0x40, 0x00, 0x20, 0x00, 0x20, 0x00, 0x20,
    0x00, 0x20, 0x00, 0x20, 0x00, 0x00, 0x00, 0x00, 0x00, 0x00, 0x00, 0x00, 0x00, 0x00, 0x00, 0x00, 0x00, 0x00, 0x00,
    0x00, 0x00, 0x00, 0x00, 0x00, 0x00, 0x00, 0x00, 0x00, 0x00, 0x00, 0x00, 0x00, 0x00, 0x00, 0x00, 0x00, 0x00, 0x00,
    0x00, 0x00, 0x00, 0x00, 0x00, 0x00, 0x00, 0x00, 0x00, 0x00, 0x00, 0x00, 0x00, 0x00, 0x00, 0x00, 0x00, 0x00, 0x00,
    0x00, 0x00, 0x00, 0x00, 0x00, 0x00, 0x00, 0x00, 0x00, 0x00, 0x00, 0x00, 0x00, 0x00, 0x00, 0x00, 0x00, 0x00, 0x20,
    0x00, 0x20, 0x00, 0x20, 0x00, 0x20, 0x00, 0x20, 0x00, 0x40, 0x00, 0x40, 0x00, 0x41, 0x00, 0x61, 0x00, 0x61, 0x00,
    0x81, 0x00, 0x81, 0x00, 0xA1, 0x00, 0xA1, 0x00, 0xC2, 0x00, 0xC2, 0x00, 0xE2, 0x00, 0x02, 0x01, 0x02, 0x01, 0x23,
    0x01, 0x43, 0x09, 0x43, 0x09, 0x63, 0x09, 0x84, 0x09, 0x84, 0x09, 0xA4, 0x09, 0xC4, 0x09, 0xC4, 0x09, 0xE5, 0x09,
    0x05, 0x0A, 0x25, 0x0A, 0x05, 0x0A, 0x25, 0x0A, 0xE7, 0x12, 0xCA, 0x13, 0x8C, 0x14, 0xCD, 0x14, 0xAD, 0x14, 0xAC,
    0x14, 0x8C, 0x14, 0x8C, 0x14, 0x8C, 0x14, 0x8C, 0x14, 0x8C, 0x14, 0x8C, 0x14, 0x8C, 0x14, 0x8C, 0x14, 0x8C, 0x14,
    0x8C, 0x14, 0x8C, 0x14, 0x8C, 0x14, 0x8C, 0x14, 0x8C, 0x14, 0x8C, 0x14, 0x8C, 0x14, 0x8C, 0x14, 0x8C, 0x14, 0x8C,
    0x14, 0x8C, 0x14, 0x8C, 0x14, 0x8C, 0x14, 0x8C, 0x14, 0x8C, 0x14, 0x8C, 0x14, 0x8C, 0x14, 0x8C, 0x14, 0x8C, 0x14,
    0x8C, 0x14, 0x8C, 0x14, 0x8C, 0x14, 0x8C, 0x14, 0x8C, 0x14, 0x8C, 0x14, 0x8C, 0x14, 0x8C, 0x14, 0x8C, 0x14, 0x8C,
    0x14, 0x8C, 0x14, 0x8C, 0x14, 0x8C, 0x14, 0x8C, 0x14, 0x8C, 0x14, 0x8C, 0x14, 0x8C, 0x14, 0x8C, 0x14, 0x8C, 0x14,
    0x8C, 0x14, 0x8C, 0x14, 0x8C, 0x14, 0x8C, 0x14, 0x8C, 0x14, 0x8C, 0x14, 0x8C, 0x14, 0x8C, 0x14, 0x8C, 0x14, 0x8C,
    0x14, 0x8C, 0x14, 0x8C, 0x14, 0x8C, 0x14, 0x8C, 0x14, 0x8C, 0x14, 0x8C, 0x14, 0x8C, 0x14, 0x8C, 0x14, 0x8C, 0x14,
    0x8C, 0x14, 0x8C, 0x14, 0x8C, 0x14, 0x8C, 0x14, 0x8C, 0x14, 0x8C, 0x14, 0x8C, 0x14, 0x8C, 0x14, 0x8C, 0x14, 0x8C,
    0x14, 0x8C, 0x14, 0x8C, 0x14, 0x8C, 0x14, 0x8C, 0x14, 0x8C, 0x14, 0x8C, 0x14, 0x8C, 0x14, 0x8C, 0x14, 0x8C, 0x14,
    0x8C, 0x14, 0xAC, 0x14, 0xAD, 0x14, 0xCD, 0x14, 0x8C, 0x14, 0xCA, 0x13, 0xE7, 0x12, 0x25, 0x0A, 0x05, 0x0A, 0x25,
    0x0A, 0x05, 0x0A, 0xE5, 0x09, 0xC4, 0x09, 0xC4, 0x09, 0xA4, 0x09, 0x84, 0x09, 0x84, 0x09, 0x63, 0x09, 0x43, 0x09,
    0x43, 0x09, 0x23, 0x01, 0x02, 0x01, 0x02, 0x01, 0xE2, 0x00, 0xC2, 0x00, 0xC2, 0x00, 0xA1, 0x00, 0xA1, 0x00, 0x81,
    0x00, 0x81, 0x00, 0x61, 0x00, 0x61, 0x00, 0x41, 0x00, 0x40, 0x00, 0x40, 0x00, 0x20, 0x00, 0x20, 0x00, 0x20, 0x00,
    0x20, 0x00, 0x20, 0x00, 0x00, 0x00, 0x00, 0x00, 0x00, 0x00, 0x00, 0x00, 0x00, 0x00, 0x00, 0x00, 0x00, 0x00, 0x00,
    0x00, 0x00, 0x00, 0x00, 0x00, 0x00, 0x00, 0x00, 0x00, 0x00, 0x00, 0x00, 0x00, 0x00, 0x00, 0x00, 0x00, 0x00, 0x00,
    0x00, 0x00, 0x00, 0x00, 0x00, 0x00, 0x00, 0x00, 0x00, 0x00, 0x00, 0x00, 0x00, 0x00, 0x00, 0x00, 0x00, 0x00, 0x00,
    0x00, 0x00, 0x00, 0x00, 0x00, 0x00, 0x00, 0x00, 0x00, 0x00, 0x00, 0x00, 0x00, 0x00, 0x00, 0x00, 0x00, 0x00, 0x00,
    0x00, 0x00, 0x20, 0x00, 0x20, 0x00, 0x20, 0x00, 0x20, 0x00, 0x20, 0x00, 0x40, 0x00, 0x40, 0x00, 0x41, 0x00, 0x61,
    0x00, 0x61, 0x00, 0x81, 0x00, 0x81, 0x00, 0xA1, 0x00, 0xA1, 0x00, 0xC2, 0x00, 0xC2, 0x00, 0xE2, 0x00, 0xE2, 0x00,
    0x02, 0x01, 0x23, 0x01, 0x23, 0x01, 0x43, 0x09, 0x63, 0x09, 0x63, 0x09, 0x84, 0x09, 0xA4, 0x09, 0xA4, 0x09, 0xC4,
    0x09, 0xE5, 0x09, 0xE5, 0x09, 0x05, 0x0A, 0x25, 0x0A, 0x05, 0x0A, 0x25, 0x0A, 0x86, 0x12, 0x48, 0x13, 0x0B, 0x14,
    0x8C, 0x14, 0xCD, 0x14, 0xCD, 0x14, 0xAC, 0x14, 0x8C, 0x14, 0x8C, 0x14, 0x8C, 0x14, 0x8C, 0x14, 0x8C, 0x14, 0x8C,
    0x14, 0x8C, 0x14, 0x8C, 0x14, 0x8C, 0x14, 0x8C, 0x14, 0x8C, 0x14, 0x8C, 0x14, 0x8C, 0x14, 0x8C, 0x14, 0x8C, 0x14,
    0x8C, 0x14, 0x8C, 0x14, 0x8C, 0x14, 0x8C, 0x14, 0x8C, 0x14, 0x8C, 0x14, 0x8C, 0x14, 0x8C, 0x14, 0x8C, 0x14, 0x8C,
    0x14, 0x8C, 0x14, 0x8C, 0x14, 0x8C, 0x14, 0x8C, 0x14, 0x8C, 0x14, 0x8C, 0x14, 0x8C, 0x14, 0x8C, 0x14, 0x8C, 0x14,
    0x8C, 0x14, 0x8C, 0x14, 0x8C, 0x14, 0x8C, 0x14, 0x8C, 0x14, 0x8C, 0x14, 0x8C, 0x14, 0x8C, 0x14, 0x8C, 0x14, 0x8C,
    0x14, 0x8C, 0x14, 0x8C, 0x14, 0x8C, 0x14, 0x8C, 0x14, 0x8C, 0x14, 0x8C, 0x14, 0x8C, 0x14, 0x8C, 0x14, 0x8C, 0x14,
    0x8C, 0x14, 0x8C, 0x14, 0x8C, 0x14, 0x8C, 0x14, 0x8C, 0x14, 0x8C, 0x14, 0x8C, 0x14, 0x8C, 0x14, 0x8C, 0x14, 0x8C,
    0x14, 0x8C, 0x14, 0x8C, 0x14, 0x8C, 0x14, 0x8C, 0x14, 0x8C, 0x14, 0x8C, 0x14, 0x8C, 0x14, 0x8C, 0x14, 0x8C, 0x14,
    0x8C, 0x14, 0x8C, 0x14, 0x8C, 0x14, 0x8C, 0x14, 0x8C, 0x14, 0x8C, 0x14, 0x8C, 0x14, 0x8C, 0x14, 0xAC, 0x14, 0xCD,
    0x14, 0xCD, 0x14, 0x8C, 0x14, 0x0B, 0x14, 0x48, 0x13, 0x86, 0x12, 0x25, 0x0A, 0x05, 0x0A, 0x25, 0x0A, 0x05, 0x0A,
    0xE5, 0x09, 0xE5, 0x09, 0xC4, 0x09, 0xA4, 0x09, 0xA4, 0x09, 0x84, 0x09, 0x63, 0x09, 0x63, 0x09, 0x43, 0x09, 0x23,
    0x01, 0x23, 0x01, 0x02, 0x01, 0xE2, 0x00, 0xE2, 0x00, 0xC2, 0x00, 0xC2, 0x00, 0xA1, 0x00, 0xA1, 0x00, 0x81, 0x00,
    0x81, 0x00, 0x61, 0x00, 0x61, 0x00, 0x41, 0x00, 0x40, 0x00, 0x40, 0x00, 0x20, 0x00, 0x20, 0x00, 0x20, 0x00, 0x20,
    0x00, 0x20, 0x00, 0x00, 0x00, 0x00, 0x00, 0x00, 0x00, 0x00, 0x00, 0x00, 0x00, 0x00, 0x00, 0x00, 0x00, 0x00, 0x00,
    0x00, 0x00, 0x00, 0x00, 0x00, 0x00, 0x00, 0x00, 0x00, 0x00, 0x00, 0x00, 0x00, 0x00, 0x00, 0x00, 0x00, 0x00, 0x00,
    0x00, 0x00, 0x00, 0x00, 0x00, 0x00, 0x00, 0x00, 0x00, 0x00, 0x00, 0x00, 0x00, 0x00, 0x00, 0x00, 0x00, 0x00, 0x00,
    0x00, 0x00, 0x00, 0x00, 0x00, 0x00, 0x00, 0x00, 0x00, 0x00, 0x00, 0x00, 0x00, 0x00, 0x00, 0x00, 0x00, 0x00, 0x00,
    0x00, 0x00, 0x00, 0x00, 0x00, 0x20, 0x00, 0x20, 0x00, 0x20, 0x00, 0x20, 0x00, 0x20, 0x00, 0x40, 0x00, 0x40, 0x00,
    0x40, 0x00, 0x61, 0x00, 0x61, 0x00, 0x81, 0x00, 0x81, 0x00, 0xA1, 0x00, 0xA1, 0x00, 0xC2, 0x00, 0xC2, 0x00, 0xE2,
    0x00, 0xE2, 0x00, 0x02, 0x01, 0x02, 0x01, 0x23, 0x09, 0x43, 0x09, 0x43, 0x09, 0x63, 0x09, 0x84, 0x09, 0x84, 0x09,
    0xA4, 0x09, 0xA4, 0x09, 0xC4, 0x09, 0xE5, 0x09, 0xE5, 0x09, 0x05, 0x0A, 0x05, 0x0A, 0x05, 0x0A, 0x05, 0x0A, 0x25,
    0x0A, 0x86, 0x12, 0x28, 0x13, 0xCA, 0x13, 0x4B, 0x14, 0x8C, 0x14, 0xAC, 0x14, 0xAD, 0x14, 0xAC, 0x14, 0xAC, 0x14,
    0xAC, 0x14, 0xAC, 0x14, 0x8C, 0x14, 0x8C, 0x14, 0x8C, 0x14, 0x8C, 0x14, 0x8C, 0x14, 0x8C, 0x14, 0x8C, 0x14, 0x8C,
    0x14, 0x8C, 0x14, 0x8C, 0x14, 0x8C, 0x14, 0x8C, 0x14, 0x8C, 0x14, 0x8C, 0x14, 0x8C, 0x14, 0x8C, 0x14, 0x8C, 0x14,
    0x8C, 0x14, 0x8C, 0x14, 0x8C, 0x14, 0x8C, 0x14, 0x8C, 0x14, 0x8C, 0x14, 0x8C, 0x14, 0x8C, 0x14, 0x8C, 0x14, 0x8C,
    0x14, 0x8C, 0x14, 0x8C, 0x14, 0x8C, 0x14, 0x8C, 0x14, 0x8C, 0x14, 0x8C, 0x14, 0x8C, 0x14, 0x8C, 0x14, 0x8C, 0x14,
    0x8C, 0x14, 0x8C, 0x14, 0x8C, 0x14, 0x8C, 0x14, 0x8C, 0x14, 0x8C, 0x14, 0x8C, 0x14, 0x8C, 0x14, 0x8C, 0x14, 0x8C,
    0x14, 0x8C, 0x14, 0x8C, 0x14, 0x8C, 0x14, 0x8C, 0x14, 0x8C, 0x14, 0x8C, 0x14, 0x8C, 0x14, 0x8C, 0x14, 0x8C, 0x14,
    0x8C, 0x14, 0x8C, 0x14, 0x8C, 0x14, 0x8C, 0x14, 0x8C, 0x14, 0x8C, 0x14, 0x8C, 0x14, 0x8C, 0x14, 0x8C, 0x14, 0x8C,
    0x14, 0x8C, 0x14, 0xAC, 0x14, 0xAC, 0x14, 0xAC, 0x14, 0xAC, 0x14, 0xAD, 0x14, 0xAC, 0x14, 0x8C, 0x14, 0x4B, 0x14,
    0xCA, 0x13, 0x28, 0x13, 0x86, 0x12, 0x25, 0x0A, 0x05, 0x0A, 0x05, 0x0A, 0x05, 0x0A, 0x05, 0x0A, 0xE5, 0x09, 0xE5,
    0x09, 0xC4, 0x09, 0xA4, 0x09, 0xA4, 0x09, 0x84, 0x09, 0x84, 0x09, 0x63, 0x09, 0x43, 0x09, 0x43, 0x09, 0x23, 0x09,
    0x02, 0x01, 0x02, 0x01, 0xE2, 0x00, 0xE2, 0x00, 0xC2, 0x00, 0xC2, 0x00, 0xA1, 0x00, 0xA1, 0x00, 0x81, 0x00, 0x81,
    0x00, 0x61, 0x00, 0x61, 0x00, 0x40, 0x00, 0x40, 0x00, 0x40, 0x00, 0x20, 0x00, 0x20, 0x00, 0x20, 0x00, 0x20, 0x00,
    0x20, 0x00, 0x00, 0x00, 0x00, 0x00, 0x00, 0x00, 0x00, 0x00, 0x00, 0x00, 0x00, 0x00, 0x00, 0x00, 0x00, 0x00, 0x00,
    0x00, 0x00, 0x00, 0x00, 0x00, 0x00, 0x00, 0x00, 0x00, 0x00, 0x00, 0x00, 0x00, 0x00, 0x00, 0x00, 0x00, 0x00, 0x00,
    0x00, 0x00, 0x00, 0x00, 0x00, 0x00, 0x00, 0x00, 0x00, 0x00, 0x00, 0x00, 0x00, 0x00, 0x00, 0x00, 0x00, 0x00, 0x00,
    0x00, 0x00, 0x00, 0x00, 0x00, 0x00, 0x00, 0x00, 0x00, 0x00, 0x00, 0x00, 0x00, 0x00, 0x00, 0x00, 0x00, 0x00, 0x00,
    0x00, 0x00, 0x00, 0x00, 0x00, 0x00, 0x00, 0x00, 0x20, 0x00, 0x20, 0x00, 0x20, 0x00, 0x20, 0x00, 0x40, 0x00, 0x40,
    0x00, 0x40, 0x00, 0x40, 0x00, 0x61, 0x00, 0x61, 0x00, 0x81, 0x00, 0x81, 0x00, 0x81, 0x00, 0xA1, 0x00, 0xA2, 0x00,
    0xC2, 0x00, 0xC2, 0x00, 0xE2, 0x00, 0x02, 0x01, 0x02, 0x01, 0x23, 0x01, 0x23, 0x09, 0x43, 0x09, 0x43, 0x09, 0x63,
    0x09, 0x84, 0x09, 0x84, 0x09, 0xA4, 0x09, 0xA4, 0x09, 0xC4, 0x09, 0xC4, 0x09, 0xE5, 0x09, 0x05, 0x0A, 0x05, 0x0A,
    0x25, 0x0A, 0x05, 0x0A, 0x05, 0x0A, 0x05, 0x0A, 0x46, 0x12, 0x87, 0x12, 0xE8, 0x12, 0x69, 0x13, 0xA9, 0x13, 0x0B,
    0x14, 0x0A, 0x14, 0x4B, 0x14, 0x6C, 0x14, 0x6C, 0x14, 0x6C, 0x14, 0x6C, 0x14, 0x6C, 0x14, 0x6C, 0x14, 0x6C, 0x14,
    0x6C, 0x14, 0x6C, 0x14, 0x6C, 0x14, 0x6C, 0x14, 0x6C, 0x14, 0x6C, 0x14, 0x6C, 0x14, 0x6C, 0x14, 0x6C, 0x14, 0x6C,
    0x14, 0x6C, 0x14, 0x6C, 0x14, 0x6C, 0x14, 0x6C, 0x14, 0x6C, 0x14, 0x6C, 0x14, 0x6C, 0x14, 0x6C, 0x14, 0x6C, 0x14,
    0x6C, 0x14, 0x6C, 0x14, 0x6C, 0x14, 0x6C, 0x14, 0x6C, 0x14, 0x6C, 0x14, 0x6C, 0x14, 0x6C, 0x14, 0x6C, 0x14, 0x6C,
    0x14, 0x6C, 0x14, 0x6C, 0x14, 0x6C, 0x14, 0x6C, 0x14, 0x6C, 0x14, 0x6C, 0x14, 0x6C, 0x14, 0x6C, 0x14, 0x6C, 0x14,
    0x6C, 0x14, 0x6C, 0x14, 0x6C, 0x14, 0x6C, 0x14, 0x6C, 0x14, 0x6C, 0x14, 0x6C, 0x14, 0x6C, 0x14, 0x6C, 0x14, 0x6C,
    0x14, 0x6C, 0x14, 0x6C, 0x14, 0x6C, 0x14, 0x6C, 0x14, 0x6C, 0x14, 0x6C, 0x14, 0x6C, 0x14, 0x6C, 0x14, 0x6C, 0x14,
    0x6C, 0x14, 0x6C, 0x14, 0x4B, 0x14, 0x0A, 0x14, 0x0B, 0x14, 0xA9, 0x13, 0x69, 0x13, 0xE8, 0x12, 0x87, 0x12, 0x46,
    0x12, 0x05, 0x0A, 0x05, 0x0A, 0x05, 0x0A, 0x25, 0x0A, 0x05, 0x0A, 0x05, 0x0A, 0xE5, 0x09, 0xC4, 0x09, 0xC4, 0x09,
    0xA4, 0x09, 0xA4, 0x09, 0x84, 0x09, 0x84, 0x09, 0x63, 0x09, 0x43, 0x09, 0x43, 0x09, 0x23, 0x09, 0x23, 0x01, 0x02,
    0x01, 0x02, 0x01, 0xE2, 0x00, 0xC2, 0x00, 0xC2, 0x00, 0xA2, 0x00, 0xA1, 0x00, 0x81, 0x00, 0x81, 0x00, 0x81, 0x00,
    0x61, 0x00, 0x61, 0x00, 0x40, 0x00, 0x40, 0x00, 0x40, 0x00, 0x40, 0x00, 0x20, 0x00, 0x20, 0x00, 0x20, 0x00, 0x20,
    0x00, 0x00, 0x00, 0x00, 0x00, 0x00, 0x00, 0x00, 0x00, 0x00, 0x00, 0x00, 0x00, 0x00, 0x00, 0x00, 0x00, 0x00, 0x00,
    0x00, 0x00, 0x00, 0x00, 0x00, 0x00, 0x00, 0x00, 0x00, 0x00, 0x00, 0x00, 0x00, 0x00, 0x00, 0x00, 0x00, 0x00, 0x00,
    0x00, 0x00, 0x00, 0x00, 0x00, 0x00, 0x00, 0x00, 0x00, 0x00, 0x00, 0x00, 0x00, 0x00, 0x00, 0x00, 0x00, 0x00, 0x00,
    0x00, 0x00, 0x00, 0x00, 0x00, 0x00, 0x00, 0x00, 0x00, 0x00, 0x00, 0x00, 0x00, 0x00, 0x00, 0x00, 0x00, 0x00, 0x00,
    0x00, 0x00, 0x00, 0x00, 0x00, 0x00, 0x00, 0x00, 0x00, 0x00, 0x00, 0x20, 0x00, 0x20, 0x00, 0x20, 0x00, 0x20, 0x00,
    0x20, 0x00, 0x40, 0x00, 0x40, 0x00, 0x40, 0x00, 0x61, 0x00, 0x61, 0x00, 0x81, 0x00, 0x81, 0x00, 0x81, 0x00, 0xA1,
    0x00, 0xA1, 0x00, 0xC2, 0x00, 0xC2, 0x00, 0xE2, 0x00, 0xE2, 0x00, 0x02, 0x01, 0x02, 0x01, 0x23, 0x09, 0x43, 0x09,
    0x43, 0x09, 0x63, 0x09, 0x63, 0x09, 0x84, 0x09, 0x84, 0x09, 0xA4, 0x09, 0xA4, 0x09, 0xC4, 0x09, 0xC4, 0x09, 0xE5,
    0x09, 0xE5, 0x09, 0x05, 0x0A, 0x05, 0x0A, 0x25, 0x0A, 0x25, 0x0A, 0x05, 0x0A, 0x05, 0x0A, 0x05, 0x0A, 0x25, 0x0A,
    0x26, 0x0A, 0x46, 0x0A, 0x66, 0x12, 0x86, 0x12, 0x86, 0x12, 0x86, 0x12, 0x87, 0x12, 0x87, 0x12, 0xA7, 0x12, 0xA7,
    0x12, 0xA7, 0x12, 0xA7, 0x12, 0xA7, 0x12, 0xA7, 0x12, 0xA7, 0x12, 0xA7, 0x12, 0xA7, 0x12, 0xA7, 0x12, 0xA7, 0x12,
    0xA7, 0x12, 0xA7, 0x12, 0xA7, 0x12, 0xA7, 0x12, 0xA7, 0x12, 0xA7, 0x12, 0xA7, 0x12, 0xA7, 0x12, 0xA7, 0x12, 0xA7,
    0x12, 0xA7, 0x12, 0xA7, 0x12, 0xA7, 0x12, 0xA7, 0x12, 0xA7, 0x12, 0xA7, 0x12, 0xA7, 0x12, 0xA7, 0x12, 0xA7, 0x12,
    0xA7, 0x12, 0xA7, 0x12, 0xA7, 0x12, 0xA7, 0x12, 0xA7, 0x12, 0xA7, 0x12, 0xA7, 0x12, 0xA7, 0x12, 0xA7, 0x12, 0xA7,
    0x12, 0xA7, 0x12, 0xA7, 0x12, 0xA7, 0x12, 0xA7, 0x12, 0xA7, 0x12, 0xA7, 0x12, 0xA7, 0x12, 0xA7, 0x12, 0xA7, 0x12,
    0xA7, 0x12, 0xA7, 0x12, 0xA7, 0x12, 0xA7, 0x12, 0xA7, 0x12, 0xA7, 0x12, 0xA7, 0x12, 0x87, 0x12, 0x87, 0x12, 0x86,
    0x12, 0x86, 0x12, 0x86, 0x12, 0x66, 0x12, 0x46, 0x0A, 0x26, 0x0A, 0x25, 0x0A, 0x05, 0x0A, 0x05, 0x0A, 0x05, 0x0A,
    0x25, 0x0A, 0x25, 0x0A, 0x05, 0x0A, 0x05, 0x0A, 0xE5, 0x09, 0xE5, 0x09, 0xC4, 0x09, 0xC4, 0x09, 0xA4, 0x09, 0xA4,
    0x09, 0x84, 0x09, 0x84, 0x09, 0x63, 0x09, 0x63, 0x09, 0x43, 0x09, 0x43, 0x09, 0x23, 0x09, 0x02, 0x01, 0x02, 0x01,
    0xE2, 0x00, 0xE2, 0x00, 0xC2, 0x00, 0xC2, 0x00, 0xA1, 0x00, 0xA1, 0x00, 0x81, 0x00, 0x81, 0x00, 0x81, 0x00, 0x61,
    0x00, 0x61, 0x00, 0x40, 0x00, 0x40, 0x00, 0x40, 0x00, 0x20, 0x00, 0x20, 0x00, 0x20, 0x00, 0x20, 0x00, 0x20, 0x00,
    0x00, 0x00, 0x00, 0x00, 0x00, 0x00, 0x00, 0x00, 0x00, 0x00, 0x00, 0x00, 0x00, 0x00, 0x00, 0x00, 0x00, 0x00, 0x00,
    0x00, 0x00, 0x00, 0x00, 0x00, 0x00, 0x00, 0x00, 0x00, 0x00, 0x00, 0x00, 0x00, 0x00, 0x00, 0x00, 0x00, 0x00, 0x00,
    0x00, 0x00, 0x00, 0x00, 0x00, 0x00, 0x00, 0x00, 0x00, 0x00, 0x00, 0x00, 0x00, 0x00, 0x00, 0x00, 0x00, 0x00, 0x00,
    0x00, 0x00, 0x00, 0x00, 0x00, 0x00, 0x00, 0x00, 0x00, 0x00, 0x00, 0x00, 0x00, 0x00, 0x00, 0x00, 0x00, 0x00, 0x00,
    0x00, 0x00, 0x00, 0x00, 0x00, 0x00, 0x00, 0x00, 0x00, 0x00, 0x00, 0x00, 0x00, 0x00, 0x20, 0x00, 0x20, 0x00, 0x20,
    0x00, 0x20, 0x00, 0x20, 0x00, 0x40, 0x00, 0x40, 0x00, 0x40, 0x00, 0x61, 0x00, 0x61, 0x00, 0x61, 0x00, 0x81, 0x00,
    0x81, 0x00, 0xA1, 0x00, 0xA1, 0x00, 0xA2, 0x00, 0xC2, 0x00, 0xE2, 0x00, 0xE2, 0x00, 0xE2, 0x00, 0x02, 0x01, 0x22,
    0x01, 0x23, 0x09, 0x43, 0x09, 0x43, 0x09, 0x43, 0x09, 0x63, 0x09, 0x84, 0x09, 0x84, 0x09, 0xA4, 0x09, 0xA4, 0x09,
    0xA4, 0x09, 0xC4, 0x09, 0xC4, 0x09, 0xE5, 0x09, 0xE5, 0x09, 0xE5, 0x09, 0x05, 0x0A, 0x05, 0x0A, 0x05, 0x0A, 0x25,
    0x0A, 0x25, 0x0A, 0x25, 0x0A, 0x25, 0x0A, 0x25, 0x0A, 0x25, 0x0A, 0x25, 0x0A, 0x26, 0x0A, 0x46, 0x0A, 0x46, 0x0A,
    0x46, 0x0A, 0x46, 0x0A, 0x46, 0x0A, 0x46, 0x0A, 0x46, 0x0A, 0x46, 0x12, 0x46, 0x12, 0x46, 0x12, 0x46, 0x12, 0x46,
    0x12, 0x46, 0x12, 0x46, 0x12, 0x46, 0x12, 0x46, 0x12, 0x46, 0x12, 0x46, 0x12, 0x46, 0x12, 0x46, 0x12, 0x46, 0x12,
    0x46, 0x12, 0x46, 0x12, 0x46, 0x12, 0x46, 0x12, 0x46, 0x12, 0x46, 0x12, 0x46, 0x12, 0x46, 0x12, 0x46, 0x12, 0x46,
    0x12, 0x46, 0x12, 0x46, 0x12, 0x46, 0x12, 0x46, 0x12, 0x46, 0x12, 0x46, 0x12, 0x46, 0x12, 0x46, 0x12, 0x46, 0x12,
    0x46, 0x12, 0x46, 0x12, 0x46, 0x12, 0x46, 0x12, 0x46, 0x12, 0x46, 0x12, 0x46, 0x12, 0x46, 0x12, 0x46, 0x12, 0x46,
    0x12, 0x46, 0x12, 0x46, 0x0A, 0x46, 0x0A, 0x46, 0x0A, 0x46, 0x0A, 0x46, 0x0A, 0x46, 0x0A, 0x46, 0x0A, 0x26, 0x0A,
    0x25, 0x0A, 0x25, 0x0A, 0x25, 0x0A, 0x25, 0x0A, 0x25, 0x0A, 0x25, 0x0A, 0x25, 0x0A, 0x05, 0x0A, 0x05, 0x0A, 0x05,
    0x0A, 0xE5, 0x09, 0xE5, 0x09, 0xE5, 0x09, 0xC4, 0x09, 0xC4, 0x09, 0xA4, 0x09, 0xA4, 0x09, 0xA4, 0x09, 0x84, 0x09,
    0x84, 0x09, 0x63, 0x09, 0x43, 0x09, 0x43, 0x09, 0x43, 0x09, 0x23, 0x09, 0x22, 0x01, 0x02, 0x01, 0xE2, 0x00, 0xE2,
    0x00, 0xE2, 0x00, 0xC2, 0x00, 0xA2, 0x00, 0xA1, 0x00, 0xA1, 0x00, 0x81, 0x00, 0x81, 0x00, 0x61, 0x00, 0x61, 0x00,
    0x61, 0x00, 0x40, 0x00, 0x40, 0x00, 0x40, 0x00, 0x20, 0x00, 0x20, 0x00, 0x20, 0x00, 0x20, 0x00, 0x20, 0x00, 0x00,
    0x00, 0x00, 0x00, 0x00, 0x00, 0x00, 0x00, 0x00, 0x00, 0x00, 0x00, 0x00, 0x00, 0x00, 0x00, 0x00, 0x00, 0x00, 0x00,
    0x00, 0x00, 0x00, 0x00, 0x00, 0x00, 0x00, 0x00, 0x00, 0x00, 0x00, 0x00, 0x00, 0x00, 0x00, 0x00, 0x00, 0x00, 0x00,
    0x00, 0x00, 0x00, 0x00, 0x00, 0x00, 0x00, 0x00, 0x00, 0x00, 0x00, 0x00, 0x00, 0x00, 0x00, 0x00, 0x00, 0x00, 0x00,
    0x00, 0x00, 0x00, 0x00, 0x00, 0x00, 0x00, 0x00, 0x00, 0x00, 0x00, 0x00, 0x00, 0x00, 0x00, 0x00, 0x00, 0x00, 0x00,
    0x00, 0x00, 0x00, 0x00, 0x00, 0x00, 0x00, 0x00, 0x00, 0x00, 0x00, 0x00, 0x00, 0x00, 0x00, 0x00, 0x00, 0x20, 0x00,
    0x20, 0x00, 0x20, 0x00, 0x20, 0x00, 0x20, 0x00, 0x40, 0x00, 0x40, 0x00, 0x40, 0x00, 0x61, 0x00, 0x61, 0x00, 0x61,
    0x00, 0x81, 0x00, 0x81, 0x00, 0x81, 0x00, 0xA1, 0x00, 0xA1, 0x00, 0xC2, 0x00, 0xC2, 0x00, 0xE2, 0x00, 0xE2, 0x00,
    0x02, 0x01, 0x02, 0x01, 0x22, 0x01, 0x23, 0x09, 0x43, 0x09, 0x43, 0x09, 0x43, 0x09, 0x63, 0x09, 0x63, 0x09, 0x84,
    0x09, 0x84, 0x09, 0xA4, 0x09, 0xA4, 0x09, 0xA4, 0x09, 0xC4, 0x09, 0xC4, 0x09, 0xC4, 0x09, 0xE5, 0x09, 0xE5, 0x09,
    0xE5, 0x09, 0xE5, 0x09, 0x05, 0x0A, 0x05, 0x0A, 0x05, 0x0A, 0x05, 0x0A, 0x05, 0x0A, 0x05, 0x0A, 0x25, 0x0A, 0x25,
    0x0A, 0x25, 0x0A, 0x25, 0x0A, 0x25, 0x0A, 0x25, 0x0A, 0x25, 0x0A, 0x25, 0x0A, 0x25, 0x0A, 0x25, 0x0A, 0x25, 0x0A,
    0x25, 0x0A, 0x25, 0x0A, 0x25, 0x0A, 0x25, 0x0A, 0x25, 0x0A, 0x25, 0x0A, 0x25, 0x0A, 0x25, 0x0A, 0x25, 0x0A, 0x25,
    0x0A, 0x25, 0x0A, 0x25, 0x0A, 0x25, 0x0A, 0x25, 0x0A, 0x25, 0x0A, 0x25, 0x0A, 0x25, 0x0A, 0x25, 0x0A, 0x25, 0x0A,
    0x25, 0x0A, 0x25, 0x0A, 0x25, 0x0A, 0x25, 0x0A, 0x25, 0x0A, 0x25, 0x0A, 0x25, 0x0A, 0x25, 0x0A, 0x25, 0x0A, 0x25,
    0x0A, 0x25, 0x0A, 0x25, 0x0A, 0x25, 0x0A, 0x25, 0x0A, 0x25, 0x0A, 0x25, 0x0A, 0x25, 0x0A, 0x25, 0x0A, 0x25, 0x0A,
    0x25, 0x0A, 0x25, 0x0A, 0x25, 0x0A, 0x25, 0x0A, 0x25, 0x0A, 0x25, 0x0A, 0x25, 0x0A, 0x25, 0x0A, 0x25, 0x0A, 0x05,
    0x0A, 0x05, 0x0A, 0x05, 0x0A, 0x05, 0x0A, 0x05, 0x0A, 0x05, 0x0A, 0xE5, 0x09, 0xE5, 0x09, 0xE5, 0x09, 0xE5, 0x09,
    0xC4, 0x09, 0xC4, 0x09, 0xC4, 0x09, 0xA4, 0x09, 0xA4, 0x09, 0xA4, 0x09, 0x84, 0x09, 0x84, 0x09, 0x63, 0x09, 0x63,
    0x09, 0x43, 0x09, 0x43, 0x09, 0x43, 0x09, 0x23, 0x09, 0x22, 0x01, 0x02, 0x01, 0x02, 0x01, 0xE2, 0x00, 0xE2, 0x00,
    0xC2, 0x00, 0xC2, 0x00, 0xA1, 0x00, 0xA1, 0x00, 0x81, 0x00, 0x81, 0x00, 0x81, 0x00, 0x61, 0x00, 0x61, 0x00, 0x61,
    0x00, 0x40, 0x00, 0x40, 0x00, 0x40, 0x00, 0x20, 0x00, 0x20, 0x00, 0x20, 0x00, 0x20, 0x00, 0x20, 0x00, 0x00, 0x00,
    0x00, 0x00, 0x00, 0x00, 0x00, 0x00, 0x00, 0x00, 0x00, 0x00, 0x00, 0x00, 0x00, 0x00, 0x00, 0x00, 0x00, 0x00, 0x00,
    0x00, 0x00, 0x00, 0x00, 0x00, 0x00, 0x00, 0x00, 0x00, 0x00, 0x00, 0x00, 0x00, 0x00, 0x00, 0x00, 0x00, 0x00, 0x00,
    0x00, 0x00, 0x00, 0x00, 0x00, 0x00, 0x00, 0x00, 0x00, 0x00, 0x00, 0x00, 0x00, 0x00, 0x00, 0x00, 0x00, 0x00, 0x00,
    0x00, 0x00, 0x00, 0x00, 0x00, 0x00, 0x00, 0x00, 0x00, 0x00, 0x00, 0x00, 0x00, 0x00, 0x00, 0x00, 0x00, 0x00, 0x00,
    0x00, 0x00, 0x00, 0x00, 0x00, 0x00, 0x00, 0x00, 0x00, 0x00, 0x00, 0x00, 0x00, 0x00, 0x00, 0x00, 0x00, 0x00, 0x00,
    0x00, 0x20, 0x00, 0x20, 0x00, 0x20, 0x00, 0x20, 0x00, 0x20, 0x00, 0x40, 0x00, 0x40, 0x00, 0x40, 0x00, 0x40, 0x00,
    0x61, 0x00, 0x61, 0x00, 0x81, 0x00, 0x81, 0x00, 0x81, 0x00, 0xA1, 0x00, 0xA1, 0x00, 0xA2, 0x00, 0xC2, 0x00, 0xC2,
    0x00, 0xE2, 0x00, 0xE2, 0x00, 0x02, 0x01, 0x02, 0x01, 0x22, 0x01, 0x23, 0x01, 0x23, 0x09, 0x43, 0x09, 0x43, 0x09,
    0x43, 0x09, 0x63, 0x09, 0x63, 0x09, 0x84, 0x09, 0x84, 0x09, 0x84, 0x09, 0xA4, 0x09, 0xA4, 0x09, 0xA4, 0x09, 0xA4,
    0x09, 0xC4, 0x09, 0xC4, 0x09, 0xC4, 0x09, 0xC4, 0x09, 0xE5, 0x09, 0xE5, 0x09, 0xE5, 0x09, 0xE5, 0x09, 0xE5, 0x09,
    0xE5, 0x09, 0xE5, 0x09, 0xE5, 0x09, 0xE5, 0x09, 0xE5, 0x09, 0x05, 0x0A, 0x05, 0x0A, 0x05, 0x0A, 0x05, 0x0A, 0x05,
    0x0A, 0x05, 0x0A, 0x05, 0x0A, 0x05, 0x0A, 0x05, 0x0A, 0x05, 0x0A, 0x05, 0x0A, 0x05, 0x0A, 0x05, 0x0A, 0x05, 0x0A,
    0x05, 0x0A, 0x05, 0x0A, 0x05, 0x0A, 0x05, 0x0A, 0x05, 0x0A, 0x05, 0x0A, 0x05, 0x0A, 0x05, 0x0A, 0x05, 0x0A, 0x05,
    0x0A, 0x05, 0x0A, 0x05, 0x0A, 0x05, 0x0A, 0x05, 0x0A, 0x05, 0x0A, 0x05, 0x0A, 0x05, 0x0A, 0x05, 0x0A, 0x05, 0x0A,
    0x05, 0x0A, 0x05, 0x0A, 0x05, 0x0A, 0x05, 0x0A, 0x05, 0x0A, 0x05, 0x0A, 0x05, 0x0A, 0x05, 0x0A, 0x05, 0x0A, 0x05,
    0x0A, 0x05, 0x0A, 0x05, 0x0A, 0x05, 0x0A, 0xE5, 0x09, 0xE5, 0x09, 0xE5, 0x09, 0xE5, 0x09, 0xE5, 0x09, 0xE5, 0x09,
    0xE5, 0x09, 0xE5, 0x09, 0xE5, 0x09, 0xE5, 0x09, 0xC4, 0x09, 0xC4, 0x09, 0xC4, 0x09, 0xC4, 0x09, 0xA4, 0x09, 0xA4,
    0x09, 0xA4, 0x09, 0xA4, 0x09, 0x84, 0x09, 0x84, 0x09, 0x84, 0x09, 0x63, 0x09, 0x63, 0x09, 0x43, 0x09, 0x43, 0x09,
    0x43, 0x09, 0x23, 0x09, 0x23, 0x01, 0x22, 0x01, 0x02, 0x01, 0x02, 0x01, 0xE2, 0x00, 0xE2, 0x00, 0xC2, 0x00, 0xC2,
    0x00, 0xA2, 0x00, 0xA1, 0x00, 0xA1, 0x00, 0x81, 0x00, 0x81, 0x00, 0x81, 0x00, 0x61, 0x00, 0x61, 0x00, 0x40, 0x00,
    0x40, 0x00, 0x40, 0x00, 0x40, 0x00, 0x20, 0x00, 0x20, 0x00, 0x20, 0x00, 0x20, 0x00, 0x20, 0x00, 0x00, 0x00, 0x00,
    0x00, 0x00, 0x00, 0x00, 0x00, 0x00, 0x00, 0x00, 0x00, 0x00, 0x00, 0x00, 0x00, 0x00, 0x00, 0x00, 0x00, 0x00, 0x00,
    0x00, 0x00, 0x00, 0x00, 0x00, 0x00, 0x00, 0x00, 0x00, 0x00, 0x00, 0x00, 0x00, 0x00, 0x00, 0x00, 0x00, 0x00, 0x00,
    0x00, 0x00, 0x00, 0x00, 0x00, 0x00, 0x00, 0x00, 0x00, 0x00, 0x00, 0x00, 0x00, 0x00, 0x00, 0x00, 0x00, 0x00, 0x00,
    0x00, 0x00, 0x00, 0x00, 0x00, 0x00, 0x00, 0x00, 0x00, 0x00, 0x00, 0x00, 0x00, 0x00, 0x00, 0x00, 0x00, 0x00, 0x00,
    0x00, 0x00, 0x00, 0x00, 0x00, 0x00, 0x00, 0x00, 0x00, 0x00, 0x00, 0x00, 0x00, 0x00, 0x00, 0x00, 0x00, 0x00, 0x00,
    0x00, 0x00, 0x20, 0x00, 0x20, 0x00, 0x20, 0x00, 0x20, 0x00, 0x20, 0x00, 0x20, 0x00, 0x40, 0x00, 0x40, 0x00, 0x40,
    0x00, 0x40, 0x00, 0x61, 0x00, 0x61, 0x00, 0x61, 0x00, 0x81, 0x00, 0x81, 0x00, 0x81, 0x00, 0xA1, 0x00, 0xA1, 0x00,
    0xA2, 0x00, 0xC2, 0x00, 0xC2, 0x00, 0xE2, 0x00, 0xE2, 0x00, 0xE2, 0x00, 0x02, 0x01, 0x02, 0x01, 0x23, 0x01, 0x23,
    0x09, 0x23, 0x09, 0x43, 0x09, 0x43, 0x09, 0x43, 0x09, 0x63, 0x09, 0x63, 0x09, 0x63, 0x09, 0x84, 0x09, 0x84, 0x09,
    0x84, 0x09, 0x84, 0x09, 0xA4, 0x09, 0xA4, 0x09, 0xA4, 0x09, 0xA4, 0x09, 0xA4, 0x09, 0xA4, 0x09, 0xA4, 0x09, 0xC4,
    0x09, 0xC4, 0x09, 0xC4, 0x09, 0xC4, 0x09, 0xC4, 0x09, 0xC4, 0x09, 0xC4, 0x09, 0xC4, 0x09, 0xC4, 0x09, 0xC4, 0x09,
    0xC4, 0x09, 0xC4, 0x09, 0xC4, 0x09, 0xC4, 0x09, 0xC4, 0x09, 0xC4, 0x09, 0xC4, 0x09, 0xC4, 0x09, 0xC4, 0x09, 0xC4,
    0x09, 0xC4, 0x09, 0xC4, 0x09, 0xC4, 0x09, 0xC4, 0x09, 0xC4, 0x09, 0xC4, 0x09, 0xC4, 0x09, 0xC4, 0x09, 0xC4, 0x09,
    0xC4, 0x09, 0xC4, 0x09, 0xC4, 0x09, 0xC4, 0x09, 0xC4, 0x09, 0xC4, 0x09, 0xC4, 0x09, 0xC4, 0x09, 0xC4, 0x09, 0xC4,
    0x09, 0xC4, 0x09, 0xC4, 0x09, 0xC4, 0x09, 0xC4, 0x09, 0xC4, 0x09, 0xC4, 0x09, 0xC4, 0x09, 0xC4, 0x09, 0xC4, 0x09,
    0xC4, 0x09, 0xC4, 0x09, 0xC4, 0x09, 0xC4, 0x09, 0xC4, 0x09, 0xC4, 0x09, 0xC4, 0x09, 0xC4, 0x09, 0xC4, 0x09, 0xC4,
    0x09, 0xA4, 0x09, 0xA4, 0x09, 0xA4, 0x09, 0xA4, 0x09, 0xA4, 0x09, 0xA4, 0x09, 0xA4, 0x09, 0x84, 0x09, 0x84, 0x09,
    0x84, 0x09, 0x84, 0x09, 0x63, 0x09, 0x63, 0x09, 0x63, 0x09, 0x43, 0x09, 0x43, 0x09, 0x43, 0x09, 0x23, 0x09, 0x23,
    0x09, 0x23, 0x01, 0x02, 0x01, 0x02, 0x01, 0xE2, 0x00, 0xE2, 0x00, 0xE2, 0x00, 0xC2, 0x00, 0xC2, 0x00, 0xA2, 0x00,
    0xA1, 0x00, 0xA1, 0x00, 0x81, 0x00, 0x81, 0x00, 0x81, 0x00, 0x61, 0x00, 0x61, 0x00, 0x61, 0x00, 0x40, 0x00, 0x40,
    0x00, 0x40, 0x00, 0x40, 0x00, 0x20, 0x00, 0x20, 0x00, 0x20, 0x00, 0x20, 0x00, 0x20, 0x00, 0x20, 0x00, 0x00, 0x00,
    0x00, 0x00, 0x00, 0x00, 0x00, 0x00, 0x00, 0x00, 0x00, 0x00, 0x00, 0x00, 0x00, 0x00, 0x00, 0x00, 0x00, 0x00, 0x00,
    0x00, 0x00, 0x00, 0x00, 0x00, 0x00, 0x00, 0x00, 0x00, 0x00, 0x00, 0x00, 0x00, 0x00, 0x00, 0x00, 0x00, 0x00, 0x00,
    0x00, 0x00, 0x00, 0x00, 0x00, 0x00, 0x00, 0x00, 0x00, 0x00, 0x00, 0x00, 0x00, 0x00, 0x00, 0x00, 0x00, 0x00, 0x00,
    0x00, 0x00, 0x00, 0x00, 0x00, 0x00, 0x00, 0x00, 0x00, 0x00, 0x00, 0x00, 0x00, 0x00, 0x00, 0x00, 0x00, 0x00, 0x00,
    0x00, 0x00, 0x00, 0x00, 0x00, 0x00, 0x00, 0x00, 0x00, 0x00, 0x00, 0x00, 0x00, 0x00, 0x00, 0x00, 0x00, 0x00, 0x00,
    0x00, 0x00, 0x00, 0x00, 0x00, 0x00, 0x00, 0x20, 0x00, 0x20, 0x00, 0x20, 0x00, 0x20, 0x00, 0x20, 0x00, 0x20, 0x00,
    0x40, 0x00, 0x40, 0x00, 0x40, 0x00, 0x40, 0x00, 0x61, 0x00, 0x61, 0x00, 0x61, 0x00, 0x81, 0x00, 0x81, 0x00, 0x81,
    0x00, 0xA1, 0x00, 0xA1, 0x00, 0xA2, 0x00, 0xC2, 0x00, 0xC2, 0x00, 0xE2, 0x00, 0xE2, 0x00, 0xE2, 0x00, 0x02, 0x01,
    0x02, 0x01, 0x02, 0x01, 0x23, 0x01, 0x23, 0x09, 0x23, 0x09, 0x43, 0x09, 0x43, 0x09, 0x43, 0x09, 0x43, 0x09, 0x63,
    0x09, 0x63, 0x09, 0x63, 0x09, 0x63, 0x09, 0x84, 0x09, 0x84, 0x09, 0x84, 0x09, 0x84, 0x09, 0x84, 0x09, 0x84, 0x09,
    0x84, 0x09, 0x84, 0x09, 0xA4, 0x09, 0xA4, 0x09, 0xA4, 0x09, 0xA4, 0x09, 0xA4, 0x09, 0xA4, 0x09, 0xA4, 0x09, 0xA4,
    0x09, 0xA4, 0x09, 0xA4, 0x09, 0xA4, 0x09, 0xA4, 0x09, 0xA4, 0x09, 0xA4, 0x09, 0xA4, 0x09, 0xA4, 0x09, 0xA4, 0x09,
    0xA4, 0x09, 0xA4, 0x09, 0xA4, 0x09, 0xA4, 0x09, 0xA4, 0x09, 0xA4, 0x09, 0xA4, 0x09, 0xA4, 0x09, 0xA4, 0x09, 0xA4,
    0x09, 0xA4, 0x09, 0xA4, 0x09, 0xA4, 0x09, 0xA4, 0x09, 0xA4, 0x09, 0xA4, 0x09, 0xA4, 0x09, 0xA4, 0x09, 0xA4, 0x09,
    0xA4, 0x09, 0xA4, 0x09, 0xA4, 0x09, 0xA4, 0x09, 0xA4, 0x09, 0xA4, 0x09, 0xA4, 0x09, 0xA4, 0x09, 0xA4, 0x09, 0xA4,
    0x09, 0xA4, 0x09, 0xA4, 0x09, 0xA4, 0x09, 0xA4, 0x09, 0xA4, 0x09, 0xA4, 0x09, 0xA4, 0x09, 0xA4, 0x09, 0x84, 0x09,
    0x84, 0x09, 0x84, 0x09, 0x84, 0x09, 0x84, 0x09, 0x84, 0x09, 0x84, 0x09, 0x84, 0x09, 0x63, 0x09, 0x63, 0x09, 0x63,
    0x09, 0x63, 0x09, 0x43, 0x09, 0x43, 0x09, 0x43, 0x09, 0x43, 0x09, 0x23, 0x09, 0x23, 0x09, 0x23, 0x01, 0x02, 0x01,
    0x02, 0x01, 0x02, 0x01, 0xE2, 0x00, 0xE2, 0x00, 0xE2, 0x00, 0xC2, 0x00, 0xC2, 0x00, 0xA2, 0x00, 0xA1, 0x00, 0xA1,
    0x00, 0x81, 0x00, 0x81, 0x00, 0x81, 0x00, 0x61, 0x00, 0x61, 0x00, 0x61, 0x00, 0x40, 0x00, 0x40, 0x00, 0x40, 0x00,
    0x40, 0x00, 0x20, 0x00, 0x20, 0x00, 0x20, 0x00, 0x20, 0x00, 0x20, 0x00, 0x20, 0x00, 0x00, 0x00, 0x00, 0x00, 0x00,
    0x00, 0x00, 0x00, 0x00, 0x00, 0x00, 0x00, 0x00, 0x00, 0x00, 0x00, 0x00, 0x00, 0x00, 0x00, 0x00, 0x00, 0x00, 0x00,
    0x00, 0x00, 0x00, 0x00, 0x00, 0x00, 0x00, 0x00, 0x00, 0x00, 0x00, 0x00, 0x00, 0x00, 0x00, 0x00, 0x00, 0x00, 0x00,
    0x00, 0x00, 0x00, 0x00, 0x00, 0x00, 0x00, 0x00, 0x00, 0x00, 0x00, 0x00, 0x00, 0x00, 0x00, 0x00, 0x00, 0x00, 0x00,
    0x00, 0x00, 0x00, 0x00, 0x00, 0x00, 0x00, 0x00, 0x00, 0x00, 0x00, 0x00, 0x00, 0x00, 0x00, 0x00, 0x00, 0x00, 0x00,
    0x00, 0x00, 0x00, 0x00, 0x00, 0x00, 0x00, 0x00, 0x00, 0x00, 0x00, 0x00, 0x00, 0x00, 0x00, 0x00, 0x00, 0x00, 0x00,
    0x00, 0x00, 0x00, 0x00, 0x00, 0x00, 0x00, 0x00, 0x00, 0x00, 0x20, 0x00, 0x20, 0x00, 0x20, 0x00, 0x20, 0x00, 0x20,
    0x00, 0x20, 0x00, 0x40, 0x00, 0x40, 0x00, 0x40, 0x00, 0x40, 0x00, 0x61, 0x00, 0x61, 0x00, 0x61, 0x00, 0x81, 0x00,
    0x81, 0x00, 0x81, 0x00, 0x81, 0x00, 0xA1, 0x00, 0xA1, 0x00, 0xA2, 0x00, 0xC2, 0x00, 0xC2, 0x00, 0xC2, 0x00, 0xE2,
    0x00, 0xE2, 0x00, 0xE2, 0x00, 0x02, 0x01, 0x02, 0x01, 0x02, 0x01, 0x23, 0x01, 0x23, 0x01, 0x23, 0x01, 0x23, 0x09,
    0x43, 0x09, 0x43, 0x09, 0x43, 0x09, 0x43, 0x09, 0x43, 0x09, 0x43, 0x09, 0x63, 0x09, 0x63, 0x09, 0x63, 0x09, 0x63,
    0x09, 0x63, 0x09, 0x63, 0x09, 0x63, 0x09, 0x63, 0x09, 0x63, 0x09, 0x83, 0x09, 0x83, 0x09, 0x83, 0x09, 0x83, 0x09,
    0x84, 0x09, 0x84, 0x09, 0x84, 0x09, 0x84, 0x09, 0x84, 0x09, 0x84, 0x09, 0x84, 0x09, 0x84, 0x09, 0x84, 0x09, 0x84,
    0x09, 0x84, 0x09, 0x84, 0x09, 0x84, 0x09, 0x84, 0x09, 0x84, 0x09, 0x84, 0x09, 0x84, 0x09, 0x84, 0x09, 0x84, 0x09,
    0x84, 0x09, 0x84, 0x09, 0x84, 0x09, 0x84, 0x09, 0x84, 0x09, 0x84, 0x09, 0x84, 0x09, 0x84, 0x09, 0x84, 0x09, 0x84,
    0x09, 0x84, 0x09, 0x84, 0x09, 0x84, 0x09, 0x84, 0x09, 0x84, 0x09, 0x84, 0x09, 0x84, 0x09, 0x84, 0x09, 0x84, 0x09,
    0x84, 0x09, 0x84, 0x09, 0x83, 0x09, 0x83, 0x09, 0x83, 0x09, 0x83, 0x09, 0x63, 0x09, 0x63, 0x09, 0x63, 0x09, 0x63,
    0x09, 0x63, 0x09, 0x63, 0x09, 0x63, 0x09, 0x63, 0x09, 0x63, 0x09, 0x43, 0x09, 0x43, 0x09, 0x43, 0x09, 0x43, 0x09,
    0x43, 0x09, 0x43, 0x09, 0x23, 0x09, 0x23, 0x01, 0x23, 0x01, 0x23, 0x01, 0x02, 0x01, 0x02, 0x01, 0x02, 0x01, 0xE2,
    0x00, 0xE2, 0x00, 0xE2, 0x00, 0xC2, 0x00, 0xC2, 0x00, 0xC2, 0x00, 0xA2, 0x00, 0xA1, 0x00, 0xA1, 0x00, 0x81, 0x00,
    0x81, 0x00, 0x81, 0x00, 0x81, 0x00, 0x61, 0x00, 0x61, 0x00, 0x61, 0x00, 0x40, 0x00, 0x40, 0x00, 0x40, 0x00, 0x40,
    0x00, 0x20, 0x00, 0x20, 0x00, 0x20, 0x00, 0x20, 0x00, 0x20, 0x00, 0x20, 0x00, 0x00, 0x00, 0x00, 0x00, 0x00, 0x00,
    0x00, 0x00, 0x00, 0x00, 0x00, 0x00, 0x00, 0x00, 0x00, 0x00, 0x00, 0x00, 0x00, 0x00, 0x00, 0x00, 0x00, 0x00, 0x00,
    0x00, 0x00, 0x00, 0x00, 0x00, 0x00, 0x00, 0x00, 0x00, 0x00, 0x00, 0x00, 0x00, 0x00, 0x00, 0x00, 0x00, 0x00, 0x00,
    0x00, 0x00, 0x00, 0x00, 0x00, 0x00, 0x00, 0x00, 0x00, 0x00, 0x00, 0x00, 0x00, 0x00, 0x00, 0x00, 0x00, 0x00, 0x00,
    0x00, 0x00, 0x00, 0x00, 0x00, 0x00, 0x00, 0x00, 0x00, 0x00, 0x00, 0x00, 0x00, 0x00, 0x00, 0x00, 0x00, 0x00, 0x00,
    0x00, 0x00, 0x00, 0x00, 0x00, 0x00, 0x00, 0x00, 0x00, 0x00, 0x00, 0x00, 0x00, 0x00, 0x00, 0x00, 0x00, 0x00, 0x00,
    0x00, 0x00, 0x00, 0x00, 0x00, 0x00, 0x00, 0x00, 0x00, 0x00, 0x00, 0x00, 0x00, 0x00, 0x00, 0x20, 0x00, 0x20, 0x00,
    0x20, 0x00, 0x20, 0x00, 0x20, 0x00, 0x40, 0x00, 0x40, 0x00, 0x40, 0x00, 0x40, 0x00, 0x40, 0x00, 0x61, 0x00, 0x61,
    0x00, 0x61, 0x00, 0x81, 0x00, 0x81, 0x00, 0x81, 0x00, 0x81, 0x00, 0xA1, 0x00, 0xA1, 0x00, 0xA1, 0x00, 0xC2, 0x00,
    0xC2, 0x00, 0xC2, 0x00, 0xC2, 0x00, 0xE2, 0x00, 0xE2, 0x00, 0xE2, 0x00, 0x02, 0x01, 0x02, 0x01, 0x02, 0x01, 0x02,
    0x01, 0x02, 0x01, 0x23, 0x01, 0x23, 0x01, 0x23, 0x01, 0x23, 0x09, 0x23, 0x09, 0x23, 0x09, 0x43, 0x09, 0x43, 0x09,
    0x43, 0x09, 0x43, 0x09, 0x43, 0x09, 0x43, 0x09, 0x43, 0x09, 0x43, 0x09, 0x43, 0x09, 0x43, 0x09, 0x43, 0x09, 0x43,
    0x09, 0x43, 0x09, 0x43, 0x09, 0x43, 0x09, 0x43, 0x09, 0x43, 0x09, 0x43, 0x09, 0x43, 0x09, 0x43, 0x09, 0x43, 0x09,
    0x43, 0x09, 0x43, 0x09, 0x43, 0x09, 0x43, 0x09, 0x43, 0x09, 0x43, 0x09, 0x43, 0x09, 0x43, 0x09, 0x43, 0x09, 0x43,
    0x09, 0x43, 0x09, 0x43, 0x09, 0x43, 0x09, 0x43, 0x09, 0x43, 0x09, 0x43, 0x09, 0x43, 0x09, 0x43, 0x09, 0x43, 0x09,
    0x43, 0x09, 0x43, 0x09, 0x43, 0x09, 0x43, 0x09, 0x43, 0x09, 0x43, 0x09, 0x43, 0x09, 0x43, 0x09, 0x43, 0x09, 0x43,
    0x09, 0x43, 0x09, 0x43, 0x09, 0x43, 0x09, 0x43, 0x09, 0x43, 0x09, 0x43, 0x09, 0x43, 0x09, 0x43, 0x09, 0x43, 0x09,
    0x43, 0x09, 0x43, 0x09, 0x43, 0x09, 0x43, 0x09, 0x43, 0x09, 0x23, 0x09, 0x23, 0x09, 0x23, 0x09, 0x23, 0x01, 0x23,
    0x01, 0x23, 0x01, 0x02, 0x01, 0x02, 0x01, 0x02, 0x01, 0x02, 0x01, 0x02, 0x01, 0xE2, 0x00, 0xE2, 0x00, 0xE2, 0x00,
    0xC2, 0x00, 0xC2, 0x00, 0xC2, 0x00, 0xC2, 0x00, 0xA1, 0x00, 0xA1, 0x00, 0xA1, 0x00, 0x81, 0x00, 0x81, 0x00, 0x81,
    0x00, 0x81, 0x00, 0x61, 0x00, 0x61, 0x00, 0x61, 0x00, 0x40, 0x00, 0x40, 0x00, 0x40, 0x00, 0x40, 0x00, 0x40, 0x00,
    0x20, 0x00, 0x20, 0x00, 0x20, 0x00, 0x20, 0x00, 0x20, 0x00, 0x00, 0x00, 0x00, 0x00, 0x00, 0x00, 0x00, 0x00, 0x00,
    0x00, 0x00, 0x00, 0x00, 0x00, 0x00, 0x00, 0x00, 0x00, 0x00, 0x00, 0x00, 0x00, 0x00, 0x00, 0x00, 0x00, 0x00, 0x00,
    0x00, 0x00, 0x00, 0x00, 0x00, 0x00, 0x00, 0x00, 0x00, 0x00, 0x00, 0x00, 0x00, 0x00, 0x00, 0x00, 0x00, 0x00, 0x00,
    0x00, 0x00, 0x00, 0x00, 0x00, 0x00, 0x00, 0x00, 0x00, 0x00, 0x00, 0x00, 0x00, 0x00, 0x00, 0x00, 0x00, 0x00, 0x00,
    0x00, 0x00, 0x00, 0x00, 0x00, 0x00, 0x00, 0x00, 0x00, 0x00, 0x00, 0x00, 0x00, 0x00, 0x00, 0x00, 0x00, 0x00, 0x00,
    0x00, 0x00, 0x00, 0x00, 0x00, 0x00, 0x00, 0x00, 0x00, 0x00, 0x00, 0x00, 0x00, 0x00, 0x00, 0x00, 0x00, 0x00, 0x00,
    0x00, 0x00, 0x00, 0x00, 0x00, 0x00, 0x00, 0x00, 0x00, 0x00, 0x00, 0x00, 0x00, 0x00, 0x00, 0x00, 0x00, 0x00, 0x20,
    0x00, 0x20, 0x00, 0x20, 0x00, 0x20, 0x00, 0x20, 0x00, 0x20, 0x00, 0x40, 0x00, 0x40, 0x00, 0x40, 0x00, 0x40, 0x00,
    0x40, 0x00, 0x61, 0x00, 0x61, 0x00, 0x61, 0x00, 0x81, 0x00, 0x81, 0x00, 0x81, 0x00, 0x81, 0x00, 0xA1, 0x00, 0xA1,
    0x00, 0xA1, 0x00, 0xA1, 0x00, 0xC2, 0x00, 0xC2, 0x00, 0xC2, 0x00, 0xC2, 0x00, 0xE2, 0x00, 0xE2, 0x00, 0xE2, 0x00,
    0xE2, 0x00, 0xE2, 0x00, 0x02, 0x01, 0x02, 0x01, 0x02, 0x01, 0x02, 0x01, 0x02, 0x01, 0x02, 0x01, 0x22, 0x01, 0x23,
    0x01, 0x23, 0x01, 0x23, 0x01, 0x23, 0x01, 0x23, 0x01, 0x23, 0x01, 0x23, 0x01, 0x23, 0x01, 0x23, 0x01, 0x23, 0x09,
    0x23, 0x09, 0x23, 0x09, 0x23, 0x09, 0x23, 0x09, 0x23, 0x09, 0x23, 0x09, 0x23, 0x09, 0x23, 0x09, 0x23, 0x09, 0x23,
    0x09, 0x23, 0x09, 0x23, 0x09, 0x23, 0x09, 0x23, 0x09, 0x23, 0x09, 0x23, 0x09, 0x23, 0x09, 0x23, 0x09, 0x23, 0x09,
    0x23, 0x09, 0x23, 0x09, 0x23, 0x09, 0x23, 0x09, 0x23, 0x09, 0x23, 0x09, 0x23, 0x09, 0x23, 0x09, 0x23, 0x09, 0x23,
    0x09, 0x23, 0x09, 0x23, 0x09, 0x23, 0x09, 0x23, 0x09, 0x23, 0x09, 0x23, 0x09, 0x23, 0x09, 0x23, 0x09, 0x23, 0x09,
    0x23, 0x09, 0x23, 0x09, 0x23, 0x09, 0x23, 0x09, 0x23, 0x09, 0x23, 0x01, 0x23, 0x01, 0x23, 0x01, 0x23, 0x01, 0x23,
    0x01, 0x23, 0x01, 0x23, 0x01, 0x23, 0x01, 0x23, 0x01, 0x22, 0x01, 0x02, 0x01, 0x02, 0x01, 0x02, 0x01, 0x02, 0x01,
    0x02, 0x01, 0x02, 0x01, 0xE2, 0x00, 0xE2, 0x00, 0xE2, 0x00, 0xE2, 0x00, 0xE2, 0x00, 0xC2, 0x00, 0xC2, 0x00, 0xC2,
    0x00, 0xC2, 0x00, 0xA1, 0x00, 0xA1, 0x00, 0xA1, 0x00, 0xA1, 0x00, 0x81, 0x00, 0x81, 0x00, 0x81, 0x00, 0x81, 0x00,
    0x61, 0x00, 0x61, 0x00, 0x61, 0x00, 0x40, 0x00, 0x40, 0x00, 0x40, 0x00, 0x40, 0x00, 0x40, 0x00, 0x20, 0x00, 0x20,
    0x00, 0x20, 0x00, 0x20, 0x00, 0x20, 0x00, 0x20, 0x00, 0x00, 0x00, 0x00, 0x00, 0x00, 0x00, 0x00, 0x00, 0x00, 0x00,
    0x00, 0x00, 0x00, 0x00, 0x00, 0x00, 0x00, 0x00, 0x00, 0x00, 0x00, 0x00, 0x00, 0x00, 0x00, 0x00, 0x00, 0x00, 0x00,
    0x00, 0x00, 0x00, 0x00, 0x00, 0x00, 0x00, 0x00, 0x00, 0x00, 0x00, 0x00, 0x00, 0x00, 0x00, 0x00, 0x00, 0x00, 0x00,
    0x00, 0x00, 0x00, 0x00, 0x00, 0x00, 0x00, 0x00, 0x00, 0x00, 0x00, 0x00, 0x00, 0x00, 0x00, 0x00, 0x00, 0x00, 0x00,
    0x00, 0x00, 0x00, 0x00, 0x00, 0x00, 0x00, 0x00, 0x00, 0x00, 0x00, 0x00, 0x00, 0x00, 0x00, 0x00, 0x00, 0x00, 0x00,
    0x00, 0x00, 0x00, 0x00, 0x00, 0x00, 0x00, 0x00, 0x00, 0x00, 0x00, 0x00, 0x00, 0x00, 0x00, 0x00, 0x00, 0x00, 0x00,
    0x00, 0x00, 0x00, 0x00, 0x00, 0x00, 0x00, 0x00, 0x00, 0x00, 0x00, 0x00, 0x00, 0x00, 0x00, 0x00, 0x00, 0x00, 0x00,
    0x00, 0x00, 0x00, 0x00, 0x20, 0x00, 0x20, 0x00, 0x20, 0x00, 0x20, 0x00, 0x20, 0x00, 0x20, 0x00, 0x40, 0x00, 0x40,
    0x00, 0x40, 0x00, 0x40, 0x00, 0x40, 0x00, 0x61, 0x00, 0x61, 0x00, 0x61, 0x00, 0x61, 0x00, 0x81, 0x00, 0x81, 0x00,
    0x81, 0x00, 0x81, 0x00, 0xA1, 0x00, 0xA1, 0x00, 0xA1, 0x00, 0xA1, 0x00, 0xA2, 0x00, 0xC2, 0x00, 0xC2, 0x00, 0xC2,
    0x00, 0xC2, 0x00, 0xC2, 0x00, 0xE2, 0x00, 0xE2, 0x00, 0xE2, 0x00, 0xE2, 0x00, 0xE2, 0x00, 0xE2, 0x00, 0xE2, 0x00,
    0xE2, 0x00, 0x02, 0x01, 0x02, 0x01, 0x02, 0x01, 0x02, 0x01, 0x02, 0x01, 0x02, 0x01, 0x02, 0x01, 0x02, 0x01, 0x02,
    0x01, 0x02, 0x01, 0x02, 0x01, 0x02, 0x01, 0x02, 0x01, 0x02, 0x01, 0x02, 0x01, 0x02, 0x01, 0x02, 0x01, 0x02, 0x01,
    0x02, 0x01, 0x02, 0x01, 0x02, 0x01, 0x02, 0x01, 0x02, 0x01, 0x02, 0x01, 0x02, 0x01, 0x02, 0x01, 0x02, 0x01, 0x02,
    0x01, 0x02, 0x01, 0x02, 0x01, 0x02, 0x01, 0x02, 0x01, 0x02, 0x01, 0x02, 0x01, 0x02, 0x01, 0x02, 0x01, 0x02, 0x01,
    0x02, 0x01, 0x02, 0x01, 0x02, 0x01, 0x02, 0x01, 0x02, 0x01, 0x02, 0x01, 0x02, 0x01, 0x02, 0x01, 0x02, 0x01, 0x02,
    0x01, 0x02, 0x01, 0x02, 0x01, 0x02, 0x01, 0x02, 0x01, 0x02, 0x01, 0x02, 0x01, 0x02, 0x01, 0x02, 0x01, 0x02, 0x01,
    0x02, 0x01, 0x02, 0x01, 0x02, 0x01, 0x02, 0x01, 0xE2, 0x00, 0xE2, 0x00, 0xE2, 0x00, 0xE2, 0x00, 0xE2, 0x00, 0xE2,
    0x00, 0xE2, 0x00, 0xE2, 0x00, 0xC2, 0x00, 0xC2, 0x00, 0xC2, 0x00, 0xC2, 0x00, 0xC2, 0x00, 0xA2, 0x00, 0xA1, 0x00,
    0xA1, 0x00, 0xA1, 0x00, 0xA1, 0x00, 0x81, 0x00, 0x81, 0x00, 0x81, 0x00, 0x81, 0x00, 0x61, 0x00, 0x61, 0x00, 0x61,
    0x00, 0x61, 0x00, 0x40, 0x00, 0x40, 0x00, 0x40, 0x00, 0x40, 0x00, 0x40, 0x00, 0x20, 0x00, 0x20, 0x00, 0x20, 0x00,
    0x20, 0x00, 0x20, 0x00, 0x20, 0x00, 0x00, 0x00, 0x00, 0x00, 0x00, 0x00, 0x00, 0x00, 0x00, 0x00, 0x00, 0x00, 0x00,
    0x00, 0x00, 0x00, 0x00, 0x00, 0x00, 0x00, 0x00, 0x00, 0x00, 0x00, 0x00, 0x00, 0x00, 0x00, 0x00, 0x00, 0x00, 0x00,
    0x00, 0x00, 0x00, 0x00, 0x00, 0x00, 0x00, 0x00, 0x00, 0x00, 0x00, 0x00, 0x00, 0x00, 0x00, 0x00, 0x00, 0x00, 0x00,
    0x00, 0x00, 0x00, 0x00, 0x00, 0x00, 0x00, 0x00, 0x00, 0x00, 0x00, 0x00, 0x00, 0x00, 0x00, 0x00, 0x00, 0x00, 0x00,
    0x00, 0x00, 0x00, 0x00, 0x00, 0x00, 0x00, 0x00, 0x00, 0x00, 0x00, 0x00, 0x00, 0x00, 0x00, 0x00, 0x00, 0x00, 0x00,
    0x00, 0x00, 0x00, 0x00, 0x00, 0x00, 0x00, 0x00, 0x00, 0x00, 0x00, 0x00, 0x00, 0x00, 0x00, 0x00, 0x00, 0x00, 0x00,
    0x00, 0x00, 0x00, 0x00, 0x00, 0x00, 0x00, 0x00, 0x00, 0x00, 0x00, 0x00, 0x00, 0x00, 0x00, 0x00, 0x00, 0x00, 0x00,
    0x00, 0x00, 0x00, 0x00, 0x00, 0x00, 0x00, 0x20, 0x00, 0x20, 0x00, 0x20, 0x00, 0x20, 0x00, 0x20, 0x00, 0x20, 0x00,
    0x20, 0x00, 0x40, 0x00, 0x40, 0x00, 0x40, 0x00, 0x40, 0x00, 0x40, 0x00, 0x61, 0x00, 0x61, 0x00, 0x61, 0x00, 0x61,
    0x00, 0x81, 0x00, 0x81, 0x00, 0x81, 0x00, 0x81, 0x00, 0x81, 0x00, 0x81, 0x00, 0xA1, 0x00, 0xA1, 0x00, 0xA1, 0x00,
    0xA1, 0x00, 0xA2, 0x00, 0xC2, 0x00, 0xC2, 0x00, 0xC2, 0x00, 0xC2, 0x00, 0xC2, 0x00, 0xC2, 0x00, 0xC2, 0x00, 0xC2,
    0x00, 0xC2, 0x00, 0xE2, 0x00, 0xE2, 0x00, 0xE2, 0x00, 0xE2, 0x00, 0xE2, 0x00, 0xE2, 0x00, 0xE2, 0x00, 0xE2, 0x00,
    0xE2, 0x00, 0xE2, 0x00, 0xE2, 0x00, 0xE2, 0x00, 0xE2, 0x00, 0xE2, 0x00, 0xE2, 0x00, 0xE2, 0x00, 0xE2, 0x00, 0xE2,
    0x00, 0xE2, 0x00, 0xE2, 0x00, 0xE2, 0x00, 0xE2, 0x00, 0xE2, 0x00, 0xE2, 0x00, 0xE2, 0x00, 0xE2, 0x00, 0xE2, 0x00,
    0xE2, 0x00, 0xE2, 0x00, 0xE2, 0x00, 0xE2, 0x00, 0xE2, 0x00, 0xE2, 0x00, 0xE2, 0x00, 0xE2, 0x00, 0xE2, 0x00, 0xE2,
    0x00, 0xE2, 0x00, 0xE2, 0x00, 0xE2, 0x00, 0xE2, 0x00, 0xE2, 0x00, 0xE2, 0x00, 0xE2, 0x00, 0xE2, 0x00, 0xE2, 0x00,
    0xE2, 0x00, 0xE2, 0x00, 0xE2, 0x00, 0xE2, 0x00, 0xE2, 0x00, 0xE2, 0x00, 0xE2, 0x00, 0xE2, 0x00, 0xE2, 0x00, 0xE2,
    0x00, 0xE2, 0x00, 0xE2, 0x00, 0xE2, 0x00, 0xE2, 0x00, 0xC2, 0x00, 0xC2, 0x00, 0xC2, 0x00, 0xC2, 0x00, 0xC2, 0x00,
    0xC2, 0x00, 0xC2, 0x00, 0xC2, 0x00, 0xC2, 0x00, 0xA2, 0x00, 0xA1, 0x00, 0xA1, 0x00, 0xA1, 0x00, 0xA1, 0x00, 0x81,
    0x00, 0x81, 0x00, 0x81, 0x00, 0x81, 0x00, 0x81, 0x00, 0x81, 0x00, 0x61, 0x00, 0x61, 0x00, 0x61, 0x00, 0x61, 0x00,
    0x40, 0x00, 0x40, 0x00, 0x40, 0x00, 0x40, 0x00, 0x40, 0x00, 0x20, 0x00, 0x20, 0x00, 0x20, 0x00, 0x20, 0x00, 0x20,
    0x00, 0x20, 0x00, 0x20, 0x00, 0x00, 0x00, 0x00, 0x00, 0x00, 0x00, 0x00, 0x00, 0x00, 0x00, 0x00, 0x00, 0x00, 0x00,
    0x00, 0x00, 0x00, 0x00, 0x00, 0x00, 0x00, 0x00, 0x00, 0x00, 0x00, 0x00, 0x00, 0x00, 0x00, 0x00, 0x00, 0x00, 0x00,
    0x00, 0x00, 0x00, 0x00, 0x00, 0x00, 0x00, 0x00, 0x00, 0x00, 0x00, 0x00, 0x00, 0x00, 0x00, 0x00, 0x00, 0x00, 0x00,
    0x00, 0x00, 0x00, 0x00, 0x00, 0x00, 0x00, 0x00, 0x00, 0x00, 0x00, 0x00, 0x00, 0x00, 0x00, 0x00, 0x00, 0x00, 0x00,
    0x00, 0x00, 0x00, 0x00, 0x00, 0x00, 0x00, 0x00, 0x00, 0x00, 0x00, 0x00, 0x00, 0x00, 0x00, 0x00, 0x00, 0x00, 0x00,
    0x00, 0x00, 0x00, 0x00, 0x00, 0x00, 0x00, 0x00, 0x00, 0x00, 0x00, 0x00, 0x00, 0x00, 0x00, 0x00, 0x00, 0x00, 0x00,
    0x00, 0x00, 0x00, 0x00, 0x00, 0x00, 0x00, 0x00, 0x00, 0x00, 0x00, 0x00, 0x00, 0x00, 0x00, 0x00, 0x00, 0x00, 0x00,
    0x00, 0x00, 0x00, 0x00, 0x00, 0x00, 0x00, 0x00, 0x00, 0x00, 0x00, 0x00, 0x20, 0x00, 0x20, 0x00, 0x20, 0x00, 0x20,
    0x00, 0x20, 0x00, 0x20, 0x00, 0x20, 0x00, 0x40, 0x00, 0x40, 0x00, 0x40, 0x00, 0x40, 0x00, 0x40, 0x00, 0x41, 0x00,
    0x61, 0x00, 0x61, 0x00, 0x61, 0x00, 0x61, 0x00, 0x81, 0x00, 0x81, 0x00, 0x81, 0x00, 0x81, 0x00, 0x81, 0x00, 0x81,
    0x00, 0x81, 0x00, 0xA1, 0x00, 0xA1, 0x00, 0xA1, 0x00, 0xA1, 0x00, 0xA1, 0x00, 0xA1, 0x00, 0xA1, 0x00, 0xA2, 0x00,
    0xC2, 0x00, 0xC2, 0x00, 0xC2, 0x00, 0xC2, 0x00, 0xC2, 0x00, 0xC2, 0x00, 0xC2, 0x00, 0xC2, 0x00, 0xC2, 0x00, 0xC2,
    0x00, 0xC2, 0x00, 0xC2, 0x00, 0xC2, 0x00, 0xC2, 0x00, 0xC2, 0x00, 0xC2, 0x00, 0xC2, 0x00, 0xC2, 0x00, 0xC2, 0x00,
    0xC2, 0x00, 0xC2, 0x00, 0xC2, 0x00, 0xC2, 0x00, 0xC2, 0x00, 0xC2, 0x00, 0xC2, 0x00, 0xC2, 0x00, 0xC2, 0x00, 0xC2,
    0x00, 0xC2, 0x00, 0xC2, 0x00, 0xC2, 0x00, 0xC2, 0x00, 0xC2, 0x00, 0xC2, 0x00, 0xC2, 0x00, 0xC2, 0x00, 0xC2, 0x00,
    0xC2, 0x00, 0xC2, 0x00, 0xC2, 0x00, 0xC2, 0x00, 0xC2, 0x00, 0xC2, 0x00, 0xC2, 0x00, 0xC2, 0x00, 0xC2, 0x00, 0xC2,
    0x00, 0xC2, 0x00, 0xC2, 0x00, 0xC2, 0x00, 0xC2, 0x00, 0xC2, 0x00, 0xC2, 0x00, 0xC2, 0x00, 0xC2, 0x00, 0xC2, 0x00,
    0xC2, 0x00, 0xC2, 0x00, 0xC2, 0x00, 0xC2, 0x00, 0xC2, 0x00, 0xC2, 0x00, 0xC2, 0x00, 0xA2, 0x00, 0xA1, 0x00, 0xA1,
    0x00, 0xA1, 0x00, 0xA1, 0x00, 0xA1, 0x00, 0xA1, 0x00, 0xA1, 0x00, 0x81, 0x00, 0x81, 0x00, 0x81, 0x00, 0x81, 0x00,
    0x81, 0x00, 0x81, 0x00, 0x81, 0x00, 0x61, 0x00, 0x61, 0x00, 0x61, 0x00, 0x61, 0x00, 0x41, 0x00, 0x40, 0x00, 0x40,
    0x00, 0x40, 0x00, 0x40, 0x00, 0x40, 0x00, 0x20, 0x00, 0x20, 0x00, 0x20, 0x00, 0x20, 0x00, 0x20, 0x00, 0x20, 0x00,
    0x20, 0x00, 0x00, 0x00, 0x00, 0x00, 0x00, 0x00, 0x00, 0x00, 0x00, 0x00, 0x00, 0x00, 0x00, 0x00, 0x00, 0x00, 0x00,
    0x00, 0x00, 0x00, 0x00, 0x00, 0x00, 0x00, 0x00, 0x00, 0x00, 0x00, 0x00, 0x00, 0x00, 0x00, 0x00, 0x00, 0x00, 0x00,
    0x00, 0x00, 0x00, 0x00, 0x00, 0x00, 0x00, 0x00, 0x00, 0x00, 0x00, 0x00, 0x00, 0x00, 0x00, 0x00, 0x00, 0x00, 0x00,
    0x00, 0x00, 0x00, 0x00, 0x00, 0x00, 0x00, 0x00, 0x00, 0x00, 0x00, 0x00, 0x00, 0x00, 0x00, 0x00, 0x00, 0x00, 0x00,
    0x00, 0x00, 0x00, 0x00, 0x00, 0x00, 0x00, 0x00, 0x00, 0x00, 0x00, 0x00, 0x00, 0x00, 0x00, 0x00, 0x00, 0x00, 0x00,
    0x00, 0x00, 0x00, 0x00, 0x00, 0x00, 0x00, 0x00, 0x00, 0x00, 0x00, 0x00, 0x00, 0x00, 0x00, 0x00, 0x00, 0x00, 0x00,
    0x00, 0x00, 0x00, 0x00, 0x00, 0x00, 0x00, 0x00, 0x00, 0x00, 0x00, 0x00, 0x00, 0x00, 0x00, 0x00, 0x00, 0x00, 0x00,
    0x00, 0x00, 0x00, 0x00, 0x00, 0x00, 0x00, 0x00, 0x00, 0x00, 0x00, 0x00, 0x00, 0x00, 0x00, 0x20, 0x00, 0x20, 0x00,
    0x20, 0x00, 0x20, 0x00, 0x20, 0x00, 0x20, 0x00, 0x20, 0x00, 0x20, 0x00, 0x40, 0x00, 0x40, 0x00, 0x40, 0x00, 0x40,
    0x00, 0x40, 0x00, 0x40, 0x00, 0x41, 0x00, 0x61, 0x00, 0x61, 0x00, 0x61, 0x00, 0x61, 0x00, 0x61, 0x00, 0x81, 0x00,
    0x81, 0x00, 0x81, 0x00, 0x81, 0x00, 0x81, 0x00, 0x81, 0x00, 0x81, 0x00, 0x81, 0x00, 0x81, 0x00, 0x81, 0x00, 0xA1,
    0x00, 0xA1, 0x00, 0xA1, 0x00, 0xA1, 0x00, 0xA1, 0x00, 0xA1, 0x00, 0xA1, 0x00, 0xA1, 0x00, 0xA1, 0x00, 0xA1, 0x00,
    0xA1, 0x00, 0xA1, 0x00, 0xA1, 0x00, 0xA1, 0x00, 0xA1, 0x00, 0xA1, 0x00, 0xA1, 0x00, 0xA1, 0x00, 0xA1, 0x00, 0xA1,
    0x00, 0xA1, 0x00, 0xA1, 0x00, 0xA1, 0x00, 0xA1, 0x00, 0xA1, 0x00, 0xA1, 0x00, 0xA1, 0x00, 0xA1, 0x00, 0xA1, 0x00,
    0xA1, 0x00, 0xA1, 0x00, 0xA1, 0x00, 0xA1, 0x00, 0xA1, 0x00, 0xA1, 0x00, 0xA1, 0x00, 0xA1, 0x00, 0xA1, 0x00, 0xA1,
    0x00, 0xA1, 0x00, 0xA1, 0x00, 0xA1, 0x00, 0xA1, 0x00, 0xA1, 0x00, 0xA1, 0x00, 0xA1, 0x00, 0xA1, 0x00, 0xA1, 0x00,
    0xA1, 0x00, 0xA1, 0x00, 0xA1, 0x00, 0xA1, 0x00, 0xA1, 0x00, 0xA1, 0x00, 0xA1, 0x00, 0xA1, 0x00, 0xA1, 0x00, 0xA1,
    0x00, 0xA1, 0x00, 0xA1, 0x00, 0xA1, 0x00, 0xA1, 0x00, 0xA1, 0x00, 0xA1, 0x00, 0xA1, 0x00, 0xA1, 0x00, 0x81, 0x00,
    0x81, 0x00, 0x81, 0x00, 0x81, 0x00, 0x81, 0x00, 0x81, 0x00, 0x81, 0x00, 0x81, 0x00, 0x81, 0x00, 0x81, 0x00, 0x61,
    0x00, 0x61, 0x00, 0x61, 0x00, 0x61, 0x00, 0x61, 0x00, 0x41, 0x00, 0x40, 0x00, 0x40, 0x00, 0x40, 0x00, 0x40, 0x00,
    0x40, 0x00, 0x40, 0x00, 0x20, 0x00, 0x20, 0x00, 0x20, 0x00, 0x20, 0x00, 0x20, 0x00, 0x20, 0x00, 0x20, 0x00, 0x20,
    0x00, 0x00, 0x00, 0x00, 0x00, 0x00, 0x00, 0x00, 0x00, 0x00, 0x00, 0x00, 0x00, 0x00, 0x00, 0x00, 0x00, 0x00, 0x00,
    0x00, 0x00, 0x00, 0x00, 0x00, 0x00, 0x00, 0x00, 0x00, 0x00, 0x00, 0x00, 0x00, 0x00, 0x00, 0x00, 0x00, 0x00, 0x00,
    0x00, 0x00, 0x00, 0x00, 0x00, 0x00, 0x00, 0x00, 0x00, 0x00, 0x00, 0x00, 0x00, 0x00, 0x00, 0x00, 0x00, 0x00, 0x00,
    0x00, 0x00, 0x00, 0x00, 0x00, 0x00, 0x00, 0x00, 0x00, 0x00, 0x00, 0x00, 0x00, 0x00, 0x00, 0x00, 0x00, 0x00, 0x00,
    0x00, 0x00, 0x00, 0x00, 0x00, 0x00, 0x00, 0x00, 0x00, 0x00, 0x00, 0x00, 0x00, 0x00, 0x00, 0x00, 0x00, 0x00, 0x00,
    0x00, 0x00, 0x00, 0x00, 0x00, 0x00, 0x00, 0x00, 0x00, 0x00, 0x00, 0x00, 0x00, 0x00, 0x00, 0x00, 0x00, 0x00, 0x00,
    0x00, 0x00, 0x00, 0x00, 0x00, 0x00, 0x00, 0x00, 0x00, 0x00, 0x00, 0x00, 0x00, 0x00, 0x00, 0x00, 0x00, 0x00, 0x00,
    0x00, 0x00, 0x00, 0x00, 0x00, 0x00, 0x00, 0x00, 0x00, 0x00, 0x00, 0x00, 0x00, 0x00, 0x00, 0x00, 0x00, 0x00, 0x00,
    0x00, 0x20, 0x00, 0x20, 0x00, 0x20, 0x00, 0x20, 0x00, 0x20, 0x00, 0x20, 0x00, 0x20, 0x00, 0x20, 0x00, 0x20, 0x00,
    0x40, 0x00, 0x40, 0x00, 0x40, 0x00, 0x40, 0x00, 0x40, 0x00, 0x40, 0x00, 0x40, 0x00, 0x61, 0x00, 0x61, 0x00, 0x61,
    0x00, 0x61, 0x00, 0x61, 0x00, 0x61, 0x00, 0x61, 0x00, 0x61, 0x00, 0x81, 0x00, 0x81, 0x00, 0x81, 0x00, 0x81, 0x00,
    0x81, 0x00, 0x81, 0x00, 0x81, 0x00, 0x81, 0x00, 0x81, 0x00, 0x81, 0x00, 0x81, 0x00, 0x81, 0x00, 0x81, 0x00, 0x81,
    0x00, 0x81, 0x00, 0x81, 0x00, 0x81, 0x00, 0x81, 0x00, 0x81, 0x00, 0x81, 0x00, 0x81, 0x00, 0x81, 0x00, 0x81, 0x00,
    0x81, 0x00, 0x81, 0x00, 0xA1, 0x00, 0xA1, 0x00, 0xA1, 0x00, 0xA1, 0x00, 0xA1, 0x00, 0xA1, 0x00, 0xA1, 0x00, 0xA1,
    0x00, 0xA1, 0x00, 0xA1, 0x00, 0xA1, 0x00, 0xA1, 0x00, 0xA1, 0x00, 0xA1, 0x00, 0xA1, 0x00, 0xA1, 0x00, 0xA1, 0x00,
    0xA1, 0x00, 0xA1, 0x00, 0xA1, 0x00, 0xA1, 0x00, 0xA1, 0x00, 0xA1, 0x00, 0xA1, 0x00, 0x81, 0x00, 0x81, 0x00, 0x81,
    0x00, 0x81, 0x00, 0x81, 0x00, 0x81, 0x00, 0x81, 0x00, 0x81, 0x00, 0x81, 0x00, 0x81, 0x00, 0x81, 0x00, 0x81, 0x00,
    0x81, 0x00, 0x81, 0x00, 0x81, 0x00, 0x81, 0x00, 0x81, 0x00, 0x81, 0x00, 0x81, 0x00, 0x81, 0x00, 0x81, 0x00, 0x81,
    0x00, 0x81, 0x00, 0x81, 0x00, 0x81, 0x00, 0x61, 0x00, 0x61, 0x00, 0x61, 0x00, 0x61, 0x00, 0x61, 0x00, 0x61, 0x00,
    0x61, 0x00, 0x61, 0x00, 0x40, 0x00, 0x40, 0x00, 0x40, 0x00, 0x40, 0x00, 0x40, 0x00, 0x40, 0x00, 0x40, 0x00, 0x20,
    0x00, 0x20, 0x00, 0x20, 0x00, 0x20, 0x00, 0x20, 0x00, 0x20, 0x00, 0x20, 0x00, 0x20, 0x00, 0x20, 0x00, 0x00, 0x00,
    0x00, 0x00, 0x00, 0x00, 0x00, 0x00, 0x00, 0x00, 0x00, 0x00, 0x00, 0x00, 0x00, 0x00, 0x00, 0x00, 0x00, 0x00, 0x00,
    0x00, 0x00, 0x00, 0x00, 0x00, 0x00, 0x00, 0x00, 0x00, 0x00, 0x00, 0x00, 0x00, 0x00, 0x00, 0x00, 0x00, 0x00, 0x00,
    0x00, 0x00, 0x00, 0x00, 0x00, 0x00, 0x00, 0x00, 0x00, 0x00, 0x00, 0x00, 0x00, 0x00, 0x00, 0x00, 0x00, 0x00, 0x00,
    0x00, 0x00, 0x00, 0x00, 0x00, 0x00, 0x00, 0x00, 0x00, 0x00, 0x00, 0x00, 0x00, 0x00, 0x00, 0x00, 0x00, 0x00, 0x00,
    0x00, 0x00, 0x00, 0x00, 0x00, 0x00, 0x00, 0x00, 0x00, 0x00, 0x00, 0x00, 0x00, 0x00, 0x00, 0x00, 0x00, 0x00, 0x00,
    0x00, 0x00, 0x00, 0x00, 0x00, 0x00, 0x00, 0x00, 0x00, 0x00, 0x00, 0x00, 0x00, 0x00, 0x00, 0x00, 0x00, 0x00, 0x00,
    0x00, 0x00, 0x00, 0x00, 0x00, 0x00, 0x00, 0x00, 0x00, 0x00, 0x00, 0x00, 0x00, 0x00, 0x00, 0x00, 0x00, 0x00, 0x00,
    0x00, 0x00, 0x00, 0x00, 0x00, 0x00, 0x00, 0x00, 0x00, 0x00, 0x00, 0x00, 0x00, 0x00, 0x00, 0x00, 0x00, 0x00, 0x00,
    0x00, 0x00, 0x00, 0x00, 0x00, 0x00, 0x20, 0x00, 0x20, 0x00, 0x20, 0x00, 0x20, 0x00, 0x20, 0x00, 0x20, 0x00, 0x20,
    0x00, 0x20, 0x00, 0x20, 0x00, 0x20, 0x00, 0x40, 0x00, 0x40, 0x00, 0x40, 0x00, 0x40, 0x00, 0x40, 0x00, 0x40, 0x00,
    0x40, 0x00, 0x40, 0x00, 0x61, 0x00, 0x61, 0x00, 0x61, 0x00, 0x61, 0x00, 0x61, 0x00, 0x61, 0x00, 0x61, 0x00, 0x61,
    0x00, 0x61, 0x00, 0x61, 0x00, 0x61, 0x00, 0x61, 0x00, 0x81, 0x00, 0x81, 0x00, 0x81, 0x00, 0x81, 0x00, 0x81, 0x00,
    0x81, 0x00, 0x81, 0x00, 0x81, 0x00, 0x81, 0x00, 0x81, 0x00, 0x81, 0x00, 0x81, 0x00, 0x81, 0x00, 0x81, 0x00, 0x81,
    0x00, 0x81, 0x00, 0x81, 0x00, 0x81, 0x00, 0x81, 0x00, 0x81, 0x00, 0x81, 0x00, 0x81, 0x00, 0x81, 0x00, 0x81, 0x00,
    0x81, 0x00, 0x81, 0x00, 0x81, 0x00, 0x81, 0x00, 0x81, 0x00, 0x81, 0x00, 0x81, 0x00, 0x81, 0x00, 0x81, 0x00, 0x81,
    0x00, 0x81, 0x00, 0x81, 0x00, 0x81, 0x00, 0x81, 0x00, 0x81, 0x00, 0x81, 0x00, 0x81, 0x00, 0x81, 0x00, 0x81, 0x00,
    0x81, 0x00, 0x81, 0x00, 0x81, 0x00, 0x81, 0x00, 0x81, 0x00, 0x81, 0x00, 0x81, 0x00, 0x81, 0x00, 0x81, 0x00, 0x81,
    0x00, 0x81, 0x00, 0x81, 0x00, 0x81, 0x00, 0x81, 0x00, 0x81, 0x00, 0x61, 0x00, 0x61, 0x00, 0x61, 0x00, 0x61, 0x00,
    0x61, 0x00, 0x61, 0x00, 0x61, 0x00, 0x61, 0x00, 0x61, 0x00, 0x61, 0x00, 0x61, 0x00, 0x61, 0x00, 0x40, 0x00, 0x40,
    0x00, 0x40, 0x00, 0x40, 0x00, 0x40, 0x00, 0x40, 0x00, 0x40, 0x00, 0x40, 0x00, 0x20, 0x00, 0x20, 0x00, 0x20, 0x00,
    0x20, 0x00, 0x20, 0x00, 0x20, 0x00, 0x20, 0x00, 0x20, 0x00, 0x20, 0x00, 0x20, 0x00, 0x00, 0x00, 0x00, 0x00, 0x00,
    0x00, 0x00, 0x00, 0x00, 0x00, 0x00, 0x00, 0x00, 0x00, 0x00, 0x00, 0x00, 0x00, 0x00, 0x00, 0x00, 0x00, 0x00, 0x00,
    0x00, 0x00, 0x00, 0x00, 0x00, 0x00, 0x00, 0x00, 0x00, 0x00, 0x00, 0x00, 0x00, 0x00, 0x00, 0x00, 0x00, 0x00, 0x00,
    0x00, 0x00, 0x00, 0x00, 0x00, 0x00, 0x00, 0x00, 0x00, 0x00, 0x00, 0x00, 0x00, 0x00, 0x00, 0x00, 0x00, 0x00, 0x00,
    0x00, 0x00, 0x00, 0x00, 0x00, 0x00, 0x00, 0x00, 0x00, 0x00, 0x00, 0x00, 0x00, 0x00, 0x00, 0x00, 0x00, 0x00, 0x00,
    0x00, 0x00, 0x00, 0x00, 0x00, 0x00, 0x00, 0x00, 0x00, 0x00, 0x00, 0x00, 0x00, 0x00, 0x00, 0x00, 0x00, 0x00, 0x00,
    0x00, 0x00, 0x00, 0x00, 0x00, 0x00, 0x00, 0x00, 0x00, 0x00, 0x00, 0x00, 0x00, 0x00, 0x00, 0x00, 0x00, 0x00, 0x00,
    0x00, 0x00, 0x00, 0x00, 0x00, 0x00, 0x00, 0x00, 0x00, 0x00, 0x00, 0x00, 0x00, 0x00, 0x00, 0x00, 0x00, 0x00, 0x00,
    0x00, 0x00, 0x00, 0x00, 0x00, 0x00, 0x00, 0x00, 0x00, 0x00, 0x00, 0x00, 0x00, 0x00, 0x00, 0x00, 0x00, 0x00, 0x00,
    0x00, 0x00, 0x00, 0x00, 0x00, 0x00, 0x00, 0x00, 0x00, 0x00, 0x00, 0x20, 0x00, 0x20, 0x00, 0x20, 0x00, 0x20, 0x00,
    0x20, 0x00, 0x20, 0x00, 0x20, 0x00, 0x20, 0x00, 0x20, 0x00, 0x20, 0x00, 0x20, 0x00, 0x20, 0x00, 0x40, 0x00, 0x40,
    0x00, 0x40, 0x00, 0x40, 0x00, 0x40, 0x00, 0x40, 0x00, 0x40, 0x00, 0x40, 0x00, 0x40, 0x00, 0x40, 0x00, 0x41, 0x00,
    0x61, 0x00, 0x61, 0x00, 0x61, 0x00, 0x61, 0x00, 0x61, 0x00, 0x61, 0x00, 0x61, 0x00, 0x61, 0x00, 0x61, 0x00, 0x61,
    0x00, 0x61, 0x00, 0x61, 0x00, 0x61, 0x00, 0x61, 0x00, 0x61, 0x00, 0x61, 0x00, 0x61, 0x00, 0x61, 0x00, 0x61, 0x00,
    0x61, 0x00, 0x61, 0x00, 0x61, 0x00, 0x61, 0x00, 0x61, 0x00, 0x61, 0x00, 0x61, 0x00, 0x61, 0x00, 0x61, 0x00, 0x61,
    0x00, 0x61, 0x00, 0x61, 0x00, 0x61, 0x00, 0x61, 0x00, 0x61, 0x00, 0x61, 0x00, 0x61, 0x00, 0x61, 0x00, 0x61, 0x00,
    0x61, 0x00, 0x61, 0x00, 0x61, 0x00, 0x61, 0x00, 0x61, 0x00, 0x61, 0x00, 0x61, 0x00, 0x61, 0x00, 0x61, 0x00, 0x61,
    0x00, 0x61, 0x00, 0x61, 0x00, 0x61, 0x00, 0x61, 0x00, 0x61, 0x00, 0x61, 0x00, 0x61, 0x00, 0x61, 0x00, 0x61, 0x00,
    0x61, 0x00, 0x61, 0x00, 0x61, 0x00, 0x61, 0x00, 0x61, 0x00, 0x61, 0x00, 0x61, 0x00, 0x61, 0x00, 0x61, 0x00, 0x61,
    0x00, 0x61, 0x00, 0x41, 0x00, 0x40, 0x00, 0x40, 0x00, 0x40, 0x00, 0x40, 0x00, 0x40, 0x00, 0x40, 0x00, 0x40, 0x00,
    0x40, 0x00, 0x40, 0x00, 0x40, 0x00, 0x20, 0x00, 0x20, 0x00, 0x20, 0x00, 0x20, 0x00, 0x20, 0x00, 0x20, 0x00, 0x20,
    0x00, 0x20, 0x00, 0x20, 0x00, 0x20, 0x00, 0x20, 0x00, 0x20, 0x00, 0x00, 0x00, 0x00, 0x00, 0x00, 0x00, 0x00, 0x00,
    0x00, 0x00, 0x00, 0x00, 0x00, 0x00, 0x00, 0x00, 0x00, 0x00, 0x00, 0x00, 0x00, 0x00, 0x00, 0x00, 0x00, 0x00, 0x00,
    0x00, 0x00, 0x00, 0x00, 0x00, 0x00, 0x00, 0x00, 0x00, 0x00, 0x00, 0x00, 0x00, 0x00, 0x00, 0x00, 0x00, 0x00, 0x00,
    0x00, 0x00, 0x00, 0x00, 0x00, 0x00, 0x00, 0x00, 0x00, 0x00, 0x00, 0x00, 0x00, 0x00, 0x00, 0x00, 0x00, 0x00, 0x00,
    0x00, 0x00, 0x00, 0x00, 0x00, 0x00, 0x00, 0x00, 0x00, 0x00, 0x00, 0x00, 0x00, 0x00, 0x00, 0x00, 0x00, 0x00, 0x00,
    0x00, 0x00, 0x00, 0x00, 0x00, 0x00, 0x00, 0x00, 0x00, 0x00, 0x00, 0x00, 0x00, 0x00, 0x00, 0x00, 0x00, 0x00, 0x00,
    0x00, 0x00, 0x00, 0x00, 0x00, 0x00, 0x00, 0x00, 0x00, 0x00, 0x00, 0x00, 0x00, 0x00, 0x00, 0x00, 0x00, 0x00, 0x00,
    0x00, 0x00, 0x00, 0x00, 0x00, 0x00, 0x00, 0x00, 0x00, 0x00, 0x00, 0x00, 0x00, 0x00, 0x00, 0x00, 0x00, 0x00, 0x00,
    0x00, 0x00, 0x00, 0x00, 0x00, 0x00, 0x00, 0x00, 0x00, 0x00, 0x00, 0x00, 0x00, 0x00, 0x00, 0x00, 0x00, 0x00, 0x00,
    0x00, 0x00, 0x00, 0x00, 0x00, 0x00, 0x00, 0x00, 0x00, 0x00, 0x00, 0x00, 0x00, 0x00, 0x00, 0x00, 0x00, 0x00, 0x20,
    0x00, 0x20, 0x00, 0x20, 0x00, 0x20, 0x00, 0x20, 0x00, 0x20, 0x00, 0x20, 0x00, 0x20, 0x00, 0x20, 0x00, 0x20, 0x00,
    0x20, 0x00, 0x20, 0x00, 0x20, 0x00, 0x40, 0x00, 0x40, 0x00, 0x40, 0x00, 0x40, 0x00, 0x40, 0x00, 0x40, 0x00, 0x40,
    0x00, 0x40, 0x00, 0x40, 0x00, 0x40, 0x00, 0x40, 0x00, 0x40, 0x00, 0x40, 0x00, 0x40, 0x00, 0x40, 0x00, 0x40, 0x00,
    0x40, 0x00, 0x40, 0x00, 0x40, 0x00, 0x40, 0x00, 0x40, 0x00, 0x40, 0x00, 0x40, 0x00, 0x40, 0x00, 0x40, 0x00, 0x40,
    0x00, 0x41, 0x00, 0x40, 0x00, 0x40, 0x00, 0x40, 0x00, 0x40, 0x00, 0x40, 0x00, 0x40, 0x00, 0x40, 0x00, 0x40, 0x00,
    0x40, 0x00, 0x40, 0x00, 0x40, 0x00, 0x40, 0x00, 0x40, 0x00, 0x40, 0x00, 0x40, 0x00, 0x40, 0x00, 0x40, 0x00, 0x40,
    0x00, 0x40, 0x00, 0x40, 0x00, 0x40, 0x00, 0x40, 0x00, 0x40, 0x00, 0x40, 0x00, 0x40, 0x00, 0x40, 0x00, 0x40, 0x00,
    0x40, 0x00, 0x41, 0x00, 0x40, 0x00, 0x40, 0x00, 0x40, 0x00, 0x40, 0x00, 0x40, 0x00, 0x40, 0x00, 0x40, 0x00, 0x40,
    0x00, 0x40, 0x00, 0x40, 0x00, 0x40, 0x00, 0x40, 0x00, 0x40, 0x00, 0x40, 0x00, 0x40, 0x00, 0x40, 0x00, 0x40, 0x00,
    0x40, 0x00, 0x40, 0x00, 0x40, 0x00, 0x40, 0x00, 0x40, 0x00, 0x40, 0x00, 0x40, 0x00, 0x40, 0x00, 0x40, 0x00, 0x20,
    0x00, 0x20, 0x00, 0x20, 0x00, 0x20, 0x00, 0x20, 0x00, 0x20, 0x00, 0x20, 0x00, 0x20, 0x00, 0x20, 0x00, 0x20, 0x00,
    0x20, 0x00, 0x20, 0x00, 0x20, 0x00, 0x00, 0x00, 0x00, 0x00, 0x00, 0x00, 0x00, 0x00, 0x00, 0x00, 0x00, 0x00, 0x00,
    0x00, 0x00, 0x00, 0x00, 0x00, 0x00, 0x00, 0x00, 0x00, 0x00, 0x00, 0x00, 0x00, 0x00, 0x00, 0x00, 0x00, 0x00, 0x00,
    0x00, 0x00, 0x00, 0x00, 0x00, 0x00, 0x00, 0x00, 0x00, 0x00, 0x00, 0x00, 0x00, 0x00, 0x00, 0x00, 0x00, 0x00, 0x00,
    0x00, 0x00, 0x00, 0x00, 0x00, 0x00, 0x00, 0x00, 0x00, 0x00, 0x00, 0x00, 0x00, 0x00, 0x00, 0x00, 0x00, 0x00, 0x00,
    0x00, 0x00, 0x00, 0x00, 0x00, 0x00, 0x00, 0x00, 0x00, 0x00, 0x00, 0x00, 0x00, 0x00, 0x00, 0x00, 0x00, 0x00, 0x00,
    0x00, 0x00, 0x00, 0x00, 0x00, 0x00, 0x00, 0x00, 0x00, 0x00, 0x00, 0x00, 0x00, 0x00, 0x00, 0x00, 0x00, 0x00, 0x00,
    0x00, 0x00, 0x00, 0x00, 0x00, 0x00, 0x00, 0x00, 0x00, 0x00, 0x00, 0x00, 0x00, 0x00, 0x00, 0x00, 0x00, 0x00, 0x00,
    0x00, 0x00, 0x00, 0x00, 0x00, 0x00, 0x00, 0x00, 0x00, 0x00, 0x00, 0x00, 0x00, 0x00, 0x00, 0x00, 0x00, 0x00, 0x00,
    0x00, 0x00, 0x00, 0x00, 0x00, 0x00, 0x00, 0x00, 0x00, 0x00, 0x00, 0x00, 0x00, 0x00, 0x00, 0x00, 0x00, 0x00, 0x00,
    0x00, 0x00, 0x00, 0x00, 0x00, 0x00, 0x00, 0x00, 0x00, 0x00, 0x00, 0x00, 0x00, 0x00, 0x00, 0x00, 0x00, 0x00, 0x00,
    0x00, 0x00, 0x00, 0x00, 0x00, 0x00, 0x20, 0x00, 0x20, 0x00, 0x20, 0x00, 0x20, 0x00, 0x20, 0x00, 0x20, 0x00, 0x20,
    0x00, 0x20, 0x00, 0x20, 0x00, 0x20, 0x00, 0x20, 0x00, 0x20, 0x00, 0x20, 0x00, 0x20, 0x00, 0x20, 0x00, 0x20, 0x00,
    0x20, 0x00, 0x40, 0x00, 0x40, 0x00, 0x40, 0x00, 0x40, 0x00, 0x40, 0x00, 0x40, 0x00, 0x40, 0x00, 0x40, 0x00, 0x40,
    0x00, 0x40, 0x00, 0x40, 0x00, 0x40, 0x00, 0x40, 0x00, 0x40, 0x00, 0x40, 0x00, 0x40, 0x00, 0x40, 0x00, 0x40, 0x00,
    0x40, 0x00, 0x40, 0x00, 0x40, 0x00, 0x40, 0x00, 0x40, 0x00, 0x40, 0x00, 0x40, 0x00, 0x40, 0x00, 0x40, 0x00, 0x40,
    0x00, 0x40, 0x00, 0x40, 0x00, 0x40, 0x00, 0x40, 0x00, 0x40, 0x00, 0x40, 0x00, 0x40, 0x00, 0x40, 0x00, 0x40, 0x00,
    0x40, 0x00, 0x40, 0x00, 0x40, 0x00, 0x40, 0x00, 0x40, 0x00, 0x40, 0x00, 0x40, 0x00, 0x40, 0x00, 0x40, 0x00, 0x40,
    0x00, 0x40, 0x00, 0x40, 0x00, 0x40, 0x00, 0x40, 0x00, 0x40, 0x00, 0x40, 0x00, 0x40, 0x00, 0x40, 0x00, 0x40, 0x00,
    0x40, 0x00, 0x40, 0x00, 0x40, 0x00, 0x40, 0x00, 0x40, 0x00, 0x40, 0x00, 0x40, 0x00, 0x40, 0x00, 0x40, 0x00, 0x40,
    0x00, 0x40, 0x00, 0x40, 0x00, 0x20, 0x00, 0x20, 0x00, 0x20, 0x00, 0x20, 0x00, 0x20, 0x00, 0x20, 0x00, 0x20, 0x00,
    0x20, 0x00, 0x20, 0x00, 0x20, 0x00, 0x20, 0x00, 0x20, 0x00, 0x20, 0x00, 0x20, 0x00, 0x20, 0x00, 0x20, 0x00, 0x20,
    0x00, 0x00, 0x00, 0x00, 0x00, 0x00, 0x00, 0x00, 0x00, 0x00, 0x00, 0x00, 0x00, 0x00, 0x00, 0x00, 0x00, 0x00, 0x00,
    0x00, 0x00, 0x00, 0x00, 0x00, 0x00, 0x00, 0x00, 0x00, 0x00, 0x00, 0x00, 0x00, 0x00, 0x00, 0x00, 0x00, 0x00, 0x00,
    0x00, 0x00, 0x00, 0x00, 0x00, 0x00, 0x00, 0x00, 0x00, 0x00, 0x00, 0x00, 0x00, 0x00, 0x00, 0x00, 0x00, 0x00, 0x00,
    0x00, 0x00, 0x00, 0x00, 0x00, 0x00, 0x00, 0x00, 0x00, 0x00, 0x00, 0x00, 0x00, 0x00, 0x00, 0x00, 0x00, 0x00, 0x00,
    0x00, 0x00, 0x00, 0x00, 0x00, 0x00, 0x00, 0x00, 0x00, 0x00, 0x00, 0x00, 0x00, 0x00, 0x00, 0x00, 0x00, 0x00, 0x00,
    0x00, 0x00, 0x00, 0x00, 0x00, 0x00, 0x00, 0x00, 0x00, 0x00, 0x00, 0x00, 0x00, 0x00, 0x00, 0x00, 0x00, 0x00, 0x00,
    0x00, 0x00, 0x00, 0x00, 0x00, 0x00, 0x00, 0x00, 0x00, 0x00, 0x00, 0x00, 0x00, 0x00, 0x00, 0x00, 0x00, 0x00, 0x00,
    0x00, 0x00, 0x00, 0x00, 0x00, 0x00, 0x00, 0x00, 0x00, 0x00, 0x00, 0x00, 0x00, 0x00, 0x00, 0x00, 0x00, 0x00, 0x00,
    0x00, 0x00, 0x00, 0x00, 0x00, 0x00, 0x00, 0x00, 0x00, 0x00, 0x00, 0x00, 0x00, 0x00, 0x00, 0x00, 0x00, 0x00, 0x00,
    0x00, 0x00, 0x00, 0x00, 0x00, 0x00, 0x00, 0x00, 0x00, 0x00, 0x00, 0x00, 0x00, 0x00, 0x00, 0x00, 0x00, 0x00, 0x00,
    0x00, 0x00, 0x00, 0x00, 0x00, 0x00, 0x00, 0x00, 0x00, 0x00, 0x00, 0x00, 0x00, 0x20, 0x00, 0x20, 0x00, 0x20, 0x00,
    0x20, 0x00, 0x20, 0x00, 0x20, 0x00, 0x20, 0x00, 0x20, 0x00, 0x20, 0x00, 0x20, 0x00, 0x20, 0x00, 0x20, 0x00, 0x20,
    0x00, 0x20, 0x00, 0x20, 0x00, 0x20, 0x00, 0x20, 0x00, 0x20, 0x00, 0x20, 0x00, 0x20, 0x00, 0x20, 0x00, 0x20, 0x00,
    0x20, 0x00, 0x20, 0x00, 0x20, 0x00, 0x20, 0x00, 0x20, 0x00, 0x20, 0x00, 0x20, 0x00, 0x20, 0x00, 0x20, 0x00, 0x20,
    0x00, 0x20, 0x00, 0x20, 0x00, 0x20, 0x00, 0x20, 0x00, 0x20, 0x00, 0x20, 0x00, 0x20, 0x00, 0x20, 0x00, 0x20, 0x00,
    0x20, 0x00, 0x20, 0x00, 0x20, 0x00, 0x20, 0x00, 0x20, 0x00, 0x20, 0x00, 0x20, 0x00, 0x20, 0x00, 0x20, 0x00, 0x20,
    0x00, 0x20, 0x00, 0x20, 0x00, 0x20, 0x00, 0x20, 0x00, 0x20, 0x00, 0x20, 0x00, 0x20, 0x00, 0x20, 0x00, 0x20, 0x00,
    0x20, 0x00, 0x20, 0x00, 0x20, 0x00, 0x20, 0x00, 0x20, 0x00, 0x20, 0x00, 0x20, 0x00, 0x20, 0x00, 0x20, 0x00, 0x20,
    0x00, 0x20, 0x00, 0x20, 0x00, 0x20, 0x00, 0x20, 0x00, 0x20, 0x00, 0x20, 0x00, 0x20, 0x00, 0x20, 0x00, 0x20, 0x00,
    0x20, 0x00, 0x20, 0x00, 0x20, 0x00, 0x20, 0x00, 0x20, 0x00, 0x20, 0x00, 0x20, 0x00, 0x20, 0x00, 0x20, 0x00, 0x20,
    0x00, 0x20, 0x00, 0x20, 0x00, 0x20, 0x00, 0x20, 0x00, 0x20, 0x00, 0x20, 0x00, 0x20, 0x00, 0x00, 0x00, 0x00, 0x00,
    0x00, 0x00, 0x00, 0x00, 0x00, 0x00, 0x00, 0x00, 0x00, 0x00, 0x00, 0x00, 0x00, 0x00, 0x00, 0x00, 0x00, 0x00, 0x00,
    0x00, 0x00, 0x00, 0x00, 0x00, 0x00, 0x00, 0x00, 0x00, 0x00, 0x00, 0x00, 0x00, 0x00, 0x00, 0x00, 0x00, 0x00, 0x00,
    0x00, 0x00, 0x00, 0x00, 0x00, 0x00, 0x00, 0x00, 0x00, 0x00, 0x00, 0x00, 0x00, 0x00, 0x00, 0x00, 0x00, 0x00, 0x00,
    0x00, 0x00, 0x00, 0x00, 0x00, 0x00, 0x00, 0x00, 0x00, 0x00, 0x00, 0x00, 0x00, 0x00, 0x00, 0x00, 0x00, 0x00, 0x00,
    0x00, 0x00, 0x00, 0x00, 0x00, 0x00, 0x00, 0x00, 0x00, 0x00, 0x00, 0x00, 0x00, 0x00, 0x00, 0x00, 0x00, 0x00, 0x00,
    0x00, 0x00, 0x00, 0x00, 0x00, 0x00, 0x00, 0x00, 0x00, 0x00, 0x00, 0x00, 0x00, 0x00, 0x00, 0x00, 0x00, 0x00, 0x00,
    0x00, 0x00, 0x00, 0x00, 0x00, 0x00, 0x00, 0x00, 0x00, 0x00, 0x00, 0x00, 0x00, 0x00, 0x00, 0x00, 0x00, 0x00, 0x00,
    0x00, 0x00, 0x00, 0x00, 0x00, 0x00, 0x00, 0x00, 0x00, 0x00, 0x00, 0x00, 0x00, 0x00, 0x00, 0x00, 0x00, 0x00, 0x00,
    0x00, 0x00, 0x00, 0x00, 0x00, 0x00, 0x00, 0x00, 0x00, 0x00, 0x00, 0x00, 0x00, 0x00, 0x00, 0x00, 0x00, 0x00, 0x00,
    0x00, 0x00, 0x00, 0x00, 0x00, 0x00, 0x00, 0x00, 0x00, 0x00, 0x00, 0x00, 0x00, 0x00, 0x00, 0x00, 0x00, 0x00, 0x00,
    0x00, 0x00, 0x00, 0x00, 0x00, 0x00, 0x00, 0x00, 0x00, 0x00, 0x00, 0x00, 0x00, 0x00, 0x00, 0x00, 0x00, 0x00, 0x00,
    0x00, 0x00, 0x00, 0x00, 0x00, 0x20, 0x00, 0x20, 0x00, 0x20, 0x00, 0x20, 0x00, 0x20, 0x00, 0x20, 0x00, 0x20, 0x00,
    0x20, 0x00, 0x20, 0x00, 0x20, 0x00, 0x20, 0x00, 0x20, 0x00, 0x20, 0x00, 0x20, 0x00, 0x20, 0x00, 0x20, 0x00, 0x20,
    0x00, 0x20, 0x00, 0x20, 0x00, 0x20, 0x00, 0x20, 0x00, 0x20, 0x00, 0x20, 0x00, 0x20, 0x00, 0x20, 0x00, 0x20, 0x00,
    0x20, 0x00, 0x20, 0x00, 0x20, 0x00, 0x20, 0x00, 0x20, 0x00, 0x20, 0x00, 0x20, 0x00, 0x20, 0x00, 0x20, 0x00, 0x20,
    0x00, 0x20, 0x00, 0x20, 0x00, 0x20, 0x00, 0x20, 0x00, 0x20, 0x00, 0x20, 0x00, 0x20, 0x00, 0x20, 0x00, 0x20, 0x00,
    0x20, 0x00, 0x20, 0x00, 0x20, 0x00, 0x20, 0x00, 0x20, 0x00, 0x20, 0x00, 0x20, 0x00, 0x20, 0x00, 0x20, 0x00, 0x20,
    0x00, 0x20, 0x00, 0x20, 0x00, 0x20, 0x00, 0x20, 0x00, 0x20, 0x00, 0x20, 0x00, 0x20, 0x00, 0x20, 0x00, 0x20, 0x00,
    0x20, 0x00, 0x20, 0x00, 0x20, 0x00, 0x20, 0x00, 0x20, 0x00, 0x20, 0x00, 0x20, 0x00, 0x20, 0x00, 0x20, 0x00, 0x20,
    0x00, 0x20, 0x00, 0x20, 0x00, 0x20, 0x00, 0x20, 0x00, 0x20, 0x00, 0x20, 0x00, 0x20, 0x00, 0x20, 0x00, 0x20, 0x00,
    0x20, 0x00, 0x20, 0x00, 0x20, 0x00, 0x00, 0x00, 0x00, 0x00, 0x00, 0x00, 0x00, 0x00, 0x00, 0x00, 0x00, 0x00, 0x00,
    0x00, 0x00, 0x00, 0x00, 0x00, 0x00, 0x00, 0x00, 0x00, 0x00, 0x00, 0x00, 0x00, 0x00, 0x00, 0x00, 0x00, 0x00, 0x00,
    0x00, 0x00, 0x00, 0x00, 0x00, 0x00, 0x00, 0x00, 0x00, 0x00, 0x00, 0x00, 0x00, 0x00, 0x00, 0x00, 0x00, 0x00, 0x00,
    0x00, 0x00, 0x00, 0x00, 0x00, 0x00, 0x00, 0x00, 0x00, 0x00, 0x00, 0x00, 0x00, 0x00, 0x00, 0x00, 0x00, 0x00, 0x00,
    0x00, 0x00, 0x00, 0x00, 0x00, 0x00, 0x00, 0x00, 0x00, 0x00, 0x00, 0x00, 0x00, 0x00, 0x00, 0x00, 0x00, 0x00, 0x00,
    0x00, 0x00, 0x00, 0x00, 0x00, 0x00, 0x00, 0x00, 0x00, 0x00, 0x00, 0x00, 0x00, 0x00, 0x00, 0x00, 0x00, 0x00, 0x00,
    0x00, 0x00, 0x00, 0x00, 0x00, 0x00, 0x00, 0x00, 0x00, 0x00, 0x00, 0x00, 0x00, 0x00, 0x00, 0x00, 0x00, 0x00, 0x00,
    0x00, 0x00, 0x00, 0x00, 0x00, 0x00, 0x00, 0x00, 0x00, 0x00, 0x00, 0x00, 0x00, 0x00, 0x00, 0x00, 0x00, 0x00, 0x00,
    0x00, 0x00, 0x00, 0x00, 0x00, 0x00, 0x00, 0x00, 0x00, 0x00, 0x00, 0x00, 0x00, 0x00, 0x00, 0x00, 0x00, 0x00, 0x00,
    0x00, 0x00, 0x00, 0x00, 0x00, 0x00, 0x00, 0x00, 0x00, 0x00, 0x00, 0x00, 0x00, 0x00, 0x00, 0x00, 0x00, 0x00, 0x00,
    0x00, 0x00, 0x00, 0x00, 0x00, 0x00, 0x00, 0x00, 0x00, 0x00, 0x00, 0x00, 0x00, 0x00, 0x00, 0x00, 0x00, 0x00, 0x00,
    0x00, 0x00, 0x00, 0x00, 0x00, 0x00, 0x00, 0x00, 0x00, 0x00, 0x00, 0x00, 0x00, 0x00, 0x00, 0x00, 0x00, 0x00, 0x00,
    0x00, 0x00, 0x00, 0x00, 0x00, 0x00, 0x00, 0x00, 0x00, 0x00, 0x00, 0x00, 0x00, 0x00, 0x00, 0x00, 0x20, 0x00, 0x20,
    0x00, 0x20, 0x00, 0x20, 0x00, 0x20, 0x00, 0x20, 0x00, 0x20, 0x00, 0x20, 0x00, 0x20, 0x00, 0x20, 0x00, 0x20, 0x00,
    0x20, 0x00, 0x20, 0x00, 0x20, 0x00, 0x20, 0x00, 0x20, 0x00, 0x20, 0x00, 0x20, 0x00, 0x20, 0x00, 0x20, 0x00, 0x20,
    0x00, 0x20, 0x00, 0x20, 0x00, 0x20, 0x00, 0x20, 0x00, 0x20, 0x00, 0x20, 0x00, 0x20, 0x00, 0x20, 0x00, 0x20, 0x00,
    0x20, 0x00, 0x20, 0x00, 0x20, 0x00, 0x20, 0x00, 0x20, 0x00, 0x20, 0x00, 0x20, 0x00, 0x20, 0x00, 0x20, 0x00, 0x20,
    0x00, 0x20, 0x00, 0x20, 0x00, 0x20, 0x00, 0x20, 0x00, 0x20, 0x00, 0x20, 0x00, 0x20, 0x00, 0x20, 0x00, 0x20, 0x00,
    0x20, 0x00, 0x20, 0x00, 0x20, 0x00, 0x20, 0x00, 0x20, 0x00, 0x20, 0x00, 0x20, 0x00, 0x20, 0x00, 0x20, 0x00, 0x20,
    0x00, 0x20, 0x00, 0x20, 0x00, 0x20, 0x00, 0x20, 0x00, 0x20, 0x00, 0x20, 0x00, 0x20, 0x00, 0x20, 0x00, 0x20, 0x00,
    0x20, 0x00, 0x20, 0x00, 0x20, 0x00, 0x20, 0x00, 0x20, 0x00, 0x20, 0x00, 0x20, 0x00, 0x20, 0x00, 0x00, 0x00, 0x00,
    0x00, 0x00, 0x00, 0x00, 0x00, 0x00, 0x00, 0x00, 0x00, 0x00, 0x00, 0x00, 0x00, 0x00, 0x00, 0x00, 0x00, 0x00, 0x00,
    0x00, 0x00, 0x00, 0x00, 0x00, 0x00, 0x00, 0x00, 0x00, 0x00, 0x00, 0x00, 0x00, 0x00, 0x00, 0x00, 0x00, 0x00, 0x00,
    0x00, 0x00, 0x00, 0x00, 0x00, 0x00, 0x00, 0x00, 0x00, 0x00, 0x00, 0x00, 0x00, 0x00, 0x00, 0x00, 0x00, 0x00, 0x00,
    0x00, 0x00, 0x00, 0x00, 0x00, 0x00, 0x00, 0x00, 0x00, 0x00, 0x00, 0x00, 0x00, 0x00, 0x00, 0x00, 0x00, 0x00, 0x00,
    0x00, 0x00, 0x00, 0x00, 0x00, 0x00, 0x00, 0x00, 0x00, 0x00, 0x00, 0x00, 0x00, 0x00, 0x00, 0x00, 0x00, 0x00, 0x00,
    0x00, 0x00, 0x00, 0x00, 0x00, 0x00, 0x00, 0x00, 0x00, 0x00, 0x00, 0x00, 0x00, 0x00, 0x00, 0x00, 0x00, 0x00, 0x00,
    0x00, 0x00, 0x00, 0x00, 0x00, 0x00, 0x00, 0x00, 0x00, 0x00, 0x00, 0x00, 0x00, 0x00, 0x00, 0x00, 0x00, 0x00, 0x00,
    0x00, 0x00, 0x00, 0x00, 0x00, 0x00, 0x00, 0x00, 0x00, 0x00, 0x00, 0x00, 0x00, 0x00, 0x00, 0x00, 0x00, 0x00, 0x00,
    0x00, 0x00, 0x00, 0x00, 0x00, 0x00, 0x00, 0x00, 0x00, 0x00, 0x00, 0x00, 0x00, 0x00, 0x00, 0x00, 0x00, 0x00, 0x00,
    0x00, 0x00, 0x00, 0x00, 0x00, 0x00, 0x00, 0x00, 0x00, 0x00, 0x00, 0x00, 0x00, 0x00, 0x00, 0x00, 0x00, 0x00, 0x00,
    0x00, 0x00, 0x00, 0x00, 0x00, 0x00, 0x00, 0x00, 0x00, 0x00, 0x00, 0x00, 0x00, 0x00, 0x00, 0x00, 0x00, 0x00, 0x00,
    0x00, 0x00, 0x00, 0x00, 0x00, 0x00, 0x00, 0x00, 0x00, 0x00, 0x00, 0x00, 0x00, 0x00, 0x00, 0x00, 0x00, 0x00, 0x00,
    0x00, 0x00, 0x00, 0x00, 0x00, 0x00, 0x00, 0x00, 0x00, 0x00, 0x00, 0x00, 0x00, 0x00, 0x00, 0x00, 0x00, 0x00, 0x00,
    0x00, 0x00, 0x00, 0x00, 0x00, 0x00, 0x00, 0x00, 0x00, 0x00, 0x00, 0x00, 0x00, 0x00, 0x00, 0x00, 0x00, 0x00, 0x00,
    0x00, 0x00, 0x00, 0x20, 0x00, 0x20, 0x00, 0x20, 0x00, 0x20, 0x00, 0x20, 0x00, 0x20, 0x00, 0x20, 0x00, 0x20, 0x00,
    0x20, 0x00, 0x20, 0x00, 0x20, 0x00, 0x20, 0x00, 0x20, 0x00, 0x20, 0x00, 0x20, 0x00, 0x20, 0x00, 0x20, 0x00, 0x20,
    0x00, 0x20, 0x00, 0x20, 0x00, 0x20, 0x00, 0x20, 0x00, 0x20, 0x00, 0x20, 0x00, 0x20, 0x00, 0x20, 0x00, 0x20, 0x00,
    0x20, 0x00, 0x20, 0x00, 0x20, 0x00, 0x20, 0x00, 0x20, 0x00, 0x20, 0x00, 0x20, 0x00, 0x20, 0x00, 0x20, 0x00, 0x20,
    0x00, 0x20, 0x00, 0x20, 0x00, 0x20, 0x00, 0x20, 0x00, 0x20, 0x00, 0x20, 0x00, 0x20, 0x00, 0x20, 0x00, 0x20, 0x00,
    0x20, 0x00, 0x20, 0x00, 0x20, 0x00, 0x20, 0x00, 0x20, 0x00, 0x20, 0x00, 0x00, 0x00, 0x00, 0x00, 0x00, 0x00, 0x00,
    0x00, 0x00, 0x00, 0x00, 0x00, 0x00, 0x00, 0x00, 0x00, 0x00, 0x00, 0x00, 0x00, 0x00, 0x00, 0x00, 0x00, 0x00, 0x00,
    0x00, 0x00, 0x00, 0x00, 0x00, 0x00, 0x00, 0x00, 0x00, 0x00, 0x00, 0x00, 0x00, 0x00, 0x00, 0x00, 0x00, 0x00, 0x00,
    0x00, 0x00, 0x00, 0x00, 0x00, 0x00, 0x00, 0x00, 0x00, 0x00, 0x00, 0x00, 0x00, 0x00, 0x00, 0x00, 0x00, 0x00, 0x00,
    0x00, 0x00, 0x00, 0x00, 0x00, 0x00, 0x00, 0x00, 0x00, 0x00, 0x00, 0x00, 0x00, 0x00, 0x00, 0x00, 0x00, 0x00, 0x00,
    0x00, 0x00, 0x00, 0x00, 0x00, 0x00, 0x00, 0x00, 0x00, 0x00, 0x00, 0x00, 0x00, 0x00, 0x00, 0x00, 0x00, 0x00, 0x00,
    0x00, 0x00, 0x00, 0x00, 0x00, 0x00, 0x00, 0x00, 0x00, 0x00, 0x00, 0x00, 0x00, 0x00, 0x00, 0x00, 0x00, 0x00, 0x00,
    0x00, 0x00, 0x00, 0x00, 0x00, 0x00, 0x00, 0x00, 0x00, 0x00, 0x00, 0x00, 0x00, 0x00, 0x00, 0x00, 0x00, 0x00, 0x00,
    0x00, 0x00, 0x00, 0x00, 0x00, 0x00, 0x00, 0x00, 0x00, 0x00, 0x00, 0x00, 0x00, 0x00, 0x00, 0x00, 0x00, 0x00, 0x00,
    0x00, 0x00, 0x00, 0x00, 0x00, 0x00, 0x00, 0x00, 0x00, 0x00, 0x00, 0x00, 0x00, 0x00, 0x00, 0x00, 0x00, 0x00, 0x00,
    0x00, 0x00, 0x00, 0x00, 0x00, 0x00, 0x00, 0x00, 0x00, 0x00, 0x00, 0x00, 0x00, 0x00, 0x00, 0x00, 0x00, 0x00, 0x00,
    0x00, 0x00, 0x00, 0x00, 0x00, 0x00, 0x00, 0x00, 0x00, 0x00, 0x00, 0x00, 0x00, 0x00, 0x00, 0x00, 0x00, 0x00, 0x00,
    0x00, 0x00, 0x00, 0x00, 0x00, 0x00, 0x00, 0x00, 0x00, 0x00, 0x00, 0x00, 0x00, 0x00, 0x00, 0x00, 0x00, 0x00, 0x00,
    0x00, 0x00, 0x00, 0x00, 0x00, 0x00, 0x00, 0x00, 0x00, 0x00, 0x00, 0x00, 0x00, 0x00, 0x00, 0x00, 0x00, 0x00, 0x00,
    0x00, 0x00, 0x00, 0x00, 0x00, 0x00, 0x00, 0x00, 0x00, 0x00, 0x00, 0x00, 0x00, 0x00, 0x00, 0x00, 0x00, 0x00, 0x00,
    0x00, 0x00, 0x00, 0x00, 0x00, 0x00, 0x00, 0x00, 0x00, 0x00, 0x00, 0x00, 0x00, 0x00, 0x00, 0x00, 0x00, 0x00, 0x00,
    0x00, 0x00, 0x00, 0x00, 0x00, 0x00, 0x00, 0x00, 0x00, 0x00, 0x00, 0x00, 0x00, 0x00, 0x00, 0x00, 0x00, 0x00, 0x00,
    0x00, 0x00, 0x00, 0x00, 0x00, 0x00, 0x00, 0x00, 0x00, 0x00, 0x00, 0x00, 0x00, 0x00, 0x00, 0x00, 0x00, 0x00, 0x00,
    0x00, 0x00, 0x00, 0x00, 0x00, 0x00, 0x00, 0x00, 0x00, 0x00, 0x00, 0x00, 0x00, 0x00, 0x00, 0x00, 0x00, 0x00, 0x00,
    0x00, 0x00, 0x00, 0x00, 0x00, 0x00, 0x00, 0x00, 0x00, 0x00, 0x00, 0x00, 0x00, 0x00, 0x00, 0x00, 0x00, 0x00, 0x00,
    0x00, 0x00, 0x00, 0x00, 0x00, 0x00, 0x00, 0x00, 0x00, 0x00, 0x00, 0x00, 0x00, 0x00, 0x00, 0x00, 0x00, 0x00, 0x00,
    0x00, 0x00, 0x00, 0x00, 0x00, 0x00, 0x00, 0x00, 0x00, 0x00, 0x00, 0x00, 0x00, 0x00, 0x00, 0x00, 0x00, 0x00, 0x00,
    0x00, 0x00, 0x00, 0x00, 0x00, 0x00, 0x00, 0x00, 0x00, 0x00, 0x00, 0x00, 0x00, 0x00, 0x00, 0x00, 0x00, 0x00, 0x00,
    0x00, 0x00, 0x00, 0x00, 0x00, 0x00, 0x00, 0x00, 0x00, 0x00, 0x00, 0x00, 0x00, 0x00, 0x00, 0x00, 0x00, 0x00, 0x00,
    0x00, 0x00, 0x00, 0x00, 0x00, 0x00, 0x00, 0x00, 0x00, 0x00, 0x00, 0x00, 0x00, 0x00, 0x00, 0x00, 0x00, 0x00, 0x00,
    0x00, 0x00, 0x00, 0x00, 0x00, 0x00, 0x00, 0x00, 0x00, 0x00, 0x00, 0x00, 0x00, 0x00, 0x00, 0x00, 0x00, 0x00, 0x00,
    0x00, 0x00, 0x00, 0x00, 0x00, 0x00, 0x00, 0x00, 0x00, 0x00, 0x00, 0x00, 0x00, 0x00, 0x00, 0x00, 0x00, 0x00, 0x00,
    0x00, 0x00, 0x00, 0x00, 0x00, 0x00, 0x00, 0x00, 0x00, 0x00, 0x00, 0x00, 0x00, 0x00, 0x00, 0x00, 0x00, 0x00, 0x00,
    0x00, 0x00, 0x00, 0x00, 0x00, 0x00, 0x00, 0x00, 0x00, 0x00, 0x00, 0x00, 0x00, 0x00, 0x00, 0x00, 0x00, 0x00, 0x00,
    0x00, 0x00, 0x00, 0x00, 0x00, 0x00, 0x00, 0x00, 0x00, 0x00, 0x00, 0x00, 0x00, 0x00, 0x00, 0x00, 0x00, 0x00, 0x00,
    0x00, 0x00, 0x00, 0x00, 0x00, 0x00, 0x00, 0x00, 0x00, 0x00, 0x00, 0x00, 0x00, 0x00, 0x00, 0x00, 0x00, 0x00, 0x00,
    0x00, 0x00, 0x00, 0x00, 0x00, 0x00, 0x00, 0x00, 0x00, 0x00, 0x00, 0x00, 0x00, 0x00, 0x00, 0x00, 0x00, 0x00, 0x00,
    0x00, 0x00, 0x00, 0x00, 0x00, 0x00, 0x00, 0x00, 0x00, 0x00, 0x00, 0x00, 0x00, 0x00, 0x00, 0x00, 0x00, 0x00, 0x00,
    0x00, 0x00, 0x00, 0x00, 0x00, 0x00, 0x00, 0x00, 0x00, 0x00, 0x00, 0x00, 0x00, 0x00, 0x00, 0x00, 0x00, 0x00, 0x00,
    0x00, 0x00, 0x00, 0x00, 0x00, 0x00, 0x00, 0x00, 0x00, 0x00, 0x00, 0x00, 0x00, 0x00, 0x00, 0x00, 0x00, 0x00, 0x00,
    0x00, 0x00, 0x00, 0x00, 0x00, 0x00, 0x00, 0x00, 0x00, 0x00, 0x00, 0x00, 0x00, 0x00, 0x00, 0x00, 0x00, 0x00, 0x00,
    0x00, 0x00, 0x00, 0x00, 0x00, 0x00, 0x00, 0x00, 0x00, 0x00, 0x00, 0x00, 0x00, 0x00, 0x00, 0x00, 0x00, 0x00, 0x00,
    0x00, 0x00, 0x00, 0x00, 0x00, 0x00, 0x00, 0x00, 0x00, 0x00, 0x00, 0x00, 0x00, 0x00, 0x00, 0x00, 0x00, 0x00, 0x00,
    0x00, 0x00, 0x00, 0x00, 0x00, 0x00, 0x00, 0x00, 0x00, 0x00, 0x00, 0x00, 0x00, 0x00, 0x00, 0x00, 0x00, 0x00, 0x00,
    0x00, 0x00, 0x00, 0x00, 0x00, 0x00, 0x00, 0x00, 0x00, 0x00, 0x00, 0x00, 0x00, 0x00, 0x00, 0x00, 0x00, 0x00, 0x00,
    0x00, 0x00, 0x00, 0x00, 0x00, 0x00, 0x00, 0x00, 0x00, 0x00, 0x00, 0x00, 0x00, 0x00, 0x00, 0x00, 0x00, 0x00, 0x00,
    0x00, 0x00, 0x00, 0x00, 0x00, 0x00, 0x00, 0x00, 0x00, 0x00, 0x00, 0x00, 0x00, 0x00, 0x00, 0x00, 0x00, 0x00, 0x00,
    0x00, 0x00, 0x00, 0x00, 0x00, 0x00, 0x00, 0x00, 0x00, 0x00, 0x00, 0x00, 0x00, 0x00, 0x00, 0x00, 0x00, 0x00, 0x00,
    0x00, 0x00, 0x00, 0x00, 0x00, 0x00, 0x00, 0x00, 0x00, 0x00, 0x00, 0x00, 0x00, 0x00, 0x00, 0x00, 0x00, 0x00, 0x00,
    0x00, 0x00, 0x00, 0x00, 0x00, 0x00, 0x00, 0x00, 0x00, 0x00, 0x00, 0x00, 0x00, 0x00, 0x00, 0x00, 0x00, 0x00, 0x00,
    0x00, 0x00, 0x00, 0x00, 0x00, 0x00, 0x00, 0x00, 0x00, 0x00, 0x00, 0x00, 0x00, 0x00, 0x00, 0x00, 0x00, 0x00, 0x00,
    0x00, 0x00, 0x00, 0x00, 0x00, 0x00, 0x00, 0x00, 0x00, 0x00, 0x00, 0x00, 0x00, 0x00, 0x00, 0x00, 0x00, 0x00, 0x00,
    0x00, 0x00, 0x00, 0x00, 0x00, 0x00, 0x00, 0x00, 0x00, 0x00, 0x00, 0x00, 0x00, 0x00, 0x00, 0x00, 0x00, 0x00, 0x00,
    0x00, 0x00, 0x00, 0x00, 0x00, 0x00, 0x00, 0x00, 0x00, 0x00, 0x00, 0x00, 0x00, 0x00, 0x00, 0x00, 0x00, 0x00, 0x00,
    0x00, 0x00, 0x00, 0x00, 0x00, 0x00, 0x00, 0x00, 0x00, 0x00, 0x00, 0x00, 0x00, 0x00, 0x00, 0x00, 0x00, 0x00, 0x00,
    0x00, 0x00, 0x00, 0x00, 0x00, 0x00, 0x00, 0x00, 0x00, 0x00,
};

const lv_image_dsc_t icon_english = {
    .header.cf    = LV_COLOR_FORMAT_RGB565,
    .header.magic = LV_IMAGE_HEADER_MAGIC,
    .header.w     = 200,
    .header.h     = 200,
    .data_size    = 40000 * 2,
    .data         = icon_english_map,
};
